time_s,collector_c,tank_c,pump_on,irradiance_w_m2,solar_absorbed_w,collector_loss_w,tank_loss_w,transfer_w,incident_energy_j,absorbed_energy_j,collector_loss_energy_j,tank_loss_energy_j,transfer_energy_j,pump_electric_energy_j,stored_energy_change_j,tank_energy_change_j,balance_residual_j
0.0,20.0,20.0,0,0.0,0.0,0.0,0.0,0.0,0.0,0.0,0.0,0.0,0.0,0.0,0.0,0.0,0.0
60.0,20.0,20.0,0,0.0,0.0,0.0,0.0,0.0,0.0,0.0,0.0,0.0,0.0,0.0,0.0,0.0,0.0
120.0,20.0,20.0,0,0.0,0.0,0.0,0.0,0.0,0.0,0.0,0.0,0.0,0.0,0.0,0.0,0.0,0.0
180.0,20.0,20.0,0,0.0,0.0,0.0,0.0,0.0,0.0,0.0,0.0,0.0,0.0,0.0,0.0,0.0,0.0
240.0,20.0,20.0,0,0.0,0.0,0.0,0.0,0.0,0.0,0.0,0.0,0.0,0.0,0.0,0.0,0.0,0.0
300.0,20.0,20.0,0,0.0,0.0,0.0,0.0,0.0,0.0,0.0,0.0,0.0,0.0,0.0,0.0,0.0,0.0
360.0,20.0,20.0,0,0.0,0.0,0.0,0.0,0.0,0.0,0.0,0.0,0.0,0.0,0.0,0.0,0.0,0.0
420.0,20.0,20.0,0,0.0,0.0,0.0,0.0,0.0,0.0,0.0,0.0,0.0,0.0,0.0,0.0,0.0,0.0
480.0,20.0,20.0,0,0.0,0.0,0.0,0.0,0.0,0.0,0.0,0.0,0.0,0.0,0.0,0.0,0.0,0.0
540.0,20.0,20.0,0,0.0,0.0,0.0,0.0,0.0,0.0,0.0,0.0,0.0,0.0,0.0,0.0,0.0,0.0
600.0,20.0,20.0,0,0.0,0.0,0.0,0.0,0.0,0.0,0.0,0.0,0.0,0.0,0.0,0.0,0.0,0.0
660.0,20.0,20.0,0,0.0,0.0,0.0,0.0,0.0,0.0,0.0,0.0,0.0,0.0,0.0,0.0,0.0,0.0
720.0,20.0,20.0,0,0.0,0.0,0.0,0.0,0.0,0.0,0.0,0.0,0.0,0.0,0.0,0.0,0.0,0.0
780.0,20.0,20.0,0,0.0,0.0,0.0,0.0,0.0,0.0,0.0,0.0,0.0,0.0,0.0,0.0,0.0,0.0
840.0,20.0,20.0,0,0.0,0.0,0.0,0.0,0.0,0.0,0.0,0.0,0.0,0.0,0.0,0.0,0.0,0.0
900.0,20.0,20.0,0,0.0,0.0,0.0,0.0,0.0,0.0,0.0,0.0,0.0,0.0,0.0,0.0,0.0,0.0
960.0,20.0,20.0,0,0.0,0.0,0.0,0.0,0.0,0.0,0.0,0.0,0.0,0.0,0.0,0.0,0.0,0.0
1020.0,20.0,20.0,0,0.0,0.0,0.0,0.0,0.0,0.0,0.0,0.0,0.0,0.0,0.0,0.0,0.0,0.0
1080.0,20.0,20.0,0,0.0,0.0,0.0,0.0,0.0,0.0,0.0,0.0,0.0,0.0,0.0,0.0,0.0,0.0
1140.0,20.0,20.0,0,0.0,0.0,0.0,0.0,0.0,0.0,0.0,0.0,0.0,0.0,0.0,0.0,0.0,0.0
1200.0,20.0,20.0,0,0.0,0.0,0.0,0.0,0.0,0.0,0.0,0.0,0.0,0.0,0.0,0.0,0.0,0.0
1260.0,20.0,20.0,0,0.0,0.0,0.0,0.0,0.0,0.0,0.0,0.0,0.0,0.0,0.0,0.0,0.0,0.0
1320.0,20.0,20.0,0,0.0,0.0,0.0,0.0,0.0,0.0,0.0,0.0,0.0,0.0,0.0,0.0,0.0,0.0
1380.0,20.0,20.0,0,0.0,0.0,0.0,0.0,0.0,0.0,0.0,0.0,0.0,0.0,0.0,0.0,0.0,0.0
1440.0,20.0,20.0,0,0.0,0.0,0.0,0.0,0.0,0.0,0.0,0.0,0.0,0.0,0.0,0.0,0.0,0.0
1500.0,20.0,20.0,0,0.0,0.0,0.0,0.0,0.0,0.0,0.0,0.0,0.0,0.0,0.0,0.0,0.0,0.0
1560.0,20.0,20.0,0,0.0,0.0,0.0,0.0,0.0,0.0,0.0,0.0,0.0,0.0,0.0,0.0,0.0,0.0
1620.0,20.0,20.0,0,0.0,0.0,0.0,0.0,0.0,0.0,0.0,0.0,0.0,0.0,0.0,0.0,0.0,0.0
1680.0,20.0,20.0,0,0.0,0.0,0.0,0.0,0.0,0.0,0.0,0.0,0.0,0.0,0.0,0.0,0.0,0.0
1740.0,20.0,20.0,0,0.0,0.0,0.0,0.0,0.0,0.0,0.0,0.0,0.0,0.0,0.0,0.0,0.0,0.0
1800.0,20.0,20.0,0,0.0,0.0,0.0,0.0,0.0,0.0,0.0,0.0,0.0,0.0,0.0,0.0,0.0,0.0
1860.0,20.0,20.0,0,0.0,0.0,0.0,0.0,0.0,0.0,0.0,0.0,0.0,0.0,0.0,0.0,0.0,0.0
1920.0,20.0,20.0,0,0.0,0.0,0.0,0.0,0.0,0.0,0.0,0.0,0.0,0.0,0.0,0.0,0.0,0.0
1980.0,20.0,20.0,0,0.0,0.0,0.0,0.0,0.0,0.0,0.0,0.0,0.0,0.0,0.0,0.0,0.0,0.0
2040.0,20.0,20.0,0,0.0,0.0,0.0,0.0,0.0,0.0,0.0,0.0,0.0,0.0,0.0,0.0,0.0,0.0
2100.0,20.0,20.0,0,0.0,0.0,0.0,0.0,0.0,0.0,0.0,0.0,0.0,0.0,0.0,0.0,0.0,0.0
2160.0,20.0,20.0,0,0.0,0.0,0.0,0.0,0.0,0.0,0.0,0.0,0.0,0.0,0.0,0.0,0.0,0.0
2220.0,20.0,20.0,0,0.0,0.0,0.0,0.0,0.0,0.0,0.0,0.0,0.0,0.0,0.0,0.0,0.0,0.0
2280.0,20.0,20.0,0,0.0,0.0,0.0,0.0,0.0,0.0,0.0,0.0,0.0,0.0,0.0,0.0,0.0,0.0
2340.0,20.0,20.0,0,0.0,0.0,0.0,0.0,0.0,0.0,0.0,0.0,0.0,0.0,0.0,0.0,0.0,0.0
2400.0,20.0,20.0,0,0.0,0.0,0.0,0.0,0.0,0.0,0.0,0.0,0.0,0.0,0.0,0.0,0.0,0.0
2460.0,20.0,20.0,0,0.0,0.0,0.0,0.0,0.0,0.0,0.0,0.0,0.0,0.0,0.0,0.0,0.0,0.0
2520.0,20.0,20.0,0,0.0,0.0,0.0,0.0,0.0,0.0,0.0,0.0,0.0,0.0,0.0,0.0,0.0,0.0
2580.0,20.0,20.0,0,0.0,0.0,0.0,0.0,0.0,0.0,0.0,0.0,0.0,0.0,0.0,0.0,0.0,0.0
2640.0,20.0,20.0,0,0.0,0.0,0.0,0.0,0.0,0.0,0.0,0.0,0.0,0.0,0.0,0.0,0.0,0.0
2700.0,20.0,20.0,0,0.0,0.0,0.0,0.0,0.0,0.0,0.0,0.0,0.0,0.0,0.0,0.0,0.0,0.0
2760.0,20.0,20.0,0,0.0,0.0,0.0,0.0,0.0,0.0,0.0,0.0,0.0,0.0,0.0,0.0,0.0,0.0
2820.0,20.0,20.0,0,0.0,0.0,0.0,0.0,0.0,0.0,0.0,0.0,0.0,0.0,0.0,0.0,0.0,0.0
2880.0,20.0,20.0,0,0.0,0.0,0.0,0.0,0.0,0.0,0.0,0.0,0.0,0.0,0.0,0.0,0.0,0.0
2940.0,20.0,20.0,0,0.0,0.0,0.0,0.0,0.0,0.0,0.0,0.0,0.0,0.0,0.0,0.0,0.0,0.0
3000.0,20.0,20.0,0,0.0,0.0,0.0,0.0,0.0,0.0,0.0,0.0,0.0,0.0,0.0,0.0,0.0,0.0
3060.0,20.0,20.0,0,0.0,0.0,0.0,0.0,0.0,0.0,0.0,0.0,0.0,0.0,0.0,0.0,0.0,0.0
3120.0,20.0,20.0,0,0.0,0.0,0.0,0.0,0.0,0.0,0.0,0.0,0.0,0.0,0.0,0.0,0.0,0.0
3180.0,20.0,20.0,0,0.0,0.0,0.0,0.0,0.0,0.0,0.0,0.0,0.0,0.0,0.0,0.0,0.0,0.0
3240.0,20.0,20.0,0,0.0,0.0,0.0,0.0,0.0,0.0,0.0,0.0,0.0,0.0,0.0,0.0,0.0,0.0
3300.0,20.0,20.0,0,0.0,0.0,0.0,0.0,0.0,0.0,0.0,0.0,0.0,0.0,0.0,0.0,0.0,0.0
3360.0,20.0,20.0,0,0.0,0.0,0.0,0.0,0.0,0.0,0.0,0.0,0.0,0.0,0.0,0.0,0.0,0.0
3420.0,20.0,20.0,0,0.0,0.0,0.0,0.0,0.0,0.0,0.0,0.0,0.0,0.0,0.0,0.0,0.0,0.0
3480.0,20.0,20.0,0,0.0,0.0,0.0,0.0,0.0,0.0,0.0,0.0,0.0,0.0,0.0,0.0,0.0,0.0
3540.0,20.0,20.0,0,0.0,0.0,0.0,0.0,0.0,0.0,0.0,0.0,0.0,0.0,0.0,0.0,0.0,0.0
3600.0,20.0,20.0,0,0.0,0.0,0.0,0.0,0.0,0.0,0.0,0.0,0.0,0.0,0.0,0.0,0.0,0.0
3660.0,20.0,20.0,0,0.0,0.0,0.0,0.0,0.0,0.0,0.0,0.0,0.0,0.0,0.0,0.0,0.0,0.0
3720.0,20.0,20.0,0,0.0,0.0,0.0,0.0,0.0,0.0,0.0,0.0,0.0,0.0,0.0,0.0,0.0,0.0
3780.0,20.0,20.0,0,0.0,0.0,0.0,0.0,0.0,0.0,0.0,0.0,0.0,0.0,0.0,0.0,0.0,0.0
3840.0,20.0,20.0,0,0.0,0.0,0.0,0.0,0.0,0.0,0.0,0.0,0.0,0.0,0.0,0.0,0.0,0.0
3900.0,20.0,20.0,0,0.0,0.0,0.0,0.0,0.0,0.0,0.0,0.0,0.0,0.0,0.0,0.0,0.0,0.0
3960.0,20.0,20.0,0,0.0,0.0,0.0,0.0,0.0,0.0,0.0,0.0,0.0,0.0,0.0,0.0,0.0,0.0
4020.0,20.0,20.0,0,0.0,0.0,0.0,0.0,0.0,0.0,0.0,0.0,0.0,0.0,0.0,0.0,0.0,0.0
4080.0,20.0,20.0,0,0.0,0.0,0.0,0.0,0.0,0.0,0.0,0.0,0.0,0.0,0.0,0.0,0.0,0.0
4140.0,20.0,20.0,0,0.0,0.0,0.0,0.0,0.0,0.0,0.0,0.0,0.0,0.0,0.0,0.0,0.0,0.0
4200.0,20.0,20.0,0,0.0,0.0,0.0,0.0,0.0,0.0,0.0,0.0,0.0,0.0,0.0,0.0,0.0,0.0
4260.0,20.0,20.0,0,0.0,0.0,0.0,0.0,0.0,0.0,0.0,0.0,0.0,0.0,0.0,0.0,0.0,0.0
4320.0,20.0,20.0,0,0.0,0.0,0.0,0.0,0.0,0.0,0.0,0.0,0.0,0.0,0.0,0.0,0.0,0.0
4380.0,20.0,20.0,0,0.0,0.0,0.0,0.0,0.0,0.0,0.0,0.0,0.0,0.0,0.0,0.0,0.0,0.0
4440.0,20.0,20.0,0,0.0,0.0,0.0,0.0,0.0,0.0,0.0,0.0,0.0,0.0,0.0,0.0,0.0,0.0
4500.0,20.0,20.0,0,0.0,0.0,0.0,0.0,0.0,0.0,0.0,0.0,0.0,0.0,0.0,0.0,0.0,0.0
4560.0,20.0,20.0,0,0.0,0.0,0.0,0.0,0.0,0.0,0.0,0.0,0.0,0.0,0.0,0.0,0.0,0.0
4620.0,20.0,20.0,0,0.0,0.0,0.0,0.0,0.0,0.0,0.0,0.0,0.0,0.0,0.0,0.0,0.0,0.0
4680.0,20.0,20.0,0,0.0,0.0,0.0,0.0,0.0,0.0,0.0,0.0,0.0,0.0,0.0,0.0,0.0,0.0
4740.0,20.0,20.0,0,0.0,0.0,0.0,0.0,0.0,0.0,0.0,0.0,0.0,0.0,0.0,0.0,0.0,0.0
4800.0,20.0,20.0,0,0.0,0.0,0.0,0.0,0.0,0.0,0.0,0.0,0.0,0.0,0.0,0.0,0.0,0.0
4860.0,20.0,20.0,0,0.0,0.0,0.0,0.0,0.0,0.0,0.0,0.0,0.0,0.0,0.0,0.0,0.0,0.0
4920.0,20.0,20.0,0,0.0,0.0,0.0,0.0,0.0,0.0,0.0,0.0,0.0,0.0,0.0,0.0,0.0,0.0
4980.0,20.0,20.0,0,0.0,0.0,0.0,0.0,0.0,0.0,0.0,0.0,0.0,0.0,0.0,0.0,0.0,0.0
5040.0,20.0,20.0,0,0.0,0.0,0.0,0.0,0.0,0.0,0.0,0.0,0.0,0.0,0.0,0.0,0.0,0.0
5100.0,20.0,20.0,0,0.0,0.0,0.0,0.0,0.0,0.0,0.0,0.0,0.0,0.0,0.0,0.0,0.0,0.0
5160.0,20.0,20.0,0,0.0,0.0,0.0,0.0,0.0,0.0,0.0,0.0,0.0,0.0,0.0,0.0,0.0,0.0
5220.0,20.0,20.0,0,0.0,0.0,0.0,0.0,0.0,0.0,0.0,0.0,0.0,0.0,0.0,0.0,0.0,0.0
5280.0,20.0,20.0,0,0.0,0.0,0.0,0.0,0.0,0.0,0.0,0.0,0.0,0.0,0.0,0.0,0.0,0.0
5340.0,20.0,20.0,0,0.0,0.0,0.0,0.0,0.0,0.0,0.0,0.0,0.0,0.0,0.0,0.0,0.0,0.0
5400.0,20.0,20.0,0,0.0,0.0,0.0,0.0,0.0,0.0,0.0,0.0,0.0,0.0,0.0,0.0,0.0,0.0
5460.0,20.0,20.0,0,0.0,0.0,0.0,0.0,0.0,0.0,0.0,0.0,0.0,0.0,0.0,0.0,0.0,0.0
5520.0,20.0,20.0,0,0.0,0.0,0.0,0.0,0.0,0.0,0.0,0.0,0.0,0.0,0.0,0.0,0.0,0.0
5580.0,20.0,20.0,0,0.0,0.0,0.0,0.0,0.0,0.0,0.0,0.0,0.0,0.0,0.0,0.0,0.0,0.0
5640.0,20.0,20.0,0,0.0,0.0,0.0,0.0,0.0,0.0,0.0,0.0,0.0,0.0,0.0,0.0,0.0,0.0
5700.0,20.0,20.0,0,0.0,0.0,0.0,0.0,0.0,0.0,0.0,0.0,0.0,0.0,0.0,0.0,0.0,0.0
5760.0,20.0,20.0,0,0.0,0.0,0.0,0.0,0.0,0.0,0.0,0.0,0.0,0.0,0.0,0.0,0.0,0.0
5820.0,20.0,20.0,0,0.0,0.0,0.0,0.0,0.0,0.0,0.0,0.0,0.0,0.0,0.0,0.0,0.0,0.0
5880.0,20.0,20.0,0,0.0,0.0,0.0,0.0,0.0,0.0,0.0,0.0,0.0,0.0,0.0,0.0,0.0,0.0
5940.0,20.0,20.0,0,0.0,0.0,0.0,0.0,0.0,0.0,0.0,0.0,0.0,0.0,0.0,0.0,0.0,0.0
6000.0,20.0,20.0,0,0.0,0.0,0.0,0.0,0.0,0.0,0.0,0.0,0.0,0.0,0.0,0.0,0.0,0.0
6060.0,20.0,20.0,0,0.0,0.0,0.0,0.0,0.0,0.0,0.0,0.0,0.0,0.0,0.0,0.0,0.0,0.0
6120.0,20.0,20.0,0,0.0,0.0,0.0,0.0,0.0,0.0,0.0,0.0,0.0,0.0,0.0,0.0,0.0,0.0
6180.0,20.0,20.0,0,0.0,0.0,0.0,0.0,0.0,0.0,0.0,0.0,0.0,0.0,0.0,0.0,0.0,0.0
6240.0,20.0,20.0,0,0.0,0.0,0.0,0.0,0.0,0.0,0.0,0.0,0.0,0.0,0.0,0.0,0.0,0.0
6300.0,20.0,20.0,0,0.0,0.0,0.0,0.0,0.0,0.0,0.0,0.0,0.0,0.0,0.0,0.0,0.0,0.0
6360.0,20.0,20.0,0,0.0,0.0,0.0,0.0,0.0,0.0,0.0,0.0,0.0,0.0,0.0,0.0,0.0,0.0
6420.0,20.0,20.0,0,0.0,0.0,0.0,0.0,0.0,0.0,0.0,0.0,0.0,0.0,0.0,0.0,0.0,0.0
6480.0,20.0,20.0,0,0.0,0.0,0.0,0.0,0.0,0.0,0.0,0.0,0.0,0.0,0.0,0.0,0.0,0.0
6540.0,20.0,20.0,0,0.0,0.0,0.0,0.0,0.0,0.0,0.0,0.0,0.0,0.0,0.0,0.0,0.0,0.0
6600.0,20.0,20.0,0,0.0,0.0,0.0,0.0,0.0,0.0,0.0,0.0,0.0,0.0,0.0,0.0,0.0,0.0
6660.0,20.0,20.0,0,0.0,0.0,0.0,0.0,0.0,0.0,0.0,0.0,0.0,0.0,0.0,0.0,0.0,0.0
6720.0,20.0,20.0,0,0.0,0.0,0.0,0.0,0.0,0.0,0.0,0.0,0.0,0.0,0.0,0.0,0.0,0.0
6780.0,20.0,20.0,0,0.0,0.0,0.0,0.0,0.0,0.0,0.0,0.0,0.0,0.0,0.0,0.0,0.0,0.0
6840.0,20.0,20.0,0,0.0,0.0,0.0,0.0,0.0,0.0,0.0,0.0,0.0,0.0,0.0,0.0,0.0,0.0
6900.0,20.0,20.0,0,0.0,0.0,0.0,0.0,0.0,0.0,0.0,0.0,0.0,0.0,0.0,0.0,0.0,0.0
6960.0,20.0,20.0,0,0.0,0.0,0.0,0.0,0.0,0.0,0.0,0.0,0.0,0.0,0.0,0.0,0.0,0.0
7020.0,20.0,20.0,0,0.0,0.0,0.0,0.0,0.0,0.0,0.0,0.0,0.0,0.0,0.0,0.0,0.0,0.0
7080.0,20.0,20.0,0,0.0,0.0,0.0,0.0,0.0,0.0,0.0,0.0,0.0,0.0,0.0,0.0,0.0,0.0
7140.0,20.0,20.0,0,0.0,0.0,0.0,0.0,0.0,0.0,0.0,0.0,0.0,0.0,0.0,0.0,0.0,0.0
7200.0,20.0,20.0,0,0.0,0.0,0.0,0.0,0.0,0.0,0.0,0.0,0.0,0.0,0.0,0.0,0.0,0.0
7260.0,20.0,20.0,0,0.0,0.0,0.0,0.0,0.0,0.0,0.0,0.0,0.0,0.0,0.0,0.0,0.0,0.0
7320.0,20.0,20.0,0,0.0,0.0,0.0,0.0,0.0,0.0,0.0,0.0,0.0,0.0,0.0,0.0,0.0,0.0
7380.0,20.0,20.0,0,0.0,0.0,0.0,0.0,0.0,0.0,0.0,0.0,0.0,0.0,0.0,0.0,0.0,0.0
7440.0,20.0,20.0,0,0.0,0.0,0.0,0.0,0.0,0.0,0.0,0.0,0.0,0.0,0.0,0.0,0.0,0.0
7500.0,20.0,20.0,0,0.0,0.0,0.0,0.0,0.0,0.0,0.0,0.0,0.0,0.0,0.0,0.0,0.0,0.0
7560.0,20.0,20.0,0,0.0,0.0,0.0,0.0,0.0,0.0,0.0,0.0,0.0,0.0,0.0,0.0,0.0,0.0
7620.0,20.0,20.0,0,0.0,0.0,0.0,0.0,0.0,0.0,0.0,0.0,0.0,0.0,0.0,0.0,0.0,0.0
7680.0,20.0,20.0,0,0.0,0.0,0.0,0.0,0.0,0.0,0.0,0.0,0.0,0.0,0.0,0.0,0.0,0.0
7740.0,20.0,20.0,0,0.0,0.0,0.0,0.0,0.0,0.0,0.0,0.0,0.0,0.0,0.0,0.0,0.0,0.0
7800.0,20.0,20.0,0,0.0,0.0,0.0,0.0,0.0,0.0,0.0,0.0,0.0,0.0,0.0,0.0,0.0,0.0
7860.0,20.0,20.0,0,0.0,0.0,0.0,0.0,0.0,0.0,0.0,0.0,0.0,0.0,0.0,0.0,0.0,0.0
7920.0,20.0,20.0,0,0.0,0.0,0.0,0.0,0.0,0.0,0.0,0.0,0.0,0.0,0.0,0.0,0.0,0.0
7980.0,20.0,20.0,0,0.0,0.0,0.0,0.0,0.0,0.0,0.0,0.0,0.0,0.0,0.0,0.0,0.0,0.0
8040.0,20.0,20.0,0,0.0,0.0,0.0,0.0,0.0,0.0,0.0,0.0,0.0,0.0,0.0,0.0,0.0,0.0
8100.0,20.0,20.0,0,0.0,0.0,0.0,0.0,0.0,0.0,0.0,0.0,0.0,0.0,0.0,0.0,0.0,0.0
8160.0,20.0,20.0,0,0.0,0.0,0.0,0.0,0.0,0.0,0.0,0.0,0.0,0.0,0.0,0.0,0.0,0.0
8220.0,20.0,20.0,0,0.0,0.0,0.0,0.0,0.0,0.0,0.0,0.0,0.0,0.0,0.0,0.0,0.0,0.0
8280.0,20.0,20.0,0,0.0,0.0,0.0,0.0,0.0,0.0,0.0,0.0,0.0,0.0,0.0,0.0,0.0,0.0
8340.0,20.0,20.0,0,0.0,0.0,0.0,0.0,0.0,0.0,0.0,0.0,0.0,0.0,0.0,0.0,0.0,0.0
8400.0,20.0,20.0,0,0.0,0.0,0.0,0.0,0.0,0.0,0.0,0.0,0.0,0.0,0.0,0.0,0.0,0.0
8460.0,20.0,20.0,0,0.0,0.0,0.0,0.0,0.0,0.0,0.0,0.0,0.0,0.0,0.0,0.0,0.0,0.0
8520.0,20.0,20.0,0,0.0,0.0,0.0,0.0,0.0,0.0,0.0,0.0,0.0,0.0,0.0,0.0,0.0,0.0
8580.0,20.0,20.0,0,0.0,0.0,0.0,0.0,0.0,0.0,0.0,0.0,0.0,0.0,0.0,0.0,0.0,0.0
8640.0,20.0,20.0,0,0.0,0.0,0.0,0.0,0.0,0.0,0.0,0.0,0.0,0.0,0.0,0.0,0.0,0.0
8700.0,20.0,20.0,0,0.0,0.0,0.0,0.0,0.0,0.0,0.0,0.0,0.0,0.0,0.0,0.0,0.0,0.0
8760.0,20.0,20.0,0,0.0,0.0,0.0,0.0,0.0,0.0,0.0,0.0,0.0,0.0,0.0,0.0,0.0,0.0
8820.0,20.0,20.0,0,0.0,0.0,0.0,0.0,0.0,0.0,0.0,0.0,0.0,0.0,0.0,0.0,0.0,0.0
8880.0,20.0,20.0,0,0.0,0.0,0.0,0.0,0.0,0.0,0.0,0.0,0.0,0.0,0.0,0.0,0.0,0.0
8940.0,20.0,20.0,0,0.0,0.0,0.0,0.0,0.0,0.0,0.0,0.0,0.0,0.0,0.0,0.0,0.0,0.0
9000.0,20.0,20.0,0,0.0,0.0,0.0,0.0,0.0,0.0,0.0,0.0,0.0,0.0,0.0,0.0,0.0,0.0
9060.0,20.0,20.0,0,0.0,0.0,0.0,0.0,0.0,0.0,0.0,0.0,0.0,0.0,0.0,0.0,0.0,0.0
9120.0,20.0,20.0,0,0.0,0.0,0.0,0.0,0.0,0.0,0.0,0.0,0.0,0.0,0.0,0.0,0.0,0.0
9180.0,20.0,20.0,0,0.0,0.0,0.0,0.0,0.0,0.0,0.0,0.0,0.0,0.0,0.0,0.0,0.0,0.0
9240.0,20.0,20.0,0,0.0,0.0,0.0,0.0,0.0,0.0,0.0,0.0,0.0,0.0,0.0,0.0,0.0,0.0
9300.0,20.0,20.0,0,0.0,0.0,0.0,0.0,0.0,0.0,0.0,0.0,0.0,0.0,0.0,0.0,0.0,0.0
9360.0,20.0,20.0,0,0.0,0.0,0.0,0.0,0.0,0.0,0.0,0.0,0.0,0.0,0.0,0.0,0.0,0.0
9420.0,20.0,20.0,0,0.0,0.0,0.0,0.0,0.0,0.0,0.0,0.0,0.0,0.0,0.0,0.0,0.0,0.0
9480.0,20.0,20.0,0,0.0,0.0,0.0,0.0,0.0,0.0,0.0,0.0,0.0,0.0,0.0,0.0,0.0,0.0
9540.0,20.0,20.0,0,0.0,0.0,0.0,0.0,0.0,0.0,0.0,0.0,0.0,0.0,0.0,0.0,0.0,0.0
9600.0,20.0,20.0,0,0.0,0.0,0.0,0.0,0.0,0.0,0.0,0.0,0.0,0.0,0.0,0.0,0.0,0.0
9660.0,20.0,20.0,0,0.0,0.0,0.0,0.0,0.0,0.0,0.0,0.0,0.0,0.0,0.0,0.0,0.0,0.0
9720.0,20.0,20.0,0,0.0,0.0,0.0,0.0,0.0,0.0,0.0,0.0,0.0,0.0,0.0,0.0,0.0,0.0
9780.0,20.0,20.0,0,0.0,0.0,0.0,0.0,0.0,0.0,0.0,0.0,0.0,0.0,0.0,0.0,0.0,0.0
9840.0,20.0,20.0,0,0.0,0.0,0.0,0.0,0.0,0.0,0.0,0.0,0.0,0.0,0.0,0.0,0.0,0.0
9900.0,20.0,20.0,0,0.0,0.0,0.0,0.0,0.0,0.0,0.0,0.0,0.0,0.0,0.0,0.0,0.0,0.0
9960.0,20.0,20.0,0,0.0,0.0,0.0,0.0,0.0,0.0,0.0,0.0,0.0,0.0,0.0,0.0,0.0,0.0
10020.0,20.0,20.0,0,0.0,0.0,0.0,0.0,0.0,0.0,0.0,0.0,0.0,0.0,0.0,0.0,0.0,0.0
10080.0,20.0,20.0,0,0.0,0.0,0.0,0.0,0.0,0.0,0.0,0.0,0.0,0.0,0.0,0.0,0.0,0.0
10140.0,20.0,20.0,0,0.0,0.0,0.0,0.0,0.0,0.0,0.0,0.0,0.0,0.0,0.0,0.0,0.0,0.0
10200.0,20.0,20.0,0,0.0,0.0,0.0,0.0,0.0,0.0,0.0,0.0,0.0,0.0,0.0,0.0,0.0,0.0
10260.0,20.0,20.0,0,0.0,0.0,0.0,0.0,0.0,0.0,0.0,0.0,0.0,0.0,0.0,0.0,0.0,0.0
10320.0,20.0,20.0,0,0.0,0.0,0.0,0.0,0.0,0.0,0.0,0.0,0.0,0.0,0.0,0.0,0.0,0.0
10380.0,20.0,20.0,0,0.0,0.0,0.0,0.0,0.0,0.0,0.0,0.0,0.0,0.0,0.0,0.0,0.0,0.0
10440.0,20.0,20.0,0,0.0,0.0,0.0,0.0,0.0,0.0,0.0,0.0,0.0,0.0,0.0,0.0,0.0,0.0
10500.0,20.0,20.0,0,0.0,0.0,0.0,0.0,0.0,0.0,0.0,0.0,0.0,0.0,0.0,0.0,0.0,0.0
10560.0,20.0,20.0,0,0.0,0.0,0.0,0.0,0.0,0.0,0.0,0.0,0.0,0.0,0.0,0.0,0.0,0.0
10620.0,20.0,20.0,0,0.0,0.0,0.0,0.0,0.0,0.0,0.0,0.0,0.0,0.0,0.0,0.0,0.0,0.0
10680.0,20.0,20.0,0,0.0,0.0,0.0,0.0,0.0,0.0,0.0,0.0,0.0,0.0,0.0,0.0,0.0,0.0
10740.0,20.0,20.0,0,0.0,0.0,0.0,0.0,0.0,0.0,0.0,0.0,0.0,0.0,0.0,0.0,0.0,0.0
10800.0,20.0,20.0,0,0.0,0.0,0.0,0.0,0.0,0.0,0.0,0.0,0.0,0.0,0.0,0.0,0.0,0.0
10860.0,20.0,20.0,0,0.0,0.0,0.0,0.0,0.0,0.0,0.0,0.0,0.0,0.0,0.0,0.0,0.0,0.0
10920.0,20.0,20.0,0,0.0,0.0,0.0,0.0,0.0,0.0,0.0,0.0,0.0,0.0,0.0,0.0,0.0,0.0
10980.0,20.0,20.0,0,0.0,0.0,0.0,0.0,0.0,0.0,0.0,0.0,0.0,0.0,0.0,0.0,0.0,0.0
11040.0,20.0,20.0,0,0.0,0.0,0.0,0.0,0.0,0.0,0.0,0.0,0.0,0.0,0.0,0.0,0.0,0.0
11100.0,20.0,20.0,0,0.0,0.0,0.0,0.0,0.0,0.0,0.0,0.0,0.0,0.0,0.0,0.0,0.0,0.0
11160.0,20.0,20.0,0,0.0,0.0,0.0,0.0,0.0,0.0,0.0,0.0,0.0,0.0,0.0,0.0,0.0,0.0
11220.0,20.0,20.0,0,0.0,0.0,0.0,0.0,0.0,0.0,0.0,0.0,0.0,0.0,0.0,0.0,0.0,0.0
11280.0,20.0,20.0,0,0.0,0.0,0.0,0.0,0.0,0.0,0.0,0.0,0.0,0.0,0.0,0.0,0.0,0.0
11340.0,20.0,20.0,0,0.0,0.0,0.0,0.0,0.0,0.0,0.0,0.0,0.0,0.0,0.0,0.0,0.0,0.0
11400.0,20.0,20.0,0,0.0,0.0,0.0,0.0,0.0,0.0,0.0,0.0,0.0,0.0,0.0,0.0,0.0,0.0
11460.0,20.0,20.0,0,0.0,0.0,0.0,0.0,0.0,0.0,0.0,0.0,0.0,0.0,0.0,0.0,0.0,0.0
11520.0,20.0,20.0,0,0.0,0.0,0.0,0.0,0.0,0.0,0.0,0.0,0.0,0.0,0.0,0.0,0.0,0.0
11580.0,20.0,20.0,0,0.0,0.0,0.0,0.0,0.0,0.0,0.0,0.0,0.0,0.0,0.0,0.0,0.0,0.0
11640.0,20.0,20.0,0,0.0,0.0,0.0,0.0,0.0,0.0,0.0,0.0,0.0,0.0,0.0,0.0,0.0,0.0
11700.0,20.0,20.0,0,0.0,0.0,0.0,0.0,0.0,0.0,0.0,0.0,0.0,0.0,0.0,0.0,0.0,0.0
11760.0,20.0,20.0,0,0.0,0.0,0.0,0.0,0.0,0.0,0.0,0.0,0.0,0.0,0.0,0.0,0.0,0.0
11820.0,20.0,20.0,0,0.0,0.0,0.0,0.0,0.0,0.0,0.0,0.0,0.0,0.0,0.0,0.0,0.0,0.0
11880.0,20.0,20.0,0,0.0,0.0,0.0,0.0,0.0,0.0,0.0,0.0,0.0,0.0,0.0,0.0,0.0,0.0
11940.0,20.0,20.0,0,0.0,0.0,0.0,0.0,0.0,0.0,0.0,0.0,0.0,0.0,0.0,0.0,0.0,0.0
12000.0,20.0,20.0,0,0.0,0.0,0.0,0.0,0.0,0.0,0.0,0.0,0.0,0.0,0.0,0.0,0.0,0.0
12060.0,20.0,20.0,0,0.0,0.0,0.0,0.0,0.0,0.0,0.0,0.0,0.0,0.0,0.0,0.0,0.0,0.0
12120.0,20.0,20.0,0,0.0,0.0,0.0,0.0,0.0,0.0,0.0,0.0,0.0,0.0,0.0,0.0,0.0,0.0
12180.0,20.0,20.0,0,0.0,0.0,0.0,0.0,0.0,0.0,0.0,0.0,0.0,0.0,0.0,0.0,0.0,0.0
12240.0,20.0,20.0,0,0.0,0.0,0.0,0.0,0.0,0.0,0.0,0.0,0.0,0.0,0.0,0.0,0.0,0.0
12300.0,20.0,20.0,0,0.0,0.0,0.0,0.0,0.0,0.0,0.0,0.0,0.0,0.0,0.0,0.0,0.0,0.0
12360.0,20.0,20.0,0,0.0,0.0,0.0,0.0,0.0,0.0,0.0,0.0,0.0,0.0,0.0,0.0,0.0,0.0
12420.0,20.0,20.0,0,0.0,0.0,0.0,0.0,0.0,0.0,0.0,0.0,0.0,0.0,0.0,0.0,0.0,0.0
12480.0,20.0,20.0,0,0.0,0.0,0.0,0.0,0.0,0.0,0.0,0.0,0.0,0.0,0.0,0.0,0.0,0.0
12540.0,20.0,20.0,0,0.0,0.0,0.0,0.0,0.0,0.0,0.0,0.0,0.0,0.0,0.0,0.0,0.0,0.0
12600.0,20.0,20.0,0,0.0,0.0,0.0,0.0,0.0,0.0,0.0,0.0,0.0,0.0,0.0,0.0,0.0,0.0
12660.0,20.0,20.0,0,0.0,0.0,0.0,0.0,0.0,0.0,0.0,0.0,0.0,0.0,0.0,0.0,0.0,0.0
12720.0,20.0,20.0,0,0.0,0.0,0.0,0.0,0.0,0.0,0.0,0.0,0.0,0.0,0.0,0.0,0.0,0.0
12780.0,20.0,20.0,0,0.0,0.0,0.0,0.0,0.0,0.0,0.0,0.0,0.0,0.0,0.0,0.0,0.0,0.0
12840.0,20.0,20.0,0,0.0,0.0,0.0,0.0,0.0,0.0,0.0,0.0,0.0,0.0,0.0,0.0,0.0,0.0
12900.0,20.0,20.0,0,0.0,0.0,0.0,0.0,0.0,0.0,0.0,0.0,0.0,0.0,0.0,0.0,0.0,0.0
12960.0,20.0,20.0,0,0.0,0.0,0.0,0.0,0.0,0.0,0.0,0.0,0.0,0.0,0.0,0.0,0.0,0.0
13020.0,20.0,20.0,0,0.0,0.0,0.0,0.0,0.0,0.0,0.0,0.0,0.0,0.0,0.0,0.0,0.0,0.0
13080.0,20.0,20.0,0,0.0,0.0,0.0,0.0,0.0,0.0,0.0,0.0,0.0,0.0,0.0,0.0,0.0,0.0
13140.0,20.0,20.0,0,0.0,0.0,0.0,0.0,0.0,0.0,0.0,0.0,0.0,0.0,0.0,0.0,0.0,0.0
13200.0,20.0,20.0,0,0.0,0.0,0.0,0.0,0.0,0.0,0.0,0.0,0.0,0.0,0.0,0.0,0.0,0.0
13260.0,20.0,20.0,0,0.0,0.0,0.0,0.0,0.0,0.0,0.0,0.0,0.0,0.0,0.0,0.0,0.0,0.0
13320.0,20.0,20.0,0,0.0,0.0,0.0,0.0,0.0,0.0,0.0,0.0,0.0,0.0,0.0,0.0,0.0,0.0
13380.0,20.0,20.0,0,0.0,0.0,0.0,0.0,0.0,0.0,0.0,0.0,0.0,0.0,0.0,0.0,0.0,0.0
13440.0,20.0,20.0,0,0.0,0.0,0.0,0.0,0.0,0.0,0.0,0.0,0.0,0.0,0.0,0.0,0.0,0.0
13500.0,20.0,20.0,0,0.0,0.0,0.0,0.0,0.0,0.0,0.0,0.0,0.0,0.0,0.0,0.0,0.0,0.0
13560.0,20.0,20.0,0,0.0,0.0,0.0,0.0,0.0,0.0,0.0,0.0,0.0,0.0,0.0,0.0,0.0,0.0
13620.0,20.0,20.0,0,0.0,0.0,0.0,0.0,0.0,0.0,0.0,0.0,0.0,0.0,0.0,0.0,0.0,0.0
13680.0,20.0,20.0,0,0.0,0.0,0.0,0.0,0.0,0.0,0.0,0.0,0.0,0.0,0.0,0.0,0.0,0.0
13740.0,20.0,20.0,0,0.0,0.0,0.0,0.0,0.0,0.0,0.0,0.0,0.0,0.0,0.0,0.0,0.0,0.0
13800.0,20.0,20.0,0,0.0,0.0,0.0,0.0,0.0,0.0,0.0,0.0,0.0,0.0,0.0,0.0,0.0,0.0
13860.0,20.0,20.0,0,0.0,0.0,0.0,0.0,0.0,0.0,0.0,0.0,0.0,0.0,0.0,0.0,0.0,0.0
13920.0,20.0,20.0,0,0.0,0.0,0.0,0.0,0.0,0.0,0.0,0.0,0.0,0.0,0.0,0.0,0.0,0.0
13980.0,20.0,20.0,0,0.0,0.0,0.0,0.0,0.0,0.0,0.0,0.0,0.0,0.0,0.0,0.0,0.0,0.0
14040.0,20.0,20.0,0,0.0,0.0,0.0,0.0,0.0,0.0,0.0,0.0,0.0,0.0,0.0,0.0,0.0,0.0
14100.0,20.0,20.0,0,0.0,0.0,0.0,0.0,0.0,0.0,0.0,0.0,0.0,0.0,0.0,0.0,0.0,0.0
14160.0,20.0,20.0,0,0.0,0.0,0.0,0.0,0.0,0.0,0.0,0.0,0.0,0.0,0.0,0.0,0.0,0.0
14220.0,20.0,20.0,0,0.0,0.0,0.0,0.0,0.0,0.0,0.0,0.0,0.0,0.0,0.0,0.0,0.0,0.0
14280.0,20.0,20.0,0,0.0,0.0,0.0,0.0,0.0,0.0,0.0,0.0,0.0,0.0,0.0,0.0,0.0,0.0
14340.0,20.0,20.0,0,0.0,0.0,0.0,0.0,0.0,0.0,0.0,0.0,0.0,0.0,0.0,0.0,0.0,0.0
14400.0,20.0,20.0,0,0.0,0.0,0.0,0.0,0.0,0.0,0.0,0.0,0.0,0.0,0.0,0.0,0.0,0.0
14460.0,20.0,20.0,0,0.0,0.0,0.0,0.0,0.0,0.0,0.0,0.0,0.0,0.0,0.0,0.0,0.0,0.0
14520.0,20.0,20.0,0,0.0,0.0,0.0,0.0,0.0,0.0,0.0,0.0,0.0,0.0,0.0,0.0,0.0,0.0
14580.0,20.0,20.0,0,0.0,0.0,0.0,0.0,0.0,0.0,0.0,0.0,0.0,0.0,0.0,0.0,0.0,0.0
14640.0,20.0,20.0,0,0.0,0.0,0.0,0.0,0.0,0.0,0.0,0.0,0.0,0.0,0.0,0.0,0.0,0.0
14700.0,20.0,20.0,0,0.0,0.0,0.0,0.0,0.0,0.0,0.0,0.0,0.0,0.0,0.0,0.0,0.0,0.0
14760.0,20.0,20.0,0,0.0,0.0,0.0,0.0,0.0,0.0,0.0,0.0,0.0,0.0,0.0,0.0,0.0,0.0
14820.0,20.0,20.0,0,0.0,0.0,0.0,0.0,0.0,0.0,0.0,0.0,0.0,0.0,0.0,0.0,0.0,0.0
14880.0,20.0,20.0,0,0.0,0.0,0.0,0.0,0.0,0.0,0.0,0.0,0.0,0.0,0.0,0.0,0.0,0.0
14940.0,20.0,20.0,0,0.0,0.0,0.0,0.0,0.0,0.0,0.0,0.0,0.0,0.0,0.0,0.0,0.0,0.0
15000.0,20.0,20.0,0,0.0,0.0,0.0,0.0,0.0,0.0,0.0,0.0,0.0,0.0,0.0,0.0,0.0,0.0
15060.0,20.0,20.0,0,0.0,0.0,0.0,0.0,0.0,0.0,0.0,0.0,0.0,0.0,0.0,0.0,0.0,0.0
15120.0,20.0,20.0,0,0.0,0.0,0.0,0.0,0.0,0.0,0.0,0.0,0.0,0.0,0.0,0.0,0.0,0.0
15180.0,20.0,20.0,0,0.0,0.0,0.0,0.0,0.0,0.0,0.0,0.0,0.0,0.0,0.0,0.0,0.0,0.0
15240.0,20.0,20.0,0,0.0,0.0,0.0,0.0,0.0,0.0,0.0,0.0,0.0,0.0,0.0,0.0,0.0,0.0
15300.0,20.0,20.0,0,0.0,0.0,0.0,0.0,0.0,0.0,0.0,0.0,0.0,0.0,0.0,0.0,0.0,0.0
15360.0,20.0,20.0,0,0.0,0.0,0.0,0.0,0.0,0.0,0.0,0.0,0.0,0.0,0.0,0.0,0.0,0.0
15420.0,20.0,20.0,0,0.0,0.0,0.0,0.0,0.0,0.0,0.0,0.0,0.0,0.0,0.0,0.0,0.0,0.0
15480.0,20.0,20.0,0,0.0,0.0,0.0,0.0,0.0,0.0,0.0,0.0,0.0,0.0,0.0,0.0,0.0,0.0
15540.0,20.0,20.0,0,0.0,0.0,0.0,0.0,0.0,0.0,0.0,0.0,0.0,0.0,0.0,0.0,0.0,0.0
15600.0,20.0,20.0,0,0.0,0.0,0.0,0.0,0.0,0.0,0.0,0.0,0.0,0.0,0.0,0.0,0.0,0.0
15660.0,20.0,20.0,0,0.0,0.0,0.0,0.0,0.0,0.0,0.0,0.0,0.0,0.0,0.0,0.0,0.0,0.0
15720.0,20.0,20.0,0,0.0,0.0,0.0,0.0,0.0,0.0,0.0,0.0,0.0,0.0,0.0,0.0,0.0,0.0
15780.0,20.0,20.0,0,0.0,0.0,0.0,0.0,0.0,0.0,0.0,0.0,0.0,0.0,0.0,0.0,0.0,0.0
15840.0,20.0,20.0,0,0.0,0.0,0.0,0.0,0.0,0.0,0.0,0.0,0.0,0.0,0.0,0.0,0.0,0.0
15900.0,20.0,20.0,0,0.0,0.0,0.0,0.0,0.0,0.0,0.0,0.0,0.0,0.0,0.0,0.0,0.0,0.0
15960.0,20.0,20.0,0,0.0,0.0,0.0,0.0,0.0,0.0,0.0,0.0,0.0,0.0,0.0,0.0,0.0,0.0
16020.0,20.0,20.0,0,0.0,0.0,0.0,0.0,0.0,0.0,0.0,0.0,0.0,0.0,0.0,0.0,0.0,0.0
16080.0,20.0,20.0,0,0.0,0.0,0.0,0.0,0.0,0.0,0.0,0.0,0.0,0.0,0.0,0.0,0.0,0.0
16140.0,20.0,20.0,0,0.0,0.0,0.0,0.0,0.0,0.0,0.0,0.0,0.0,0.0,0.0,0.0,0.0,0.0
16200.0,20.0,20.0,0,0.0,0.0,0.0,0.0,0.0,0.0,0.0,0.0,0.0,0.0,0.0,0.0,0.0,0.0
16260.0,20.0,20.0,0,0.0,0.0,0.0,0.0,0.0,0.0,0.0,0.0,0.0,0.0,0.0,0.0,0.0,0.0
16320.0,20.0,20.0,0,0.0,0.0,0.0,0.0,0.0,0.0,0.0,0.0,0.0,0.0,0.0,0.0,0.0,0.0
16380.0,20.0,20.0,0,0.0,0.0,0.0,0.0,0.0,0.0,0.0,0.0,0.0,0.0,0.0,0.0,0.0,0.0
16440.0,20.0,20.0,0,0.0,0.0,0.0,0.0,0.0,0.0,0.0,0.0,0.0,0.0,0.0,0.0,0.0,0.0
16500.0,20.0,20.0,0,0.0,0.0,0.0,0.0,0.0,0.0,0.0,0.0,0.0,0.0,0.0,0.0,0.0,0.0
16560.0,20.0,20.0,0,0.0,0.0,0.0,0.0,0.0,0.0,0.0,0.0,0.0,0.0,0.0,0.0,0.0,0.0
16620.0,20.0,20.0,0,0.0,0.0,0.0,0.0,0.0,0.0,0.0,0.0,0.0,0.0,0.0,0.0,0.0,0.0
16680.0,20.0,20.0,0,0.0,0.0,0.0,0.0,0.0,0.0,0.0,0.0,0.0,0.0,0.0,0.0,0.0,0.0
16740.0,20.0,20.0,0,0.0,0.0,0.0,0.0,0.0,0.0,0.0,0.0,0.0,0.0,0.0,0.0,0.0,0.0
16800.0,20.0,20.0,0,0.0,0.0,0.0,0.0,0.0,0.0,0.0,0.0,0.0,0.0,0.0,0.0,0.0,0.0
16860.0,20.0,20.0,0,0.0,0.0,0.0,0.0,0.0,0.0,0.0,0.0,0.0,0.0,0.0,0.0,0.0,0.0
16920.0,20.0,20.0,0,0.0,0.0,0.0,0.0,0.0,0.0,0.0,0.0,0.0,0.0,0.0,0.0,0.0,0.0
16980.0,20.0,20.0,0,0.0,0.0,0.0,0.0,0.0,0.0,0.0,0.0,0.0,0.0,0.0,0.0,0.0,0.0
17040.0,20.0,20.0,0,0.0,0.0,0.0,0.0,0.0,0.0,0.0,0.0,0.0,0.0,0.0,0.0,0.0,0.0
17100.0,20.0,20.0,0,0.0,0.0,0.0,0.0,0.0,0.0,0.0,0.0,0.0,0.0,0.0,0.0,0.0,0.0
17160.0,20.0,20.0,0,0.0,0.0,0.0,0.0,0.0,0.0,0.0,0.0,0.0,0.0,0.0,0.0,0.0,0.0
17220.0,20.0,20.0,0,0.0,0.0,0.0,0.0,0.0,0.0,0.0,0.0,0.0,0.0,0.0,0.0,0.0,0.0
17280.0,20.0,20.0,0,0.0,0.0,0.0,0.0,0.0,0.0,0.0,0.0,0.0,0.0,0.0,0.0,0.0,0.0
17340.0,20.0,20.0,0,0.0,0.0,0.0,0.0,0.0,0.0,0.0,0.0,0.0,0.0,0.0,0.0,0.0,0.0
17400.0,20.0,20.0,0,0.0,0.0,0.0,0.0,0.0,0.0,0.0,0.0,0.0,0.0,0.0,0.0,0.0,0.0
17460.0,20.0,20.0,0,0.0,0.0,0.0,0.0,0.0,0.0,0.0,0.0,0.0,0.0,0.0,0.0,0.0,0.0
17520.0,20.0,20.0,0,0.0,0.0,0.0,0.0,0.0,0.0,0.0,0.0,0.0,0.0,0.0,0.0,0.0,0.0
17580.0,20.0,20.0,0,0.0,0.0,0.0,0.0,0.0,0.0,0.0,0.0,0.0,0.0,0.0,0.0,0.0,0.0
17640.0,20.0,20.0,0,0.0,0.0,0.0,0.0,0.0,0.0,0.0,0.0,0.0,0.0,0.0,0.0,0.0,0.0
17700.0,20.0,20.0,0,0.0,0.0,0.0,0.0,0.0,0.0,0.0,0.0,0.0,0.0,0.0,0.0,0.0,0.0
17760.0,20.0,20.0,0,0.0,0.0,0.0,0.0,0.0,0.0,0.0,0.0,0.0,0.0,0.0,0.0,0.0,0.0
17820.0,20.0,20.0,0,0.0,0.0,0.0,0.0,0.0,0.0,0.0,0.0,0.0,0.0,0.0,0.0,0.0,0.0
17880.0,20.0,20.0,0,0.0,0.0,0.0,0.0,0.0,0.0,0.0,0.0,0.0,0.0,0.0,0.0,0.0,0.0
17940.0,20.0,20.0,0,0.0,0.0,0.0,0.0,0.0,0.0,0.0,0.0,0.0,0.0,0.0,0.0,0.0,0.0
18000.0,20.0,20.0,0,0.0,0.0,0.0,0.0,0.0,0.0,0.0,0.0,0.0,0.0,0.0,0.0,0.0,0.0
18060.0,20.0,20.0,0,0.0,0.0,0.0,0.0,0.0,0.0,0.0,0.0,0.0,0.0,0.0,0.0,0.0,0.0
18120.0,20.0,20.0,0,0.0,0.0,0.0,0.0,0.0,0.0,0.0,0.0,0.0,0.0,0.0,0.0,0.0,0.0
18180.0,20.0,20.0,0,0.0,0.0,0.0,0.0,0.0,0.0,0.0,0.0,0.0,0.0,0.0,0.0,0.0,0.0
18240.0,20.0,20.0,0,0.0,0.0,0.0,0.0,0.0,0.0,0.0,0.0,0.0,0.0,0.0,0.0,0.0,0.0
18300.0,20.0,20.0,0,0.0,0.0,0.0,0.0,0.0,0.0,0.0,0.0,0.0,0.0,0.0,0.0,0.0,0.0
18360.0,20.0,20.0,0,0.0,0.0,0.0,0.0,0.0,0.0,0.0,0.0,0.0,0.0,0.0,0.0,0.0,0.0
18420.0,20.0,20.0,0,0.0,0.0,0.0,0.0,0.0,0.0,0.0,0.0,0.0,0.0,0.0,0.0,0.0,0.0
18480.0,20.0,20.0,0,0.0,0.0,0.0,0.0,0.0,0.0,0.0,0.0,0.0,0.0,0.0,0.0,0.0,0.0
18540.0,20.0,20.0,0,0.0,0.0,0.0,0.0,0.0,0.0,0.0,0.0,0.0,0.0,0.0,0.0,0.0,0.0
18600.0,20.0,20.0,0,0.0,0.0,0.0,0.0,0.0,0.0,0.0,0.0,0.0,0.0,0.0,0.0,0.0,0.0
18660.0,20.0,20.0,0,0.0,0.0,0.0,0.0,0.0,0.0,0.0,0.0,0.0,0.0,0.0,0.0,0.0,0.0
18720.0,20.0,20.0,0,0.0,0.0,0.0,0.0,0.0,0.0,0.0,0.0,0.0,0.0,0.0,0.0,0.0,0.0
18780.0,20.0,20.0,0,0.0,0.0,0.0,0.0,0.0,0.0,0.0,0.0,0.0,0.0,0.0,0.0,0.0,0.0
18840.0,20.0,20.0,0,0.0,0.0,0.0,0.0,0.0,0.0,0.0,0.0,0.0,0.0,0.0,0.0,0.0,0.0
18900.0,20.0,20.0,0,0.0,0.0,0.0,0.0,0.0,0.0,0.0,0.0,0.0,0.0,0.0,0.0,0.0,0.0
18960.0,20.0,20.0,0,0.0,0.0,0.0,0.0,0.0,0.0,0.0,0.0,0.0,0.0,0.0,0.0,0.0,0.0
19020.0,20.0,20.0,0,0.0,0.0,0.0,0.0,0.0,0.0,0.0,0.0,0.0,0.0,0.0,0.0,0.0,0.0
19080.0,20.0,20.0,0,0.0,0.0,0.0,0.0,0.0,0.0,0.0,0.0,0.0,0.0,0.0,0.0,0.0,0.0
19140.0,20.0,20.0,0,0.0,0.0,0.0,0.0,0.0,0.0,0.0,0.0,0.0,0.0,0.0,0.0,0.0,0.0
19200.0,20.0,20.0,0,0.0,0.0,0.0,0.0,0.0,0.0,0.0,0.0,0.0,0.0,0.0,0.0,0.0,0.0
19260.0,20.0,20.0,0,0.0,0.0,0.0,0.0,0.0,0.0,0.0,0.0,0.0,0.0,0.0,0.0,0.0,0.0
19320.0,20.0,20.0,0,0.0,0.0,0.0,0.0,0.0,0.0,0.0,0.0,0.0,0.0,0.0,0.0,0.0,0.0
19380.0,20.0,20.0,0,0.0,0.0,0.0,0.0,0.0,0.0,0.0,0.0,0.0,0.0,0.0,0.0,0.0,0.0
19440.0,20.0,20.0,0,0.0,0.0,0.0,0.0,0.0,0.0,0.0,0.0,0.0,0.0,0.0,0.0,0.0,0.0
19500.0,20.0,20.0,0,0.0,0.0,0.0,0.0,0.0,0.0,0.0,0.0,0.0,0.0,0.0,0.0,0.0,0.0
19560.0,20.0,20.0,0,0.0,0.0,0.0,0.0,0.0,0.0,0.0,0.0,0.0,0.0,0.0,0.0,0.0,0.0
19620.0,20.0,20.0,0,0.0,0.0,0.0,0.0,0.0,0.0,0.0,0.0,0.0,0.0,0.0,0.0,0.0,0.0
19680.0,20.0,20.0,0,0.0,0.0,0.0,0.0,0.0,0.0,0.0,0.0,0.0,0.0,0.0,0.0,0.0,0.0
19740.0,20.0,20.0,0,0.0,0.0,0.0,0.0,0.0,0.0,0.0,0.0,0.0,0.0,0.0,0.0,0.0,0.0
19800.0,20.0,20.0,0,0.0,0.0,0.0,0.0,0.0,0.0,0.0,0.0,0.0,0.0,0.0,0.0,0.0,0.0
19860.0,20.0,20.0,0,0.0,0.0,0.0,0.0,0.0,0.0,0.0,0.0,0.0,0.0,0.0,0.0,0.0,0.0
19920.0,20.0,20.0,0,0.0,0.0,0.0,0.0,0.0,0.0,0.0,0.0,0.0,0.0,0.0,0.0,0.0,0.0
19980.0,20.0,20.0,0,0.0,0.0,0.0,0.0,0.0,0.0,0.0,0.0,0.0,0.0,0.0,0.0,0.0,0.0
20040.0,20.0,20.0,0,0.0,0.0,0.0,0.0,0.0,0.0,0.0,0.0,0.0,0.0,0.0,0.0,0.0,0.0
20100.0,20.0,20.0,0,0.0,0.0,0.0,0.0,0.0,0.0,0.0,0.0,0.0,0.0,0.0,0.0,0.0,0.0
20160.0,20.0,20.0,0,0.0,0.0,0.0,0.0,0.0,0.0,0.0,0.0,0.0,0.0,0.0,0.0,0.0,0.0
20220.0,20.0,20.0,0,0.0,0.0,0.0,0.0,0.0,0.0,0.0,0.0,0.0,0.0,0.0,0.0,0.0,0.0
20280.0,20.0,20.0,0,0.0,0.0,0.0,0.0,0.0,0.0,0.0,0.0,0.0,0.0,0.0,0.0,0.0,0.0
20340.0,20.0,20.0,0,0.0,0.0,0.0,0.0,0.0,0.0,0.0,0.0,0.0,0.0,0.0,0.0,0.0,0.0
20400.0,20.0,20.0,0,0.0,0.0,0.0,0.0,0.0,0.0,0.0,0.0,0.0,0.0,0.0,0.0,0.0,0.0
20460.0,20.0,20.0,0,0.0,0.0,0.0,0.0,0.0,0.0,0.0,0.0,0.0,0.0,0.0,0.0,0.0,0.0
20520.0,20.0,20.0,0,0.0,0.0,0.0,0.0,0.0,0.0,0.0,0.0,0.0,0.0,0.0,0.0,0.0,0.0
20580.0,20.0,20.0,0,0.0,0.0,0.0,0.0,0.0,0.0,0.0,0.0,0.0,0.0,0.0,0.0,0.0,0.0
20640.0,20.0,20.0,0,0.0,0.0,0.0,0.0,0.0,0.0,0.0,0.0,0.0,0.0,0.0,0.0,0.0,0.0
20700.0,20.0,20.0,0,0.0,0.0,0.0,0.0,0.0,0.0,0.0,0.0,0.0,0.0,0.0,0.0,0.0,0.0
20760.0,20.0,20.0,0,0.0,0.0,0.0,0.0,0.0,0.0,0.0,0.0,0.0,0.0,0.0,0.0,0.0,0.0
20820.0,20.0,20.0,0,0.0,0.0,0.0,0.0,0.0,0.0,0.0,0.0,0.0,0.0,0.0,0.0,0.0,0.0
20880.0,20.0,20.0,0,0.0,0.0,0.0,0.0,0.0,0.0,0.0,0.0,0.0,0.0,0.0,0.0,0.0,0.0
20940.0,20.0,20.0,0,0.0,0.0,0.0,0.0,0.0,0.0,0.0,0.0,0.0,0.0,0.0,0.0,0.0,0.0
21000.0,20.0,20.0,0,0.0,0.0,0.0,0.0,0.0,0.0,0.0,0.0,0.0,0.0,0.0,0.0,0.0,0.0
21060.0,20.0,20.0,0,0.0,0.0,0.0,0.0,0.0,0.0,0.0,0.0,0.0,0.0,0.0,0.0,0.0,0.0
21120.0,20.0,20.0,0,0.0,0.0,0.0,0.0,0.0,0.0,0.0,0.0,0.0,0.0,0.0,0.0,0.0,0.0
21180.0,20.0,20.0,0,0.0,0.0,0.0,0.0,0.0,0.0,0.0,0.0,0.0,0.0,0.0,0.0,0.0,0.0
21240.0,20.0,20.0,0,0.0,0.0,0.0,0.0,0.0,0.0,0.0,0.0,0.0,0.0,0.0,0.0,0.0,0.0
21300.0,20.0,20.0,0,0.0,0.0,0.0,0.0,0.0,0.0,0.0,0.0,0.0,0.0,0.0,0.0,0.0,0.0
21360.0,20.0,20.0,0,0.0,0.0,0.0,0.0,0.0,0.0,0.0,0.0,0.0,0.0,0.0,0.0,0.0,0.0
21420.0,20.0,20.0,0,0.0,0.0,0.0,0.0,0.0,0.0,0.0,0.0,0.0,0.0,0.0,0.0,0.0,0.0
21480.0,20.0,20.0,0,0.0,0.0,0.0,0.0,0.0,0.0,0.0,0.0,0.0,0.0,0.0,0.0,0.0,0.0
21540.0,20.0,20.0,0,0.0,0.0,0.0,0.0,0.0,0.0,0.0,0.0,0.0,0.0,0.0,0.0,0.0,0.0
21600.0,20.0,20.0,0,0.0,0.0,0.0,0.0,0.0,0.0,0.0,0.0,0.0,0.0,0.0,0.0,0.0,0.0
21660.0,20.020396406700854,20.0,0,3.4906474277972444,10.471942283391733,0.4079281340170837,0.0,0.0,418.8783559069671,314.158766930225,8.212666417414948,0.0,0.0,0.0,305.9461005128128,0.0,2.7284841053187847e-12
21720.0,20.07948039783607,20.0,0,6.981228398699122,20.943685196097366,1.5896079567213661,0.0,0.0,1675.5054487876773,1256.6290865907567,64.42311904974649,0.0,0.0,0.0,1192.2059675410246,0.0,1.432454155292362e-11
21780.0,20.17427637583551,20.0,0,10.471676457075516,31.415029371226545,3.4855275167102207,0.0,0.0,3769.857354273714,2827.3930157052855,213.24737817261428,0.0,0.0,0.0,2614.1456375326657,0.0,-5.4569682106375694e-12
21840.0,20.302036751552755,20.0,0,13.96192514982676,41.88577544948028,6.040735031055107,0.0,0.0,6701.894198923765,5026.420649192819,495.8693759014895,0.0,0.0,0.0,4530.55127329133,0.0,9.094947017729282e-13
21900.0,20.46022441418097,20.0,0,17.451908027648834,52.3557240829465,9.204488283619412,0.0,0.0,10471.560160982805,7853.670120737108,950.3039080225744,0.0,0.0,0.0,6903.366212714559,0.0,2.546585164964199e-11
21960.0,20.646496548960318,20.0,0,20.941558646298446,62.82467593889534,12.929930979206361,0.0,0.0,15078.783471444398,11309.087603583303,1611.6393691785431,0.0,0.0,0.0,9697.44823440477,0.0,1.0913936421275139e-11
22020.0,20.858689699053794,20.0,0,24.43081056785804,73.29243170357412,17.17379398107589,0.0,0.0,20523.476415418198,15392.607311563655,2512.2618257567465,0.0,0.0,0.0,12880.345485806916,0.0,7.275957614183426e-12
22080.0,21.094805975935103,20.0,0,27.919597362000864,83.75879208600259,21.89611951870205,0.0,0.0,26805.535333798893,20104.151500349177,3682.061861322656,0.0,0.0,0.0,16422.089639026537,0.0,1.8189894035458565e-11
22140.0,21.353000329986962,20.0,0,31.407852607254966,94.2235578217649,27.06000659973924,0.0,0.0,33924.84062524027,25443.630468930205,5148.6255191258115,0.0,0.0,0.0,20295.004949804428,0.0,3.2741809263825417e-11
22200.0,21.63156879979685,20.0,0,34.89550989226887,104.6865296768066,32.63137599593698,0.0,0.0,41881.25674843164,31410.942561323725,6937.410564371048,0.0,0.0,0.0,24473.531996952734,0.0,5.820766091346741e-11
22260.0,21.928937664904463,20.0,0,38.382502817075206,115.14750845122562,38.57875329808927,0.0,0.0,50674.63222467893,38005.974168509194,9071.909194942296,0.0,0.0,0.0,28934.06497356695,0.0,5.093170329928398e-11
22320.0,22.24365343254014,20.0,0,41.868764994355104,125.60629498306531,44.87306865080278,0.0,0.0,60304.799640788486,45228.599730591355,11573.798242489294,0.0,0.0,0.0,33654.801488102086,0.0,2.1827872842550278e-11
22380.0,22.57437359423398,20.0,0,45.35423005070203,136.0626901521061,51.48747188467958,0.0,0.0,70771.57565225424,53078.68173919069,14463.077825681026,0.0,0.0,0.0,38615.60391350969,0.0,2.1827872842550278e-11
22440.0,22.919858093105216,20.0,0,48.838831627885504,146.51649488365652,58.39716186210431,0.0,0.0,82074.7609867485,61556.07074006138,17758.199343483197,0.0,0.0,0.0,43797.87139657824,0.0,5.093170329928398e-11
22500.0,23.27896144719212,20.0,0,52.32250338411445,156.96751015234335,65.57922894384241,0.0,0.0,94214.14044791569,70660.60533593678,21476.18362805497,0.0,0.0,0.0,49184.421707881804,0.0,-7.275957614183426e-12
22560.0,23.65062547838368,20.0,0,55.80517899530023,167.4155369859007,73.01250956767362,0.0,0.0,107189.48291946936,80392.11218960203,25632.73001384685,0.0,0.0,0.0,54759.382175755214,0.0,2.9103830456733704e-11
22620.0,24.03387260039208,20.0,0,59.28679215631936,177.86037646895807,80.6774520078416,0.0,0.0,121000.54136959248,90750.40602719435,30242.3170213132,0.0,0.0,0.0,60508.08900588119,0.0,4.3655745685100555e-11
22680.0,24.427799622784995,20.0,0,62.76727658227591,188.30182974682774,88.55599245569991,0.0,0.0,135647.0528556403,101735.28964173023,35318.295299955375,0.0,0.0,0.0,66416.99434177493,0.0,8.731149137020111e-11
22740.0,24.831572031401056,20.0,0,66.24656600976341,198.73969802929025,96.63144062802111,0.0,0.0,151128.73852914668,113346.55389686,40872.97342584425,0.0,0.0,0.0,72473.58047101583,0.0,7.275957614183426e-11
22800.0,25.244418708522417,20.0,0,69.72459419812647,209.17378259437942,104.88837417044834,0.0,0.0,167445.3036411328,125583.97773084961,46917.69710301343,0.0,0.0,0.0,78666.28062783626,0.0,7.275957614183426e-11
22860.0,25.66562705899429,20.0,0,73.20129493072183,219.6038847921655,113.31254117988578,0.0,0.0,184596.43754771844,138447.32816078883,53462.92227587457,0.0,0.0,0.0,84984.40588491433,0.0,5.820766091346741e-11
22920.0,25.471436802315466,20.01127962900214,1,76.67660201617909,230.02980604853727,109.42873604630933,0.022559258004278604,684.7037095334912,202581.81371603726,151936.36028702796,60434.88789459415,0.15051191214738613,9429.920357701933,328.429624020918,91501.32188052045,9429.769845788456,-1.2223608791828156e-09
22980.0,23.78679346613196,20.051864331290464,1,80.15044928966111,240.45134786898333,75.73586932263922,0.10372866258092728,468.3601135091237,221401.08973045248,166050.81729783936,65886.2407961876,4.09355084389483,43362.67450967243,1828.42962402092,100160.48295080703,43358.5809588276,-8.294591680169106e-10
23040.0,22.88946941433913,20.08086331186925,1,83.62277061412284,250.86831184236854,57.78938828678257,0.16172662373850244,352.1992052497226,241053.90729907574,180790.4304743068,69834.52043081346,12.140105714229058,67613.86882840653,3328.4296240209214,110943.76993778095,67601.72872269402,1.8335413187742233e-09
23100.0,22.429071441385464,20.103710345138733,1,87.09349988157172,261.2804996447152,48.581428827709274,0.20742069027746624,291.60028146934,261539.89226058935,196154.91919544202,72993.74127403666,23.25776464233924,86725.10630062349,4828.429624020922,123137.92015676285,86701.84853598088,-1.7462298274040222e-10
23160.0,22.211245601138454,20.1234188837809,1,90.56257101432541,271.68771304297627,44.22491202276909,0.2468377675618001,261.8134703566373,282858.65459136985,212143.9909435274,75760.21331912393,36.90676649232156,103215.0936073268,6328.429624020924,136346.87085790926,103178.18684083244,-1.8917489796876907e-09
23220.0,22.336142185303878,20.137897290275472,0,94.02991796627015,282.08975389881044,46.722843706077555,0.27579458055094364,0.0,305009.7884129129,228757.34130968474,78380.3007226248,52.773137206167384,115334.90780750192,7513.769807039176,150324.2674498526,115282.13467029444,-1.1641532182693481e-09
23280.0,23.26118710328575,20.1378774978266,0,97.495474724118,292.48642417235396,65.22374206571499,0.2757549956532017,0.0,327992.8719995608,245994.65399967058,81741.93964288256,69.31962446387989,115334.90780750192,7513.769807039176,164183.39473232455,115265.58818303832,4.0745362639427185e-10
23340.0,24.155067105506284,20.137857708218544,0,100.9591753086638,302.8775259259914,83.10134211012567,0.2757154164370874,0.0,351807.4677865312,263855.6008398984,86194.68644980234,85.86373679818189,115334.90780750192,7513.769807039176,177575.05065329678,115249.04407070254,-1.1059455573558807e-09
23400.0,25.020156472791548,20.1378379214509,0,104.42095377604126,313.2628613281238,100.40312945583096,0.2756758429017978,0.0,376453.1223782484,282339.8417836863,91702.58688431117,102.40547454994649,115334.90780750192,7513.769807039176,190534.8494248247,115232.50233295148,-4.94765117764473e-10
23460.0,25.858646182294827,20.137818137523254,0,107.88074421897838,323.6422326569351,117.17292364589653,0.27563627504650867,0.0,401929.3665569748,301447.0249177311,98232.42437580688,118.94483805999909,115334.90780750192,7513.769807039176,203095.655703863,115215.96296944062,-1.2223608791828156e-09
23520.0,24.948806664331528,20.1695812291831,1,111.33848076805234,334.015442304157,98.97613328663056,0.3391624583661965,599.3148695676131,428235.71529174456,321176.7864688085,105037.9901563161,136.78875044892584,141906.6963475195,8504.184049193012,216002.0075620431,141769.90759707015,-3.7834979593753815e-10
23580.0,23.86931999500775,20.20702035016849,1,114.79409759294342,344.3822927788302,77.386399900155,0.41404070033698304,459.25237546284296,455371.6677475976,341528.7508106983,110260.45333484354,159.48480987712338,173228.4975507385,10004.184049193014,231108.81266597516,173069.01274085892,-2.5029294192790985e-09
23640.0,23.30985302070679,20.23700785485424,1,118.24752890368843,354.7425867110653,66.19706041413579,0.47401570970848184,385.33478379790955,483336.70729511464,362502.5304713361,114529.98924614051,186.17925644772802,198324.74591459375,11504.184049193016,247786.36196874725,198138.5666581454,-5.820766091346741e-10
23700.0,23.039038293242697,20.26313121341246,1,121.69870895193328,365.09612685579987,60.78076586485395,0.5262624268249212,348.09874781071164,512130.3015202536,384097.7261401903,118318.2431546725,216.2141740587628,220193.90858687737,13004.184049193018,265563.26881145756,219977.69441281707,-1.5133991837501526e-09
23760.0,22.92854194477703,20.287379740852305,1,125.14757203218461,375.44271609655385,58.57083889554062,0.5747594817046107,331.20174037216054,541751.9022344855,406313.9266758642,121887.07726302832,249.25688865346655,240498.72024118048,14504.18404919302,284177.59252418275,240249.46335252727,2.9103830456733704e-10
23820.0,22.90717983502772,20.310856297374887,1,128.5940524830608,385.7821574491824,58.14359670055438,0.6217125947497735,325.5789716216652,572200.9454852314,429150.70911392354,125381.99192094193,285.1550621579779,260161.01966756588,16004.184049193022,303483.5621308211,259875.8646054053,-2.561137080192566e-09
23880.0,22.93546711229551,20.334172047876198,1,132.0380846885422,396.1142540656266,58.70934224591018,0.6683440957523956,326.2024010781816,603476.8515665989,452607.6386749492,128883.94364926405,323.8563167495728,279691.68834125256,17504.18404919302,323399.83870893397,279367.83202450135,-1.57160684466362e-09
23940.0,22.991501594999235,20.35766542357501,1,135.47960307921977,406.4388092376593,59.830031899984704,0.715330847150021,330.2830558965978,635579.0250304197,476684.2687728147,132438.08708689307,365.36365222410797,299373.65776093316,19004.18404919302,343880.8180336973,299008.2941087088,-1.7462298274040222e-10
24000.0,23.06313369389778,20.381523573671288,1,138.91854213354432,416.755626400633,61.26267387795558,0.7630471473425757,336.27390907640194,668506.854697585,501380.14102318865,136069.71730877066,409.71071675607186,319363.4183059514,20504.18404919302,364900.71299766336,318953.7075891967,1.4551915228366852e-09
24060.0,23.143623295639273,20.405849731059824,1,142.35483637907345,427.06450913722034,62.87246591278546,0.8116994621196483,343.31680499826285,702259.7136696827,526694.7852522619,139793.11256190162,456.94808975944073,339747.32325577125,22004.18404919302,386444.72460060206,339290.37516601296,1.2223608791828156e-09
24120.0,23.229230762369344,20.430700578143075,1,145.788420393718,437.36526118115404,64.58461524738688,0.8614011562861492,350.9356851019742,736836.9593409317,552627.7195056987,143616.43906970834,507.135672841885,360572.81900045014,23504.18404919302,408504.14476315054,360065.6833276104,2.0954757928848267e-09
24180.0,23.317880729279764,20.456106972571362,1,149.21922880698773,447.65768642096316,66.35761458559529,0.9122139451427245,358.8664290912336,772237.9334104164,579178.4500578122,147544.4715802164,560.3384687419888,381865.76753839926,25004.18404919302,431073.64000885526,381305.4290696588,1.5133991837501526e-09
24240.0,23.408420951981245,20.482085443218764,1,152.64719630123585,457.94158890370755,68.16841903962491,0.9641708864375289,366.9624727988151,808461.9618946199,606346.4714209647,151580.10237087874,616.6242394833745,403640.05477036734,26504.18404919302,454149.7448106058,403023.4305308871,3.2014213502407074e-09
24300.0,23.500211210711786,20.508644566677145,1,156.0722576129026,468.2167728387078,70.00422421423572,1.0172891333542893,375.142457161944,845508.3551402555,634131.2663551915,155725.178245549,676.0622068770599,425902.9199489657,28004.18404919302,477730.0259027697,425226.8577420929,4.249159246683121e-09
24360.0,23.59289528747473,20.535788504122586,1,159.49434753375772,478.48304260127316,71.85790574949458,1.0715770082451712,383.3611906323587,883376.4078373972,662532.3058780478,159980.96478826445,738.7223311853377,448657.9117776624,29504.18404919302,501812.61875860253,447919.1894464816,4.540197551250458e-09
24420.0,23.68627448840789,20.56351896312302,1,162.91340091214195,488.7402027364259,73.72548976815779,1.1270379262460395,391.5935428707226,922065.3990329073,691549.0492746803,164348.40386724373,804.6749104763168,471906.5280813182,31004.18404919302,526395.9704969628,471101.8531708445,2.444721758365631e-09
24480.0,23.78023749033979,20.591836285806643,1,166.32935265420744,498.9880579626223,75.6047498067958,1.183672571613286,399.8255110484566,961574.5921441624,721180.9441081216,168828.25646081523,873.9903578575288,495649.12529220956,32504.184049193023,551478.6972894504,494775.1349343536,1.6298145055770874e-09
24540.0,23.874721428734865,20.620740052448124,1,169.74213772515697,509.2264131754709,77.49442857469731,1.2414801048962474,408.04926458635737,1001903.2349730768,751427.4262298073,173421.181874779,946.7390773751794,519885.4229240054,34004.18404919303,577059.5052776544,518938.6838466314,1.280568540096283e-09
24600.0,23.96969031432872,20.650229416271262,1,173.15169115048224,519.4550734514467,79.39380628657439,1.3004588325425246,416.2603966164051,1043050.5597204237,782287.9197903174,178127.78167797174,1022.9913946416697,544614.7833974151,35504.18404919303,603137.146717706,543591.7920027752,1.979060471057892e-09
24660.0,24.065123061484144,20.6803032891653,1,176.5579480172008,529.6738440516024,81.30246122968288,1.3606065783305965,424.4563994487832,1085015.7830004524,813761.837250339,182948.62406806945,1102.8175178206227,569836.3672600075,37004.18404919303,629710.3956644515,568733.5497421894,2.561137080192566e-09
24720.0,24.161006847888963,20.710960444707453,1,179.9608434750919,539.8825304252757,83.22013695777926,1.4219208894149062,432.6358189589613,1127798.1058558032,845848.5793918521,187884.25738263695,1186.2875154516407,595549.2192908808,38504.18404919303,656778.0344937652,594362.9317754308,1.7462298274040222e-09
24780.0,24.257333431394468,20.742199575317727,1,183.3603127379314,550.0809382137942,85.14666862788935,1.4843991506354541,440.79778555202324,1171396.7137727183,878547.5353295386,192935.21758938627,1273.471303616932,621752.3162692353,40004.18404919303,684338.8464365369,620478.8449656198,1.3969838619232178e-09
24840.0,24.3540971070937,20.77401932397227,1,186.75629108472438,560.2688732541732,87.08194214187401,1.5480386479445372,448.94175400342755,1215810.7766965493,911858.0825224117,198102.03243690275,1364.4386382909386,648444.5934791034,41504.18404919303,712391.6114472221,647080.1548408165,4.0745362639427185e-09
24900.0,24.451293574193137,20.80641830180521,1,190.14871386093853,570.4461415828156,89.02587148386274,1.6128366036104183,457.06735915744616,1261039.449047559,945779.586785669,203385.2237530545,1459.2591105661772,675624.9594197174,43004.18404919303,740935.1039220518,674165.7003091548,3.6088749766349792e-09
24960.0,24.5489193075205,20.839395097883354,1,193.5375164797342,580.6125494392026,90.97838615040999,1.6787901957667088,465.174335888498,1307081.8697370219,980311.4023027663,208785.30871600093,1558.0021434758085,703292.3039739578,44504.18404919303,769968.0914432917,701734.3018304843,2.0954757928848267e-09
25020.0,24.646971208939423,20.87294828463943,1,196.92263442319444,590.7679032695833,92.93942417878846,1.7458965692788624,473.2624747072189,1353937.1621836172,1015452.8716377127,214302.8005553575,1660.7369897032374,731445.5029482637,46004.18404919303,799489.3340926558,729784.7659585645,3.841705620288849e-09
25080.0,24.745446414020602,20.907076420897354,1,200.30400324355315,600.9120097306595,94.90892828041204,1.8141528417947086,481.33159713765525,1401604.4343301167,1051203.3257475875,219938.2089373095,1767.5327297851202,760083.4205999686,47504.18404919303,829497.5840804973,758315.8878701882,4.307366907596588e-09
25140.0,24.844342184829024,20.941778053561972,1,203.68155856442206,611.0446756932662,96.88684369658048,1.883556107123944,489.3815420608883,1450082.7786603698,1087562.0839952773,225692.04017444758,1878.4582705894304,789204.911048394,49004.18404919303,859991.5855502438,787326.4527778085,3.6088749766349792e-09
25200.0,24.94365585047757,20.977051718568088,1,207.0552360820166,621.1657082460498,98.87311700955138,1.954103437136176,497.41215814144886,1499371.2722165803,1124528.4541624354,231564.7973384066,1993.5823439475214,818808.8190668649,50504.18404919303,890970.0744800852,816815.2367229216,3.841705620288849e-09
25260.0,25.04338477417512,21.012895941418712,1,210.42497156637984,631.2749146991396,100.8676954835024,2.0257918828374244,505.42329962765353,1549468.9766168792,1162101.7324626595,237556.98031861833,2112.9735053730187,848893.9805314138,52004.18404919303,922431.7786386702,846781.0070260434,2.0954757928848267e-09
25320.0,25.143526334970566,21.049309237495578,1,213.79070086260543,641.3721025878162,102.87052669941133,2.098618474991156,513.4148240233635,1600374.9380731883,1200281.2035548913,243669.08585120036,2236.7001328302936,879459.2226791319,53504.18404919303,954375.4175708616,877222.5225463031,1.0477378964424133e-09
25380.0,25.244077917648152,21.086290112243393,1,217.15235989205937,651.4570796761781,104.88155835296304,2.1725802244867864,521.3865907977568,1652088.1874093814,1239066.140557036,249901.60753130633,2364.8304255318812,910503.3642610068,55004.18404919303,986799.702600199,908138.5338354767,1.1641532182693481e-09
25440.0,25.34503690714434,21.123837061284156,1,220.50988465359927,661.5296539607978,106.90073814288681,2.247674122568313,529.338460670867,1704607.7400797338,1278455.8050598004,256255.03581632854,2497.4324027534126,942025.2156363062,56504.18404919303,1019703.3368407199,939527.7832335548,1.5133991837501526e-09
25500.0,25.44640068547257,21.161948570492765,1,223.8632112247936,671.5896336743808,108.92801370945143,2.3238971409855296,537.2702952184677,1757932.5961876682,1318449.4471407512,262729.85802405234,2634.573902659709,974023.5788346098,58004.18404919303,1053085.01521404,971389.0049319514,9.313225746154785e-10
25560.0,25.548166630039148,21.200623116051236,1,227.21227576313802,681.6368272894141,110.96333260078296,2.401246232102473,545.181956654084,1812061.7405047903,1359046.3053785928,269326.55832803657,2776.322581138531,1006497.2475999686,59504.18404919303,1086943.424469421,1003720.9250188336,3.026798367500305e-09
25620.0,25.650332112730855,21.239859164491126,1,230.55701450727133,691.671043521814,113.00664225461709,2.4797183289822513,553.0733077092619,1866994.142490218,1400245.6068676636,276045.6177514811,2922.7459106400725,1039445.0074252192,61004.18404919303,1121277.2432055438,1036522.261514581,1.3969838619232178e-09
25680.0,25.752894499430656,21.279655172729534,1,233.89736377818951,701.6920913345685,115.05788998861313,2.5593103454590675,560.9442115683207,1922728.7563102006,1442046.5672326507,282887.5141602818,3073.911179021109,1072865.6355809085,62504.18404919303,1156085.14189335,1069791.7244018903,2.0954757928848267e-09
25740.0,25.855851149770867,21.320009588101566,1,237.23325998045684,711.6997799413705,117.11702299541734,2.6400191762031326,568.7945318333303,1979264.5208580308,1484448.3906435233,289852.7222556602,3229.885488393233,1106757.9011412996,64004.18404919303,1191365.7828994724,1103528.0156529094,2.561137080192566e-09
25800.0,25.95919941701816,21.360920848390975,1,240.56463960341858,721.6939188102558,119.18398834036317,2.7218416967819508,576.6241325058487,2036600.3597742459,1527450.2698306846,296941.7135665846,3390.735753974868,1141120.5650088273,65504.18404919303,1227117.8205101278,1137729.8292548554,2.561137080192566e-09
25860.0,26.062936648031705,21.402387381859832,1,243.89143922240865,731.674317667226,121.2587329606341,2.8047747637196636,584.4328779779529,2094735.181467121,1571051.3861003409,304154.95644210035,3556.5287029468946,1175952.3799377647,67004.18404919303,1263339.900955295,1172395.8512348193,1.1641532182693481e-09
25920.0,26.167060183261963,21.444407607277768,1,247.21359549995796,741.6407864998739,123.34120366523926,2.8888152145555352,592.2206330284181,2153667.879133451,1615250.909350088,311492.9160436372,3727.3308733118024,1211252.0905575212,68504.18404919303,1300030.6624331432,1207524.7596842137,3.958120942115784e-09
25980.0,26.271567356772035,21.48697993395102,1,250.53104518699968,751.593135560999,125.4313471354407,2.973959867902039,599.9872628217553,2213397.3307796214,1660047.998084716,318956.0543373304,3903.2086127563443,1247018.4333958048,70004.18404919303,1337188.7351346328,1243115.2247830522,3.4924596548080444e-09
26040.0,26.37645549627165,21.53010276175151,1,253.84372512407373,761.5311753722212,127.52910992543299,3.060205523503022,607.7326329088253,2273922.3992429716,1705441.7994322286,326544.8300863749,4084.228077517671,1283250.1369017784,71504.18404919303,1374812.741268338,1279165.9088242631,1.862645149230957e-09
26100.0,26.481721923158144,21.57377448114597,1,257.15157224252926,771.4547167275878,129.6344384631629,3.1475489622919426,615.4566092283264,2335241.9322134424,1751431.4491600816,334259.69884342555,4270.4552312529595,1319945.9214692835,73004.18404919303,1412901.2950854043,1315675.466238032,1.3969838619232178e-09
26160.0,26.58736395256143,21.617993473225187,1,260.45452356572537,781.3635706971761,131.7472790512286,3.2359869464503745,623.1590581087646,2397354.7622555164,1798016.071691637,342101.11294304905,4461.955843912548,1357104.4994601663,74504.18404919303,1451453.0029046782,1352642.5436162567,2.7939677238464355e-09
26220.0,26.693378893391177,21.662758109733396,1,263.75251621022977,791.2575486306894,133.86757786782354,3.3255162194667918,630.8398462706857,2460259.7068304433,1845194.7801228322,350069.52149423084,4658.795490616578,1394724.5752277337,76004.18404919303,1490466.4631379866,1390065.7797371189,1.862645149230957e-09
26280.0,26.799764048385335,21.70806675309786,1,267.04548738701675,801.1364621610503,135.9952809677067,3.4161335061957203,638.4988408290493,2523955.5683187544,1892966.6762390654,358165.3703729403,4861.039550535187,1432804.8451403452,77504.18404919303,1529940.2663155913,1427943.8055898112,1.3969838619232178e-09
26340.0,26.906516714159405,21.75391775645859,1,270.33337440266155,811.0001232079846,138.13033428318812,3.5078355129171825,646.135909295682,2588441.1340430626,1941330.850532296,366389.1022147537,5068.753205772249,1471343.9976051513,79004.18404919303,1569872.9951117733,1466275.2443993823,3.026798367500305e-09
26400.0,27.01363418125619,21.800309463698245,1,273.61611466053495,820.8483439816048,140.27268362512382,3.6006189273964893,653.7509195817663,2653715.1762911496,1990286.3822183614,374741.1564075374,5282.0014402527,1510340.7130919811,80504.18404919303,1610263.2243705753,1505058.7116517324,3.958120942115784e-09
26460.0,27.12111373419587,21.847240209472208,1,276.8936456619943,830.680936985983,142.4222746839174,3.6944804189444156,661.3437400003471,2719776.452339342,2039832.3392545055,383221.96908419055,5500.849038613455,1549793.664157377,82004.18404919303,1651109.5211317036,1544292.8151187657,2.3283064365386963e-09
26520.0,27.228952651526296,21.894708319238863,1,280.1659050075739,840.4977150227216,144.57905303052593,3.789416638477725,668.9142392688441,2786623.7044761693,2089967.7783571258,391831.9731154481,5725.360585097954,1589701.5154687832,83504.18404919303,1692410.4446565835,1583976.154883689,3.725290298461914e-09
26580.0,27.337148205873493,21.942712109289992,1,283.43283039817277,850.2984911945183,146.74296411746985,3.8854242185799848,676.4622865115709,2854255.6600263086,2140691.74501973,400571.598102744,5955.600462454336,1630062.923828884,85004.18404919303,1734164.546454536,1624107.3233664336,4.190951585769653e-09
26640.0,27.44569766399227,21.991249886781407,1,286.6943596362403,860.0830789087208,148.9139532798454,3.9824997735628145,683.9877512622421,2922671.031374816,2192003.2735311105,409441.270371136,6191.6328508372935,1670876.5382000906,86504.18404919303,1776370.3703091405,1664684.9053492565,3.259629011154175e-09
26700.0,27.554598286816994,22.04031994976372,1,289.95043062696135,869.851291880884,151.0919657363399,4.080639899527441,691.4905034664804,2991868.515991639,2243901.386993728,418441.4129622902,6433.5217267135995,1712140.999729183,88004.18404919303,1819026.452304725,1705707.4780024702,6.984919309616089e-10
26760.0,27.663847329512485,22.08992058721331,1,293.2009813794379,879.6029441383137,153.2769465902497,4.17984117442662,698.9704134843165,3061846.796456417,2296385.0973423114,427572.4456275269,6681.330861771328,1753854.9417720977,89504.18404919303,1862131.3208530147,1747173.6109103274,1.3969838619232178e-09
26820.0,27.773442041524984,22.14005007906344,1,296.44595000786904,889.3378500236072,155.4688408304997,4.280100158126878,706.4273520926777,3132604.540483562,2349453.40536267,436834.7848209281,6935.1238218328235,1796016.9899188674,91004.18404919303,1905683.4967199096,1789081.866097035,9.313225746154785e-10
26880.0,27.883379666633292,22.190706696235576,1,299.6852747327297,899.055824198189,157.66759333266583,4.381413392471153,713.8611904878735,3204140.400947622,2403105.300710715,446228.8436925057,7194.963965771401,1838625.7620187104,92504.18404919303,1949681.4930524414,1831430.798052942,3.725290298461914e-09
26940.0,27.993657442999996,22.241888700670856,1,302.91889388194636,908.7566816458391,159.87314885999993,4.483777401341712,721.2718002880741,3276453.015908931,2457339.761931696,455755.0320814313,7460.914444431812,1881679.868205266,94004.18404919303,1994123.8154058356,1874218.9537608356,2.7939677238464355e-09
27000.0,28.104272603222807,22.293594345361758,1,306.1467458920718,918.4402376762155,162.08545206445615,4.587188690723515,728.6590535357756,3349541.008639536,2512155.7564796503,465413.75650932745,7733.03819955451,1925177.9109219816,95504.18404919303,2039008.9617707713,1917444.8727224292,2.7939677238464355e-09
27060.0,28.215222374385995,22.345821874383905,1,309.36876930945647,928.1063079283695,164.3044474877199,4.6916437487678095,736.022822700262,3423402.98764941,2567552.2407370554,475205.42017362086,8011.397962703718,1969118.4849476458,97004.18404919303,2084335.4226007343,1961107.0869849443,3.259629011154175e-09
27120.0,28.326503978111973,22.398569522928078,1,312.584902791419,937.754708374257,166.53007956223945,4.797139045856156,743.3629806800603,3498037.546712942,2623528.160034705,485130.422940957,8296.05625419932,2013500.1774220692,98504.18404919303,2130101.6808395525,2005204.121167873,3.725290298461914e-09
27180.0,28.438114630612912,22.451835517332373,1,315.79508510741374,947.3852553222412,168.76229261225825,4.903671034664747,750.6794008053795,3573443.2648957116,2680082.448671782,495189.161340677,8587.075382052613,2058321.5678719121,100004.18404919303,2176306.211949058,2049734.4924898641,5.587935447692871e-09
27240.0,28.55005154274252,22.50561807511454,1,318.99925514019685,956.9977654205906,171.0010308548504,5.011236150229081,757.9719568405485,3649618.7065815385,2737214.0299361525,505382.0285583563,8884.517440905915,2103581.2282366594,101504.18404919303,2222947.4839368938,2094696.710795756,3.259629011154175e-09
27300.0,28.66231192004792,22.559915405004507,1,322.1973518869897,966.592055660969,173.2462384009584,5.119830810009013,765.2405229864439,3726562.4214998186,2794921.8161248625,515709.4144294056,9188.444310976078,2149277.722894739,103004.18404919303,2270023.957384486,2140089.2785837674,5.587935447692871e-09
27360.0,28.774892962821617,22.614725706977023,1,325.3893144606401,976.1679433819203,175.49785925643235,5.229451413954045,772.4849738829122,3804272.9447531314,2853204.708564847,526171.7054327342,9498.917657001914,2195409.608689789,104504.18404919303,2317534.085475115,2185910.691032791,4.6566128730773926e-09
27420.0,28.887791866153563,22.67004717228454,1,328.5750820907817,985.725246272345,177.75583732307126,5.340094344569081,779.7051846111754,3882748.796845131,2912061.5976338466,536769.2846844757,9815.998927195536,2241975.4349570684,106004.18404919303,2365476.3140221797,2232159.436029876,4.6566128730773926e-09
27480.0,29.00100581998333,22.72587798349021,1,331.75459412499134,995.263782374974,180.02011639966662,5.451755966980421,786.9010306962372,3961988.4837087146,2971491.362781534,547502.5319317762,10139.749352197661,2288973.743550009,107504.18404919303,2413849.081497566,2278833.994197816,5.587935447692871e-09
27540.0,29.11453200915237,22.78221631450106,1,334.92779002994257,1004.7833700898277,182.2906401830474,5.56443262900212,794.0723881092742,4041990.4967344655,3031492.8725508475,558371.8235466451,10470.229944036882,2336403.068866918,109004.18404919303,2462650.819060172,2325932.838922886,6.51925802230835e-09
27600.0,29.228367613456413,22.839060330601352,1,338.0946093925596,1014.2838281776789,184.56735226912826,5.678120661202705,801.2191332700246,4122753.312799376,3092064.9845995307,569377.5325198688,10807.501495092938,2384261.9378778166,110504.18404919303,2511879.9505845765,2373454.4363827305,7.450580596923828e-09
27660.0,29.342509807697912,22.896408188486088,1,341.2549919211667,1023.7649757635002,186.85019615395822,5.792816376972176,808.3411430491626,4204275.394295846,3153206.545721883,580520.0284549877,11151.624577063982,2432548.8701514276,112004.18404919303,2561534.892689838,2421397.2455743696,6.984919309616089e-09
27720.0,29.456955761738616,22.9542580362947,1,344.40887744663615,1033.2266323399085,189.1391152347723,5.9085160725894,815.438294770667,4286555.189160955,3214916.3918707147,591799.6775623352,11502.659539937904,2481262.3778823013,113504.18404919303,2611614.054768448,2469759.718342369,6.51925802230835e-09
27780.0,29.571702640552246,23.012608013644886,1,347.5562059235337,1042.668617770601,191.43405281104492,6.025216027289773,822.5104662141829,4369591.130906012,3277193.348179508,603216.8426531405,11860.66651096768,2530400.9659180846,115004.18404919303,2662115.839015409,2518540.299407125,8.847564458847046e-09
27840.0,29.68674760427721,23.07145625166661,1,350.69691743126197,1052.090752293786,193.73495208554417,6.142912503333221,829.5575356173689,4453381.638646381,3340036.2289847843,614771.8831336955,12225.705393650802,2579963.131786932,116504.18404919303,2713038.6404574444,2567737.4263932863,6.05359673500061e-09
27900.0,29.802087808269484,23.130800873036303,1,353.83095217520105,1061.4928565256032,196.04175616538967,6.261601746072607,836.5793816782407,4537925.117131576,3403443.8378486806,626465.1549995826,12597.835866712803,2629947.3657250563,118004.18404919303,2764380.846982392,2617349.52985835,6.984919309616089e-09
27960.0,29.917720403155553,23.19063999201116,1,356.958250487847,1070.874751463541,198.35440806311107,6.381279984022321,843.5758835575067,4623219.956775633,3467414.967581723,638297.0108299688,12977.117383094894,2680352.150704421,119504.18404919303,2816140.8393686633,2667375.03332133,4.190951585769653e-09
28020.0,30.033642534885434,23.25097171446367,1,360.078752829948,1080.236258489844,200.67285069770867,6.501943428927341,850.5469208808892,4709264.533687754,3531948.4002658143,650267.7997819618,13363.609168945713,2731175.9624605714,121004.18404919303,2868316.99131491,2717812.3532916284,3.259629011154175e-09
28080.0,30.1498513447858,23.311794137916255,1,363.19239979163746,1089.5771993749124,202.99702689571603,6.62358827583251,857.492373741441,4796057.209703227,3597042.9072774183,662377.8675850298,13757.370222617254,2782417.269520602,122504.18404919303,2920907.6694697766,2768659.8992979894,5.587935447692871e-09
28140.0,30.266343969613214,23.37310535157609,1,366.29913209356533,1098.897396280696,205.3268793922643,6.74621070315218,864.4121227018553,4883596.3324146075,3662697.2493109545,674627.5565354858,14158.459313664933,2834074.5332312714,124004.18404919303,2973911.2334618093,2819916.073917611,5.587935447692871e-09
28200.0,30.38311754160741,23.434903436370092,1,369.3988905880271,1108.1966717640812,207.66235083214823,6.869806872740185,871.3060487967598,4971880.235203186,3728910.1764023886,687017.2054910348,14566.934981851862,2886146.2077872436,125504.18404919303,3027326.0359295085,2871579.2728053974,6.51925802230835e-09
28260.0,30.50016918854467,23.497186464980054,1,372.4916162600891,1117.4748487802672,210.00338377089344,6.994372929960107,878.174033535003,5060907.237270711,3795680.4279530323,699547.1498653865,14982.855536157327,2938630.740259477,127004.18404919303,3081150.422551495,2923647.884723325,6.51925802230835e-09
28320.0,30.617496033791344,23.55995250187794,1,375.57725022871256,1126.7317506861377,212.34992067582687,7.119905003755882,885.0159589019406,5150675.643671393,3863006.7327535446,712217.721622931,15406.27905378948,2991526.570623744,128504.18404919303,3135382.7320768284,2976120.2915699584,4.190951585769653e-09
28380.0,30.735095196357385,23.623199603361357,1,378.65573374787476,1135.9672012436242,214.7019039271477,7.246399206722714,891.8317073617019,5241183.745344173,3930887.8090081294,725029.249273478,15837.263379202295,3044832.131789291,130004.18404919303,3190021.296355455,3028994.868410094,6.05359673500061e-09
28440.0,30.852963790949975,23.686925817589138,1,381.7270082076867,1145.1810246230602,217.05927581899948,7.373851635178276,898.6211618594489,5332429.819145259,3999322.364358944,737982.0578670631,16275.866123116773,3098545.8496276317,131504.18404919302,3245064.4403687688,3082269.9835045193,4.6566128730773926e-09
28500.0,30.971098928027295,23.75112918461715,1,384.7910151355102,1154.3730454065305,219.4219785605459,7.502258369234298,905.3842058236323,5424412.127880935,4068309.0959107005,751076.4689888151,16722.144661546445,3152666.1430014763,133004.18404919302,3300510.482260346,3135943.9983399366,6.51925802230835e-09
28560.0,31.089497713852342,23.815807736434184,1,387.84769619706964,1163.543088591209,221.78995427704683,7.6316154728683685,912.120723168237,5517128.92034063,4137846.6902554724,764312.8007538903,17176.15613482715,3207191.4237937974,134504.18404919302,3356357.733366763,3190015.2676589782,8.381903171539307e-09
28620.0,31.208157250546776,23.880959496998067,1,390.896993197564,1172.690979592692,224.16314501093552,7.761918993996133,918.8305982950081,5610578.431330267,4207933.8234977005,777691.3678024705,17637.95744665117,3262120.0969370287,136004.18404919302,3412604.4982485855,3244482.1394903837,6.51925802230835e-09
28680.0,31.327074636144943,23.946582482271886,1,393.93884808277363,1181.816544248321,226.54149272289885,7.893164964543772,925.5137160956813,5704758.881705861,4278569.161279395,791212.4812948253,18107.605263105677,3317450.5604423964,137504.18404919302,3469249.0747214705,3299342.9551792964,6.05359673500061e-09
28740.0,31.446246964647887,24.012674700260376,1,396.9732029401666,1190.9196088204997,228.92493929295773,8.025349400520753,932.1699619541938,5799668.478407392,4349751.358805545,804876.4489064409,18585.15601171556,3373181.205429386,139004.18404919302,3526289.753887393,3354596.0494176745,4.6566128730773926e-09
28800.0,31.56567132607752,24.079234151046478,1,399.99999999999994,1199.9999999999998,231.3134265215504,8.158468302092956,938.7992217488927,5895305.414492952,4421479.060869714,818683.574823211,19070.665880490575,3429310.416155341,140504.18404919302,3583724.8201660183,3410239.7502748556,5.587935447692871e-09
28860.0,31.685344806530825,24.146258826828014,1,403.0191816364212,1209.0575449092635,233.70689613061649,8.292517653656027,945.4013818547324,5991667.869173133,4493750.90187985,832634.1597366957,19564.19081697698,3485836.5700451927,142004.18404919302,3641552.5513261817,3466272.3792282194,4.6566128730773926e-09
28920.0,31.805264488234123,24.21374671195456,1,406.0306903685633,1218.09207110569,236.10528976468245,8.42749342390912,951.9763291454572,6088754.007845702,4566565.505884277,846728.5008394435,20065.786527313503,3542758.0377213224,143504.18404919302,3699771.2185175237,3522692.251194012,3.725290298461914e-09
28980.0,31.925427449597464,24.281695782964434,1,409.0344688616417,1227.103406584925,238.50854899194928,8.563391565928868,958.523950995782,6186561.982130526,4639921.486597895,860966.8918203795,20575.50847529176,3600073.183033554,145004.18404919302,3758379.0863022283,3579497.6745582665,4.6566128730773926e-09
29040.0,32.04583076526902,24.350104008621845,1,412.03045992804323,1236.0913797841297,240.91661530538033,8.700208017243689,965.0441352835553,6285089.92990476,4713817.447428571,875349.622860258,21093.41188142117,3657780.363089278,146504.18404919302,3817374.4126868974,3636686.9512078622,5.587935447692871e-09
29100.0,32.166471506189644,24.4189693499542,1,415.01860652841725,1245.0558195852518,243.3294301237929,8.837938699908399,971.5367703919247,6384335.975338305,4788251.98150373,889876.9806271814,21619.551721998258,3715877.928283704,148004.18404919302,3876755.4491545553,3694258.3765617106,5.122274160385132e-09
29160.0,32.287346739647404,24.488289760289558,1,417.99885177275905,1253.9965553182772,245.74693479294808,8.976579520579115,978.0017452114739,6484298.228929516,4863223.671697138,904549.2482721839,22153.982728180505,3774364.2223302433,149504.18404919302,3936520.4406967815,3752210.2396020703,7.916241884231567e-09
29220.0,32.408453529332306,24.558063185294213,1,420.97113892149576,1262.9134167644872,248.16907058664611,9.116126370588425,984.4389491423768,6584974.787541177,4938731.090655884,919366.7054248812,22696.759385064677,3833237.5822910178,151004.18404919302,3996667.6258459464,3810540.822905962,8.381903171539307e-09
29280.0,32.529788935390926,24.628287563010453,1,423.93541138656394,1271.806234159692,250.5957787078185,9.256575126020905,990.8482720965112,6686363.734436733,5014772.800827552,934329.6281891855,23247.935930769683,3892496.3386075017,152504.18404919302,4057195.236707602,3869248.4026767383,6.05359673500061e-09
29340.0,32.65135001448126,24.69896082389446,1,426.8916127324893,1280.674838197468,253.0270002896252,9.39792164778892,997.2296044995846,6788463.139316785,5091347.354487591,949438.289139086,23807.566355523948,3952138.8151312857,154004.18404919302,4118101.4989929874,3928331.2487757686,6.05359673500061e-09
29400.0,32.77313381982759,24.77008089085433,1,429.83968667745893,1289.5190600323767,255.46267639655184,9.540161781708662,1003.5828372932469,6891271.058355838,5168453.293766881,964692.9573144962,24375.704400757386,4012163.3291549706,155504.18404919302,4179384.6320516346,3987787.6247542207,6.51925802230835e-09
29460.0,32.89513740127537,24.84164567928827,1,432.77957709439517,1298.3387312831856,257.90274802550744,9.68329135857654,1009.9078619371824,6994785.534239308,5246089.150679483,980093.8982171654,24952.403558197897,4072568.1914431867,157004.18404919302,4241042.848904124,4047615.7878849935,4.6566128730773926e-09
29520.0,33.01735780534625,24.913653097122932,1,435.7112280120215,1307.1336840360646,260.347156106925,9.827306194245864,1016.2045704112041,7099004.596200786,5324253.447150591,995641.3738066581,25537.717068972495,4133351.7062637387,158504.18404919302,4303074.356274965,4107813.9891947713,4.6566128730773926e-09
29580.0,33.13979207529314,24.98610104485188,1,438.63458361593104,1315.9037508477932,262.79584150586277,9.972202089703757,1022.4728552173337,7203926.26005956,5402944.695044672,1011335.642496398,26131.69792271302,4194512.171418877,160004.18404919302,4365477.354625567,4168380.4734961702,5.587935447692871e-09
29640.0,33.262437251155255,25.058987415574197,1,441.5495882496463,1324.648764748939,265.24874502310513,10.117974831148395,1028.7126093818645,7309548.528258393,5482161.396193797,1027176.9591497782,26734.398856666478,4256047.87827669,161504.18404919302,4428250.038187358,4229313.479420029,5.587935447692871e-09
29700.0,33.38529036981347,25.132310095033276,1,444.4561864156817,1333.3685592470451,267.7058073962694,10.264620190066552,1034.923726457436,7415869.389901549,5561902.042426163,1043165.5750763387,27345.872354810042,4317957.111802624,163004.18404919302,4491390.594995021,4290611.239447819,6.51925802230835e-09
29760.0,33.50834846504534,25.20606696165569,1,447.3543227765976,1342.0629683297927,270.16696930090677,10.41213392331138,1041.1061005250617,7522886.82079308,5642165.115594812,1059301.738028009,27966.17064697069,4380238.150591124,164504.18404919302,4554897.206919837,4352271.9799441565,4.6566128730773926e-09
29820.0,33.63160856758063,25.280255886590258,1,450.2439421560548,1350.7318264681644,272.63217135161256,10.560511773180515,1047.2596261961924,7630598.7834753655,5722949.087606526,1075585.6921954174,28595.345707949535,4442889.266897401,166004.18404919302,4618768.049703165,4414293.921189455,5.587935447692871e-09
29880.0,33.7550677051565,25.35487473374721,1,453.12498953986636,1359.374968619599,275.10135410313,10.709749467494419,1053.384198614725,7739003.227267899,5804252.420450927,1092017.6782042664,29233.449256650834,4505908.726669313,167504.18404919302,4683001.292990014,4476675.277412667,4.6566128730773926e-09
29940.0,33.87872290257304,25.429921359837522,1,455.99741007704233,1367.992230231127,277.57445805146074,10.859842719675044,1059.4797134590337,7848098.088306333,5886073.566229751,1108597.9331117761,29880.532755215732,4569294.789579381,169004.18404919302,4747595.100362764,4539414.256824168,3.725290298461914e-09
30000.0,34.00257118174872,25.50539361441238,1,458.86114908083704,1376.583447242511,280.0514236349744,11.01078722882476,1065.546066943977,7957881.289581768,5968410.967186328,1125326.6904031918,30536.6474081607,4633045.709056907,170504.18404919302,4812547.629374981,4602509.06164875,4.6566128730773926e-09
30060.0,34.12660956177589,25.58128933990277,1,461.7161520297868,1385.1484560893605,282.53219123551776,11.162578679805542,1071.5831558228886,8068350.740980304,6051263.0557352295,1142204.1799883593,31201.844161520752,4697159.732320232,172004.18404919302,4877857.031585354,4665957.888158716,4.6566128730773926e-09
30120.0,34.25083505897646,25.657606371659224,1,464.56236456875183,1393.6870937062554,285.01670117952926,11.315212743318448,1077.5908773895817,8179504.339322821,6134628.254492118,1159230.6281983682,31876.173701997388,4761635.100409104,173504.18404919302,4943521.452591758,4729758.926707111,6.51925802230835e-09
30180.0,34.375244686957465,25.734342537991687,1,467.39973250994746,1402.1991975298424,287.50489373914934,11.468685075983373,1083.5691294803087,8291339.968405033,6218504.976303778,1176406.2577822593,32559.68645611133,4826470.048217156,175004.18404919302,5009539.032065412,4793910.36176105,4.6566128730773926e-09
30240.0,34.49983545666682,25.811495660209538,1,470.2282018339786,1410.6846055019357,289.9967091333365,11.622991320419075,1089.5178104757435,8403855.49903777,6302891.62427833,1193731.287903801,33252.432589360076,4891662.804524527,176504.18404919302,5075907.903785176,4858410.371935173,7.450580596923828e-09
30300.0,34.62460437644907,25.889063552661717,1,473.0477186908658,1419.1431560725973,292.4920875289814,11.778127105323435,1095.436819302934,8517048.789087519,6387786.59181564,1211205.9341383318,33954.46200538021,4957211.592030573,178004.18404919302,5142626.195671932,4923257.130025196,3.725290298461914e-09
30360.0,34.749548452101145,25.967044022777035,1,475.8582294010731,1427.5746882032195,294.9909690420229,11.93408804555407,1101.3260554372432,8630917.683517197,6473188.262637898,1228830.408469669,34665.824345114575,5023114.6273867125,179504.18404919302,5209692.029823119,4988448.803041602,4.6566128730773926e-09
30420.0,34.87466468692827,26.045434871104554,1,478.65968045652716,1435.9790413695814,297.4932937385654,12.090869742209108,1107.185418904294,8745460.014427194,6559095.010820396,1246604.9192870862,35386.5689859843,5089370.121229387,181004.18404919302,5277103.522547331,5053983.552243407,5.587935447692871e-09
30480.0,34.99995008179987,26.124233891354148,1,481.4520185216386,1444.3560555649158,299.99900163599733,12.248467782708296,1113.014810281893,8860673.60109664,6645505.20082248,1264529.6713823555,36116.74504106561,5155976.2782131275,182504.18404919302,5344858.784399066,5119859.533172068,7.450580596923828e-09
30540.0,35.125401635205435,26.203438870437182,1,484.2351904343153,1452.7055713029458,302.5080327041087,12.406877740874364,1118.814130701939,8976556.25002492,6732417.187518691,1282604.8659468596,36856.40135827163,5222931.29704375,184004.18404919302,5412955.920213566,5186074.895685485,7.450580596923828e-09
30600.0,35.25101634331068,26.283047588507323,1,487.00914320697655,1461.0274296209295,305.0203268662136,12.566095177014645,1124.583281852341,9093105.754973441,6819829.316230081,1300830.700568768,37605.58651953896,5290233.370511655,185504.18404919302,5481393.029141782,5252627.783992122,8.381903171539307e-09
30660.0,35.37679120001343,26.36305781900147,1,489.77382402755956,1469.3214720826786,307.5358240002686,12.726115638002938,1130.3221659788996,9210319.897007633,6907739.922755725,1319207.3692302832,38364.34884001924,5357880.685525241,187004.18404919302,5550168.20468543,5319516.336685228,8.381903171539307e-09
30720.0,35.50272319699982,26.44346732868083,1,492.52918026052663,1477.58754078158,310.05446393999637,12.886934657361657,1136.0306858872011,9328196.444539187,6996147.333404391,1337735.062304952,39132.73636727556,5425871.423144443,188504.18404919302,5619279.5347321695,5386738.686777173,6.51925802230835e-09
30780.0,35.628809323800354,26.524273877672115,1,495.2751594478673,1485.8254783436018,312.5761864760071,13.04854775534423,1141.708744944481,9446733.153368559,7085049.865026419,1356413.966555046,39910.7968804839,5494203.75861437,190004.18404919302,5688725.101590894,5454292.961733889,4.6566128730773926e-09
30840.0,35.75504656784613,26.60547521950888,1,498.0117093100956,1494.0351279302868,315.1009313569226,13.210950439017758,1147.3562470814911,9565927.766727675,7174445.825045757,1375244.2651290079,40698.57788963941,5562875.861399059,191504.18404919302,5758502.982027115,5522177.283509423,4.6566128730773926e-09
30900.0,35.88143191452503,26.687069101172945,1,500.73877774724735,1502.2163332417422,317.6286382905006,13.37413820234589,1152.9730967943515,9685778.015322916,7264333.511492188,1394226.137558966,41496.12663476779,5631885.895215347,193004.18404919302,5828611.247298458,5590389.768580582,3.725290298461914e-09
30960.0,36.007962347237985,26.769053263136012,1,503.4563128398699,1510.3689385196096,320.15924694475973,13.538106526272024,1158.5591991463873,9806281.61737831,7354711.213033731,1413359.759758317,42303.49008514149,5701232.018066847,194504.18404919302,5899047.963190276,5658928.527981706,3.725290298461914e-09
31020.0,36.13463484745528,26.85142543940135,1,506.1642628500129,1518.4927885500388,322.69269694910565,13.7028508788027,1164.1144597699629,9927436.27867897,7445577.209009227,1432645.3040193738,43120.71493850108,5770912.382278026,196004.18404919302,5969811.190051358,5727791.667339529,5.587935447692871e-09
31080.0,36.261446394772875,26.93418335754562,1,508.8625762222111,1526.5877286666332,325.2289278954575,13.868366715091241,1169.6387848682975,10049239.692614792,7536929.769461093,1452082.939011084,43947.84762028147,5840925.134528417,197504.18404919302,6040898.982829732,5796977.286908139,4.6566128730773926e-09
31140.0,36.38839396696883,27.017324738760852,1,511.55120158446783,1534.6536047534034,327.7678793393766,14.034649477521704,1175.13208121728,10171689.540224345,7628767.155168258,1471672.8297768133,44784.93428284331,5911268.415886914,199004.18404919302,6112309.391108605,5866483.481604072,3.725290298461914e-09
31200.0,36.515474540059586,27.10084729789651,1,514.2300877492314,1542.6902632476942,330.3094908011917,14.201694595793022,1180.5942561672496,10294783.49023904,7721087.61767928,1491415.1377321994,45632.020804709275,5981940.361846189,200504.18404919302,6184040.459142377,5936308.341041483,4.6566128730773926e-09
31260.0,36.6426850883566,27.18474874350169,1,516.8991837143711,1550.6975511431133,332.853701767132,14.369497487003379,1186.0252176448057,10418519.199127508,7813889.399345632,1511310.0206630707,46489.15278980558,6052939.102357212,202004.18404919302,6256090.225892761,6006449.949567412,5.587935447692871e-09
31320.0,36.770022584522614,27.269026777867442,1,519.5584386641468,1558.6753159924406,335.4004516904523,14.538053555734884,1191.4248741545587,10542894.31114021,7907170.733355158,1531357.6327234341,47356.37556670838,6124262.761863885,203504.18404919302,6328456.725065021,6076906.386297181,4.6566128730773926e-09
31380.0,36.89748399962835,27.353679097069232,1,522.2078019701779,1566.6234059105336,337.949679992567,14.707358194138465,1196.793134780913,10667906.458354296,8000929.8437657235,1551558.1244335312,48233.734187895425,6195909.459337767,205004.18404919302,6401137.985144303,6147675.725149878,6.51925802230835e-09
31440.0,37.0250663032089,27.43870339100948,1,524.8472231924057,1574.5416695772174,340.50132606417804,14.877406782018959,1202.1299091898074,10793553.260718685,8095164.945539015,1571911.6426779616,49121.27342900269,6267877.308312921,206504.18404919302,6474132.029432058,6218756.034883925,7.450580596923828e-09
31500.0,37.15276646332046,27.524097343460255,1,527.476652080055,1582.4299562401652,343.0553292664092,15.04819468692051,1207.4351076304697,10919832.326099377,8189874.244574535,1592418.330703874,50019.03778808623,6340164.416920854,208004.18404919302,6547436.876082581,6290145.379132774,6.51925802230835e-09
31560.0,37.280581446596756,27.609858632106082,1,530.09603857259,1590.28811571777,345.6116289319351,15.219717264212164,1212.7086409371304,11046741.250324992,8285055.937743746,1613078.3281192249,50927.071484889006,6412768.887925571,209504.18404919302,6621050.538139636,6361841.816440685,3.725290298461914e-09
31620.0,37.40850821830582,27.695984928586856,1,532.7053328006674,1598.1159984020023,348.1701643661164,15.391969857173713,1217.9504205307578,11174277.617232552,8380708.212924415,1633891.7708911067,51845.41846011306,6485688.818758721,211004.18404919302,6694971.023573199,6433843.400298612,3.725290298461914e-09
31680.0,37.53654374240656,27.78247389854087,1,535.3044850870867,1605.9134552612602,350.7308748481312,15.564947797081743,1223.160358420757,11302438.998713465,8476829.249035101,1654858.7913441423,52774.1223746967,6558922.301554861,212504.18404919302,6769196.335316267,6506148.179180169,4.6566128730773926e-09
31740.0,37.66468498160552,27.869323201647976,1,537.8934459477343,1613.680337843203,353.29369963211036,15.738646403295952,1228.3383672066757,11431222.954759773,8573417.216069832,1675979.5181589478,53713.22660909687,6632467.423186801,214004.18404919302,6843724.471301791,6578754.196577708,3.725290298461914e-09
31800.0,37.79292889741352,27.956530491672854,1,540.4721660925283,1621.4164982775847,355.85857794827035,15.913060983345709,1233.484360079879,11560627.03351059,8670470.275132945,1697254.0763706646,54662.77426257674,6706322.265301077,215504.18404919302,6918553.424499709,6651659.491038506,5.587935447692871e-09
31860.0,37.92127245020241,28.04409341650838,1,543.0405964263533,1629.12178927906,358.4254490040482,16.088186833016763,1238.598250825231,11690648.771298788,8767986.578474091,1718682.5873675572,55622.80815249854,6780484.9043534985,217004.18404919302,6993681.182954043,6724862.096201007,7.450580596923828e-09
31920.0,38.049712599261866,28.132009618219143,1,545.5986880499988,1636.7960641499965,360.9942519852373,16.264019236438287,1243.6799538227574,11821285.6926979,8865964.269523427,1740265.1688896825,56593.37081362146,6854953.411644816,218504.18404919302,7069105.729820131,6798360.040831204,8.381903171539307e-09
31980.0,38.17824630285615,28.220276733085026,1,548.1463922610873,1644.4391767832617,363.56492605712305,16.44055346617005,1248.7293840492991,11952535.310569255,8964401.482926942,1762001.935027623,57574.504497404974,6929725.853356478,220004.18404919302,7144825.043401923,6872151.348859081,9.313225746154785e-09
32040.0,38.306870518280896,28.308892391644946,1,550.6836605550033,1652.0509816650097,366.13741036561794,16.617784783289892,1253.746457080148,12084395.126109319,9063296.34458199,1783892.996221292,58566.25117131721,7004800.2905864855,221504.18404919302,7220837.097189388,6946234.039415175,7.450580596923828e-09
32100.0,38.43558220191992,28.397854218740687,1,553.2104446258154,1659.6313338774462,368.7116440383984,16.795708437481373,1258.7310890906758,12216862.628897276,9162646.971672956,1805938.459258805,59568.652518148716,7080174.779385356,223004.18404919302,7297139.8598960135,7020606.126867214,1.1175870895385742e-08
32160.0,38.564378309302136,28.487159833560817,1,555.7266963671979,1667.1800891015937,371.2875661860427,16.974319667121634,1263.6831968579613,12349935.29694282,9262451.472707115,1828138.4272754185,60581.74993533141,7155847.370792168,224504.18404919302,7373731.295496375,7095265.620856843,1.0244548320770264e-08
32220.0,38.69325579515832,28.576806849684765,1,558.232367873344,1674.6971036200318,373.86511590316644,17.15361369936953,1268.602697762384,12483610.596734175,9362707.94755063,1850492.9997525401,61605.58453426287,7231816.110870719,226004.18404919302,7450609.363263838,7170210.526336463,1.1175870895385742e-08
32280.0,38.82221161347806,28.66679287512696,1,560.7274114398807,1682.1822343196422,376.4442322695612,17.333585750253917,1273.4895097892281,12617885.98328632,9463414.487464739,1873002.2725168036,62640.19713963583,7308079.040745767,227504.18404919302,7527772.017808309,7245438.843606138,9.313225746154785e-09
32340.0,38.95124271756657,28.75711551238111,1,563.2117795647745,1689.6353386943233,379.02485435133144,17.514231024762218,1278.343551530257,12752758.900189444,9564569.175142083,1895666.337739214,63685.6282887731,7384634.196639374,229004.18404919302,7605217.209114105,7320948.568350607,9.313225746154785e-09
32400.0,39.08034606010169,28.84777235846457,1,565.6854249492379,1697.0562748477137,381.6069212020338,17.69554471692914,1283.1647421852945,12888226.779657632,9666170.084743224,1918485.2839343606,64741.9182309677,7461479.609907341,230504.18404919302,7682942.882577906,7396737.691676381,1.0244548320770264e-08
32460.0,39.20951859319071,28.93876100496282,1,568.1483004986285,1704.4449014958855,384.19037186381416,17.87752200992564,1287.953001563777,13024287.042577727,9768215.281933295,1941459.1959596975,65809.10692682836,7538613.30707574,232004.18404919302,7760946.979046779,7472804.200148918,1.0244548320770264e-08
32520.0,39.33875726842737,29.03007903807406,1,570.6003593233453,1711.8010779700357,386.77514536854744,18.06015807614812,1292.7082500863053,13160937.09855845,9870702.823918836,1964588.1550148942,66887.23404763041,7616033.309877535,233504.18404919302,7839227.434856324,7549146.075829914,1.30385160446167e-08
32580.0,39.46805903694876,29.121724038653873,1,573.0415547397234,1719.1246642191704,389.3611807389752,18.243448077307747,1297.4304087861785,13298174.345979711,9973630.759484785,1987872.2386412532,67976.33897467193,7693737.635289303,235004.18404919302,7917782.18186887,7625761.296314638,1.0244548320770264e-08
32640.0,39.59742084949231,29.213693582260053,1,575.4718402709209,1726.4155208127627,391.9484169898462,18.427387164520106,1302.1193993109248,13435996.172042146,10076997.129031612,2011311.5207211957,69076.46079863538,7771724.295568033,236504.18404919302,7996609.14751179,7702647.8347694045,8.381903171539307e-09
32700.0,39.726839656452725,29.305985239197476,1,577.8911696478045,1733.6735089434137,394.5367931290545,18.61197047839495,1306.7751439238082,13574399.952816851,10180799.96461264,2034906.0714778167,70187.63831895452,7849991.298288035,238004.18404919302,8075706.25481588,7779803.65996909,1.1175870895385742e-08
32760.0,39.85631240793898,29.39859657456309,1,580.2994968098301,1740.8984904294903,397.1262481587796,18.79719314912618,1311.3975655053364,13713383.053295346,10285037.28997151,2058655.957474507,71309.91004318677,7928536.646377921,239504.18404919302,8155071.422453828,7857226.736334743,1.210719347000122e-08
32820.0,39.98583605383123,29.491525148291036,1,582.6967759059203,1748.0903277177608,399.7167210766246,18.98305029658207,1315.98658755474,13852942.827439733,10389707.120579801,2082561.241614646,72443.31418639097,8007358.33815769,241004.18404919302,8234702.564778775,7934915.023971306,1.1175870895385742e-08
32880.0,40.11540754383785,29.584768515197837,1,585.0829612953363,1755.248883886009,402.30815087675694,19.169537030395674,1320.542134191457,13993076.618233088,10494807.463674817,2106621.9831413603,73587.88867051053,8086454.3673758935,242504.18404919302,8314597.591862959,8012866.478705391,1.30385160446167e-08
32940.0,40.245023827552465,29.678324225027673,1,587.4580075485484,1762.3740226456453,404.90047655104934,19.356648450055346,1325.0641301566088,14133781.757730031,10600336.318297526,2130838.237637352,74743.67112376205,8165822.72324689,244004.18404919302,8394754.409536421,8091079.052123135,9.313225746154785e-09
33000.0,40.374681854510854,29.772189822497815,1,589.8218694480992,1769.4656083442974,407.4936370902171,19.54437964499563,1329.552500814435,14275055.56710753,10706291.67533065,2155210.057024795,75910.6988800294,8245461.390488195,245504.18404919302,8475170.919425836,8169550.691608173,1.1175870895385742e-08
33060.0,40.50437857424796,29.86636284734408,1,592.1745019894657,1776.5235059683973,410.0875714849592,19.732725694688163,1334.007172153746,14416895.356715895,10812671.517536921,2179737.4895653,77089.00897826314,8325368.349357907,247004.18404919302,8555845.018993372,8248279.340379653,1.30385160446167e-08
33120.0,40.63411093635492,29.960840834366444,1,594.5158603819153,1783.5475811457459,412.6822187270984,19.921681668732887,1338.4280707893552,14559298.426129987,10919473.819597494,2204420.5798599473,78278.63816188554,8405541.575692225,248504.18404919302,8636774.60157567,8327262.937530347,9.313225746154785e-09
33180.0,40.76387589053603,30.05562131347471,1,596.8459000493597,1790.537700148079,415.27751781072055,20.11124262694942,1342.8151239634892,14702262.064200638,11026696.548150482,2229259.36884939,79479.62287820097,8485979.040943054,250004.18404919302,8717957.556422897,8406499.418064857,7.450580596923828e-09
33240.0,40.893670386665775,30.150701809734308,1,599.1645766312016,1797.4937298936047,417.8734077333155,20.301403619468616,1347.168259547206,14845783.549106255,11134337.661829693,2254253.8938140217,80691.9992778119,8566678.712215688,251504.18404919302,8799391.76873787,8485986.712937882,9.313225746154785e-09
33300.0,41.023491374845804,30.246079843412144,1,601.4718459831819,1804.4155379495455,420.4698274969161,20.492159686824287,1351.487406041781,14989860.148404647,11242395.111303488,2279404.1883742157,81915.80321404026,8647638.552306589,253004.18404919302,8881075.11971524,8565722.749092553,7.450580596923828e-09
33360.0,41.153335805461886,30.34175293002258,1,603.7676641782178,1811.3029925346536,423.06671610923775,20.68350586004516,1355.772492580089,15134489.119085046,11350866.839313786,2304710.282490633,83151.07024235438,8728856.519741228,254504.18404919302,8963005.486580806,8645705.449498877,7.450580596923828e-09
33420.0,41.28320062924092,30.437718580373495,1,606.0519875072396,1818.1559625217187,425.66401258481847,20.87543716074699,1360.0234489279753,15279667.707620326,11459750.780715246,2330172.202464596,84397.8356198015,8810330.56881204,256004.18404919302,9045180.742630856,8725932.733192243,7.450580596923828e-09
33480.0,41.413082797307965,30.533974300612424,1,608.3247724800249,1824.9743174400746,428.2616559461593,21.06794860122485,1364.2402054856207,15425393.150019435,11569044.862514578,2355789.970938532,85656.13430444569,8892058.649616431,257504.18404919302,9127598.757271606,8806402.515311986,5.587935447692871e-09
33540.0,41.542979261243126,30.63051759227281,1,610.5859758260231,1831.7579274780692,430.8595852248625,21.26103518454562,1368.4226932888776,15571662.671880009,11678747.003910007,2381563.606896487,86926.00095481142,8974038.708094878,259004.18404919302,9210257.396058716,8887112.70714007,7.450580596923828e-09
33600.0,41.672886973138596,30.727345952320317,1,612.8355544951825,1838.5066634855475,433.4577394627719,21.454691904640633,1372.570844010612,15718473.48844119,11788855.116330894,2407493.1256647035,88207.46992933266,9056268.686069116,260504.18404919302,9293154.520736864,8968061.216139784,5.587935447692871e-09
33660.0,41.802802885655574,30.824456873199267,1,615.0734656587675,1845.2203969763027,436.0560577131115,21.648913746398534,1376.6845899620207,15865822.804636655,11899367.103477493,2433578.5389122716,89500.5752858075,9138746.521280393,262004.18404919305,9376287.989279421,9049245.945994588,7.450580596923828e-09
33720.0,41.93272395208124,30.92184784287914,1,617.299666710176,1851.8990001305278,438.65447904162477,21.843695685758277,1380.7638640939433,16013707.815147828,12010280.861360872,2459819.854651843,90805.3507808584,9221470.147427816,263504.18404919305,9459655.65592818,9130664.79664696,9.313225746154785e-09
33780.0,42.06264712638565,31.019516344901152,1,619.5141152657484,1858.5423457972452,441.252942527713,22.039032689802305,1384.8085999981558,16162125.704457276,12121594.278342959,2486217.07724042,92121.82986939799,9304437.494206758,265004.18404919305,9543255.371233149,9212315.664337363,9.313225746154785e-09
33840.0,42.19256936327873,31.11745985842496,1,621.7167691655767,1865.15030749673,443.85138726557454,22.234919716849923,1388.8187319086624,16311073.646902328,12233305.235176748,2512770.2073802054,93450.0457041005,9387646.487347366,266504.18404919305,9627084.98209245,9294196.441643268,7.450580596923828e-09
33900.0,42.32248761826712,31.21567585827541,1,623.9075864743053,1871.7227594229157,446.44975236534236,22.43135171655082,1392.79419470296,16460548.806728864,12345411.605046649,2539479.2421195274,94790.03113487875,9471095.048653118,268004.18404919305,9711142.33179225,9376305.017518243,9.313225746154785e-09
33960.0,42.45239884771115,31.314161814989383,1,626.0865254819312,1878.2595764457935,449.04797695422303,22.628323629978766,1396.7349239033097,16610548.338145304,12457911.25360898,2566344.1748538283,96141.81870836677,9554781.096039487,269504.18404919305,9795425.260046793,9458639.277331125,9.313225746154785e-09
34020.0,42.58230000888169,31.412915194862734,1,628.2535447045958,1884.7606341137875,451.64600017763377,22.825830389725468,1400.6408556779768,16761069.38537679,12570802.039032593,2593364.995326724,97505.44066740814,9638702.543572647,271004.18404919305,9879931.603038471,9541197.102905245,9.313225746154785e-09
34080.0,42.712188060016985,31.511933459997298,1,630.4086028853776,1891.2258086561328,454.2437612003397,23.023866919994596,1404.5119268424685,16912109.082719553,12684081.812039664,2620541.6896311287,98880.92895054979,9722857.301508287,272504.18404919305,9964659.193457995,9623976.37255774,9.313225746154785e-09
34140.0,42.84205996037958,31.611214068348,1,632.5516589950746,1897.6549769852238,456.84119920759156,23.222428136696003,1408.3480748607599,17063664.554595474,12797748.415946607,2647874.240210453,100268.31519154158,9807243.276330465,274004.18404919305,10049605.860544622,9706974.961138928,9.313225746154785e-09
34200.0,42.97191267031309,31.710754473770017,1,634.6826722329881,1904.0480166989644,459.43825340626177,23.421508947540033,1412.1492378465011,17215732.915606838,12911799.686705125,2675362.625859865,101667.63071884154,9891858.37079057,275504.18404919305,10134769.43012643,9790190.740071734,1.30385160446167e-08
34260.0,43.10174315129907,31.810552126066035,1,636.8016020276978,1910.4048060830933,462.0348630259814,23.62110425213207,1415.9153545642223,17368311.27059124,13026233.45294343,2703006.821727622,103078.90655512667,9976700.483946327,277004.18404919305,10220147.72466069,9873621.577391205,1.1175870895385742e-08
34320.0,43.231548366013755,31.910604471033594,1,638.9084080378343,1916.725224113503,464.6309673202751,23.821208942067187,1419.646364430512,17521396.71467675,13141047.536007559,2730806.7993164696,104502.17341680951,10061767.51120089,278504.18404919305,10305738.56327429,9957265.337784084,1.1175870895385742e-08
34380.0,43.36132527838492,32.010908950512494,1,641.0030501528486,1923.0091504585457,467.2265055676984,24.02181790102499,1423.3422075152018,17674986.333337177,13256239.750002878,2758762.5264851116,105937.46171356038,10147057.344341999,280004.18404919305,10391539.761804217,10041119.882628445,1.1175870895385742e-08
34440.0,43.49107085364856,32.11146300243227,1,643.0854884937738,1929.2564654813214,469.82141707297114,24.222926004864533,1427.0028245425228,17829077.202447575,13371807.901835674,2786873.967449744,107384.80154783526,10232567.871581208,281504.18404919305,10477549.132838104,10125183.070033375,9.313225746154785e-09
34500.0,43.620782058405624,32.21226406085979,1,645.1556834139861,1935.4670502419585,472.4156411681125,24.424528121719575,1430.6281568922477,17983666.38833991,13487749.791254926,2815141.0827856595,108844.2227144095,10318296.97759319,283004.18404919305,10563764.485754866,10209452.754878782,7.450580596923828e-09
34560.0,43.75045586067874,32.31330955604686,1,647.2135954999579,1941.6407864998737,475.0091172135748,24.62661911209372,1434.2181466008378,18138750.947858926,13604063.210894188,2843563.8294289173,110315.754699917,10404242.543555096,284504.18404919305,10650183.626765355,10293926.788855175,1.862645149230957e-09
34620.0,43.88008922996894,32.41459691447799,1,649.2591855720099,1947.7775567160297,477.6017845993788,24.82919382895598,1437.7727363625647,18294327.92841815,13720745.946313608,2872142.1606780873,111799.42668239544,10490402.447185993,286004.18404919305,10736804.358953133,10378603.0205036,7.450580596923828e-09
34680.0,44.00967913731215,32.5161235589181,1,651.2924146850553,1953.8772440551659,480.19358274624295,25.032247117836206,1441.291869530613,18450394.368056137,13837795.7760421,2900876.026196055,113295.26753083695,10576774.56278637,287504.18404919305,10823624.482315216,10463479.295255534,7.450580596923828e-09
34740.0,44.13922255533607,32.61788690846047,1,653.3132441293432,1959.9397323880294,482.78445110672135,25.23577381692094,1444.7754901182,18606947.295492847,13955210.47161963,2929765.3720118995,114803.30580474468,10663356.761277696,289004.18404919305,10910641.793802995,10548553.455472954,9.313225746154785e-09
34800.0,44.268716458316526,32.71988437857461,1,655.3216354311934,1965.96490629358,485.37432916633054,25.439768757149224,1448.2235427996359,18763983.730186198,14072987.797639644,2958810.1405228344,116323.56975369508,10750146.91024207,290504.18404919305,10997854.087363124,10633823.340488376,9.313225746154785e-09
34860.0,44.39815782223417,32.8221133811543,1,657.317550353731,1971.9526510611931,487.96315644468336,25.644226762308605,1451.6359729114151,18921500.68238884,14191125.511791626,2988010.2704962227,117856.08731690589,10837142.873961898,292004.18404919305,11085259.15397851,10719286.786644997,1.30385160446167e-08
34920.0,44.52754362483097,32.92457132456563,1,659.3009508976124,1977.9028526928373,490.5508724966194,25.849142649131267,1455.012726453273,19079495.15320506,14309621.36490379,3017365.697071656,119400.88612281,10924342.513459677,293504.18404919305,11172854.781709334,10804941.627336869,9.313225746154785e-09
34980.0,44.656870845666745,33.02725561369519,1,661.2717993017509,1983.8153979052527,493.1374169133349,26.05451122739038,1458.353750089233,19237964.134647876,14428473.100985905,3046876.3517631,120957.99348863492,11011743.68653781,295004.18404919305,11260638.75573418,10890785.693049178,7.450580596923828e-09
35040.0,44.786136466175606,33.13016364999822,1,663.2300580440333,1989.6901741320999,495.7227293235121,26.260327299996433,1461.6589911486444,19396904.60969631,14547678.457272232,3076542.162461112,122527.43641998828,11099344.24781849,296504.18404919305,11348608.858391143,10976816.81139851,1.1175870895385742e-08
35100.0,44.9153374697224,33.23329283154692,1,665.1756898420361,1995.5270695261083,498.30674939444805,26.466585663093838,1464.9283976272054,19556313.552352827,14667235.164264617,3106363.0534351226,124109.24161044876,11187142.048783666,298004.18404919305,11436762.869219061,11063032.807173224,1.4901161193847656e-08
35160.0,45.044470841659106,33.33664055307881,1,667.1086576537346,2001.3259729612037,500.8894168331821,26.673281106157617,1468.1619181879691,19716187.92770094,14787140.945775703,3136338.9453357873,125703.43544116324,11275134.937815035,299504.18404919305,11525098.56499877,11149431.502373884,1.6763806343078613e-08
35220.0,45.17353356938122,33.44020420604509,1,669.0289246782075,2007.0867740346225,503.4706713876244,26.880408412090176,1471.359502162351,19876524.691963,14907393.518972246,3166469.7551974035,127310.04398044937,11363320.76023413,301004.18404919305,11613613.719794413,11236010.716253694,2.0489096641540527e-08
35280.0,45.302522642384005,33.543981178659145,1,670.9364543563393,2012.8093630690178,506.0504528476801,27.08796235731829,1474.5210995510974,20037320.792558126,15027990.594418593,3196755.396440399,128929.0929834042,11451697.358342439,302504.18404919305,11702306.104994806,11322768.265359046,1.4901161193847656e-08
35340.0,45.431435052318896,33.647968855945095,1,672.831210371514,2018.493631114542,508.62870104637796,27.29593771189019,1477.6466610252746,20198573.168160353,15148929.876120264,3227195.778873882,130560.60789151858,11540262.571461605,304004.18404919305,11791173.489354882,11409701.9635701,1.862645149230957e-08
35400.0,45.56026779304969,33.752164619786335,1,674.7131566503086,2024.139469950926,511.2053558609938,27.50432923957267,1480.7361379272245,20360278.748756893,15270209.061567668,3257790.8086982653,132204.61383229733,11629014.235973662,305504.18404919305,11880213.639037121,11496809.622141376,1.4901161193847656e-08
35460.0,45.68901786070868,33.856565848974256,1,676.5822573631785,2029.7467720895356,513.7803572141736,27.713131697948512,1483.7894822714968,20522434.455706574,15391825.841779932,3288540.3885079543,133861.13561888522,11717950.185361352,307004.18404919305,11969424.317653108,11584089.049742479,1.6763806343078613e-08
35520.0,45.81768225375297,33.961169919256925,1,678.4384769251408,2035.3154307754223,516.3536450750594,27.92233983851385,1486.806646745804,20685037.201798487,15513777.901348868,3319444.4172941013,135530.19774969894,11807068.250248475,308504.18404919305,12058803.286305085,11671538.05249879,1.6763806343078613e-08
35580.0,45.94625797302048,34.065974203387874,1,680.2817799964502,2040.8453399893506,518.9251594604095,28.13194840677575,1489.7875847119285,20848083.891310733,15636062.918483052,3350502.790447431,137211.8244080647,11896366.258440316,310004.18404919305,12148348.303627571,11759154.434032263,1.4901161193847656e-08
35640.0,46.07474202178604,34.17097607117495,1,682.1121314832737,2046.3363944498212,521.4948404357208,28.341952142349896,1492.7322502066304,21011571.420069367,15758678.565052027,3381715.3997611296,138906.0394618621,11985842.03496411,311504.18404919305,12238057.125829047,11846935.995502256,1.1175870895385742e-08
35700.0,46.203131405817494,34.27617288952919,1,683.9294965383572,2051.7884896150717,524.0626281163499,28.552345779058385,1495.6405979425529,21175496.675507504,15881622.506630631,3413082.133433803,140612.86646317315,12075493.402109569,313004.18404919305,12327927.506733667,11934880.535646405,1.1175870895385742e-08
35760.0,46.33142313343163,34.38156202251379,1,685.7338405616898,2057.2015216850696,526.6284626686326,28.76312404502758,1498.5125833090967,21339856.53672458,16004892.402543435,3444602.876072503,142332.328647938,12165318.179469462,314504.18404919305,12417957.197823003,12022985.850821529,9.313225746154785e-09
35820.0,46.45961421555008,34.4871408313931,1,687.525129201162,2062.575387603486,529.1922843110017,28.974281662786197,1501.3481623732857,21504647.87454575,16128485.905909311,3476277.5086958185,144064.4489356159,12255314.183980245,316004.18404919305,12508143.948277881,12111249.73504463,5.587935447692871e-09
35880.0,46.58770166575531,34.5929066746817,1,689.3033283532205,2067.9099850596617,531.7540333151062,29.1858133493634,1504.1472918806307,21669867.55158148,16252400.66368611,3508105.908737035,145809.24992885228,12345479.22996275,317504.18404919305,12598485.505020231,12199669.9800339,9.313225746154785e-09
35940.0,46.715682500346375,34.6988569081935,1,691.0684041635164,2073.2052124905495,534.3136500069274,29.397713816386997,1506.9099292559706,21835512.422287285,16376634.316715464,3540087.9500473617,147566.75391315194,12435811.129162911,319004.18404919305,12688979.61275496,12288244.375249764,9.313225746154785e-09
36000.0,46.84355373839482,34.804988885090914,1,692.8203230275509,2078.460969082653,536.8710747678963,29.60997777018183,1509.6360326043093,22001579.333023597,16501184.4997677,3572223.5028992244,149336.98285655762,12526307.690792557,320504.18404919305,12779624.014011927,12376970.707936004,7.450580596923828e-09
36060.0,46.971312401800255,34.911299955934105,1,694.5590515913138,2083.6771547739418,539.4262480360051,29.82259991186821,1512.325560711615,22168065.122115813,16626048.841586865,3604512.433989627,151119.95840933497,12616966.721570238,322004.18404919305,12870416.449187916,12465846.763160912,1.30385160446167e-08
36120.0,47.098955515346205,35.01778746873021,1,696.2845567519197,2088.853670255759,541.9791103069241,30.035574937460424,1514.9784730456454,22334966.619914502,16751224.96493588,3636954.6064435756,152915.70190366323,12707786.025762115,323504.18404919305,12961354.65658865,12554870.323858457,9.313225746154785e-09
36180.0,47.22648010675566,35.12444876898273,1,697.9968056582377,2093.9904169747133,544.5296021351132,30.248897537965462,1517.594729756725,22502280.64885572,16876710.486641794,3669549.8798175766,154724.23435333173,12798763.405222885,325004.18404919305,13052436.372470899,12644039.170869563,1.30385160446167e-08
36240.0,47.35388320674667,35.23128119974083,1,699.6957657115166,2099.0872971345498,547.0776641349335,30.462562399481655,1520.1742916785329,22670004.02352154,17002503.017641157,3702298.1101031946,156545.5764534425,12889896.659436764,326504.18404919305,13143659.331084533,12733351.082983332,1.1175870895385742e-08
36300.0,47.48116184908791,35.3382821016488,1,701.3814045660063,2104.1442136980186,549.6232369817583,30.676564203297602,1522.7171203288644,22838133.550700672,17128600.163025502,3735199.1497306805,158379.74858011867,12981183.585558508,328004.18404919305,13235021.264714718,12822803.836978398,1.4901161193847656e-08
36360.0,47.60831307065403,35.445448812995544,1,703.0536901295723,2109.161070388717,552.1662614130805,30.890897625991087,1525.2231779103738,23006666.029449273,17254999.522086952,3768252.8475726666,160226.77079021884,13072621.97845448,329504.18404919305,13326519.903724084,12912395.207664274,1.6763806343078613e-08
36420.0,47.73533391148122,35.552778669764024,1,704.7125905643086,2114.1377716929255,554.7066782296245,31.105557339528048,1527.6924273113364,23175598.251151882,17381698.688363906,3801459.048947925,162086.66282105746,13164209.63074377,331004.18404919305,13418152.976594944,13002122.967922725,2.0489096641540527e-08
36480.0,47.86222141482246,35.660269005680895,1,706.3580742871414,2119.0742228614245,557.2444282964491,31.32053801136179,1530.1248321063517,23344926.999582507,17508695.24968688,3834817.595625197,163959.44409013106,13255944.33283935,332504.18404919305,13509918.209971566,13091984.888749229,1.6763806343078613e-08
36540.0,47.98897262720283,35.76791715226607,1,707.9901099704335,2123.9703299113007,559.7794525440565,31.535834304532145,1532.520356557069,23514649.050965864,17635986.788224395,3868328.325827084,165845.1336948505,13347823.872989275,334004.18404919305,13601813.328702478,13181978.739294436,1.6763806343078613e-08
36600.0,48.115584598474754,35.87572043888237,1,709.6086665425773,2128.825999627732,562.3116919694951,31.751440877764736,1534.8789656128852,23684761.17403874,17763570.880529054,3901991.074234009,167743.75041227895,13439846.037317928,335504.18404919305,13693836.05588278,13272102.28690566,1.4901161193847656e-08
36660.0,48.2420543818732,35.98367619278522,1,711.2137131885892,2133.6411395657674,564.841087637464,31.967352385570436,1537.2006249116332,23855260.130111523,17891445.09758364,3935805.671988242,169655.31269887643,13532008.609867306,337004.18404919305,13785984.112896541,13362353.297168443,1.862645149230957e-08
36720.0,48.368379034070706,36.09178173917238,1,712.8052193506942,2138.4156580520826,567.3675806814141,32.183563478344766,1539.4853007802496,24026142.673129864,18019607.004847392,3969771.9466979913,171579.83869024945,13624309.372638348,338504.18404919305,13878255.219459172,13452729.533948112,2.0489096641540527e-08
36780.0,48.494555615232514,36.20003440123374,1,714.3831547289096,2143.149464186729,569.8911123046503,32.40006880246747,1541.7329602354466,24197405.54973646,18148054.162302338,4003889.7224415634,173517.34620090734,13716746.105632296,340004.18404919305,13970647.09365989,13543228.759431403,2.421438694000244e-08
36840.0,48.62058118907144,36.30843150020107,1,715.9474892816199,2147.84246784486,572.4116237814287,32.616863000402134,1543.9435709843444,24369045.49933301,18276784.12449975,4038158.819771586,175467.8527240243,13809316.586892104,341504.18404919305,14063157.452004163,13633848.734168092,2.421438694000244e-08
36900.0,48.746452822902846,36.41697035539795,1,717.4981932261506,2152.494579678452,574.929056458057,32.8339407107959,1546.1171014251138,24541059.254142288,18405794.44060671,4072579.055719297,177431.37543120724,13902018.592543881,343004.18404919305,14155784.009456228,13724587.217112686,2.421438694000244e-08
36960.0,48.87216758769955,36.525648284289616,1,719.0352370393337,2157.1057111180007,577.443351753991,33.05129656857923,1548.2535206476057,24713443.53927036,18535082.654452763,4107150.2437989027,179407.93117226998,13994849.896838376,344504.18404919305,14248524.479481611,13815441.965666119,2.0489096641540527e-08
37020.0,48.99772255814644,36.634462602532885,1,720.5585914580703,2161.675774374211,579.9544511629289,33.26892520506577,1550.35279843394,24886195.072768915,18664646.30457668,4141872.1940119993,181397.53647501313,14087808.272192495,346004.18404919305,14341376.57408969,13906410.735717492,2.2351741790771484e-08
37080.0,49.12311481269535,36.74341062402614,1,722.0682274798885,2166.2046824396657,582.462296253907,33.48682124805228,1552.4149052591185,25059310.56569778,18794482.924273327,4176744.7128520585,183400.2075450101,14180891.489230853,347504.18404919305,14434338.003876284,13997491.281685853,2.60770320892334e-08
37140.0,49.24834143361955,36.8524896609593,1,723.5641163634943,2170.692349090483,584.966828672391,33.7049793219186,1554.4398122915954,25232786.722187508,18924590.041640624,4211767.603308981,185415.9602653992,14274097.31682736,349004.18404919305,14527406.47806627,14088681.356561976,2.60770320892334e-08
37200.0,49.37339950706841,36.96169702386386,1,725.0462296293199,2175.1386888879597,587.4679901413683,33.923394047727726,1556.4274913938505,25406620.239502136,19054965.179626595,4246940.664873716,187444.81019668133,14367423.522146864,350504.18404919305,14620579.704556216,14179978.711950189,1.6763806343078613e-08
37260.0,49.49828612312184,37.071030021663,1,726.514539060065,2179.543617180195,589.9657224624367,34.142060043326,1558.377915122938,25580807.80810207,19185605.85607655,4282263.693542948,189486.77257652435,14460867.870686786,352004.18404919305,14713855.389957095,14271381.098110268,1.6763806343078613e-08
37320.0,49.6229983758447,37.180485961721594,1,727.9690167012345,2183.9070501037036,592.459967516894,34.36097192344319,1560.2910567310375,25755346.1117071,19316509.58378032,4317736.481823837,191541.8623195728,14554428.126318824,353504.18404919305,14807231.239636922,14362886.263999252,1.30385160446167e-08
37380.0,49.74753336334121,37.29006214989642,1,729.4096348616707,2188.228904585012,594.9506672668242,34.58012429979284,1562.1668901659766,25930231.8273595,19447673.87051962,4353358.818738843,193610.0940172641,14648102.051330673,355004.18404919305,14900704.957763527,14454491.95731341,1.4901161193847656e-08
37440.0,49.87188818780915,37.399755890586285,1,730.8363661140806,2192.509098342242,597.4377637561829,34.79951178117257,1564.005390071747,26105461.62548735,19579096.219115507,4389130.489830603,195691.48193765042,14741887.40646778,356504.18404919305,14994274.247347271,14546195.924530134,1.6763806343078613e-08
37500.0,49.996059955594056,37.50956448678219,1,732.2491832955576,2196.747549886673,599.9211991118812,35.01912897356438,1565.806531789008,26281032.16996788,19710774.127475902,4425051.2771668695,197786.04002522683,14835781.950975137,358004.18404919305,15087936.810283821,14637995.91094991,1.4901161193847656e-08
37560.0,50.120045777243384,37.6194852401176,1,733.6480595080992,2200.9441785242975,602.4009155448676,35.238970480235196,1567.5702913555733,26456940.118191,19842705.08864324,4461120.959345531,199893.78190076543,14929783.442639073,359504.18404919305,15181690.347396962,14729889.660738312,1.6763806343078613e-08
37620.0,50.24384276756049,37.729515450918626,1,735.0329681191187,2205.098904357356,604.8768553512098,35.45903090183725,1569.2966455068893,26633182.121122938,19974886.590842195,4497339.311499678,202014.7208611553,15023889.637829125,361004.18404919305,15275532.558481378,14821874.916967971,1.6763806343078613e-08
37680.0,50.367448045658605,37.83965241825436,1,736.4038827619523,2209.211648285857,607.348960913172,35.67930483650872,1570.9855716764923,26809754.823370013,20107316.1175275,4533706.105302745,204148.86987924884,15118098.29153989,362504.18404919305,15369461.142345523,14913949.421660645,1.6763806343078613e-08
37740.0,50.490858735014726,37.949893439987115,1,737.7607773363613,2213.282332009084,609.8171747002946,35.89978687997423,1572.6370479964623,26986654.86324249,20239991.14743186,4570221.108973716,206296.24160371374,15212407.157432936,364004.18404919305,15463473.79685445,15006110.915829228,1.6763806343078613e-08
37800.0,50.614071963523386,38.06023581282276,1,739.1036260090294,2217.310878027088,612.2814392704677,36.12047162564552,1574.2510532978583,27163878.87281861,20372909.154613953,4606884.087282396,208456.84835889132,15306813.987878721,365504.18404919305,15557568.218972677,15098357.139519827,1.30385160446167e-08
37860.0,50.73708486355034,38.1706768323611,1,740.4324032140531,2221.2972096421595,614.7416972710068,36.341353664722206,1575.8275671111307,27341423.4780087,20506067.60850652,4643694.801554734,210630.7021446607,15401316.533998542,367004.18404919305,15651742.104807137,15190685.831853881,1.1175870895385742e-08
37920.0,50.85989457198628,38.28121379314619,1,741.7470836534299,2225.2412509602896,617.1978914397256,36.56242758629239,1577.3665696665469,27519285.29861939,20639463.97396454,4680653.009678233,212817.81463630917,15495912.545706524,368504.18404919305,15745993.149650011,15283094.731070217,1.4901161193847656e-08
37980.0,50.98249823030025,38.391843988716744,1,743.0476422975394,2229.142926892618,619.649964606005,36.78368797743349,1578.8680418945717,27697460.948418003,20773095.7113135,4717758.466107405,215018.19718440846,15590599.771751603,370004.18404919305,15840319.0480217,15375581.574567197,1.30385160446167e-08
38040.0,51.104892984593214,38.50256471165655,1,744.3340543856197,2233.002163156859,622.0978596918643,37.00512942331309,1580.331965426258,27875947.03519701,20906960.276397754,4755010.9218692975,217231.86081469714,15685375.959759569,371504.18404919305,15934717.49371377,15468144.098944873,1.1175870895385742e-08
38100.0,51.22707598565139,38.61337325364489,1,745.6062954262388,2236.8188862787165,624.5415197130278,37.226746507289775,1581.7583225936153,28054740.160838585,21041055.120628938,4792410.124569086,219458.81622796907,15780238.856275091,373004.18404919305,16029186.179831896,15560780.040047126,1.30385160446167e-08
38160.0,51.34904438899944,38.72426690550699,1,746.8643411977614,2240.593023593284,626.9808877799887,37.448533811013974,1583.1470964299533,28233836.921379354,21175377.69103451,4829955.818395727,221699.0737999679,15875186.206803804,374504.18404919305,16123722.798838831,15653487.13300384,1.4901161193847656e-08
38220.0,51.470795354953815,38.83524295726448,1,748.1081677488094,2244.3245032464283,629.4159070990763,37.67048591452895,1584.4982706702428,28413233.90707515,21309925.43030636,4867647.744127677,223952.64358128756,15970215.755854387,376004.18404919305,16218325.04259741,15746263.112273103,1.30385160446167e-08
38280.0,51.59232604867576,38.946298698185885,1,749.3377513987181,2248.0132541961543,631.8465209735152,37.89259739637177,1585.81182975143,28592927.702465966,21444695.776849475,4905485.6391386725,226219.53529727887,16065325.246980675,377504.18404919305,16312990.602413537,15839105.7116834,1.30385160446167e-08
38340.0,51.71363364022436,39.05743141683711,1,750.5530687379874,2251.659206213962,634.2726728044872,38.11486283367422,1587.0877588127607,28772914.88644096,21579686.16483072,4943469.237403578,228499.75834796223,16160512.422823785,379004.18404919305,16407717.16907919,15932012.664475825,1.30385160446167e-08
38400.0,51.834715304609404,39.168638401131965,1,751.7540966287266,2255.26228988618,636.6943060921881,38.33727680226393,1588.3260436960707,28953192.032303594,21714894.024227694,4981598.269504294,230793.3218079463,16255775.025154268,380504.18404919305,16502502.432915464,16024981.703346323,1.1175870895385742e-08
38460.0,51.95556822184431,39.27991693838268,1,752.9408122050964,2258.8224366152895,639.1113644368862,38.55983387676535,1589.5266709460886,29133755.707836874,21850316.780877657,5019872.462635728,233100.23442635284,16351110.794914272,382004.18404919305,16597344.083815582,16118010.560487917,3.725290298461914e-09
38520.0,52.076189576998715,39.39126431535044,1,754.1131928737426,2262.3395786212277,641.5237915399744,38.78252863070088,1590.6896278106935,29314602.475368697,21985951.856526524,5058291.540611834,235420.50462674745,16446517.472259715,383504.18404919305,16692239.811287949,16211096.967632968,5.587935447692871e-09
38580.0,52.19657656025129,39.50267781829596,1,755.2712163142273,2265.813648942682,643.9315312050257,39.005355636591915,1591.8149022411983,29495728.891837288,22121796.668877967,5096855.22387171,237754.14050707663,16541992.796602497,385004.18404919305,16787187.30449919,16304238.656095421,7.450580596923828e-09
38640.0,52.31672636694213,39.61415473303001,1,756.4148604794534,2269.24458143836,646.3345273388426,39.228309466060026,1592.902482892579,29677131.508856773,22257848.631642584,5135563.229485758,240101.14983961056,16637534.5066527,386504.18404919305,16882184.25231722,16397433.35681309,3.725290298461914e-09
38700.0,52.43663619762526,39.72569234496404,1,757.5441035960845,2272.6323107882536,648.7327239525052,39.45138468992808,1593.9523591237173,29858806.872782808,22394105.15458711,5174415.271161912,242461.54007089228,16733140.340460824,388004.18404919305,16977228.343354315,16490678.800389936,7.450580596923828e-09
38760.0,52.55630325812096,39.83728793916069,1,758.6589241649596,2275.976772494879,651.1260651624193,39.67457587832138,1594.9645209976181,30040751.52477834,22530563.64358376,5213411.059251927,244835.3183216928,16828808.035460025,389504.18404919305,17072317.26601015,16583972.717138335,1.1175870895385742e-08
38820.0,52.67572475956807,39.94893880038444,1,759.7593009615015,2279.2779028845043,653.5144951913614,39.89787760076888,1595.9389592816271,30222962.000879467,22667221.500659607,5252550.300757726,247222.49138697222,16924535.328508366,391004.18404919305,17167448.708514914,16677312.837121392,3.725290298461914e-09
38880.0,52.79489791847606,40.0606422131522,1,760.8452130361229,2282.5356391083687,655.8979583695212,40.1212844263044,1596.875665447612,30405434.832061373,22804076.124046035,5291832.699337817,249623.06573584705,17020319.955931082,392504.18404919305,17262620.35897238,16770696.89019524,1.1175870895385742e-08
38940.0,52.91381995677714,40.172395461783864,1,761.9166397146226,2285.749919143868,658.2763991355428,40.34479092356773,1597.7746316721566,30588166.544304382,22941124.908228293,5331257.955313766,252037.0475115635,17116159.653562874,394004.18404919305,17357829.90540297,16864122.60605131,3.725290298461914e-09
39000.0,53.03248810187814,40.28419583045298,1,762.9735605985816,2288.9206817957447,660.6497620375627,40.56839166090596,1598.6358508367146,30771153.65866009,23078365.243995078,5370825.765676742,254464.4425314768,17212052.156790167,395504.18404919305,17453075.03578686,16957587.71425869,3.725290298461914e-09
39060.0,53.15089958671238,40.39604060323732,1,764.0159555657492,2292.0478666972476,663.0179917342475,40.792081206474634,1599.4593165277724,30954392.691317618,23215794.518488225,5410535.824094107,256905.25628703684,17307995.20059343,397004.18404919305,17548353.43810708,17051089.944306396,0.0
39120.0,53.269051649791464,40.50792706416951,1,765.0438047704284,2295.1314143112854,665.3810329958293,41.015854128339015,1600.2450230369932,31137880.153669912,23353410.115252446,5450387.820916089,259359.49394377964,17403986.519589484,398504.18404919305,17643662.80039258,17144627.025645707,3.725290298461914e-09
39180.0,53.38694153525682,40.619852497287646,1,766.0570886438514,2298.1712659315544,667.7388307051364,41.23970499457529,1600.992965361334,31321612.55238018,23491209.41428515,5490381.443182501,261827.1603413249,17500023.848073795,400004.18404919305,17739000.810761325,17238196.687732473,3.725290298461914e-09
39240.0,53.50456649293125,40.73181418668593,1,767.0557878945544,2301.167363683663,670.0913298586249,41.46362837337186,1601.7031392031624,31505586.3894484,23629189.792086314,5530516.374629527,264308.25999337976,17596104.920062818,401504.18404919305,17834365.15746341,17331796.66006944,0.0
39300.0,53.6219237783704,40.843809416565264,1,768.0398835087428,2304.1196505262287,672.438475567408,41.68761883313053,1602.3755409703642,31689798.162277907,23767348.62170844,5570792.295696579,266802.79708774853,17692227.469336305,403004.18404919305,17929753.52892412,17425424.67224856,3.725290298461914e-09
39360.0,53.739010652914054,40.95583547128387,1,769.0093567506551,2307.0280702519653,674.7802130582811,41.91167094256774,1603.010167776425,31874244.363742076,23905683.272806566,5611208.883533195,269310.77548634866,17788389.229479663,404504.18404919305,18025163.613787025,17519078.453993313,3.725290298461914e-09
39420.0,53.85582438373725,41.06788963540794,1,769.9641891629177,2309.8925674887532,677.116487674745,42.135779270815874,1603.6070174404958,32058921.482251108,24044191.11168834,5651765.81200602,271832.1987252325,17884587.933926262,406004.18404919305,18120593.100957092,17612755.735201035,3.725290298461914e-09
39480.0,53.972362243901536,41.17996919376219,1,770.9043625668985,2312.7130877006957,679.4472448780307,42.35993838752438,1604.1660884874739,32243826.00181887,24182869.50136416,5692462.7517058365,274367.07001461537,17980821.315999806,407504.18404919305,18216039.679643713,17706454.24598519,3.725290298461914e-09
39540.0,54.088621512405794,41.29207143148056,1,771.8298590630503,2315.489577189151,681.7724302481158,42.584142862961116,1604.6873801480244,32428954.402129848,24321715.80159739,5733299.369954655,276915.3922389095,18077087.108956657,409004.18404919305,18311501.039403833,17800171.716717746,1.1175870895385742e-08
39600.0,54.204599474237185,41.40419363405673,1,772.7406610312546,2318.221983093764,684.0919894847436,42.808387268113464,1605.1708923586286,32614303.158606153,24460727.36895462,5774275.330812875,279477.16795676446,18173383.046028197,410504.18404919305,18406974.870184984,17893905.878071427,3.725290298461914e-09
39660.0,54.320293420421926,41.51633308739479,1,773.6367511311546,2320.910253393464,686.4058684084386,43.03266617478958,1605.6166257616026,32799868.74247464,24599901.556855988,5815390.295086499,282052.399401113,18269706.860463165,412004.18404919305,18502458.86236837,17987654.461062044,-3.725290298461914e-09
39720.0,54.435700648075894,41.6284870778598,1,774.5181123024862,2323.5543369074585,688.7140129615179,43.256974155719604,1606.024581705098,32985647.620834075,24739235.715625565,5856643.920334408,284641.0884792236,18366056.28557002,413504.18404919305,18597950.70681193,18081415.197090793,0.0
39780.0,54.55081846045515,41.740652892328384,1,775.3847277654036,2326.1541832962107,691.016369209103,43.48130578465677,1606.394762243096,33171636.256722413,24878727.192541815,5898035.860875703,287243.23677275877,18462429.054759294,415004.18404919305,18693448.094893355,18175185.81798653,0.0
39840.0,54.66564416700637,41.85282781823931,1,776.2365810207972,2328.7097430623917,693.3128833401274,43.705655636478625,1606.7271701353889,33357831.109184116,25018373.331888095,5939565.767797101,289858.8455378393,18558822.901585903,416504.18404919305,18788948.71855316,18268964.056048065,3.725290298461914e-09
39900.0,54.78017508341719,41.965009143644075,1,777.0736558506092,2331.2209675518275,695.6035016683438,43.93001828728815,1607.0218088475488,33544228.633337595,25158171.4750032,5981233.2889603935,292487.915705115,18655235.559791557,418004.18404919305,18884450.270337705,18362747.644086447,1.1175870895385742e-08
39960.0,54.89440853166628,42.07719415725744,1,777.8959363181413,2333.687808954424,697.8881706333256,44.154388314514875,1607.2786825508686,33730825.28044268,25298118.960332014,6023038.069009968,295130.4478798412,18751664.76334706,419504.18404919305,18979950.44344221,18456534.315467216,3.725290298461914e-09
40020.0,55.008341840073484,42.18938014850801,1,778.7034067683588,2336.1102203050764,700.1668368014697,44.378760297016015,1607.4977961223108,33917617.49796817,25438213.123476133,6064979.7493803855,297786.44234196126,18848108.24649465,421004.18404919305,19075446.931753796,18550321.804152694,1.1175870895385742e-08
40080.0,55.12197234334976,42.301564407588735,1,779.4960518281882,2338.4881554845647,702.4394468669952,44.60312881517747,1607.6791551444326,34104601.729659505,25578451.297244634,6107057.968304021,300455.89904619526,18944563.743790377,422504.18404919305,19170937.42989443,18644107.844744183,7.450580596923828e-09
40140.0,55.23529738264696,42.41374422550748,1,780.2738564068102,2340.8215692204303,704.7059476529392,44.82748845101496,1607.8227659052911,34291774.41560645,25718830.811704844,6149272.360818761,303138.81762213487,19041028.990146384,424004.18404919305,19266419.633263957,18737890.17252425,1.1175870895385742e-08
40200.0,55.34831430560755,42.52591689413749,1,781.0368056959467,2343.11041708784,706.966286112151,45.051833788274976,1607.928635398346,34479131.99231086,25859348.994233154,6191622.558775767,305835.1973743442,19137501.72087328,425504.18404919305,19361891.238083053,18831666.52349894,1.1175870895385742e-08
40260.0,55.46102046641419,42.6380797062679,1,781.7848851701431,2345.3546555104294,709.2204093282838,45.276159412535804,1607.9967713223443,34666670.89275455,26000003.16956592,6234108.190847285,308545.03728246654,19233979.67172243,427004.18404919305,19457349.94143618,18925434.634439968,1.1175870895385742e-08
40320.0,55.573413225839204,42.75022995565425,1,782.5180805870444,2347.554241761133,711.4682645167841,45.500459911308496,1608.0271820811934,34854387.546467185,26140790.6598504,6276728.882534534,311268.33600133733,19330460.578928284,428504.18404919305,19552793.44131454,19019192.24292695,1.1175870895385742e-08
40380.0,55.68548995129388,42.862364937068875,1,783.2363779876671,2349.7091339630015,713.7097990258776,45.72472987413775,1608.0198767838156,35042278.379594274,26281708.78469571,6319484.256175636,314005.09186110325,19426942.179250672,430004.18404919305,19648219.43665899,19112937.08738958,1.862645149230957e-08
40440.0,55.79724801687769,42.97448194635141,1,783.9397636966637,2351.819291089991,715.9449603375538,45.94896389270282,1607.974865243995,35230339.81496518,26422754.86122389,6362373.930953616,316755.3028673471,19523422.21001712,431504.18404919305,19743625.627402946,19206666.90714978,1.4901161193847656e-08
40500.0,55.908684803427356,43.0865782804592,1,784.6282243225844,2353.8846729677534,718.1736960685471,46.1731565609184,1607.8921579802065,35418568.27216127,26563926.204120956,6405397.522904454,319518.96670121903,19619898.409165103,433004.18404919305,19839009.7145153,19300379.44246389,1.862645149230957e-08
40560.0,56.01979769856582,43.19865123751769,1,785.3017467581312,2355.9052402743937,720.3959539713163,46.397302475035374,1607.7717662154355,35606960.16758404,26705220.12568803,6448554.644925201,322296.08071957366,19716368.515284352,434504.18404919305,19934369.400043275,19394072.434564788,1.862645149230957e-08
40620.0,56.13058409675109,43.31069811687082,1,785.9603181804077,2357.880954541223,722.6116819350218,46.621396233741635,1607.6137018769864,35795511.914523356,26846633.93589252,6491844.906782154,325086.64195511333,19812830.267659105,436004.18404919305,20029702.38715527,19487743.625704,1.862645149230957e-08
40680.0,56.24104139932485,43.42271621913139,1,786.6039260511637,2359.811778153491,724.820827986497,46.845432438262776,1607.41797759626,35984219.92322575,26988164.942419317,6535267.915119082,327890.6471165372,19909281.406310372,437504.18404919305,20125006.380183715,19581390.75919384,1.862645149230957e-08
40740.0,56.351167014561106,43.53470284623141,1,787.2325581170327,2361.697674351098,727.0233402912221,47.06940569246282,1607.1846067085437,36173080.60096276,27129810.450722072,6578823.273465521,330708.0925886966,20005719.672038145,439004.18404919305,20220279.084667876,19675011.57944946,2.2351741790771484e-08
40800.0,56.4609583577146,43.646655301472386,1,787.8462024097665,2363.5386072292995,729.2191671542921,47.29331060294477,1606.9136032527738,36362090.352099314,27271567.76407449,6622510.582245117,333538.9744327564,20102142.806463663,440504.18404919305,20315518.207396634,19768603.832030915,1.862645149230957e-08
40860.0,56.570412851069115,43.758570889575644,1,788.4448472464622,2365.3345417393866,731.4082570213823,47.51714177915129,1606.6049819712812,36551245.57816221,27413434.183621656,6666329.438784037,336383.2883863625,20198548.552071594,442004.18404919305,20410721.456451274,19862165.263685238,1.862645149230957e-08
40920.0,56.67952792398562,43.870446916732575,1,789.0284812297851,2367.0854436893555,733.5905584797124,47.74089383346515,1606.2587583095312,36740542.67790859,27555407.008431442,6710279.437319428,339241.0298638147,20294934.65225224,443504.18404919305,20505886.541248217,19955693.622388434,1.862645149230957e-08
40980.0,56.78830101295031,43.98228069065489,1,789.5970932481855,2368.7912797445565,735.7660202590063,47.96456138130978,1605.8749484158461,36929978.04739455,27697483.53554591,6754360.169007941,342112.19395624683,20391298.851343725,445004.18404919305,20601011.172581743,20049186.657387488,2.2351741790771484e-08
41040.0,56.89672956162256,44.094069520624814,1,790.1506724761102,2370.4520174283307,737.9345912324511,48.18813904124963,1605.453569141117,37119548.08004372,27839661.06003279,6798571.221934311,344996.77543181163,20487638.89467415,446504.18404919305,20696093.06266668,20142642.119242344,1.4901161193847656e-08
41100.0,57.00481102088262,44.2058107175453,1,790.6892083742085,2372.0676251226255,740.0962204176524,48.411621435090595,1604.9946380385002,37309249.166715935,27981936.875036947,6842912.18111999,347894.7687358725,20583952.52860373,448004.18404919305,20791129.92518111,20236057.75986787,2.2351741790771484e-08
41160.0,57.11254284887933,44.31750159399014,1,791.2126906895335,2373.6380720686,742.2508569775866,48.635003187980274,1604.4981733631046,37499077.69577595,28124308.271831963,6887382.628531842,350806.1679912011,20680237.50056694,449504.18404919305,20886119.475308944,20329431.332575753,2.2351741790771484e-08
41220.0,57.219922511077485,44.42913946425412,1,791.7211094557362,2375.1633283672086,744.3984502215496,48.85827892850824,1603.9641940716497,37689030.05316221,28266772.539871663,6931982.143090897,353730.96699818055,20776491.55911461,451004.18404919305,20981059.429782607,20422760.592116445,2.2351741790771484e-08
41280.0,57.32694748030531,44.54072164440311,1,792.2144549932563,2376.6433649797686,746.5389496061061,49.08144328880623,1603.392719822135,37879102.62245564,28409326.966841735,6976710.300681156,356669.15923501505,20872712.453956004,452504.18404919305,21075947.506925583,20516043.294721004,1.862645149230957e-08
41340.0,57.43361523680164,44.65224545232414,1,792.6927179095057,2378.0781537285175,748.6723047360329,49.304490904648276,1602.783770973479,38069291.784948505,28551968.83871138,7021566.674158454,359620.73785794567,20968897.93600091,454004.18404919305,21170781.426695004,20609277.19814298,2.2351741790771484e-08
41400.0,57.539923268263,44.76370820777536,1,793.1558890990483,2379.467667297145,750.7984653652601,49.52741641555072,1602.1373685851504,38259593.9197133,28694695.439784978,7066550.833359382,362585.6957014715,21065045.75740166,455504.18404919305,21265558.910724144,20702460.0617002,2.2351741790771484e-08
41460.0,57.645869069890516,44.875107232436115,1,793.6039597437721,2380.811879231316,752.9173813978103,49.75021446487223,1601.4535344167818,38450005.4036717,28837504.052753776,7111662.3451102665,365564.02527857746,21161153.67159516,457004.18404919305,21360277.682364948,20795589.64631659,1.4901161193847656e-08
41520.0,57.75145014443672,44.98643984995686,1,794.0369213130576,2382.110763939173,755.0290028887343,49.97287969991372,1600.732290927774,38640522.611663505,28980391.958747637,7156900.7732362,368555.7187809679,21257219.43334489,458504.18404919305,21454935.466730487,20888663.714563936,1.862645149230957e-08
41580.0,57.8566640022522,45.09770338600908,1,794.454765563941,2383.3642966918233,757.1332800450441,50.19540677201816,1599.9736612768875,38831141.91651572,29123356.4373868,7202265.678570135,371560.7680793056,21353240.798782885,460004.18404919305,21549529.99073737,20981680.03070359,1.1175870895385742e-08
41640.0,57.96150816133215,45.20889516833519,1,794.85748454127,2384.57245362381,759.230163226643,50.41779033667038,1599.1776693218185,39021859.689111546,29266394.766833667,7247756.618962023,374579.1647234581,21449215.525451664,461504.18404919305,21644058.983148202,21074636.36072822,1.862645149230957e-08
41700.0,58.06598014736265,45.32001252679837,1,795.2450705778557,2385.735211733567,761.3196029472531,50.640025053596744,1598.3443396187606,39212672.2984595,29409504.223844636,7293373.149288024,377610.8999427486,21545141.372346174,463004.18404919305,21738520.17461388,21167530.47240344,1.862645149230957e-08
41760.0,58.17007749376697,45.431052793432386,1,795.6175162946187,2386.852548883856,763.4015498753394,50.86210558686477,1597.4736974219566,39403576.11176256,29552682.08382193,7339114.821459755,380655.9646462136,21641016.09995567,464504.18404919305,21832911.297715977,21260360.135309473,1.4901161193847656e-08
41820.0,58.27379774175158,45.54201330249133,1,795.9748146007294,2387.924443802188,765.4759548350316,51.084026604982654,1596.5657686832355,39594567.4944873,29695925.620865483,7384981.184433608,383714.34942286636,21736837.4703056,466004.18404919305,21927230.087009024,21353123.12088275,1.4901161193847656e-08
41880.0,58.377138440352134,45.652891390499384,1,796.316958693743,2388.950876081229,767.5427688070426,51.30578278099877,1595.6205800515347,39785642.8104331,29839232.10782483,7430971.784220115,386786.04454196634,21832603.24699943,467504.18404919305,22021474.279062767,21445817.202457484,1.862645149230957e-08
41940.0,58.48009714647918,45.76368439630047,1,796.6439420597294,2389.931826179188,769.6019429295836,51.52736879260094,1594.6381588724105,39976798.421801366,29982598.81635103,7477086.163893373,389871.03995329473,21928311.19526047,469004.18404919305,22115641.61250438,21538440.155307192,1.862645149230957e-08
42000.0,58.58267142496385,45.87438966110792,1,796.9557584733965,2390.8672754201893,771.653428499277,51.74877932221584,1593.6185331875333,40168030.68926481,30126023.016948614,7523323.863600518,392969.3252874355,22023959.08197364,470504.18404919305,22209729.82806068,21630989.75668622,1.862645149230957e-08
42060.0,58.6848588486033,45.98500452855406,1,797.2524019982092,2391.7572059946274,773.697176972066,51.970009057108115,1592.5617317341746,40359335.97203672,30269501.979027543,7569684.420571256,396080.8898560629,22119544.675727237,472004.18404919305,22303736.668600243,21723463.785871193,1.862645149230957e-08
42120.0,58.78665699820602,46.09552634473976,1,797.5338669865024,2392.6016009595073,775.7331399641204,52.19105268947952,1591.467783944669,40550710.62794026,30413032.9709552,7616167.369127458,399205.72265223466,22215065.746854648,473504.18404919305,22397659.87917553,21815860.02420244,2.2351741790771484e-08
42180.0,58.88806346263711,46.20595245828394,1,797.8001480795886,2393.400444238766,777.7612692527423,52.41190491656788,1590.336719945888,40742151.01347785,30556613.260108393,7662772.240692789,402343.8123506913,22310520.067476045,475004.18404919305,22491497.20706493,21908176.255125374,1.862645149230957e-08
42240.0,58.9890758388632,46.316280220373066,1,798.0512402078593,2394.153720623578,779.781516777264,52.63256044074613,1589.1685705586629,40933653.4839005,30700240.112925384,7709498.563802412,405495.14730816113,22405905.41154002,476504.18404919305,22585246.40181483,22000410.264231883,1.4901161193847656e-08
42300.0,59.089691731997355,46.42650698481051,1,798.2871385908828,2394.8614157726483,781.7938346399471,52.85301396962102,1587.9633672972304,41125214.39327723,30843910.79495793,7756345.86411273,408659.71556367126,22501219.554865237,478004.18404919305,22678905.215281546,22092559.839301586,1.862645149230957e-08
42360.0,59.189908755343815,46.53663010806596,1,798.5078387374937,2395.523516212481,783.7981751068763,53.073260216131914,1586.7211423686433,41316830.09456444,30987622.57092334,7803313.664411196,411837.5048388647,22596460.275181983,479504.18404919305,22772471.4016733,22184622.77034314,1.862645149230957e-08
42420.0,59.28972453044254,46.6466469493247,1,798.713336445879,2396.140009337637,785.7944906088508,53.293293898649395,1585.4419286721775,41508496.93967539,31131372.704756554,7850401.484626161,415028.5025383235,22691625.35217375,481004.18404919305,22865942.717592087,22276596.84963545,1.862645149230957e-08
42480.0,59.38913668711362,46.75655487053692,1,798.9036278036591,2396.710883410977,787.7827337422724,53.51310974107383,1584.1257597987185,41700211.27954964,31275158.45966224,7897608.841836791,418232.69574989704,22786712.56751874,482504.18404919305,22959316.922075566,22368479.871768862,1.4901161193847656e-08
42540.0,59.48814286350152,46.86635123646688,1,799.0787091879605,2397.2361275638814,789.7628572700305,53.73270247293377,1582.7726700301437,41891969.464222506,31418977.098166887,7944935.250283024,421450.07124503725,22881719.70493133,484004.18404919305,23052591.77663884,22460269.633686315,1.4901161193847656e-08
42600.0,59.586740706119194,46.976033414742126,1,799.2385772654862,2397.715731796459,791.7348141223839,53.95206682948425,1581.3826943386841,42083767.84289455,31562825.88217092,7992380.221375589,424680.615479139,22976644.550203536,485504.18404919305,23145765.045316204,22551963.934724417,1.1175870895385742e-08
42660.0,59.684927869892,47.08559877590255,1,799.3832289925783,2398.1496869777347,793.69855739784,54.17119755180509,1579.9558683862774,42275602.76400113,31706702.073000856,8039943.263706074,427924.3145918868,23071484.89124639,487004.18404919305,23238834.49470291,22643560.576654527,1.4901161193847656e-08
42720.0,59.7827020182015,47.195044693449454,1,799.5126616152766,2398.5379848458297,795.6540403640299,54.39008938689891,1578.4922285239063,42467470.575281866,31850602.931461405,8087623.883057047,431181.15440760704,23166238.518131327,488504.18404919305,23331797.893996768,22735057.363723744,1.4901161193847656e-08
42780.0,59.880060822929046,47.3043685438946,1,799.6268726693703,2398.880618008111,797.6012164585809,54.608737087789194,1576.9918117909199,42659367.623850204,31994525.71788766,8135421.582412227,434451.12043562654,23260903.22313149,490004.18404919305,23424653.015039816,22826452.102695882,1.1175870895385742e-08
42840.0,59.977001964499266,47.41356770680908,1,799.7258599804458,2399.177579941337,799.5400392899853,54.827135413618166,1575.454655914349,42851290.25626295,32138467.692197215,8183335.861966714,437734.19787063636,23355476.800763004,491504.18404919305,23517397.632359885,22917742.602892395,2.2351741790771484e-08
42900.0,60.073523131923345,47.52263956487227,1,799.8096216639273,2399.4288649917817,801.4704626384669,55.04527912974454,1573.8807993082046,43043234.81858984,32282426.11394238,8231366.219137267,441030.3715930624,23449957.047826257,493004.18404919305,23610029.523212068,23008926.676233217,1.4901161193847656e-08
42960.0,60.16962202284216,47.6315815039206,1,799.878156125113,2399.634468375339,803.3924404568432,55.2631630078412,1572.2702810727637,43235197.65648308,32426398.242362313,8279512.148572628,444339.6261694408,23544341.763447046,494504.18404919305,23702546.467620254,23100002.13727762,7.450580596923828e-09
43020.0,60.26529634356925,47.74039091299638,1,799.9314620592056,2399.7943861776166,805.3059268713849,55.480781825992764,1570.623140993837,43427175.11524695,32570381.336435214,8327773.14216391,447661.94585280004,23638628.749117758,496004.18404919305,23794946.248418514,23190966.803264976,1.1175870895385742e-08
43080.0,60.36054380913362,47.84906518439648,1,799.969538451337,2399.908615354011,807.2108761826723,55.69813036879296,1568.9394195420368,43619163.539907366,32714372.65493053,8376148.689055027,450997.31458304846,23732815.80873849,497504.18404919305,23887226.65129246,23281818.494155455,7.450580596923828e-09
43140.0,60.45536214332241,47.95760171372097,1,799.9923845765876,2399.977153729763,809.1072428664482,55.91520342744194,1567.2191578720208,43811159.27528147,32858369.456461105,8424638.27565318,454345.71598736773,23826900.74865808,499004.18404919305,23979385.464820564,23372555.03267073,7.450580596923828e-09
43200.0,60.54974907872334,48.06599789992174,1,800.0,2400.0,810.9949815744667,56.13199579984348,1565.4623978217203,44003158.66604721,33002368.99953541,8473241.385639384,457707.133380612,23920881.377715167,500504.18404919305,24071420.480515424,23463174.244334575,7.450580596923828e-09
43260.0,60.643702356766966,48.174251145351,1,799.9923845765876,2399.977153729763,812.8740471353393,56.348502290702,1563.669181911562,44195158.05681295,33146368.542609718,8521957.49997907,461081.54976571345,24014755.50727913,502004.18404919305,24163329.49286494,23553673.957513437,3.725290298461914e-09
43320.0,60.73721972776894,48.28235885580977,1,799.969538451337,2399.908615354011,814.7443945553788,56.56471771161954,1561.8395533436799,44387153.79218705,33290365.344140295,8570786.096932705,464468.9478340928,24108520.951291043,503504.18404919305,24255110.2993735,23644052.003456965,3.725290298461914e-09
43380.0,60.83029895097194,48.390318440596246,1,799.9314620592056,2399.7943861776166,816.6059790194388,56.78063688119249,1559.9735560011115,44579142.21684747,33434356.662635606,8619726.652066492,467869.3099660762,24202175.526304524,505004.18404919305,24346760.70060304,23734306.216338463,3.725290298461914e-09
43440.0,60.9229377945874,48.498127312554175,1,799.878156125113,2399.634468375339,818.458755891748,56.99625462510835,1558.0712344469662,44771119.67561134,33578339.75670851,8668778.638263097,471282.61823131796,24295717.051526587,506504.18404919305,24438278.500214104,23824434.43329529,1.1175870895385742e-08
43500.0,61.01513403583725,48.60578288812106,1,799.8096216639273,2399.4288649917817,820.302680716745,57.211565776242125,1556.1326339236098,44963082.51350458,33722311.885128446,8717941.52573245,474708.8543892287,24389143.34885842,508004.18404919305,24529661.505006764,23914434.494469207,-3.725290298461914e-09
43560.0,61.10688546099533,48.71328258737644,1,799.7258599804458,2399.177579941337,822.1377092199066,57.42656517475288,1554.1578003518086,45155027.07583147,33866270.306873605,8767214.782022564,478147.99988940964,24482452.242936097,509504.18404919305,24620907.524961635,24004304.243046705,7.450580596923828e-09
43620.0,61.19818986542868,48.82062383408996,1,799.6268726693703,2398.880618008111,823.9637973085736,57.641247668179915,1552.1467803298758,45346949.70824421,34010212.28118317,8816597.87203044,481600.03587209235,24575641.561171282,511004.18404919305,24712014.373280633,24094041.525299203,-3.725290298461914e-09
43680.0,61.28904505363868,48.92780405576945,1,799.5126616152766,2398.5379848458297,825.7809010727736,57.8556081115389,1550.0996211328015,45538846.75681255,34154135.06760942,8866090.258012997,485064.9431685848,24668709.133791827,512504.18404919305,24802979.866427843,24183644.19062326,0.0
43740.0,61.379448839302,49.034820683708936,1,799.3832289925783,2398.1496869777347,827.58897678604,58.06964136741787,1548.0163707113702,45730714.568093285,34298035.926069975,8915691.399598047,488542.7023017223,24761652.793882377,514004.18404919305,24893801.824170202,24273110.09158067,-3.725290298461914e-09
43800.0,61.46939904531136,49.141671153036555,1,799.2385772654862,2397.715731796459,829.3879809062273,58.28334230607311,1545.8970776912608,45922549.48919987,34441912.11689991,8965400.753795352,492033.29348632524,24854470.37742487,515504.18404919305,24984478.069618233,24362437.08393856,3.725290298461914e-09
43860.0,61.55889350381616,49.248352902762385,1,799.0787091879605,2397.2361275638814,831.1778700763232,58.49670580552477,1543.741791372143,46114347.86787192,34585760.90090395,9015217.775007686,495536.6966296618,24947159.723339003,517004.18404919305,25075006.429266594,24451623.02670935,-3.725290298461914e-09
43920.0,61.64793005626284,49.354863375826255,1,798.9036278036591,2396.710883410977,832.9586011252568,58.70972675165251,1541.5505617267472,46306106.05254478,34729579.539408594,9065141.915041978,499052.89133191644,25039718.67352265,518504.18404919305,25165384.733034693,24540665.78219075,-1.1175870895385742e-08
43980.0,61.736506553435234,49.46120001914543,1,798.713336445879,2396.140009337637,834.7301310687046,58.92240003829086,1539.3234393999412,46497820.392419025,34873365.29431428,9115172.623120496,502581.8568866649,25132145.072892234,520004.18404919305,25255610.81430711,24629563.21600558,-1.1175870895385742e-08
44040.0,61.82462085549454,49.56736028366226,1,798.5078387374937,2395.523516212481,836.4924171098908,59.13472056732452,1537.0604757077674,46689487.237529986,35017115.428147495,9165309.345892066,506123.5722813538,25224436.76942299,521504.18404919305,25345682.50997407,24718313.19714165,-7.450580596923828e-09
44100.0,61.9122708320193,49.673341624391696,1,798.2871385908828,2394.8614157726483,838.2454166403861,59.34668324878339,1534.7617226365016,46881102.938817196,35160827.2041129,9215551.527443359,509678.01619778684,25316591.614189237,523004.18404919305,25435597.66047175,24806913.59799146,-1.1175870895385742e-08
44160.0,61.99945436204508,49.77914150046883,1,798.0512402078593,2394.153720623578,839.9890872409015,59.558283000937664,1532.4272328416612,47072663.84819392,35304497.88614544,9265898.609310202,513245.1670126161,25408607.46140455,524504.184049193,25525354.10982262,24895362.294391945,-3.725290298461914e-09
44220.0,62.08616933410398,49.884757375196244,1,797.8001480795886,2393.400444238766,841.7233866820795,59.76951475039249,1530.0570596470297,47264166.31861658,35448124.738962434,9316350.030488968,516825.0027978397,25500482.168461893,526004.184049193,25614949.70567562,24983657.165664062,-7.450580596923828e-09
44280.0,62.17241364626406,49.99018671609136,1,797.5338669865024,2392.6016009595073,843.4482729252812,59.980373432182716,1527.6512570436569,47455606.70415417,35591705.02811562,9366905.22744798,520417.50132130424,25592213.595973674,527504.184049193,25704382.29934634,25071796.094652377,0.0
44340.0,62.258185206168484,50.09542699493367,1,797.2524019982092,2391.7572059946274,845.1637041233697,60.190853989867335,1525.2098796888458,47646981.36005771,35735236.020043276,9417563.634138985,524022.64004721376,25683799.607811756,529004.184049193,25793649.74585707,25159776.967764545,-3.725290298461914e-09
44400.0,62.343481931074486,50.200475687811924,1,796.9557584733965,2390.8672754201893,846.8696386214897,60.40095137562385,1522.7329829051253,47838286.64282962,35878714.982122205,9468324.68200867,527640.396136644,25775238.071147412,530504.184049193,25882749.903976884,25247597.675010767,-7.450580596923828e-09
44460.0,62.42830174789229,50.3053302751712,1,796.6439420597294,2389.931826179188,848.5660349578459,60.6106605503424,1520.2206226792246,48029518.910293065,36022139.1827198,9519187.800010215,531270.746448062,25866526.856491186,532004.184049193,25971680.636261508,25335256.110043123,-1.1175870895385742e-08
44520.0,62.51264259322361,50.4099882418599,1,796.3169586937431,2388.9508760812296,850.2528518644722,60.8199764837198,1517.6728556610092,48220674.521661334,36165505.891246,9570152.414614903,534913.6675378523,25957663.837732732,533504.184049193,26060439.80909323,25422750.170194875,-1.4901161193847656e-08
44580.0,62.59650241340019,50.51444707717668,1,795.9748146007294,2387.924443802188,851.9300482680037,61.02889415435337,1515.0897391624273,48411749.83760713,36308812.378205344,9621217.949823774,538569.1356608476,26048646.89218056,535004.184049193,26149025.292720713,25510077.75651971,-7.450580596923828e-09
44640.0,62.679879164522035,50.6187042749173,1,795.6175162946187,2386.852548883856,853.5975832904408,61.2374085498346,1512.4713311564337,48602741.22033187,36452055.91524889,9672383.827179326,542237.1267708658,26139473.90060173,536504.184049193,26237434.961298693,25597236.77383086,-7.450580596923828e-09
44700.0,62.762770812495525,50.72275733342135,1,795.2450705778557,2385.735211733567,855.2554162499105,61.4455146668427,1509.8176902759017,48793645.03363493,36595233.77522618,9723649.465777252,545917.6165212522,26230142.747261498,538004.184049193,26325666.69292768,25684225.130740248,0.0
44760.0,62.84517533307127,50.82660375561892,1,794.85748454127,2384.57245362381,856.9035066614254,61.65320751123784,1507.1288758125245,48984457.642982885,36738343.23223715,9775014.282278238,549610.5802654284,26320651.31996284,539504.184049193,26413718.369693484,25771040.739697415,0.0
44820.0,62.92709071188185,50.93024104907722,1,794.454765563941,2383.3642966918233,858.541814237637,61.860482098154435,1504.4049477157012,49175175.41557871,36881381.56168403,9826477.690919798,553315.9930574449,26410997.510085993,541004.184049193,26501587.877706785,25857681.517028555,0.0
44880.0,63.00851494447933,51.03366672604702,1,794.0369213130576,2382.110763939173,860.1702988895865,62.06733345209403,1501.645966591412,49365794.720430925,37024346.04032319,9878039.103528151,557033.8296525411,26501179.21262784,542504.184049193,26589273.107142497,25944145.382975306,-3.725290298461914e-09
44940.0,63.08944603637256,51.136878303509086,1,793.603959743772,2380.8118792313157,861.7889207274511,62.27375660701817,1498.8519937010792,49556311.928422734,37167233.94631705,9929697.92953015,560764.0645077096,26591194.326241303,544004.184049193,26676771.952279184,26030430.261733595,-3.725290298461914e-09
45000.0,63.16988200306442,51.23987330322053,1,793.1558890990484,2379.4676672971455,863.3976400612885,62.479746606441054,1496.0230909604245,49746723.41238113,37310042.55928584,9981453.575965246,564506.6717822669,26681040.753274627,545504.184049193,26764082.311538327,26116534.08149236,0.0
45060.0,63.24982087008864,51.34264925176097,1,792.6927179095057,2378.0781537285175,864.9964174017728,62.685298503521935,1493.1593209382902,49937025.547145925,37452769.160359435,10033305.447497519,568261.6253384291,26770716.39981059,547004.184049193,26851202.087523498,26202454.77447217,7.450580596923828e-09
45120.0,63.32926067304667,51.44520368057869,1,792.2144549932563,2376.6433649797686,866.5852134609333,62.890407361157386,1490.260746855484,50127214.70963879,37595411.03222908,10085252.946427714,572028.898741894,26860219.17570567,548504.184049193,26938129.18705949,26288190.27696379,1.4901161193847656e-08
45180.0,63.40819945764423,51.54753412603674,1,791.7211094557362,2375.1633283672086,868.1639891528846,63.095068252073474,1487.3274325835794,50317287.27893222,37737965.45919916,10137295.472705366,575808.4652624271,26949546.994629126,550004.184049193,27024861.521231376,26373738.529366713,7.450580596923828e-09
45240.0,63.48663527972767,51.64963812945881,1,791.2126906895335,2373.6380720686,869.7327055945534,63.299276258917615,1484.3594426437155,50507239.63631848,37880429.727238856,10189432.423940934,579600.2978744548,27038697.774102002,551504.184049193,27111397.00542348,26459097.476227563,1.1175870895385742e-08
45300.0,63.56456620532021,51.75151323717514,1,790.6892083742085,2372.0676251226255,871.2913241064042,63.50302647435028,1481.356842205392,50697068.165378496,38022801.12403387,10241663.195417995,583404.3692576622,27127669.435536068,553004.184049193,27197733.55935822,26544265.066278417,7.450580596923828e-09
45360.0,63.64199031065792,51.853157000568295,1,790.1506724761102,2370.4520174283307,872.8398062131583,63.70631400113659,1478.3196970852384,50886769.25205071,38165076.93903803,10293987.18010548,587220.6517975971,27216459.90427268,554504.184049193,27283869.107134964,26629239.252475094,7.450580596923828e-09
45420.0,63.718905682225476,51.9545669761188,1,789.5970932481855,2368.7912797445565,874.3781136445095,63.909133952237596,1475.2480737457772,51076339.28469988,38307254.46352491,10346403.768669944,591049.117586278,27305067.109621577,556004.184049193,27369801.577268697,26714017.992035314,1.1175870895385742e-08
45480.0,63.79531041679187,52.05574072545072,1,789.0284812297851,2367.0854436893555,875.9062083358374,64.11148145090144,1472.1420392941804,51265774.65418584,38449330.99063938,10398912.349487899,594889.7384228099,27393488.984899595,557504.184049193,27455528.902728677,26798599.2464768,7.450580596923828e-09
45540.0,63.87120262144577,52.156675815377184,1,788.4448472464622,2365.3345417393866,877.4240524289154,64.31335163075437,1469.0016614810004,51455071.75393222,38591303.81544917,10451512.308658158,598742.4858140029,27481723.467469312,559004.184049193,27541049.020977013,26882980.981655326,3.725290298461914e-09
45600.0,63.94658041363073,52.25736981794572,1,787.8462024097665,2363.5386072292995,878.9316082726145,64.51473963589144,1465.8270086988994,51644226.97999511,38733170.23499633,10504203.030014256,602607.330974999,27569768.498777606,560504.184049193,27626359.874007083,26967161.167802624,3.725290298461914e-09
45660.0,64.02144192118027,52.35782031048356,1,787.2325581170327,2361.697674351098,880.4288384236054,64.71564062096712,1462.6181499813672,51833236.731131665,38874927.548348755,10556983.895136893,606484.2448299016,27657622.024394143,562004.184049193,27711459.40838196,27051137.779564258,0.0
45720.0,64.09578528235267,52.45802487564282,1,786.6039260511637,2359.811778153491,881.9157056470533,64.91604975128564,1459.3751550014144,52022097.40886868,39016573.05665151,10609854.283366414,610373.1980124128,27745281.994049795,563504.184049193,27796345.575272687,27134908.7960374,0.0
45780.0,64.16960864586558,52.55798110144558,1,785.9603181804077,2357.880954541223,883.3921729173117,65.11596220289115,1456.0980940702682,52210805.417571075,39158104.06317831,10662813.571815351,614274.1608664744,27832746.36167496,565004.184049193,27881016.330496486,27218472.200808503,0.0
45840.0,64.2429101709306,52.657686581328875,1,785.3017467581312,2355.9052402743937,884.858203418612,65.31537316265775,1452.7870381360563,52399357.16451039,39299517.87338279,10715861.135380989,618187.1034469155,27920013.085437834,566504.184049193,27965469.6345549,27301825.98199094,1.4901161193847656e-08
45900.0,64.31568802728728,52.757138914189575,1,784.6282243225844,2353.8846729677534,886.3137605457456,65.51427782837915,1449.442058782452,52587749.059933156,39440811.79494987,10768996.346757978,622111.995520105,28007080.12778257,568004.184049193,28049703.452671792,27384968.132262483,7.450580596923828e-09
45960.0,64.38794039523732,52.85633570442916,1,783.9397636966637,2351.819291089991,887.7588079047464,65.71267140885833,1446.063228227343,52775977.51712924,39581983.13784693,10822218.57645099,626048.8065646088,28093945.455467373,569504.184049193,28133715.75483134,27467896.64890278,7.450580596923828e-09
46020.0,64.45966546567836,52.95527456199842,1,783.2363779876671,2349.7091339630015,889.1933093135672,65.91054912399684,1442.6506193214636,52964038.95250016,39723029.214375116,10875527.192787416,629997.5057718537,28180607.03960251,571004.184049193,28217504.515815854,27550609.53383068,7.450580596923828e-09
46080.0,64.53086144013768,53.05395310244196,1,782.5180805870444,2347.554241761133,890.6172288027537,66.10790620488392,1439.204305547044,53151929.785627246,39863947.33922043,10928921.561930098,633958.0620467959,28267062.855688255,572504.184049193,28301067.715243544,27633104.793641478,1.1175870895385742e-08
46140.0,64.60152653080557,53.152368946942744,1,781.7848851701431,2345.3546555104294,892.0305306161115,66.30473789388549,1435.7243610163985,53339646.439339876,40004734.82950491,10982401.047890102,637930.4440085945,28353310.88365271,574004.184049193,28384403.337606218,27715380.439644136,1.1175870895385742e-08
46200.0,64.67165896056852,53.25051972236642,1,781.0368056959467,2343.11041708784,893.4331792113704,66.50103944473284,1432.2108604705434,53527185.33978357,40145389.00483768,11035965.012539541,641914.6199912913,28439349.107889596,575504.184049193,28467509.372306854,27797434.487898327,1.1175870895385742e-08
46260.0,64.74125696304237,53.348403061305554,1,780.2738564068102,2340.8215692204303,894.8251392608474,66.69680612261111,1428.6638792777972,53714542.916487984,40285907.18736599,11089612.815624423,645910.5580444953,28525175.517295916,577004.184049193,28550383.81369708,27879264.959251445,1.4901161193847656e-08
46320.0,64.81031878260505,53.44601660212381,1,779.4960518281881,2338.4881554845642,896.2063756521011,66.89203320424762,1425.0834934323473,53901715.602434926,40426286.7018262,11143343.81477755,649918.2259340719,28610788.105309557,578504.184049193,28633024.66111458,27960869.879375506,3.725290298461914e-09
46380.0,64.87884267442921,53.54335798899998,1,778.7034067683588,2336.1102203050764,897.5768534885842,67.08671597799996,1421.4697795528252,54088699.834126264,40566524.8755947,11197157.36553145,653937.5911428394,28696184.869946796,580004.184049193,28715429.91892042,28042247.27880398,1.4901161193847656e-08
46440.0,64.9468269045147,53.640424871971874,1,777.8959363181413,2333.687808954424,898.9365380902939,67.28084974394375,1417.8228148808696,54275492.05165176,40706619.03873882,11251052.821331356,657968.6208712679,28781363.81383973,581504.184049193,28797597.596536208,28123395.192968488,1.4901161193847656e-08
46500.0,65.01426974972074,53.73721490698019,1,777.0736558506092,2331.2209675518275,900.2853949944148,67.47442981396038,1414.1426772796644,54462088.69875684,40846566.524067625,11305029.533548204,662011.2820381862,28866322.9442736,583004.184049193,28879525.70848125,28204311.66223544,1.4901161193847656e-08
46560.0,65.08116949779792,53.83372575591219,1,776.2365810207972,2328.7097430623917,901.6233899559584,67.66745151182438,1410.4294452324698,54648486.22291032,40986364.667182736,11359086.851491703,666065.5412814921,28951060.273224052,584504.184049193,28961212.27440956,28284994.73194259,1.862645149230957e-08
46620.0,65.14752444742003,53.929955086645286,1,775.3847277654036,2326.1541832962107,902.9504889484006,67.85991017329057,1406.6831978411522,54834681.075372025,41126010.806529015,11413224.122423407,670131.3649588691,29035573.817394298,586004.184049193,29042655.31914676,28365442.45243546,1.862645149230957e-08
46680.0,65.21333290821563,54.025900573090546,1,774.5181123024862,2323.5543369074585,904.2666581643127,68.05180114618109,1402.9040148246859,55020669.71126036,41265502.28344527,11467440.69156985,674208.7191485073,29119861.598252174,587504.184049193,29123852.872726932,28445652.879103698,2.2351741790771484e-08
46740.0,65.27859320079948,54.12155989523604,1,773.6367511311546,2320.910253393464,905.5718640159896,68.24311979047208,1399.091976517655,55206448.5896198,41404836.44221485,11521735.902135707,678297.5696498307,29203921.642067134,589004.184049193,29204802.970429324,28525624.07241733,1.4901161193847656e-08
46800.0,65.34330365680361,54.21693073919012,1,772.7406610312546,2318.221983093764,906.8660731360723,68.43386147838024,1395.247163868732,55392014.17348829,41544010.63011621,11576109.095317002,682397.8819842282,29287751.979947142,590504.184049193,29285503.65281499,28605354.09796294,1.1175870895385742e-08
46860.0,65.40746261890848,54.31201079722451,1,771.8298590630503,2315.489577189151,908.1492523781696,68.62402159444902,1391.36965843917,55577362.92996459,41683022.19747344,11630559.610314343,686509.6213957912,29371350.647875458,592004.184049193,29365952.96576332,28684841.02647969,1.862645149230957e-08
46920.0,65.47106844087357,54.40679776781738,1,770.9043625668984,2312.7130877006953,909.4213688174714,68.81359553563476,1387.4595424012455,55762491.330275565,41821868.497706674,11685086.784346195,690632.752852056,29454715.686747365,593504.184049193,29446148.960508436,28764082.93389533,1.1175870895385742e-08
46980.0,65.53411948756803,54.501289355696215,1,769.9641891629178,2309.8925674887532,910.6823897513607,69.00257871139243,1383.516898536726,55947395.84984333,41960546.88738249,11739689.952662198,694767.2410447503,29537845.14240677,595004.184049193,29526089.693675555,28843077.901362035,1.1175870895385742e-08
47040.0,65.59661413500102,54.595483271880624,1,769.0093567506551,2307.0280702519653,911.9322827000203,69.19096654376125,1379.5418102352974,56132072.96835236,42099054.72626427,11794368.448556518,698913.0503905468,29620737.065682728,596504.184049193,29605773.227317218,28921824.0152922,1.4901161193847656e-08
47100.0,65.65855077035171,54.689377233724976,1,768.039883508743,2304.1196505262287,913.1710154070342,69.37875446744995,1375.5343614929923,56316519.16981653,42237389.37736239,11849121.603381231,703070.1450318196,29703389.51242588,598004.184049193,29685197.628949355,29000319.36739408,1.4901161193847656e-08
47160.0,65.71992779199942,54.78296896496099,1,767.0557878945544,2301.167363683663,914.3985558399885,69.56593792992199,1371.4946369106192,56500730.942646034,42375548.20698453,11903948.746559747,707238.4888374078,29785800.543544777,599504.184049193,29764360.971587382,29078562.05470739,7.450580596923828e-09
47220.0,65.78074360955316,54.87625619574015,1,766.0570886438516,2298.1712659315544,915.6148721910631,69.7525123914803,1367.422721692151,56684704.77971426,42513528.58478569,11958849.205600258,711418.0454033832,29867968.225042123,601004.184049193,29843261.33378206,29156550.179638762,7.450580596923828e-09
47280.0,65.84099664388113,54.96923666267598,1,765.0438047704284,2295.1314143112854,916.8199328776225,69.93847332535196,1363.318701643125,56868437.17842452,42651327.88381839,12013822.306109248,715608.778053823,29949890.62805092,602504.184049193,29921896.79965534,29234281.84999712,2.60770320892334e-08
47340.0,65.90068532714012,55.061908108886286,1,764.0159555657493,2292.047866697248,918.0137065428025,70.12381621777257,1359.1826631690312,57051924.64077682,42788943.48058261,12068867.371805009,719810.6498415878,30031565.828870494,604004.184049193,30000265.45893604,29311755.179028936,2.60770320892334e-08
47400.0,65.95980810280447,55.15426828403516,1,762.9735605985816,2288.9206817957447,919.1961620560894,70.30853656807032,1355.0146932736716,57235163.673434354,42926372.75507576,12123983.724531211,724023.6235491046,30112991.909002475,605504.184049193,30078365.40699546,29388968.285453394,1.4901161193847656e-08
47460.0,66.01836342569496,55.24631494437499,1,761.9166397146226,2285.749919143868,920.3672685138991,70.49262988874997,1350.8148795575241,57418150.78779007,43063613.090842545,12179170.684270494,728247.661689155,30194166.955186617,607004.184049193,30156194.74488291,29465919.293497488,1.4901161193847656e-08
47520.0,66.07634976200747,55.33804585278819,1,760.8452130361229,2282.5356391083687,921.5269952401493,70.67609170557638,1346.583310216097,57600882.50003307,43200661.8750248,12234427.56915811,732482.7265056686,30275089.05943657,608504.184049193,30233751.579361036,29542606.332930926,1.1175870895385742e-08
47580.0,66.13376558934131,55.42945877882897,1,759.7593009615016,2279.277902884505,922.6753117868261,70.85891755765795,1342.3200740382467,57783355.33121498,43337516.49841123,12289753.695495583,736728.7799745204,30355756.319075517,610004.184049193,30311034.022941142,29619027.539101023,1.4901161193847656e-08
47640.0,66.19060939672755,55.520551498764874,1,758.6589241649596,2275.976772494879,923.812187934551,71.04110299752975,1338.0252604045197,57965565.80731611,43474174.35548708,12345148.377764411,740985.7838043344,30436166.83677174,611504.184049193,30388040.193918347,29695181.052967433,1.4901161193847656e-08
47700.0,66.24687968465695,55.61132179561817,1,757.5441035960846,2272.6323107882536,924.937593693139,71.22264359123633,1333.6989592854627,58147510.45931164,43610632.84448373,12400610.928639807,745253.6994372916,30516318.720574055,613004.184049193,30464768.21640664,29771065.021136787,3.725290298461914e-09
47760.0,66.30257496510771,55.70176745920724,1,756.4148604794534,2269.24458143836,926.0514993021542,71.40353491841448,1329.3412612399188,58329185.82323768,43746889.36742826,12456140.659004457,749532.488049943,30596210.083947167,614504.184049193,30541216.22037387,29846677.595897254,1.1175870895385742e-08
47820.0,66.3576937615731,55.79188628618771,1,755.2712163142274,2265.8136489426824,927.153875231462,71.58377257237542,1324.952257413328,58510588.44025716,43882941.33019287,12511736.877962332,753822.1105540277,30675839.045806926,616004.184049193,30617382.341676522,29922016.935252927,1.1175870895385742e-08
47880.0,66.4122346090887,55.88167608009353,1,754.1131928737426,2262.3395786212277,928.244692181774,71.76335216018705,1320.5320395359945,58691714.85672576,44018786.142544314,12567398.892852515,758122.5275972958,30755203.730555456,617504.184049193,30693264.72209452,29997081.20295819,1.862645149230957e-08
47940.0,66.46619605425963,55.97113465137787,1,752.9408122050966,2258.82243661529,929.3239210851925,71.94226930275573,1316.0806999213726,58872561.62425758,44154421.21819318,12623126.009263068,762433.699564336,30834302.268116206,619004.184049193,30768861.509365793,30071868.568551898,1.862645149230957e-08
48000.0,66.51957665528728,56.06025981745394,1,751.7540966287268,2255.26228988618,930.3915331057456,72.12051963490788,1311.598331464301,59053125.29979087,44289843.97484314,12678917.531044941,766755.5865774088,30913132.79396888,620504.184049193,30844170.857220802,30146377.207391493,1.4901161193847656e-08
48060.0,66.57237498199625,56.149049402735656,1,750.5530687379874,2251.659206213962,931.4474996399249,72.29809880547131,1307.085027639278,59233402.4456535,44425051.83424011,12734772.76032589,771088.1484972838,30991693.44918427,622004.184049193,30919190.92541695,30220605.300687008,1.4901161193847656e-08
48120.0,66.62458961586051,56.23750123867814,1,749.3377513987181,2248.0132541961543,932.4917923172103,72.47500247735628,1302.5408824986694,59413389.629628494,44560042.22222136,12790690.997524453,775431.3449240824,31069982.38045899,623504.184049193,30993919.879772834,30294551.035534926,1.1175870895385742e-08
48180.0,66.67621915002985,56.32561316381815,1,748.1081677488095,2244.3245032464283,933.524383000597,72.6512263276363,1297.9659906709476,59593083.42501931,44694812.56876447,12846671.541363936,779785.1351981249,31147997.74015008,625004.184049193,31068355.89220242,30368212.60495197,7.450580596923828e-09
48240.0,66.72726218935586,56.413383023814305,1,746.8643411977614,2240.593023593284,934.5452437871171,72.82676604762861,1293.3604473589103,59772480.4107151,44829360.30803632,12902713.688886447,784149.4784007834,31225737.686309528,626504.184049193,31142497.140749093,30441588.207908757,3.725290298461914e-09
48300.0,66.77771735041767,56.50080867148727,1,745.6062954262388,2236.8188862787165,935.5543470083535,73.00161734297454,1288.7243483378725,59951577.17125587,44963682.87844189,12958816.735466944,788524.3333553377,31303200.38271868,628004.184049193,31216341.809619624,30514676.04936336,1.1175870895385742e-08
48360.0,66.82758326154753,56.5878879668597,1,744.3340543856197,2233.002163156859,936.5516652309507,73.1757759337194,1284.0577899538544,60130370.29689745,45097777.72267308,13014979.974827334,792909.6586278385,31380383.998922523,629504.184049193,31289888.08921792,30587474.340294708,1.1175870895385742e-08
48420.0,66.87685856285623,56.6746187771961,1,743.0476422975395,2229.1429268926186,937.5371712571246,73.3492375543922,1279.3608691217796,60308856.383676454,45231642.28775734,13071202.699050587,797305.412527973,31457286.710263893,631004.184049193,31363134.176178783,30659981.29773594,7.450580596923828e-09
48480.0,66.9255419062581,56.760998977042604,1,741.74708365343,2225.24125096029,938.5108381251621,73.52199795408521,1274.6336833236237,60487032.03347507,45365274.025106296,13127484.198594883,801711.5531099362,31533906.69791753,632504.184049193,31436078.27340149,30732195.144807618,1.4901161193847656e-08
48540.0,66.9736319554961,56.84702644826648,1,740.4324032140532,2221.29720964216,939.472639109922,73.69405289653297,1269.8763306065941,60664893.85408576,45498670.390564315,13183823.762307797,806128.0381733084,31610242.148924064,634004.184049193,31508718.590083223,30804114.11075078,1.1175870895385742e-08
48600.0,67.0211273861663,56.932699080095645,1,739.1036260090294,2217.310878027088,940.422547723326,73.86539816019129,1265.08890958126,60842438.45927584,45631828.84445688,13240220.677440502,810554.8252639344,31686291.25622387,635504.184049193,31581053.341752455,30875736.43095996,1.1175870895385742e-08
48660.0,67.06802688574244,57.01801476915792,1,737.7607773363613,2213.282332009084,941.3605377148488,74.03602953831584,1260.2715194196985,61019662.46885196,45764746.85163897,13296674.229662014,814991.8716748108,31762052.218690805,637004.184049193,31653080.75030216,30947060.34701602,1.1175870895385742e-08
48720.0,67.11432915360022,57.10297141952023,1,736.4038827619523,2209.211648285857,942.2865830720045,74.20594283904046,1255.4242598536312,61196562.50872444,45897421.88154333,13353183.703073451,819439.1344469745,31837523.241165858,638504.184049193,31724799.044022918,31018084.106718913,1.1175870895385742e-08
48780.0,67.16003290104115,57.18756694272762,1,735.0329681191186,2205.0989043573554,943.200658020823,74.37513388545524,1250.5472311725164,61373135.21097151,46029851.408228636,13409748.380222341,823896.5703703994,31912702.53449066,640004.184049193,31796206.45763591,31088805.96412029,1.4901161193847656e-08
48840.0,67.20513685131644,57.271799257842126,1,733.6480595080992,2200.9441785242975,944.1027370263288,74.54359851568425,1245.6405342216788,61549377.21390345,46162032.91042759,13466367.54211694,828364.1359848953,31987588.315540887,641504.184049193,31867301.232325763,31159224.179556016,3.725290298461914e-09
48900.0,67.24963973965053,57.35566629148157,1,732.2491832955577,2196.7475498866734,944.9927947930107,74.71133258296314,1240.704270400388,61725285.16212656,46293963.87159493,13523040.46824058,832841.7875810125,32062178.807259575,643004.184049193,31938081.61577335,31229337.019678593,1.4901161193847656e-08
48960.0,67.29354031326442,57.439165977858075,1,730.8363661140808,2192.5090983422424,945.8708062652884,74.87833195571615,1235.738541659955,61900855.70660709,46425641.77995533,13579766.436566066,837329.4812009502,32136472.238690276,644504.184049193,32008545.862188317,31299142.75748935,7.450580596923828e-09
49020.0,67.33683733139873,57.52229625881662,1,729.4096348616707,2188.228904585012,946.7367466279745,75.04459251763323,1230.7434505017964,62076085.50473494,46557064.128551215,13636544.723570077,841827.1726394714,32210466.845010143,646004.184049193,32078692.232341673,31368639.67237069,7.450580596923828e-09
49080.0,67.37952956533655,57.605055083873275,1,727.9690167012346,2183.907050103704,947.5905913067311,75.21011016774655,1225.7190999754953,62250971.22038734,46688228.41529052,13693374.604247598,846334.8174448198,32284160.867562857,647504.184049193,32148518.993598107,31437826.05011806,7.450580596923828e-09
49140.0,67.42161579842619,57.68744041025342,1,726.514539060065,2179.543617180195,948.4323159685238,75.37488082050685,1220.6655936768648,62425509.52399237,46819132.142994285,13750255.352126397,850852.3709196437,32357552.55389148,649004.184049193,32218024.419948254,31506700.18297186,1.1175870895385742e-08
49200.0,67.46309482610353,57.76945020292975,1,725.04622962932,2175.13868888796,949.2618965220706,75.5389004058595,1215.5830357459922,62599697.0925923,46949772.81944423,13807186.239281507,855379.7881219222,32430640.157771163,650504.184049193,32287206.79204082,31575260.36964927,1.862645149230957e-08
49260.0,67.50396545591418,57.85108243466012,1,723.5641163634943,2170.692349090483,950.0793091182836,75.70216486932024,1210.4715308652594,62773530.60990693,47080147.957430206,13864166.536349751,859917.0238658984,32503421.93924173,652004.184049193,32356064.397214577,31643504.915375862,1.862645149230957e-08
49320.0,67.54422650753544,57.93233508602535,1,722.0682274798886,2166.2046824396657,950.8845301507088,75.8646701720507,1205.3311842573657,62947006.76639666,47210255.0747975,13921195.512544276,864464.0327230154,32575896.16464018,653504.184049193,32424595.52953022,31711432.13191719,7.450580596923828e-09
49380.0,67.58387681279804,58.01320614546674,1,720.5585914580703,2161.675774374211,951.6775362559608,76.02641229093348,1200.1621016833449,63120122.25932552,47340091.69449415,13978272.435669143,869020.769022857,32648061.106633022,655004.184049193,32492798.489802163,31779040.337610193,1.1175870895385742e-08
49440.0,67.62291521570766,58.09369360932353,1,719.0352370393338,2157.105711118001,952.4583043141533,76.18738721864706,1194.9643894405704,63292873.792824075,47469655.344618075,14035396.572133902,873587.1868540935,32719915.044248536,656504.184049193,32560671.585630085,31846327.85739447,7.450580596923828e-09
49500.0,67.66134057246617,58.173795481870194,1,717.4981932261506,2152.494579678452,953.2268114493235,76.34759096374039,1189.7381543607357,63465258.07795214,47598943.558464125,14092567.18696823,878163.2400654316,32791456.262908883,658004.184049193,32628213.131430473,31913293.02284348,1.1175870895385742e-08
49560.0,67.69915175149265,58.25350977535354,1,715.94748928162,2147.84246784486,953.983035029853,76.50701955070708,1184.483503807844,63637271.83276142,47727953.874571085,14149783.543836577,882748.882266569,32862683.054462098,659504.184049193,32695421.44846795,31979934.17219556,1.4901161193847656e-08
49620.0,67.73634763344414,58.33283451002974,1,714.3831547289095,2143.1494641867284,954.7269526688829,76.66566902005948,1179.2005456761656,63808911.782357976,47856683.8367685,14207044.905052833,887344.0668291533,32933593.717213985,661004.184049193,32762294.864886522,32046249.650384862,7.450580596923828e-09
49680.0,67.77292711123636,58.41176771420112,1,712.8052193506943,2138.415658052083,955.4585422247271,76.82353542840224,1173.8893883882188,63980174.65896457,47985130.99422344,14264350.53159503,891948.7468877452,33004186.55595985,662504.184049193,32828831.71574068,32112237.809072137,1.4901161193847656e-08
49740.0,67.80888909006389,58.49030742425287,1,711.2137131885892,2133.6411395657674,956.1777818012777,76.98061484850574,1168.5501408927014,64151057.20198291,48113292.901487194,14321699.683120064,896562.8753407861,33074459.882016156,664004.184049193,32895030.34302636,32177897.0066754,1.4901161193847656e-08
49800.0,67.84423248742031,58.56845168468957,1,709.6086665425775,2128.8259996277325,956.8846497484062,77.13690336937914,1163.1829126624352,64321556.158055685,48241167.118541785,14379091.617978444,901186.4048515704,33144412.01325202,665504.184049193,32960889.095711786,32243225.608400483,1.862645149230957e-08
49860.0,67.87895623311823,58.64619854817153,1,707.9901099704335,2123.9703299113007,957.5791246623646,77.29239709634307,1157.787813692316,64491668.28112856,48368751.21084644,14436525.59322906,905819.2878492223,33214041.27412059,667004.184049193,33026406.329768173,32308221.9862714,1.1175870895385742e-08
49920.0,67.91305926930865,58.72354607555106,1,706.3580742871417,2119.074222861425,958.2611853861729,77.44709215110213,1152.3649544972009,64661390.33251192,48496042.749383956,14494000.864653975,910461.4765296764,33283345.995690335,668504.184049193,33091580.408200316,32372884.519160688,1.1175870895385742e-08
49980.0,67.94654055050054,58.800492335908515,1,704.7125905643085,2114.1377716929255,958.9308110100109,77.60098467181703,1146.9144461098404,64830719.08094254,48623039.31070693,14551516.68677325,915112.9228566627,33352324.515676152,670004.184049193,33156409.70107703,32437211.59281952,1.1175870895385742e-08
50040.0,67.97939904358002,58.877035406588185,1,703.0536901295723,2109.161070388717,959.5879808716004,77.75407081317637,1141.4364000787757,64999651.302645154,48749738.47698388,14609072.31285978,919773.5785626962,33420975.178470388,671504.184049193,33220892.585561424,32501201.599907722,1.862645149230957e-08
50100.0,68.0116337278292,58.95317337323407,1,701.3814045660063,2104.1442136980186,960.2326745565841,77.90634674646815,1135.9309284662297,65168183.78139375,48876137.83604533,14666666.994954158,924443.3951500712,33489296.335173722,673004.184049193,33285027.44594112,32564852.940023683,2.2351741790771484e-08
50160.0,68.04324359494494,59.02890432982548,1,699.6957657115166,2099.0872971345498,960.8648718988989,78.05780865965096,1130.3981438459803,65336313.30857288,49002234.981429674,14724299.983879564,929122.323891859,33557286.34362593,674504.184049193,33348812.673658274,32628164.0197341,2.60770320892334e-08
50220.0,68.07422764905732,59.10422637871246,1,697.9968056582378,2093.9904169747133,961.4845529811464,78.20845275742492,1124.8381593012452,65504036.6832387,49128027.512429036,14781970.529256674,933810.31583291,33624943.5684365,676004.184049193,33412246.667339478,32691133.252603617,2.2351741790771484e-08
50280.0,68.1045849067478,59.17913763065109,1,696.2845567519198,2088.8536702557594,962.091698134956,78.35827526130218,1119.2510884225276,65671350.71217992,49253513.03413495,14839677.87951858,938507.3217908607,33692266.38101515,677504.184049193,33475327.832825527,32753759.05922431,1.4901161193847656e-08
50340.0,68.13431439706727,59.2536362048386,1,694.559051591314,2083.6771547739418,962.6862879413454,78.5072724096772,1113.6370453054753,65838252.2099786,49378689.15748396,14897421.281925766,943213.2923571449,33759253.15960219,679004.184049193,33538054.58320108,32816039.86724507,3.725290298461914e-08
50400.0,68.16341516155383,59.3277202289483,1,692.820323027551,2078.460969082653,963.2683032310765,78.6554404578966,1107.9961445487331,66004737.99907082,49503553.499303125,14955199.982581055,947928.1778980076,33825902.28929876,680504.184049193,33600425.338824086,32877974.11140078,2.2351741790771484e-08
50460.0,68.19188625425025,59.40138783916446,1,691.0684041635167,2073.20521249055,963.837725085005,78.80277567832891,1102.3285012517583,66170804.909807146,49628103.68235536,15013013.226444624,952651.9285555253,33892212.16209698,682004.184049193,33662438.52735524,32939560.233541485,2.9802322387695312e-08
50520.0,68.21972674172122,59.474637180216845,1,689.3033283532208,2067.909985059662,964.3945348344243,78.94927436043369,1096.6342310126481,66336449.78051295,49752337.33538472,15070860.25734901,957384.494248629,33958181.17690988,683504.184049193,33724092.5837871,33000796.682661284,1.4901161193847656e-08
50580.0,68.24693570307055,59.547466405415314,1,687.525129201162,2062.575387603486,964.938714061411,79.09493281083063,1090.9134499259662,66501669.457548685,49876252.09316152,15128740.318014152,962125.8246741316,34023807.7396013,685004.184049193,33785385.950473264,33061681.914927203,2.2351741790771484e-08
50640.0,68.27351222995779,59.61987367668403,1,685.7338405616899,2057.2015216850696,965.4702445991558,79.23974735336806,1085.1662745805293,66666460.79536985,49999845.5965274,15186652.650062442,966875.8693077599,34089090.263015576,686504.184049193,33846317.077157214,33122214.39370785,1.4901161193847656e-08
50700.0,68.29945542661488,59.691857164595696,1,683.9294965383572,2051.7884896150717,965.9891085322977,79.38371432919139,1079.392822057206,66830820.65658692,50123115.4924402,15244596.494033804,971634.57740519,34154027.16700716,688004.184049193,33906884.421001226,33182392.589602,2.2351741790771484e-08
50760.0,68.32476440986252,59.763415048405506,1,682.1121314832739,2046.3363944498215,966.4952881972505,79.52683009681101,1073.5932099267102,66994745.91202506,50246059.4340188,15302571.089400798,976401.8980030873,34218616.878470056,689504.184049193,33967086.44661494,33242214.980467003,2.9802322387695312e-08
50820.0,68.34943830912623,59.834545516084965,1,680.2817799964503,2040.8453399893508,966.9887661825246,79.66909103216993,1067.7675562473742,67158233.4407837,50368675.080587775,15360575.674583727,981177.7799201504,34282857.83136715,691004.184049193,34026921.626083925,33301680.05144703,2.9802322387695312e-08
50880.0,68.37347626645213,59.90524676435559,1,678.4384769251409,2035.3154307754226,967.4695253290427,79.81049352871118,1061.9159795629062,67321280.13029595,50490960.09772196,15418609.486965772,985962.1717581595,34346748.466759406,692504.184049193,34086388.43899805,33360786.295001272,2.2351741790771484e-08
50940.0,68.39687743652267,59.97551699872237,1,676.5822573631785,2029.7467720895356,967.9375487304535,79.95103399744474,1056.038598900158,67483882.87638785,50612912.1572909,15476671.762908153,990755.0219030279,34410287.2328349,694004.184049193,34145485.372479744,33419532.2109319,2.9802322387695312e-08
51000.0,68.41964098667196,60.045354433507114,1,674.7131566503086,2024.139469950926,968.3928197334393,80.09070886701423,1050.1355337668722,67646038.58333755,50734528.93750316,15534761.737765301,995556.2785258578,34473472.58493777,695504.184049193,34204210.921212025,33477916.306411948,2.2351741790771484e-08
51060.0,68.44176609690084,60.114757291881624,1,672.8312103715141,2018.4936311145423,968.8353219380167,80.22951458376325,1044.206904149409,67807744.1639341,50855808.12295056,15592878.645900043,1000365.8895840013,34536302.98559701,697004.184049193,34262563.587466545,33535937.096013036,2.9802322387695312e-08
51120.0,68.46325195989182,60.18372380590066,1,670.9364543563394,2012.8093630690182,969.2650391978364,80.36744761180132,1038.252830510491,67968996.53953633,50976747.40465223,15651021.720698813,1005183.8028221233,34598776.904555045,698504.184049193,34320541.88113133,33593593.101732954,2.9802322387695312e-08
51180.0,68.48409778102382,60.252252216534814,1,669.0289246782078,2007.0867740346234,969.6819556204764,80.50450443306963,1032.2734337869213,68129792.64013144,51097344.48009858,15709190.194586884,1010009.9657732701,34660892.81879634,700004.184049193,34378144.31973846,33650882.853023104,2.9802322387695312e-08
51240.0,68.5043027783864,60.32034077370313,1,667.1086576537348,2001.3259729612043,970.0860555677281,80.64068154740626,1026.2688353872825,68290129.40439351,51217597.05329513,15767383.299043607,1014844.325759941,34722649.21257572,701504.184049193,34435369.428491615,33707804.886815816,2.9802322387695312e-08
51300.0,68.52386618279411,60.38798773630562,1,665.1756898420363,1995.5270695261088,970.4773236558822,80.77597547261124,1020.2391571896567,68450003.77974162,51337502.83480621,15825600.264617672,1019686.8298951641,34784044.577446625,703004.184049193,34492215.740293406,33764357.74755149,2.9802322387695312e-08
51360.0,68.5427872378003,60.45519137225558,1,663.2300580440332,1989.6901741320994,970.855744756006,80.91038274451115,1014.1845215393079,68609412.72239815,51457059.5417986,15883840.320942394,1024537.4250835761,34845077.412289195,704504.184049193,34548681.795772664,33820539.98720566,3.725290298461914e-08
51420.0,68.56106519971087,60.52194995851172,1,661.2717993017509,1983.8153979052527,971.2213039942174,81.04389991702344,1008.1050512463731,68768353.19744657,51576264.89808492,15942102.696750997,1029396.0580225056,34905746.22333826,706004.184049193,34604766.14331146,33876350.1653158,4.470348358154297e-08
51480.0,68.57869933759766,60.588261781110184,1,659.3009508976124,1977.9028526928373,971.573986751953,81.17652356222037,1002.0008695835288,68926822.1788894,51695116.63416704,16000386.619891932,1034262.6752030605,34966049.52421114,707504.184049193,34660467.33907208,33931786.84900811,3.725290298461914e-08
51540.0,68.59568893331168,60.65412513519633,1,657.317550353731,1971.9526510611931,971.9137786662336,81.30825027039266,995.8721002836644,69084816.6497056,51813612.48727921,16058691.317344204,1039137.2229112193,35025985.835935324,709004.184049193,34715783.94702381,33986848.61302413,2.2351741790771484e-08
51600.0,68.61203328149614,60.719538325056384,1,655.3216354311934,1965.96490629358,972.2406656299228,81.43907665011277,989.7188675375452,69242333.60190824,51931750.20143119,16117016.015232712,1044019.6472289262,35085553.68697604,710504.184049193,34770714.53896958,34041534.039747134,2.2351741790771484e-08
51660.0,68.6277316895991,60.78449966414886,1,653.3132441293433,1959.9397323880298,972.554633791982,81.56899932829772,983.5412959914602,69399370.03660159,52049527.52745121,16175359.938843606,1048909.8940351899,35144751.613263614,712004.184049193,34825257.694572434,34095841.71922845,2.2351741790771484e-08
51720.0,68.6427834778859,60.84900747513591,1,651.2924146850554,1953.877244055166,972.855669557718,81.69801495027183,977.3395107448482,69555922.9640383,52166942.223028734,16233722.312639665,1053807.9090071854,35203578.158220775,713504.184049193,34879412.00138191,34149770.24921362,2.9802322387695312e-08
51780.0,68.6571879794515,60.913060089914396,1,649.2591855720099,1947.7775567160297,973.1437595890302,81.82612017982879,971.1136373479537,69711989.40367629,52283992.052757226,16292102.360275682,1058713.6376213618,35262031.87278977,715004.184049193,34933176.054860204,34203318.235168435,1.4901161193847656e-08
51840.0,68.67094454023238,60.976655849646846,1,647.2135954999579,1941.6407864998737,973.4188908046476,81.95331169929369,964.8638017994264,69867566.38423552,52400674.78817665,16350499.304613873,1063627.0251545508,35320111.31545929,716504.184049193,34986548.45840825,34256484.290304765,2.9802322387695312e-08
51900.0,68.68405251901838,61.03979310479221,1,645.1556834139863,1935.4670502419588,973.6810503803677,82.07958620958442,958.5901305439617,70022650.94375452,52516988.20781591,16408912.367739284,1068548.0166850812,35377815.05229135,718004.184049193,35039527.823391564,34309267.03560629,2.2351741790771484e-08
51960.0,68.6965112874641,61.102470215136485,1,643.0854884937737,1929.2564654813211,973.930225749282,82.20494043027297,952.2927504698835,70177240.12964685,52632930.097235166,16467340.770975223,1073476.5570938964,35435141.65694798,719504.184049193,35092112.76916607,34361665.099854104,2.2351741790771484e-08
52020.0,68.70832023010024,61.16468554982307,1,641.0030501528487,1923.0091504585462,974.1664046020048,82.32937109964614,945.9717889067573,70331330.99875726,52748498.24906796,16525783.734898714,1078412.591065675,35492089.710717745,721004.184049193,35144301.923103586,34413677.119652085,1.4901161193847656e-08
52080.0,68.71947874434453,61.22643748738305,1,638.9084080378342,1916.7252241135025,974.3895748868906,82.4528749747661,939.627373622969,70484920.61741768,52863690.463063285,16584240.479355948,1083356.0630899563,35548657.802542165,722504.184049193,35196093.920617394,34465301.73945223,1.4901161193847656e-08
52140.0,68.72998624051262,61.28772441576522,1,636.8016020276978,1910.4048060830933,974.5997248102524,82.57544883153044,933.2596328233236,70638006.06150319,52978504.546127416,16642710.223477751,1088306.9174622672,35604844.52904197,724004.184049193,35247487.40518741,34516537.61157972,1.4901161193847656e-08
52200.0,68.73984214182845,61.348544732366,1,634.6826722329881,1904.0480166989644,974.7968428365689,82.697089464732,926.8686951465907,70790584.41648759,53092938.31236572,16701192.185695076,1093265.0982852562,35660648.49454321,725504.184049193,35298481.0283854,34567383.396257974,1.4901161193847656e-08
52260.0,68.74904588443472,61.40889684405911,1,632.5516589950746,1897.6549769852238,974.9809176886945,82.81779368811821,920.4546896631019,70942652.77749895,53206989.58312424,16759685.583754495,1098230.5494698263,35716068.31110322,727004.184049193,35349073.449899934,34617837.76163341,1.4901161193847656e-08
52320.0,68.75759691740278,61.468779167225094,1,630.4086028853776,1891.2258086561328,975.1519383480556,82.93755833445019,914.0177458722817,71094208.24937487,53320656.18703119,16818189.634733703,1103203.2147362765,35771102.59853643,728504.184049193,35399263.33756122,34667899.38380018,7.450580596923828e-09
52380.0,68.76549470274244,61.528190127780675,1,628.2535447045959,1884.7606341137878,975.3098940548489,83.05638025556135,907.5579937002058,71245247.94671763,53433935.96003826,16876703.555057053,1108183.037615443,35825749.98444006,730004.184049193,35449049.367365785,34717566.94682465,1.4901161193847656e-08
52440.0,68.7727387154116,61.58712816120791,1,626.0865254819312,1878.2595764457935,975.4547743082321,83.17425632241581,901.0755634971438,71395768.99394912,53546826.74546187,16935226.560511056,1113169.961449846,35880009.10421963,731504.184049193,35498430.22350099,34766839.14276981,2.2351741790771484e-08
52500.0,68.77932844332541,61.64559171258316,1,623.9075864743054,1871.7227594229162,975.5865688665083,83.29118342516632,894.570586035078,71545768.52536556,53659326.3940242,16993757.866259977,1118163.9293948382,35933878.60111434,733004.184049193,35547404.598369405,34815714.67171952,2.2351741790771484e-08
52560.0,68.78526338736549,61.703579236605925,1,621.7167691655768,1865.1503074967304,975.7052677473098,83.40715847321185,888.0431925052493,71695243.6851921,53771432.7638941,17052296.68686133,1123164.8844197588,35987357.12622228,734504.184049193,35595971.192613035,34864192.24180255,2.2351741790771484e-08
52620.0,68.79054306138856,61.761089197627406,1,619.5141152657485,1858.5423457972456,975.8108612277713,83.52217839525481,881.4935145156488,71844191.62763715,53883143.72072789,17110842.236281484,1128172.7693090905,36040443.33852557,736004.184049193,35644128.71513734,34912270.56921651,2.2351741790771484e-08
52680.0,68.79516699223521,61.818120069678976,1,617.2996667101759,1851.8990001305276,975.9033398447042,83.63624013935795,874.9216840885516,71992609.5169466,53994457.13770998,17169393.72791123,1133187.5266636177,36093135.90491521,737504.184049193,35691875.883135155,34959948.37825163,1.4901161193847656e-08
52740.0,68.79913471973795,61.874670336500444,1,615.0734656587676,1845.220396976303,975.9826943947589,83.74934067300089,868.3278336579832,72140494.52745777,54105370.89559336,17227950.374581352,1138209.0989015913,36145433.50021594,739004.184049193,35739211.42211044,35007224.40131437,2.2351741790771484e-08
52800.0,68.80244579672957,61.93073849156807,1,612.8355544951825,1838.5066634855475,976.0489159345914,83.86147698313614,861.7120960672521,72287843.84365323,54215882.88273996,17286511.388578236,1143237.4282598947,36197334.80721078,740504.184049193,35786134.06590185,35054097.37895091,2.2351741790771484e-08
52860.0,68.80509978905079,61.986323038122514,1,610.5859758260232,1831.7579274780696,976.1019957810157,83.97264607624503,855.0746045664052,72434654.66021441,54325990.99516085,17345075.981659476,1148272.456795214,36248838.516665615,742004.184049193,35832642.55670618,35100566.05987042,2.2351741790771484e-08
52920.0,68.80709627555778,62.04142248919647,1,608.3247724800249,1824.9743174400746,976.1419255111557,84.08284497839294,848.4154928097084,72580924.18207498,54435693.136556275,17403643.36506947,1153314.1263852117,36299943.32735344,743504.184049193,35878735.645101614,35146629.20096825,2.2351741790771484e-08
52980.0,68.80843484812965,62.09603536764224,1,606.0519875072399,1818.1559625217196,976.168696962593,84.19207073528447,841.7348948531215,72726649.62447408,54544987.21835561,17462212.749555077,1158362.3787297027,36350647.94607859,745004.184049193,35924412.09007086,35192285.56734891,2.9802322387695312e-08
53040.0,68.80911511167545,62.15016020615899,1,603.7676641782177,1811.3029925346532,976.1823022335091,84.30032041231799,835.032945151764,72871828.21300937,54653871.15975707,17520783.34538121,1163417.1553518353,36400951.08770073,746504.184049193,35969670.65902405,35237533.93234892,2.2351741790771484e-08
53100.0,68.80913668414104,62.20379554731998,1,601.4718459831819,1804.4155379495455,976.1827336828208,84.40759109463995,828.3097785573609,73016457.18368976,54762342.88776737,17579354.362346504,1168478.3975992734,36450851.47515875,748004.184049193,36014510.12782162,35282373.0775595,2.9802322387695312e-08
53160.0,68.80849919651561,62.25693994359943,1,599.1645766312016,1797.4937298936047,976.1699839303122,84.51387988719885,821.5655303156896,73160533.78298815,54870400.337241165,17637925.00979895,1173546.0466453836,36500347.83949448,749504.184049193,36058929.280796856,35326801.79284912,2.2351741790771484e-08
53220.0,68.80720229283807,62.309591957399334,1,596.8459000493597,1790.537700148079,976.1440458567614,84.61918391479867,814.8003360640174,73304055.26789376,54978041.45092038,17696494.496651556,1178620.0434904248,36549438.91987625,751004.184049193,36102926.91077842,35370818.876385845,1.4901161193847656e-08
53280.0,68.80524563020315,62.36175016107606,1,594.5158603819154,1783.5475811457463,976.104912604063,84.72350032215212,808.0143318285366,73447018.90596442,55085264.17947337,17755062.031398017,1183700.3289627412,36598123.4636223,752504.184049193,36146501.819112636,35414423.13465959,2.2351741790771484e-08
53340.0,68.80262887876724,62.41341313696667,1,592.1745019894659,1776.5235059683976,976.0525775753447,84.82682627393334,801.2076540217913,73589421.97537851,55192066.481533945,17813626.822128363,1188786.843719958,36646400.226224065,754004.184049193,36189652.815685645,35457613.382504135,2.2351741790771484e-08
53400.0,68.79935172175394,62.46457947741517,1,589.8218694480993,1769.4656083442978,975.9870344350787,84.92915895483034,794.3804394400811,73731261.76498687,55298446.323740214,17872188.076544665,1193879.528250182,36694267.971369244,755504.184049193,36232378.7189454,35500388.44311909,2.9802322387695312e-08
53460.0,68.79541385545947,62.51524778479853,1,587.4580075485486,1762.3740226456457,975.9082771091894,85.03049556959706,787.5328252608817,73872535.57436436,55404401.68077334,17930745.0019767,1198978.322873202,36741725.47096475,757004.184049193,36274678.35592346,35542747.14809157,2.2351741790771484e-08
53520.0,68.79081498925774,62.56541667155247,1,585.0829612953364,1755.2488838860093,975.8162997851548,85.13083334310494,780.6649490402408,74013240.71386132,55509930.53539605,17989296.80539764,1204083.1677416952,36788771.50515954,758504.184049193,36316550.56225673,35584688.33741786,1.4901161193847656e-08
53580.0,68.78555484560523,62.61508476019713,1,582.6967759059205,1748.0903277177615,975.7110969121047,85.23016952039426,773.7769487101764,74153374.50465468,55615030.87849107,18047842.693439774,1209194.0028424365,36835404.86236722,760004.184049193,36357994.18220888,35626210.8595248,2.2351741790771484e-08
53640.0,68.77963316004555,62.66425068336246,1,580.29949680983,1740.8984904294898,975.5926632009109,85.32850136672492,766.8689625760592,74292934.27879906,55719700.70909936,18106381.872410167,1214310.7679975098,36881624.33928851,761504.184049193,36399008.0686917,35667313.571291015,2.2351741790771484e-08
53700.0,68.7730496812139,62.712913083813525,1,577.8911696478048,1733.6735089434142,975.4609936242781,85.42582616762705,759.9411293140075,74431917.37927756,55823938.03445823,18164913.54830641,1219433.4028655216,36927428.74093361,763004.184049193,36439591.083286315,35707995.338068105,2.2351741790771484e-08
53760.0,68.76580417084102,62.76107061447553,1,575.4718402709209,1726.4155208127627,975.3160834168204,85.52214122895106,752.9935879682329,74570321.16005225,55927740.87003926,18223436.926832303,1224561.84694282,36972816.88064435,764504.184049193,36479742.09626415,35748255.03370154,1.4901161193847656e-08
53820.0,68.75789640375717,62.808721938458675,1,573.0415547397238,1719.1246642191713,975.1579280751434,85.61744387691735,746.0264779484315,74708142.9861147,56031107.239586085,18281951.21341358,1229696.039564715,37017787.58011615,766004.184049193,36519459.98660781,35788091.540551454,2.2351741790771484e-08
53880.0,68.74932616789567,62.85586572908286,1,570.6003593233453,1711.8010779700357,974.9865233579135,85.71173145816572,739.0399390271272,74845380.23353596,56134035.175152026,18340455.613213647,1234835.9199067021,37062339.66941997,767504.184049193,36558743.64203171,35827503.74951327,3.725290298461914e-08
53940.0,68.74009326429639,62.90250066990214,1,568.1483004986285,1704.4449014958855,974.8018652859278,85.80500133980428,732.0341113370391,74982030.28951667,56236522.71713757,18398949.331149273,1239981.426985689,37106471.98702387,769004.184049193,36597591.95900263,35866490.56003819,2.2351741790771484e-08
54000.0,68.73019750710866,62.94862545472901,1,565.685424949238,1697.0562748477141,974.6039501421731,85.89725090945802,725.0091353684073,75118090.55243677,56338567.914327644,18457431.571906358,1245132.4996612251,37150183.37981467,770504.184049193,36636003.842760086,35905050.880153455,2.2351741790771484e-08
54060.0,68.71963872359436,62.99423878765852,1,563.2117795647746,1689.6353386943238,974.3927744718872,85.98847757531703,717.9651519663544,75253558.43190496,56440168.82392878,18515901.53995564,1250289.0766367342,37193472.70311924,772004.184049193,36673978.20733644,35943183.626482524,2.9802322387695312e-08
54120.0,68.70841675413037,63.03933938309212,1,560.7274114398808,1682.1822343196425,974.1683350826074,86.07867876618424,710.9023023281964,75388431.34880808,56541323.51160613,18574358.439568438,1255451.0964607496,37236338.82072575,773504.184049193,36711513.97557697,35980887.72426501,2.9802322387695312e-08
54180.0,68.69653145221099,63.08392596576141,1,558.232367873344,1674.6971036200318,973.9306290442198,86.16785193152282,703.8207280007774,75522706.73536022,56642030.051520236,18632801.474832404,1260618.4975281518,37278780.604904674,775004.184049193,36748610.07915971,36018162.10737654,2.9802322387695312e-08
54240.0,68.68398268445011,63.12799727075164,1,555.726696367198,1667.180089101594,973.6796536890023,86.25599454150328,696.7205708777884,75656382.03515159,56742286.52636375,18691229.849667244,1265791.2180814112,37320796.93642977,776504.184049193,36785265.45861513,36055005.71834838,3.725290298461914e-08
54300.0,68.670770330583,63.17155204352498,1,553.2104446258154,1659.6313338774462,973.4154066116599,86.34310408704997,689.6019731970749,75789454.70319714,56842091.02739791,18749642.76784048,1270969.1962118295,37362386.7045987,778004.184049193,36821479.06334563,36091417.50838689,3.725290298461914e-08
54360.0,68.65689428346799,63.214589039943675,1,550.6836605550034,1652.05098166501,973.1378856693598,86.42917807988735,682.4650775379492,75921922.20598508,56941441.654488884,18808039.43298318,1276152.3698607888,37403548.80725369,779504.184049193,36857249.85164493,36127396.43739291,2.2351741790771484e-08
54420.0,68.64235444908783,63.25710702629294,1,548.1463922610872,1644.4391767832615,972.8470889817567,86.51421405258588,675.3100268184792,76053782.02152516,57040336.51614393,18866419.048605733,1281340.6768209992,37444282.15080189,781004.184049193,36892576.79071722,36162941.4739809,2.2351741790771484e-08
54480.0,68.6271507465508,63.29910477930369,1,545.5986880499988,1636.7960641499965,972.5430149310159,86.59820955860738,668.1369642927872,76185031.6393965,57138773.72954744,18924780.818113565,1286534.0547377516,37484585.65023562,782504.184049193,36927458.856696144,36198051.595497884,2.2351741790771484e-08
54540.0,68.61128310809157,63.34058108617504,1,543.0405964263533,1629.12178927906,972.2256621618315,86.68116217235008,660.9460335483325,76315668.56079562,57236751.42059678,18983123.94482292,1291732.4411101725,37524458.22915249,784004.184049193,36961895.03466371,36232725.78804234,2.2351741790771484e-08
54600.0,68.59475147907192,63.38153474459664,1,540.4721660925283,1621.4164982775847,971.8950295814384,86.76306948919328,653.7373785031994,76445690.29858382,57334267.72393792,19041447.631976597,1296935.7732924817,37563898.81977526,785504.184049193,36995884.31866887,36266963.046482794,2.9802322387695312e-08
54660.0,68.57755581798098,63.42196456277081,1,537.8934459477344,1613.6803378432032,971.5511163596195,86.84392912554162,646.5111434033552,76575094.37733464,57431320.783001035,19099751.0827597,1302143.988495252,37602906.36297163,787004.184049193,37029425.71174611,36300762.374476396,2.9802322387695312e-08
54720.0,68.55969609643543,63.46186935943443,1,535.3044850870867,1605.9134552612602,971.1939219287086,86.92373871886886,639.2674728199254,76703878.33338094,57527908.75003576,19158033.500315405,1307357.0237866724,37641479.80827384,788504.184049193,37062518.22593371,36334122.78448718,2.2351741790771484e-08
54780.0,68.54117229917944,63.501247963880715,1,532.7053328006674,1598.1159984020023,970.8234459835887,87.00249592776143,632.0065116464596,76832039.71486185,57624029.78614645,19216294.087760698,1312574.8160938134,37679618.11389807,790004.184049193,37095160.88229197,36367043.29780428,3.725290298461914e-08
54840.0,68.52198442408418,63.54009921598068,1,530.0960385725901,1590.2881157177703,970.4396884816836,87.08019843196136,624.7284050961787,76959576.08176942,57719682.061327115,19274532.048202135,1317797.3022038958,37717320.24676373,791504.184049193,37127352.710921116,36399522.94455985,2.9802322387695312e-08
54900.0,68.50213248214725,63.57842196620454,1,527.4766520800551,1582.4299562401654,970.042649642945,87.15684393240907,617.4332986992157,77086485.00599504,57814863.75449633,19332746.584751595,1323024.4187655596,37754585.18251253,793004.184049193,37159092.7509792,36431560.76374699,2.9802322387695312e-08
54960.0,68.48161649749181,63.61621507564273,1,524.8472231924059,1574.5416695772176,969.6323299498363,87.23243015128546,610.1213382998753,77212764.07137574,57909573.05353185,19390936.900542036,1328256.102290139,37791411.90552744,794504.184049193,37190380.050699696,36463155.80323732,2.2351741790771484e-08
55020.0,68.46043650736553,63.65347741602694,1,522.2078019701779,1566.6234059105336,969.2087301473106,87.30695483205388,602.7926700538593,77338410.87374014,58003808.15530514,19449102.198743224,1333492.2891529375,37827799.40895144,796004.184049193,37221213.667409,36494307.11979852,2.2351741790771484e-08
55080.0,68.43859256213909,63.69020786975075,1,519.558438664147,1558.675315992441,968.7718512427818,87.3804157395015,595.447440425498,77463423.02095422,58097567.2657157,19507241.68257751,1338732.915594505,37863746.69470611,797504.184049193,37251592.66754371,36525013.779111624,1.4901161193847656e-08
55140.0,68.41608472530474,63.726405329890206,1,516.8991837143711,1550.6975511431133,968.3216945060949,87.45281065978041,588.0857961849829,77587798.13296692,58190848.59972523,19565354.55533555,1343977.91772192,37899252.77351012,799004.184049193,37281516.12666778,36555274.85578821,2.2351741790771484e-08
55200.0,68.3929130734742,63.7620687002241,1,514.2300877492315,1542.6902632476945,967.8582614694841,87.5241374004482,580.7078844055633,77711533.84185538,58283650.381391585,19623440.02039208,1349227.231510072,37934316.664897405,800504.184049193,37310983.12948946,36585089.43338735,2.2351741790771484e-08
55260.0,68.36907769637683,63.79719689525408,1,511.55120158446783,1534.6536047534034,967.3815539275367,87.59439379050816,573.3138524607931,77834627.79187007,58375970.8439026,19681497.281221617,1354480.7928029473,37968937.39723535,802004.184049193,37339992.76987807,36614456.60443241,2.2351741790771484e-08
55320.0,68.34457869685704,63.83178884022461,1,508.8625762222113,1526.587728666634,966.8915739371408,87.66357768044922,565.9038480217067,77957077.63947964,58467808.22960977,19739525.541414246,1359738.5373149163,38003114.00774268,803504.184049193,37368544.15088063,36643375.470427774,1.4901161193847656e-08
55380.0,68.31941619087179,63.865843471142625,1,506.1642628500129,1518.4927885500388,966.3883238174358,87.73168694228525,558.4780190540374,78078881.05341545,58559160.79006164,19797524.00469132,1365000.4006320247,38036845.542507246,805004.184049193,37396636.38473831,36671845.14187524,1.4901161193847656e-08
55440.0,68.29359030748763,63.89935973479706,1,503.4563128398699,1510.3689385196096,965.8718061497527,87.79871946959412,551.0365138153979,78200035.7147161,58650026.78603713,19855491.874921214,1370266.3182132856,38070131.05650361,806504.184049193,37424268.59290265,36699864.73829034,2.2351741790771484e-08
55500.0,68.26710118887782,63.93233658877813,1,500.73877774724735,1502.2163332417422,965.3420237775563,87.86467317755626,543.579480852501,78320539.3167715,58740404.487578675,19913428.356135037,1375536.2253919747,38102969.613610476,808004.184049193,37451439.90605168,36727433.388218515,2.2351741790771484e-08
55560.0,68.2399489903187,63.96477300149646,1,498.0117093100957,1494.035127930287,964.7989798063738,87.92954600299292,536.1070689983081,78440389.56536674,58830292.1740251,19971332.652542375,1380810.0573769275,38135360.286627956,809504.184049193,37478149.46410582,36754550.22925104,2.2351741790771484e-08
55620.0,68.2121338801862,63.996667952201946,1,495.27515944786734,1485.825478343602,964.242677603724,87.99333590440389,528.6194273692255,78559584.17872587,58919688.134044446,20029203.96854701,1386087.7492538388,38167302.15729465,811004.184049193,37504396.41624362,36781214.40804083,2.2351741790771484e-08
55680.0,68.18365603995204,64.02802043100243,1,492.52918026052674,1477.5875407815802,963.6731207990408,88.05604086200486,521.116705362281,78678120.88755524,59008590.665666476,20087041.508762617,1391369.235986565,38198794.31630459,812504.184049193,37530179.92091732,36807425.08031803,2.2351741790771484e-08
55740.0,68.1545156641796,64.0588294388822,1,489.7738240275597,1469.321472082679,963.090313283592,88.1176588777644,513.5990526522938,78795997.4350868,59096998.07631514,20144844.478028513,1396654.452418428,38229835.86332394,814004.184049193,37555499.14586821,36833181.41090552,1.4901161193847656e-08
55800.0,68.12471296051945,64.08909398772028,1,487.0091432069767,1461.0274296209302,962.4942592103889,88.17818797544055,506.06661918901597,78913211.57712099,59184908.68284079,20202612.081425328,1401943.3332735205,38260425.90700767,815504.184049193,37580353.26814194,36858482.57373415,7.450580596923828e-09
55860.0,68.09424814970494,64.11881310030844,1,484.2351904343156,1452.7055713029467,961.8849629940987,88.23762620061689,498.51955519432045,79029761.0820695,59272320.811552174,20260343.524290733,1407235.8131580162,38290563.565015875,817004.184049193,37604741.474103436,36883327.75185786,7.450580596923828e-09
55920.0,68.06312146554727,64.14798581036912,1,481.4520185216389,1444.3560555649167,961.2624293109454,88.29597162073824,490.95801115933966,79145643.73099779,59359232.79824838,20318038.01223512,1412531.8265614787,38320247.964030065,818504.184049193,37628662.959451795,36907716.137468584,1.4901161193847656e-08
55980.0,68.03133315493037,64.17661116257302,1,478.6596804565271,1435.9790413695814,960.6266630986073,88.35322232514605,483.38213784161053,79260857.31766723,59445642.98825047,20375694.7511573,1417831.3078581758,38349478.23976923,820004.184049193,37652116.929235004,36931646.93191105,7.450580596923828e-09
56040.0,67.99888347780548,64.2046882125566,1,475.85822940107334,1427.57468820322,959.9776695561095,88.40937642511321,475.7920862622087,79375399.64857723,59531549.73643297,20433312.947260182,1423134.191308393,38378253.53700571,821504.184049193,37675102.597864404,36955119.34569732,1.4901161193847656e-08
56100.0,67.96577270718579,64.23221602693927,1,473.0477186908658,1419.1431560725973,959.3154541437159,88.46443205387854,468.18800770291386,79489268.54300691,59616951.407255225,20490891.80706647,1428440.4110597507,38406573.00958098,823004.184049193,37697619.18912902,36978132.59852123,1.4901161193847656e-08
56160.0,67.93200112914049,64.25919368334046,1,470.2282018339786,1410.6846055019357,958.6400225828097,88.51838736668091,460.570053703324,79602461.83305666,59701846.37479253,20548430.537434295,1433749.9011485244,38434435.820421144,824504.184049193,37719665.93620973,37000685.919272624,2.2351741790771484e-08
56220.0,67.89756904278846,64.28562027039641,1,467.3997325099475,1402.1991975298424,957.9513808557692,88.57124054079281,452.9383760579636,79714977.3636894,59786233.02276709,20605928.34557292,1439062.595500964,38461841.14155235,826004.184049193,37741242.081693225,37022778.5460514,1.4901161193847656e-08
56280.0,67.86247676029237,64.31149488777679,1,464.5623645687519,1393.6870937062556,957.2495352058473,88.62298977555358,445.29312681345345,79826812.9927716,59870109.74457875,20663384.439058367,1444378.4279346177,38488788.15411601,827504.184049193,37762346.87758578,37044409.726181395,1.4901161193847656e-08
56340.0,67.8267246068517,64.33681664620113,1,461.7161520297869,1385.1484560893607,956.534492137034,88.67363329240226,437.6344582655814,79937966.59111412,59953474.94333564,20720798.025849078,1449697.3321596573,38515276.048383795,829004.184049193,37782979.58532692,37065578.71622414,1.4901161193847656e-08
56400.0,67.79031292069617,64.36158466745498,1,458.8611490808371,1376.5834472425113,955.8062584139234,88.72316933490995,429.9625229564451,80048436.04251266,60036327.031884536,20778168.31430156,1455019.2417802045,38541304.023772545,830504.184049193,37803139.4758028,37086284.78199236,3.725290298461914e-08
56460.0,67.75324205307852,64.38579808440586,1,455.99741007704256,1367.9922302311277,955.0648410615704,88.77159616881173,422.27747367155155,80158219.24378808,60118664.432841115,20835494.513186,1460344.0902956596,38566871.28885895,832004.184049193,37822825.82935948,37106527.1985633,2.2351741790771484e-08
56520.0,67.71551236826728,64.40945604101915,1,453.12498953986653,1359.3749686195997,954.3102473653457,88.81891208203831,414.5794634369153,80267314.10482652,60200485.578619935,20892775.83170191,1465671.8111020334,38591977.061394036,833504.184049193,37842037.93581602,37126305.25029201,2.9802322387695312e-08
56580.0,67.67712424353911,64.43255769237355,1,450.24394215605497,1350.7318264681649,953.5424848707822,88.8651153847471,406.86864551616145,80375718.54861905,60281788.91146433,20950011.47949371,1471002.3374932788,38616620.568317555,835004.184049193,37860775.09447737,37145618.230824284,2.2351741790771484e-08
56640.0,67.63807806917107,64.45510220467644,1,447.35432277659777,1342.0629683297934,952.7615613834214,88.91020440935287,399.1451734076274,80483430.51130132,60362572.88347605,21007200.66666638,1476335.602662626,38640801.04577211,836504.184049193,37879036.61414707,37164465.4431095,2.2351741790771484e-08
56700.0,67.59837424843249,64.47708875527907,1,444.4561864156817,1333.3685592470451,951.9674849686498,88.95417751055814,391.40920084143914,80590447.94219285,60442835.9566447,21064342.603801012,1481671.5397039182,38664517.73911721,838004.184049193,37896821.81313979,37182846.1994133,2.2351741790771484e-08
56760.0,67.55801319757674,64.49851653269148,1,441.5495882496463,1324.648764748939,951.1602639515348,88.99703306538296,383.66088177661146,80696768.80383602,60522576.602877066,21121436.50197041,1487010.0816129504,38687769.902943015,839504.184049193,37914130.019293725,37200759.82133008,2.2351741790771484e-08
56820.0,67.5169953458326,64.51938473659719,1,438.63458361593104,1315.9037508477932,950.3399069166519,89.03876947319438,375.90037039812023,80802391.07203485,60601793.30402619,21178481.572754674,1492351.161288809,38710556.80108404,841004.184049193,37930960.56998274,37218205.63979525,2.9802322387695312e-08
56880.0,67.47532113539546,64.53969257786768,1,435.7112280120216,1307.1336840360648,949.5064227079092,89.07938515573537,368.1278211139834,80907312.73589362,60680484.551920265,21235477.028256766,1497694.7115352133,38732877.706632584,842504.184049193,37947312.81212831,37235182.995097384,2.9802322387695312e-08
56940.0,67.43299102141826,64.55943927857683,1,432.7795770943952,1298.3387312831856,948.6598204283653,89.11887855715366,360.3433885523151,81011531.79785511,60758648.84839138,21292422.081118044,1503040.6650618596,38754731.90195207,844004.184049193,37963186.102211505,37251691.236890234,2.9802322387695312e-08
57000.0,67.39000547200226,64.5786240720148,1,429.83968667745904,1289.5190600323772,947.8001094400452,89.15724814402961,352.5472275584267,81115046.27373856,60836284.705303974,21349315.944533832,1508388.954485766,38776118.67869013,845504.184049193,37978579.80628441,37267729.72420438,3.725290298461914e-08
57060.0,67.34636496818757,64.59724620270208,1,426.89161273248936,1280.674838197468,946.9272993637514,89.19449240540416,344.73949319188057,81217854.19277762,60913390.64458326,21406157.832268927,1513739.5123326182,38797037.33779154,847004.184049193,37993493.29998175,37283297.82545894,3.725290298461914e-08
57120.0,67.30207000394309,64.61530492640303,1,423.935411386564,1271.806234159692,946.0414000788617,89.23060985280605,336.9203407235234,81319953.59765767,60989965.198243305,21462946.958673146,1519092.27103812,38817487.18951102,848504.184049193,38007925.96853208,37298394.91847293,4.470348358154297e-08
57180.0,67.25712108615679,64.63279951013935,1,420.9711389214958,1262.9134167644875,945.1424217231357,89.2655990202787,329.0899256325865,81421342.54455324,61066006.908414975,21519682.53869681,1524447.1629493411,38837467.55342582,850004.184049193,38021877.20676885,37313020.390476495,2.2351741790771484e-08
57240.0,67.21151873462517,64.6497292322034,1,417.9988517727591,1253.9965553182774,944.2303746925035,89.2994584644068,321.2484036036905,81522019.10316488,61141514.32737372,21576363.78790626,1529804.1203260713,38856977.75844809,851504.184049193,38035346.41914142,37327173.638122045,2.9802322387695312e-08
57300.0,67.165263482043,64.66609338217106,1,415.0186065284174,1245.0558195852523,943.30526964086,89.33218676434211,313.39593052394207,81621981.35675609,61216486.01756713,21632989.922499325,1535163.0753421711,38876017.14283716,853004.184049193,38048333.01972565,37340854.067495,2.2351741790771484e-08
57360.0,67.11835587399231,64.6818912609147,1,412.03045992804323,1236.0913797841297,942.3671174798462,89.36378252182939,305.53266247993326,81721227.40218963,61290920.55164229,21689560.159320813,1540523.9600869282,38894585.054211594,854504.184049193,38060836.43223458,37354061.09412469,2.2351741790771484e-08
57420.0,67.07079646893163,64.69712218061562,1,409.034468861642,1227.103406584926,941.4159293786327,89.39424436123124,297.65875575482767,81819755.34996386,61364816.512472965,21746073.71587794,1545886.7065664136,38912680.84956106,856004.184049193,38072856.09002863,37366794.14299466,2.2351741790771484e-08
57480.0,67.02258583818441,64.71178546477655,1,406.0306903685633,1218.09207110569,940.4517167636882,89.42357092955311,289.77436682534534,81917563.32424867,61438172.493186586,21802529.81035581,1551251.2467048394,38930303.89525802,857504.184049193,38084391.436125964,37379052.6485532,2.2351741790771484e-08
57540.0,66.97372456592787,64.72588044823371,1,403.01918163642114,1209.0575449092635,939.4744913185573,89.45176089646742,281.8796523588473,82014649.46292125,61510987.09719101,21858927.661632814,1556617.5123459168,38947453.567069285,859004.184049193,38095441.9232123,37390836.05472338,1.4901161193847656e-08
57600.0,66.92421324918095,64.73940647716886,1,399.99999999999994,1199.9999999999998,938.484264983619,89.47881295433771,273.9747692103167,82111011.91760142,61583258.93820115,21915266.489296075,1561985.4352542195,38964129.25016736,860504.184049193,38106007.01365087,37402143.81491316,7.450580596923828e-09
57660.0,66.87405249779263,64.7523629091209,1,396.97320294016674,1190.9196088205003,937.4810499558527,89.50472581824181,266.0598744194347,82206648.85368699,61654986.64026532,21971545.51365683,1567354.9471165428,38980330.3391416,862004.184049193,38116086.17949197,37412975.392025076,2.2351741790771484e-08
57720.0,66.82324293442944,64.76474911299755,1,393.9388480827734,1181.8165442483203,936.464858688589,89.5294982259951,258.13512520755967,82301558.4503885,61726168.83779147,22027763.955765825,1572725.9795432703,38996056.23800921,863504.184049193,38125678.9024824,37423330.25846595,2.2351741790771484e-08
57780.0,66.84720010045756,64.7752072463949,0,390.89699319756386,1172.6909795926915,936.9440020091511,89.5504144927898,0.0,82395738.90076411,61796804.17557317,22083924.45816047,1578098.4579197166,39010171.71590584,864890.9462486017,38134781.259493,37432073.257986136,2.2351741790771484e-08
57840.0,67.7356441740437,64.76878064440422,0,387.84769619706975,1163.5430885912092,954.712883480874,89.53756128880843,0.0,82489188.41175373,61866891.30881539,22140684.930298906,1583471.09718394,39010171.71590584,864890.9462486017,38142735.28133258,37426700.618721925,4.470348358154297e-08
57900.0,68.52057205504161,64.76235496482606,0,384.7910151355104,1154.3730454065312,970.4114411008322,89.52470992965212,0.0,82581905.20421344,61936428.90316016,22198448.606428713,1588842.9653112704,39010171.71590584,864890.9462486017,38149137.33142021,37421328.750594586,3.725290298461914e-08
57960.0,69.20985762941295,64.75593020752808,0,381.7270082076866,1145.1810246230598,984.1971525882591,89.51186041505616,0.0,82673887.51294911,62005415.63471192,22257096.054364897,1594214.0624123896,39010171.71590584,864890.9462486017,38154105.51793467,37415957.65349348,3.725290298461914e-08
58020.0,69.81077008194892,64.74950637237787,0,378.65573374787476,1135.9672012436242,996.2154016389784,89.49901274475573,0.0,82765133.5867502,62073850.19006273,22316516.922927674,1599584.3885979631,39010171.71590584,864890.9462486017,38157748.878537126,37410587.327307895,3.725290298461914e-08
58080.0,70.3300203895077,64.74308345924308,0,375.57725022871256,1126.7317506861377,1006.6004077901539,89.48616691848616,0.0,82855641.68842298,62141731.266317315,22376609.244568877,1604953.9439786407,39010171.71590584,864890.9462486017,38160168.07776983,37405217.771927215,2.9802322387695312e-08
58140.0,70.51216732211512,64.74137271326572,1,372.4916162600896,1117.4748487802688,1010.2433464423024,89.48274542653144,723.6576439497147,82945410.09482367,62209057.571117826,22437264.71902105,1610322.7539749506,39014110.34226506,865024.3854823499,38161470.09812187,37403787.58829014,3.725290298461914e-08
58200.0,68.63519338723687,64.7774633713218,1,369.39889058802714,1108.1966717640814,972.7038677447374,89.5549267426436,483.7593439957493,83034437.0968912,62275827.82266847,22496646.488023404,1615694.0554115265,39049653.43383653,866524.38548235,38163487.279233575,37433959.378425024,3.725290298461914e-08
58260.0,67.56853617024889,64.80039985934735,1,366.2991320935656,1098.8973962806967,951.3707234049778,89.6007997186947,347.124293387053,83122720.99967976,62342040.749759905,22554309.60002032,1621068.8247715156,39074203.10718587,868024.38548235,38166662.324968114,37453134.282414384,4.470348358154297e-08
58320.0,66.95105256777329,64.81578333057897,1,363.1923997916375,1089.5771993749127,939.0210513554657,89.63156666115793,267.762762344168,83210260.12239115,62407695.09179344,22610988.58646394,1626445.8524489393,39092440.716812916,869524.38548235,38170260.65288061,37465994.86436401,4.470348358154297e-08
58380.0,67.21829497217483,64.81498370483746,0,360.07875282994826,1080.2362584898447,944.3658994434966,89.62996740967492,0.0,83297052.79840663,62472789.59880504,22667364.861796536,1631823.9351818266,39097150.312425904,869978.865095576,38173600.80182674,37465326.377244115,5.960464477539063e-08
58440.0,67.72237845064821,64.80855139371702,0,356.9582504878469,1070.8747514635406,954.4475690129641,89.61710278743405,0.0,83383097.37531875,62537323.031489134,22724337.042303525,1637201.347278507,39097150.312425904,869978.865095576,38175784.641907156,37459948.965147436,5.21540641784668e-08
58500.0,68.15167903937122,64.80212000582858,0,353.83095217520105,1061.4928565256032,963.0335807874244,89.60424001165717,0.0,83468392.21496281,62601294.161222175,22781868.66320572,1642577.987553248,39097150.312425904,869978.865095576,38176847.51046326,37454572.324872695,5.21540641784668e-08
58560.0,68.51186829305172,64.79568954103961,0,350.69691743126214,1052.0907522937864,970.2373658610344,89.59137908207921,0.0,83552935.69344799,62664701.77008607,22839873.43326441,1647953.8561168297,39097150.312425904,869978.865095576,38176874.48070489,37449196.45630911,5.960464477539063e-08
58620.0,68.80818240393987,64.7892599992176,0,347.55620592353347,1042.6686177706003,976.1636480787973,89.57851999843521,0.0,83636726.20118837,62727544.65089134,22898271.602406364,1653328.9530800162,39097150.312425904,869978.865095576,38175944.09540502,37443821.35934592,5.21540641784668e-08
58680.0,69.04545567555671,64.7828313802301,0,344.40887744663604,1033.226632339908,980.9091135111341,89.56566276046021,0.0,83719762.14293343,62789821.60720014,22956989.459640905,1658703.2785535555,39097150.312425904,869978.865095576,38174128.86900572,37438447.033872366,3.725290298461914e-08
58740.0,69.22815142282758,64.77640368394466,0,341.25499192116683,1023.7649757635005,984.5630284565516,89.55280736788933,0.0,83802041.93779854,62851531.45334897,23015958.86958067,1664076.8326481795,39097150.312425904,869978.865095576,38171495.75112015,37433073.47977774,2.9802322387695312e-08
58800.0,69.36039049648663,64.76997691022885,0,338.0946093925599,1014.2838281776797,987.2078099297325,89.5399538204577,0.0,83883564.019295,62912673.01447133,23075116.844598137,1669449.615474605,39097150.312425904,869978.865095576,38168106.55439861,37427700.696951315,2.2351741790771484e-08
58860.0,69.44597761440845,64.76355105895023,0,334.92779002994206,1004.7833700898261,988.9195522881689,89.52710211790045,0.0,83964326.83535992,62973245.126520015,23134405.14987799,1674821.6271435318,39097150.312425904,869978.865095576,38164018.34949851,37422328.68528239,1.4901161193847656e-08
58920.0,69.48842566847695,64.75712612997641,0,331.75459412499134,995.263782374974,989.768513369539,89.51425225995283,0.0,84044328.84838568,63033246.63628933,23193769.93883628,1680192.867765645,39097150.312425904,869978.865095576,38159283.82968744,37416957.44466028,2.9802322387695312e-08
58980.0,69.49097816264025,64.75070212317502,0,328.57508209078213,985.7252462723463,989.819563252805,89.50140424635003,0.0,84123568.53524926,63092676.401437014,23253161.416571517,1685563.337451613,39097150.312425904,869978.865095576,38153951.64741392,37411586.97497431,2.9802322387695312e-08
59040.0,69.45662992583307,64.74427903841368,0,325.3893144606403,976.167943381921,989.1325985166613,89.48855807682736,0.0,84202044.38734126,63151533.29050601,23312533.529192626,1690933.0363120886,39097150.312425904,869978.865095576,38148066.725001335,37406217.27611384,3.725290298461914e-08
59100.0,69.38814623240008,64.73785687556007,0,322.1973518869895,966.5920556609685,987.7629246480014,89.47571375112014,0.0,84279754.91059457,63209816.182946,23371843.677034106,1696301.9644577086,39097150.312425904,869978.865095576,38141670.54145422,37400848.34796822,3.725290298461914e-08
59160.0,69.28808045245835,64.73143563448187,0,318.9992551401969,956.9977654205907,985.761609049167,89.46287126896374,0.0,84356698.62551285,63267523.96913471,23431052.449921943,1701670.121999094,39097150.312425904,869978.865095576,38134801.39721372,37395480.19042684,4.470348358154297e-08
59220.0,69.15879034522196,64.72501531504675,0,315.79508510741425,947.3852553222428,983.1758069044392,89.4500306300935,0.0,84432874.06719868,63324655.55039908,23490123.38279486,1707037.50904685,39097150.312425904,869978.865095576,38127494.65855741,37390112.80337908,3.725290298461914e-08
59280.0,69.0024530996231,64.71859591712246,0,312.5849027914193,937.7547083742579,980.0490619924619,89.43719183424491,0.0,84508279.78538145,63381209.83903615,23549022.73011592,1712404.1257115656,39097150.312425904,869978.865095576,38119782.98320872,37384746.18671437,5.960464477539063e-08
59340.0,68.82107921854166,64.7121774405767,0,309.36876930945635,928.106307928369,976.4215843708331,89.42435488115339,0.0,84582914.34444499,63437185.7583338,23607719.25762979,1717769.9721038144,39097150.312425904,869978.865095576,38111696.52860024,37379380.340322115,3.725290298461914e-08
59400.0,68.61652533555117,64.70575988527725,0,306.1467458920719,918.4402376762157,972.3305067110234,89.41151977055449,0.0,84656776.32345487,63492582.2425912,23666184.050132055,1723135.0483341536,39097150.312425904,869978.865095576,38103263.144125044,37374015.264091775,4.470348358154297e-08
59460.0,68.39050604625324,64.69934325109188,0,302.91889388194664,908.75668164584,967.8101209250647,89.39868650218375,0.0,84729864.31618547,63547398.23713916,23724390.334019475,1728499.3545131253,39097150.312425904,869978.865095576,38094508.54860661,37368650.95791281,5.21540641784668e-08
59520.0,68.14460482996206,64.69292753788838,0,299.68527473272945,899.0558241981884,962.8920965992413,89.38585507577676,0.0,84802176.93114679,63601632.698360145,23782313.31348482,1733862.890751255,39097150.312425904,869978.865095576,38085456.494124115,37363287.42167468,4.470348358154297e-08
59580.0,67.88028413167658,64.68651274553454,0,296.44595000786865,889.3378500236059,957.6056826335315,89.37302549106909,0.0,84873712.79161084,63655284.59370819,23839930.01930715,1739225.6571590526,39097150.312425904,869978.865095576,38076128.91724203,37357924.65526688,4.470348358154297e-08
59640.0,67.59889466890034,64.68009887389823,0,293.2009813794381,879.6029441383142,951.9778933780069,89.36019774779646,0.0,84944470.53563797,63708352.90172854,23897219.169269152,1744587.653847012,39097150.312425904,869978.865095576,38066546.07861243,37352562.658578925,5.21540641784668e-08
59700.0,67.30168402290519,64.67368592284727,0,289.95043062696175,869.8512918808852,946.0336804581038,89.34737184569454,0.0,85014448.81610276,63760836.612077124,23954161.039307665,1749948.8809256116,39097150.312425904,869978.865095576,38056726.6918439,37347201.431500316,4.470348358154297e-08
59760.0,66.9898045694543,64.66727389224955,0,286.69435963624016,860.0830789087205,939.7960913890859,89.33454778449911,0.0,85083646.30071957,63812734.725539744,24010737.344572045,1755309.3385053135,39097150.312425904,869978.865095576,38046688.042462446,37341840.97392063,5.960464477539063e-08
59820.0,66.66432079976788,64.66086278197294,0,283.43283039817254,850.2984911945176,933.2864159953576,89.32172556394588,0.0,85152061.67206809,63864046.25405113,24066931.129628725,1760669.0266965642,39097150.312425904,869978.865095576,38036446.0977259,37336481.28572938,5.960464477539063e-08
59880.0,66.32621607861324,64.65445259188533,0,280.16590500757405,840.4977150227221,926.5243215722649,89.30890518377066,0.0,85219693.62761822,63914770.220713735,24122726.667108648,1766027.9456097945,39097150.312425904,869978.865095576,38026015.60799533,37331122.36681613,3.725290298461914e-08
59940.0,65.97639888279448,64.64804332185469,0,276.8936456619949,830.6809369859848,919.5279776558897,89.29608664370937,0.0,85286540.87975505,63964905.659816355,24178109.36414855,1771386.095355419,39097150.312425904,869978.865095576,38015410.200312436,37325764.21707052,5.21540641784668e-08
60000.0,65.61570855999051,64.64163497174893,0,273.6161146605348,820.8483439816043,912.3141711998102,89.28326994349786,0.0,85352602.15580323,64014451.6168525,24233065.67602675,1776743.4760438367,39097150.312425904,869978.865095576,38004642.46478196,37320406.836382106,5.21540641784668e-08
60060.0,65.24492064481902,64.63522754143602,0,270.33337440266155,811.0001232079846,904.8984128963804,89.27045508287205,0.0,85417876.19805132,64063407.14853857,24287583.026440393,1782100.0877854305,39097150.312425904,869978.865095576,37993724.03431281,37315050.22464052,5.960464477539063e-08
60120.0,64.86475176616818,64.62882103078394,0,267.0454873870169,801.1364621610508,897.2950353233637,89.25764206156788,0.0,85482361.76377562,64111771.322831795,24341649.733913388,1787455.9306905677,39097150.312425904,869978.865095576,37982665.65822789,37309694.38173537,5.21540641784668e-08
60180.0,64.47586417722135,64.6224154396607,0,263.7525162102302,791.2575486306907,889.5172835444271,89.2448308793214,-0.0,85546057.62526393,64159543.21894803,24395254.943863824,1792811.0048695996,39097150.312425904,869978.865095576,37971477.27021467,37304339.307556346,6.705522537231445e-08
60240.0,64.07886993718292,64.61601076793431,0,260.45452356572525,781.3635706971758,881.5773987436583,89.23202153586863,-0.0,85608962.56983887,64206721.92737922,24448388.565895595,1798165.310432862,39097150.312425904,869978.865095576,37960168.05105083,37298985.00199308,5.960464477539063e-08
60300.0,63.67433477148402,64.60960701547282,0,257.1515722425294,771.4547167275882,873.4866954296804,89.21921403094564,-0.0,85671075.39988093,64253306.54991078,24501041.215912636,1803518.8474906746,39097150.312425904,869978.865095576,37948746.486507535,37293631.46493527,6.705522537231445e-08
60360.0,63.2627816351879,64.60320418214427,0,253.84372512407407,761.5311753722222,865.255632703758,89.20640836428854,-0.0,85732394.9328514,64299296.19963863,24553204.162684932,1808871.6161533408,39097150.312425904,869978.865095576,37937220.420800425,37288278.696272604,6.705522537231445e-08
60420.0,62.84469400241398,64.59680226781674,0,250.53104518699953,751.5931355609986,856.8938800482796,89.19360453563348,-0.0,85792920.00131476,64344690.000986144,24604869.278524052,1814223.6165311493,39097150.312425904,869978.865095576,37925597.105931,37282926.69589479,5.960464477539063e-08
60480.0,62.420518902844826,64.59040127235835,0,247.21359549995802,741.640786499874,848.4103780568965,89.1808025447167,-0.0,85852649.45296092,64389487.08972077,24656028.99375222,1819574.8487343716,39097150.312425904,869978.865095576,37913883.24723425,37277575.46369158,6.705522537231445e-08
60540.0,61.99066972476178,64.58400119563719,0,243.89143922240862,731.6743176672259,839.8133944952356,89.16800239127437,-0.0,85911582.15062726,64433686.612970516,24706676.25467321,1824925.3128732648,39097150.312425904,869978.865095576,37902085.04542412,37272224.99955269,8.195638656616211e-08
60600.0,61.55552880255888,64.5776020375214,0,240.56463960341867,721.693918810256,831.1105760511776,89.1552040750428,-0.0,85969716.97232012,64477287.72924018,24756804.48477591,1830275.0090580687,39097150.312425904,869978.865095576,37890208.23540627,37266875.30336789,6.705522537231445e-08
60660.0,61.11544980530578,64.57120379787914,0,237.23325998045644,711.6997799413693,822.3089961061156,89.14240759575827,-0.0,86027052.81123634,64520289.60842734,24806407.54892187,1835623.9373990088,39097150.312425904,869978.865095576,37878258.122106545,37261526.375026956,8.195638656616211e-08
60720.0,60.67075994165492,64.56480647657854,0,233.89736377818963,701.6920913345689,813.4151988330984,89.12961295315708,-0.0,86083588.57578418,64562691.43183821,24855479.720287506,1840972.0980062934,39097150.312425904,869978.865095576,37866239.61354448,37256178.214419656,7.450580596923828e-08
60780.0,60.22176199521362,64.55841007348785,0,230.55701450727156,691.6710435218147,804.4352399042724,89.1168201469757,-0.0,86139323.18960415,64604492.3922032,24904015.64984911,1846319.490990116,39097150.312425904,869978.865095576,37854157.251364045,37250830.82143584,7.450580596923828e-08
60840.0,59.76873620341551,64.55201458847525,0,227.21227576313842,681.6368272894152,795.3747240683101,89.10402917695049,-0.0,86194255.59158958,64645691.693692274,24952010.338215154,1851666.1164606537,39097150.312425904,869978.865095576,37842015.23901654,37245484.195965305,6.705522537231445e-08
60900.0,59.31194199192326,64.54562002140895,0,223.8632112247935,671.5896336743805,786.2388398384653,89.0912400428179,-0.0,86248384.7359067,64686288.551930115,24999459.109625377,1857011.9745280677,39097150.312425904,869978.865095576,37829817.46777673,37240138.33789788,5.960464477539063e-08
60960.0,58.85161957567043,64.53922637215724,0,220.50988465359939,661.5296539607982,777.0323915134087,89.07845274431449,-0.0,86301709.59201463,64726282.19401106,25046357.58795012,1862357.0653025042,39097150.312425904,869978.865095576,37817567.54075851,37234793.24712346,8.195638656616211e-08
61020.0,58.38799143679494,64.53283364058835,0,217.15235989205968,651.4570796761791,767.7598287358989,89.0656672811767,-0.0,86354229.14468499,64765671.858513825,25092701.67453602,1867701.3888940928,39097150.312425904,869978.865095576,37805268.79508378,37229448.92353186,7.450580596923828e-08
61080.0,57.921263688930125,64.52644182657058,0,213.79070086260597,641.372102587818,758.4252737786026,89.05288365314115,-0.0,86405942.39402118,64804456.79551597,25138487.527756136,1873044.9454129473,39097150.312425904,869978.865095576,37792924.322346956,37224105.367013,7.450580596923828e-08
61140.0,57.451627336589716,64.52005092997224,0,210.42497156637984,631.2749146991396,749.0325467317944,89.04010185994449,-0.0,86456848.3554775,64842636.2666082,25183711.544133473,1878387.7349691663,39097150.312425904,869978.865095576,37780536.98750564,37218762.577456795,8.195638656616211e-08
61200.0,56.979259437712805,64.51366095066163,0,207.05523608201682,621.1657082460505,739.5851887542561,89.02732190132326,-0.0,86506946.0598778,64880209.54490843,25228370.34091685,1883729.757672832,39097150.312425904,869978.865095576,37768109.44631882,37213420.554753125,7.450580596923828e-08
61260.0,56.50432417681395,64.5072718885071,0,203.68155856442215,611.0446756932664,730.086483536279,89.01454377701421,-0.0,86556234.55343401,64917175.91507558,25272460.739997488,1889071.0136340114,39097150.312425904,869978.865095576,37755644.16144415,37208079.29879194,6.705522537231445e-08
61320.0,56.02697385561165,64.50088374337703,0,200.3040032435527,600.9120097306582,720.539477112233,89.00176748675406,-0.0,86604712.89776427,64953534.673323266,25315979.753063213,1894411.5029627548,39097150.312425904,869978.865095576,37743143.41729737,37202738.809463196,6.705522537231445e-08
61380.0,55.54734980747941,64.49449651513977,0,196.92263442319424,590.7679032695827,710.9469961495881,88.98899303027954,-0.0,86652380.16991076,64989285.12743314,25358924.567895073,1899751.2257690977,39097150.312425904,869978.865095576,37730609.33376904,37197399.086656846,6.705522537231445e-08
61440.0,55.065583241576576,64.48811020366374,0,193.53751647973453,580.6125494392036,701.3116648315315,88.97622040732747,-0.0,86699235.46235736,65024426.596768096,25401292.535718564,1905090.182163059,39097150.312425904,869978.865095576,37718043.87888653,37192060.13026288,5.21540641784668e-08
61500.0,54.581796022064886,64.48172480881735,0,190.1487138609387,570.4461415828162,691.6359204412977,88.9634496176347,-0.0,86745277.88304682,65058958.412285194,25443081.159528337,1910428.3722546422,39097150.312425904,869978.865095576,37705448.880502276,37186721.9401713,5.960464477539063e-08
61560.0,54.096101387402186,64.47534033046902,0,186.75629108472407,560.2688732541721,681.9220277480438,88.95068066093805,-0.0,86790506.55539782,65092879.91654845,25484288.083311535,1915765.796153835,39097150.312425904,869978.865095576,37692826.03708314,37181384.516272105,5.960464477539063e-08
61620.0,53.608604614319816,64.46895676848723,0,183.36031273793128,550.0809382137938,672.1720922863963,88.93791353697446,-0.0,86834920.61832166,65126190.46374132,25524911.082100645,1921102.4539706092,39097150.312425904,869978.865095576,37680176.92767012,37176047.85845532,5.960464477539063e-08
61680.0,53.11940363073689,64.46257412274045,0,179.96084347509216,539.8825304252765,662.3880726147378,88.9251482454809,-0.0,86878519.22623858,65158889.419679,25564948.052792072,1926438.3458149212,39097150.312425904,869978.865095576,37667503.02107207,37170711.96661101,5.960464477539063e-08
61740.0,52.62858958153744,64.45619239309717,0,176.55794801720126,529.6738440516037,652.5717916307487,88.91238478619434,-0.0,86921301.54909393,65190976.161820516,25604397.00567158,1931773.4717967112,39097150.312425904,869978.865095576,37654805.68435229,37165376.840629235,6.705522537231445e-08
61800.0,52.13624735083399,64.44981157942588,0,173.15169115048218,519.4550734514465,642.7249470166798,88.89962315885177,-0.0,86963266.77237396,65222450.07928054,25643256.05659215,1937107.8320259035,39097150.312425904,869978.865095576,37642086.19066255,37160042.48040004,5.960464477539063e-08
61860.0,51.64245604406382,64.44343168159514,0,169.74213772515714,509.2264131754714,632.8491208812763,88.88686336319029,-0.0,87004414.09712131,65253310.572841056,25681523.41975421,1942441.426612407,39097150.312425904,869978.865095576,37629345.7264745,37154708.88581354,6.705522537231445e-08
61920.0,51.147289433005305,64.43705269947348,0,166.32935265420778,498.9880579626233,622.9457886601061,88.87410539894697,-0.0,87044742.73995022,65283557.05496274,25719197.401041776,1947774.2556661149,39097150.312425904,869978.865095576,37616585.398254916,37149376.056759834,6.705522537231445e-08
61980.0,50.65081636656584,64.43067463292947,0,162.91340091214218,488.74020273642657,613.0163273313168,88.86134926585893,-0.0,87084251.93306148,65313188.94979618,25756276.39187181,1953106.3192969037,39097150.312425904,869978.865095576,37603806.23862752,37144043.99312904,5.960464477539063e-08
62040.0,50.1531011499723,64.4242974818317,0,159.49434753375743,478.4830426012723,603.0620229994461,88.8485949636634,-0.0,87122940.924257,65342205.69319281,25792758.863517348,1958437.6176146357,39097150.312425904,869978.865095576,37591009.21206088,37138712.6948113,5.21540641784668e-08
62100.0,49.654203894793966,64.41792124604878,0,156.0722576129029,468.21677283870866,593.0840778958793,88.83584249209756,-0.0,87160808.97695413,65370606.73271567,25828643.36186788,1963768.1507291559,39097150.312425904,869978.865095576,37578195.22011869,37133382.16169678,5.21540641784668e-08
62160.0,49.15418084203988,64.41154592544933,0,152.64719630123633,457.941588903709,583.0836168407975,88.82309185089866,-0.0,87197855.37019977,65398391.527649894,25863928.502593413,1969097.9187502947,39097150.312425904,869978.865095576,37565365.10630624,37128052.39367564,5.21540641784668e-08
62220.0,48.653084660401326,64.405171519902,0,149.2192288069877,447.6576864209631,573.0616932080266,88.810343039804,-0.0,87234079.39868398,65425559.54901305,25898612.966681145,1974426.921787866,39097150.312425904,869978.865095576,37552519.66054409,37122723.39063807,5.21540641784668e-08
62280.0,48.15096472154966,64.39879802927544,0,145.78842039371781,437.3652611811534,563.0192944309932,88.79759605855088,-0.0,87269480.37275347,65452110.27956516,25932695.49631603,1979755.1599516682,39097150.312425904,869978.865095576,37539659.62329751,37117395.15247427,4.470348358154297e-08
62340.0,47.647867354254196,64.39242545343835,0,142.3548363790735,427.0645091372205,552.9573470850839,88.7848509068767,-0.0,87304057.61842471,65478043.2138186,25966174.8910789,1985082.6333514838,39097150.312425904,869978.865095576,37526785.689388275,37112067.67907446,5.21540641784668e-08
62400.0,47.14383607894789,64.3860537922594,0,138.91854213354458,416.75562640063373,542.8767215789578,88.7721075845188,-0.0,87337810.4773968,65503357.85804767,25999050.00443757,1990409.3420970798,39097150.312425904,869978.865095576,37513898.51151308,37106740.97032886,5.960464477539063e-08
62460.0,46.63891182424502,64.37968304560734,0,135.4796030792195,406.43880923765846,532.7782364849004,88.75936609121467,-0.0,87370738.30706397,65528053.73029805,26031319.74050849,1995735.2862982072,39097150.312425904,869978.865095576,37500998.70349141,37101415.02612773,5.960464477539063e-08
62520.0,46.133133126797205,64.37331321335088,0,132.0380846885421,396.11425406562637,522.662662535944,88.74662642670177,-0.0,87402840.48052779,65552130.360395916,26062983.05106807,2001060.4660646014,39097150.312425904,869978.865095576,37488086.8432633,37096089.84636134,5.960464477539063e-08
62580.0,45.626536315769584,64.36694429535879,0,128.5940524830611,385.7821574491833,512.5307263153917,88.73388859071758,-0.0,87434116.38660915,65575587.28995694,26094038.93279451,2006384.881505982,39097150.312425904,869978.865095576,37475163.475656494,37090765.43091995,4.470348358154297e-08
62640.0,45.119155683119764,64.36057629149985,0,125.14757203218514,375.4427160965554,502.3831136623953,88.72115258299971,-0.0,87464565.42985989,65598424.072395,26124486.424722318,2011708.532732053,39097150.312425904,869978.865095576,37462229.11494067,37085441.77969388,4.470348358154297e-08
62700.0,44.61102364077027,64.35420920164286,0,121.69870895193331,365.0961268557999,492.2204728154054,88.70841840328572,-0.0,87494187.03057413,65620640.272930674,26154324.605893236,2017031.419852502,39097150.312425904,869978.865095576,37449284.247184984,37080118.89257343,4.470348358154297e-08
62760.0,44.10217086568272,64.34784302565662,0,118.2475289036883,354.7425867110649,482.04341731365446,88.69568605131323,-0.0,87522980.62479927,65642235.46859953,26183552.593188405,2022353.5429770018,39097150.312425904,869978.865095576,37436329.33243417,37074796.76944893,5.21540641784668e-08
62820.0,43.59262643376376,64.34147776340996,0,114.79409759294383,344.38229277883147,471.85252867527527,88.68295552681991,-0.0,87550945.66434677,65663209.24826016,26212169.539327826,2027674.902215209,39097150.312425904,869978.865095576,37423364.80671718,37069475.41021072,5.21540641784668e-08
62880.0,43.08241794346159,64.33511341477173,0,111.33848076805295,334.01544230415885,461.64835886923186,88.67022682954345,-0.0,87578081.61680263,65683561.21260205,26240174.631024245,2032995.4976767646,39097150.312425904,869978.865095576,37410391.08390109,37064154.81474917,5.21540641784668e-08
62940.0,42.5715716298453,64.3287499796108,0,107.88074421897853,323.6422326569356,451.431432596906,88.65749995922161,-0.0,87604387.9655374,65703290.97415313,26267567.087279566,2038315.3294712934,39097150.312425904,869978.865095576,37397408.55740231,37058834.982954636,3.725290298461914e-08
63000.0,42.06011246989887,64.32238745779607,0,104.42095377604126,313.2628613281238,441.20224939797737,88.64477491559214,-0.0,87629864.20971613,65722398.15728717,26294346.157812808,2043634.397708405,39097150.312425904,869978.865095576,37384417.60176599,37053515.91471751,3.725290298461914e-08
63060.0,41.548064279705486,64.31602584919644,0,100.959175308664,302.877525925992,430.9612855941097,88.63205169839287,-0.0,87654509.86430784,65740882.39823096,26320511.121609498,2048952.7024976932,39097150.312425904,869978.865095576,37371418.5741238,37048197.60992822,2.9802322387695312e-08
63120.0,41.03544980414556,64.30966515368084,0,97.4954747241177,292.4864241723531,420.70899608291114,88.61933030736168,-0.0,87678324.46009481,65758743.34507119,26346061.285583124,2054270.2439487358,39097150.312425904,869978.865095576,37358411.81553937,37042880.06847718,3.725290298461914e-08
63180.0,40.52229079968376,64.30330537111821,0,94.02991796627003,282.0897538988101,410.4458159936752,88.60661074223643,-0.0,87701307.54368144,65775980.65776118,26370995.983340036,2059587.0221710948,39097150.312425904,869978.865095576,37345397.65225008,37037563.290254824,2.9802322387695312e-08
63240.0,40.00860811077686,64.29694650137752,0,90.56257101432551,271.68771304297655,400.17216221553724,88.59389300275504,-0.0,87723458.67750299,65792594.00812733,26395314.5740398,2064903.037274317,39097150.312425904,869978.865095576,37332376.39681326,37032247.2751516,4.470348358154297e-08
63300.0,39.49442174039217,64.29058854432775,0,87.09349988157201,261.28049964471603,389.8884348078434,88.5811770886555,-0.0,87744777.43983378,65808583.07987542,26419016.441343654,2070218.289367933,39097150.312425904,869978.865095576,37319348.34916388,37026932.023058,5.960464477539063e-08
63360.0,38.97975091509036,64.28423149983789,0,83.62277061412263,250.8683118423679,379.59501830180716,88.56846299967577,-0.0,87765263.42479528,65823947.56859655,26442100.992444318,2075532.778561458,39097150.312425904,869978.865095576,37306313.79759083,37021617.533864476,5.21540641784668e-08
63420.0,38.464614145089506,64.27787536777696,0,80.15044928966111,240.45134786898333,369.29228290179014,88.55575073555391,-0.0,87784916.24236391,65838687.18177302,26464567.6571708,2080846.5049643912,39097150.312425904,869978.865095576,37293273.01963788,37016303.80746154,5.21540641784668e-08
63480.0,37.949029279696816,64.271520148014,0,76.67660201617913,230.0298060485374,358.9805855939363,88.54304029602801,-0.0,87803735.51837833,65852801.638783835,26486415.8871625,2086159.4686862165,39097150.312425904,869978.865095576,37280226.282935165,37010990.84373971,4.470348358154297e-08
63540.0,37.43301355846412,64.26516584041809,0,73.20129493072241,219.60388479216724,348.6602711692824,88.53033168083618,-0.0,87821720.89454666,65866290.670910075,26507645.15510723,2091471.6698364015,39097150.312425904,869978.865095576,37267173.84596649,37005678.642589524,4.470348358154297e-08
63600.0,36.91658365839575,64.2588124448583,0,69.72459419812655,209.17378259437965,338.331673167915,88.51762488971659,-0.0,87838872.02845325,65879154.02134001,26528254.954038195,2096783.1085243982,39097150.312425904,869978.865095576,37254115.95877747,37000367.20390154,5.21540641784668e-08
63660.0,36.399755737512535,64.2524599612037,0,66.24656600976371,198.73969802929113,327.9951147502507,88.5049199224074,-0.0,87855188.59356523,65891391.445174,26548244.796685435,2102093.7848596433,39097150.312425904,869978.865095576,37241052.863628976,36995056.52756629,5.21540641784668e-08
63720.0,35.88254547505149,64.24610838932342,0,62.767276582276054,188.30182974682816,317.65090950102973,88.49221677864685,-0.0,87870670.27923875,65903002.70942913,26567614.21487748,2107403.6989515577,39097150.312425904,869978.865095576,37227984.79560015,36989746.613474384,5.960464477539063e-08
63780.0,35.36496810856088,64.2397577290866,0,59.2867921563197,177.8603764689591,307.2993621712176,88.47951545817321,-0.0,87885316.79072478,65913987.59304367,26586362.758989375,2112712.850909547,39097150.312425904,869978.865095576,37214911.98314481,36984437.4615164,6.705522537231445e-08
63840.0,34.847038468128225,64.23340798036237,0,55.80517899530007,167.4155369859002,296.94076936256454,88.46681596072474,-0.0,87899127.8491749,65924345.88688126,26604489.997433458,2118021.2408429994,39097150.312425904,869978.865095576,37201834.64860487,36979129.07158294,5.960464477539063e-08
63900.0,34.32877100796247,64.22705914301991,0,52.32250338411449,156.96751015234346,286.57542015924946,88.45411828603983,-0.0,87912103.19164646,65934077.393734924,26621995.51618961,2123328.8688612888,39097150.312425904,869978.865095576,37188753.008684084,36973821.443564646,5.960464477539063e-08
63960.0,33.810179835533226,64.22071121692844,0,48.83883162788575,146.51649488365726,276.20359671066456,88.44142243385687,-0.0,87924242.57110763,65943181.9283308,26638878.918371923,2128635.735073774,39097150.312425904,869978.865095576,37175667.27488517,36968514.57735217,6.705522537231445e-08
64020.0,33.291278738455446,64.21436420195711,0,45.354230050701766,136.0626901521053,265.8255747691089,88.42872840391422,-0.0,87935545.75644211,65951659.31733167,26655139.82382896,2133941.8395897965,39097150.312425904,869978.865095576,37162577.65391298,36963208.472836144,6.705522537231445e-08
64080.0,32.772081209292196,64.2080180979752,0,41.86876499435505,125.60629498306514,255.44162418584392,88.4160361959504,-0.0,87946012.53245358,65959509.39934027,26670777.868775006,2139247.1825186834,39097150.312425904,869978.865095576,37149484.348046646,36957903.129907265,6.705522537231445e-08
64140.0,32.25260046843626,64.20167290485192,0,38.382502817075355,115.14750845122606,245.05200936872527,88.40334580970384,-0.0,87955642.69986969,65966732.02490235,26685792.705449928,2144551.763969745,39097150.312425904,869978.865095576,37136387.55548275,36952598.54845621,7.450580596923828e-08
64200.0,31.732849485217567,64.19532862245654,0,34.89550989226921,104.68652967680762,234.65698970435136,88.39065724491309,-0.0,87964436.07534593,65973327.05650954,26700184.001805395,2149855.584052277,39097150.312425904,869978.865095576,37123287.47065193,36947294.72837367,6.705522537231445e-08
64260.0,31.212840997373668,64.18898525065836,0,31.407852607254448,94.22355782176334,224.25681994747336,88.37797050131672,-0.0,87972392.49146913,65979294.36860193,26713951.441215448,2155158.642875558,39097150.312425904,869978.865095576,37110184.28451099,36941991.66955039,6.705522537231445e-08
64320.0,30.69258752900834,64.18264278932668,0,27.919597362000914,83.75879208600274,213.85175058016677,88.36528557865336,-0.0,87979511.79676057,65984633.84757051,26727094.72220951,2160460.9405488535,39097150.312425904,869978.865095576,37097078.18481223,36936689.371877104,8.940696716308594e-08
64380.0,30.172101407154997,64.1763012383308,0,24.430810567858483,73.29243170357545,203.44202814309995,88.35260247666159,-0.0,87985793.85567896,65989345.39175929,26739613.558226094,2165762.47718141,39097150.312425904,869978.865095576,37083969.35635187,36931387.835244544,8.195638656616211e-08
64440.0,29.651394777052282,64.16996059754005,0,20.941558646298738,62.82467593889621,193.02789554104564,88.33992119508011,-0.0,87991238.54862292,65993428.91146728,26751507.677385617,2171063.252882461,39097150.312425904,869978.865095576,37070857.981199265,36926087.05954348,6.705522537231445e-08
64500.0,29.13047961623019,64.16362086682383,0,17.451908027648617,52.355724082945855,182.6095923246038,88.32724173364767,-0.0,87995845.77193338,65996884.328950115,26762776.822280794,2176363.2677612226,39097150.312425904,869978.865095576,37057744.23890818,36920787.044664726,8.195638656616211e-08
64560.0,28.609367747498986,64.1572820460515,0,13.961925149826751,41.88577544948025,172.18735494997972,88.31456409210301,-0.0,87999615.43789545,65999711.57842166,26773420.749783307,2181662.5219268966,39097150.312425904,869978.865095576,37044628.30671155,36915487.79049906,8.940696716308594e-08
64620.0,28.088070850924666,64.15094413509244,0,10.471676457076065,31.415029371228194,161.76141701849332,88.30188827018489,-0.0,88002547.4747401,66001910.60605515,26783439.23086541,2186961.015488668,39097150.312425904,869978.865095576,37031510.35970116,36910189.29693729,8.940696716308594e-08
64680.0,27.566600474869386,64.14460713381608,0,6.981228398699522,20.943685196098567,151.33200949738773,88.28921426763216,-0.0,88004641.82664558,66003481.36998426,26792832.050435353,2192258.748555706,39097150.312425904,869978.865095576,37018390.57099328,36904891.563870244,8.195638656616211e-08
64740.0,27.04496804616818,64.13827104209184,0,3.4906474277971373,10.471942283391412,140.8993609233636,88.27654208418369,-0.0,88005898.45373847,66004423.84030392,26801599.007185534,2197555.7212371654,39097150.312425904,869978.865095576,37005269.1118813,36899594.59118878,8.195638656616211e-08
64800.0,26.52318487950882,64.13193585978918,0,0.0,0.0,130.46369759017637,88.26387171957836,-0.0,88006317.33209437,66004737.99907085,26809739.913452357,2202851.9336421844,39097150.312425904,869978.865095576,36992146.151976384,36894298.378783755,7.450580596923828e-08
64860.0,26.021658592776728,64.12560158677758,0,0.0,0.0,120.43317185553455,88.25120317355515,-0.0,88006317.33209437,66004737.99907085,26817262.80775334,2208147.3858798863,39097150.312425904,869978.865095576,36979327.80543771,36889002.92654605,8.195638656616211e-08
64920.0,25.558691479351744,64.11926822292651,0,0.0,0.0,111.17382958703487,88.23853644585301,-0.0,88006317.33209437,66004737.99907085,26824207.314454716,2213442.078059377,39097150.312425904,869978.865095576,36967088.60655683,36883708.23436656,7.450580596923828e-08
64980.0,25.131318969109703,64.11293576810549,0,0.0,0.0,102.62637938219406,88.22587153621097,-0.0,88006317.33209437,66004737.99907085,26830617.90210835,2218736.0102897496,39097150.312425904,869978.865095576,36955384.086672835,36878414.30213619,8.195638656616211e-08
65040.0,24.73680441890899,64.10660422218405,0,0.0,0.0,94.73608837817977,88.21320844436809,-0.0,88006317.33209437,66004737.99907085,26836535.62036136,2224029.182680079,39097150.312425904,869978.865095576,36944173.1960295,36873121.12974586,8.195638656616211e-08
65100.0,24.372621588731338,64.10027358503173,0,0.0,0.0,87.45243177462676,88.20054717006346,-0.0,88006317.33209437,66004737.99907085,26841998.362814024,2229321.595339425,39097150.312425904,869978.865095576,36933418.04091749,36867828.717086524,8.940696716308594e-08
65160.0,24.036438465121,64.09394385651807,0,0.0,0.0,80.72876930242003,88.18788771303613,-0.0,88006317.33209437,66004737.99907085,26847041.10966818,2234613.248376832,39097150.312425904,869978.865095576,36923083.641025916,36862537.0640491,7.450580596923828e-08
65220.0,23.726102328336978,64.08761503651269,0,0.0,0.0,74.52204656673956,88.17523007302538,-0.0,88006317.33209437,66004737.99907085,26851696.151719943,2239904.141901329,39097150.312425904,869978.865095576,36913137.705449656,36857246.170524605,7.450580596923828e-08
65280.0,23.43962596759717,64.08128712488518,0,0.0,0.0,68.7925193519434,88.16257424977036,-0.0,88006317.33209437,66004737.99907085,26855993.29713104,2245194.27602193,39097150.312425904,869978.865095576,36903550.42591796,36851956.036404006,7.450580596923828e-08
65340.0,23.175174956144897,64.07496012150516,0,0.0,0.0,63.503499122897935,88.14992024301031,-0.0,88006317.33209437,66004737.99907085,26859960.062302824,2250483.6508476315,39097150.312425904,869978.865095576,36894294.285920486,36846666.66157831,8.940696716308594e-08
65400.0,22.931055904654823,64.06863402624225,0,0.0,0.0,58.621118093096456,88.1372680524845,-0.0,88006317.33209437,66004737.99907085,26863621.848075174,2255772.266487416,39097150.312425904,869978.865095576,36885343.88450834,36841378.04593852,7.450580596923828e-08
65460.0,22.705705617759936,64.06230883896615,0,0.0,0.0,54.11411235519871,88.12461767793229,-0.0,88006317.33209437,66004737.99907085,26867002.1023786,2261060.123050249,39097150.312425904,869978.865095576,36876675.7736421,36836090.1893757,9.685754776000977e-08
65520.0,22.497681084264347,64.05598455954649,0,0.0,0.0,49.95362168528693,88.11196911909298,-0.0,88006317.33209437,66004737.99907085,26870122.470381036,2266347.220645082,39097150.312425904,869978.865095576,36868268.30804483,36830803.09178086,9.685754776000977e-08
65580.0,22.305650236945116,64.04966118785299,0,0.0,0.0,46.11300473890232,88.09932237570598,-0.0,88006317.33209437,66004737.99907085,26873002.933090825,2271633.5593808494,39097150.312425904,869978.865095576,36860101.50659928,36825516.7530451,9.685754776000977e-08
65640.0,22.128383422774252,64.04333872375535,0,0.0,0.0,42.56766845548505,88.08667744751071,-0.0,88006317.33209437,66004737.99907085,26875661.935303386,2276919.1393664707,39097150.312425904,869978.865095576,36852156.92440109,36820231.17305948,9.685754776000977e-08
65700.0,21.96474552894125,64.03701716712332,0,0.0,0.0,39.29491057882501,88.07403433424665,-0.0,88006317.33209437,66004737.99907085,26878116.50371088,2282203.960710849,39097150.312425904,869978.865095576,36844417.534649216,36814946.351715095,8.940696716308594e-08
65760.0,21.813688714255726,64.03069651782666,0,0.0,0.0,36.27377428511451,88.06139303565331,-0.0,88006317.33209437,66004737.99907085,26880382.355931163,2287488.0235228734,39097150.312425904,869978.865095576,36836867.619616926,36809662.28890309,1.1175870895385742e-07
65820.0,21.67424569938642,64.0243767757351,0,0.0,0.0,33.48491398772843,88.04875355147021,-0.0,88006317.33209437,66004737.99907085,26882474.001154203,2292771.3279114156,39097150.312425904,869978.865095576,36829492.670005344,36804378.98451455,1.043081283569336e-07
65880.0,21.54552357297113,64.01805794071845,0,0.0,0.0,30.910471459422624,88.0361158814369,-0.0,88006317.33209437,66004737.99907085,26884404.833050434,2298053.8739853324,39097150.312425904,869978.865095576,36822279.292035185,36799096.43844062,9.685754776000977e-08
65940.0,21.42669807393553,64.01174001264653,0,0.0,0.0,28.533961478710594,88.02348002529305,-0.0,88006317.33209437,66004737.99907085,26886187.21553597,2303335.6618534657,39097150.312425904,869978.865095576,36815215.12168153,36793814.65057249,1.043081283569336e-07
66000.0,21.31700831340822,64.00542299138914,0,0.0,0.0,26.340166268164396,88.01084598277828,-0.0,88006317.33209437,66004737.99907085,26887832.561943877,2308616.69162464,39097150.312425904,869978.865095576,36808288.74550244,36788533.62080132,1.043081283569336e-07
66060.0,21.21575190243422,63.99910687681614,0,0.0,0.0,24.315038048684414,87.99821375363229,-0.0,88006317.33209437,66004737.99907085,26889351.408108488,2313896.9634076664,39097150.312425904,869978.865095576,36801489.62755481,36783253.3490183,1.1175870895385742e-07
66120.0,21.122280454287683,63.9927916687974,0,0.0,0.0,22.44560908575366,87.9855833375948,-0.0,88006317.33209437,66004737.99907085,26890753.479830682,2319176.4773113388,39097150.312425904,869978.865095576,36794808.04192895,36777973.83511463,1.1175870895385742e-07
66180.0,21.03599543258318,63.98647736720279,0,0.0,0.0,20.71990865166363,87.97295473440558,-0.0,88006317.33209437,66004737.99907085,26892047.755156253,2324455.233444435,39097150.312425904,869978.865095576,36788235.01047028,36772695.07898153,1.1175870895385742e-07
66240.0,20.956344318599427,63.98016397190221,0,0.0,0.0,19.126886371988547,87.96032794380442,-0.0,88006317.33209437,66004737.99907085,26893242.52186601,2329733.231915719,39097150.312425904,869978.865095576,36781762.24528924,36767417.080510244,1.1175870895385742e-07
66300.0,20.882817073273124,63.97385148276558,0,0.0,0.0,17.656341465462475,87.94770296553116,-0.0,88006317.33209437,66004737.99907085,26894345.4305459,2335010.472833938,39097150.312425904,869978.865095576,36775382.09569112,36762139.839592025,1.043081283569336e-07
66360.0,20.814942871207627,63.967539899662846,0,0.0,0.0,16.298857424152544,87.93507979932569,-0.0,88006317.33209437,66004737.99907085,26895363.543576885,2340286.956307824,39097150.312425904,869978.865095576,36769087.499186255,36756863.35611814,1.043081283569336e-07
66420.0,20.75228708578302,63.96122922246396,0,0.0,0.0,15.045741715660412,87.92245844492793,-0.0,88006317.33209437,66004737.99907085,26896303.380358253,2345562.682446093,39097150.312425904,869978.865095576,36762871.936266616,36751587.62997987,1.043081283569336e-07
66480.0,20.69444850606187,63.9549194510389,0,0.0,0.0,13.88897012123742,87.9098389020778,-0.0,88006317.33209437,66004737.99907085,26897170.95905407,2350837.651357446,39097150.312425904,869978.865095576,36756729.38865945,36746312.66106852,1.043081283569336e-07
66540.0,20.641056767669493,63.94861058525765,0,0.0,0.0,12.821135353389863,87.8972211705153,-0.0,88006317.33209437,66004737.99907085,26897971.83512996,2356111.863150568,39097150.312425904,869978.865095576,36750654.30079044,36741038.4492754,1.1175870895385742e-07
66600.0,20.591769981197487,63.94230262499023,0,0.0,0.0,11.83539962394974,87.88460524998047,-0.0,88006317.33209437,66004737.99907085,26898711.136927042,2361385.3179341285,39097150.312425904,869978.865095576,36744641.5442098,36735764.99449184,1.1175870895385742e-07
66660.0,20.546272542944312,63.93599557010668,0,0.0,0.0,10.925450858886236,87.87199114021335,-0.0,88006317.33209437,66004737.99907085,26899393.598500837,2366658.015816781,39097150.312425904,869978.865095576,36738686.38475335,36730492.29660918,1.043081283569336e-07
66720.0,20.50427311397409,63.92968942047703,0,0.0,0.0,10.085462279481803,87.85937884095407,-0.0,88006317.33209437,66004737.99907085,26900023.58993539,2371929.9569071643,39097150.312425904,869978.865095576,36732784.452228405,36725220.355518796,1.1175870895385742e-07
66780.0,20.465502754552773,63.923384175971364,0,0.0,0.0,9.31005509105546,87.84676835194273,-0.0,88006317.33209437,66004737.99907085,26900605.145326708,2377201.1413139002,39097150.312425904,869978.865095576,36726931.71243035,36719949.17111206,1.043081283569336e-07
66840.0,20.42971320201567,63.91707983645976,0,0.0,0.0,8.59426404031339,87.83415967291953,-0.0,88006317.33209437,66004737.99907085,26901141.988614768,2382471.569145597,39097150.312425904,869978.865095576,36721124.44131059,36714678.74328036,1.043081283569336e-07
66900.0,20.396675281038807,63.91077640181234,0,0.0,0.0,7.933505620776131,87.82155280362468,-0.0,88006317.33209437,66004737.99907085,26901637.557429418,2387741.240510845,39097150.312425904,869978.865095576,36715359.2011307,36709409.07191512,1.1175870895385742e-07
66960.0,20.366177436134436,63.904473871899214,0,0.0,0.0,7.323548722688713,87.80894774379843,-0.0,88006317.33209437,66004737.99907085,26902095.025102984,2393010.155518221,39097150.312425904,869978.865095576,36709632.81844976,36704140.156907745,1.1175870895385742e-07
67020.0,20.338024376973646,63.89817224659052,0,0.0,0.0,6.760487539472919,87.79634449318104,-0.0,88006317.33209437,66004737.99907085,26902517.320990395,2398278.314276285,39097150.312425904,869978.865095576,36703942.36380427,36698871.99814967,1.043081283569336e-07
67080.0,20.31203582786153,63.891871525756436,0,0.0,0.0,6.24071655723057,87.78374305151287,-0.0,88006317.33209437,66004737.99907085,26902907.149227075,2403545.7168935817,39097150.312425904,869978.865095576,36698285.132950306,36693604.59553238,1.1175870895385742e-07
67140.0,20.288045373357264,63.88557170926713,0,0.0,0.0,5.760907467145273,87.77114341853427,-0.0,88006317.33209437,66004737.99907085,26903267.00604464,2408812.3634786406,39097150.312425904,869978.865095576,36692658.629547685,36688337.948947325,1.1175870895385742e-07
67200.0,20.265899392647132,63.87927279699281,0,0.0,0.0,5.317987852942636,87.75854559398562,-0.0,88006317.33209437,66004737.99907085,26903599.19575529,2414078.2541399747,39097150.312425904,869978.865095576,36687060.549175695,36683072.05828599,1.043081283569336e-07
67260.0,20.245456075846846,63.87297478880368,0,0.0,0.0,4.909121516936921,87.74594957760736,-0.0,88006317.33209437,66004737.99907085,26903905.845507298,2419343.3889860823,39097150.312425904,869978.865095576,36681488.764577575,36677806.923439875,9.685754776000977e-08
67320.0,20.226584515934142,63.86667768456999,0,0.0,0.0,4.531690318682848,87.73335536913999,-0.0,88006317.33209437,66004737.99907085,26904188.91890599,2424607.7681254456,39097150.312425904,869978.865095576,36675941.312039524,36672542.54430051,1.043081283569336e-07
67380.0,20.20916387049691,63.86038148416199,0,0.0,0.0,4.183277409938171,87.72076296832398,-0.0,88006317.33209437,66004737.99907085,26904450.228587545,2429871.3916665316,39097150.312425904,869978.865095576,36670416.37881688,36667278.920759425,1.043081283569336e-07
67440.0,20.193082587929194,63.85408618744996,0,0.0,0.0,3.861651758583875,87.70817237489992,-0.0,88006317.33209437,66004737.99907085,26904691.447826058,2435134.2597177923,39097150.312425904,869978.865095576,36664912.2915271,36662016.052708164,9.685754776000977e-08
67500.0,20.178237693120078,63.847791794304186,0,0.0,0.0,3.5647538624015596,87.69558358860837,-0.0,88006317.33209437,66004737.99907085,26904914.121248197,2440396.3723876625,39097150.312425904,869978.865095576,36659427.5054351,36656753.9400383,1.1175870895385742e-07
67560.0,20.164534128061387,63.84149830459497,0,0.0,0.0,3.29068256122774,87.68299660918994,-0.0,88006317.33209437,66004737.99907085,26905119.674724076,2445657.7297845627,39097150.312425904,869978.865095576,36653960.594562314,36651492.58264139,9.685754776000977e-08
67620.0,20.15188414315194,63.835205718192654,0,0.0,0.0,3.037682863038782,87.67041143638531,-0.0,88006317.33209437,66004737.99907085,26905309.42449772,2450918.3320168974,39097150.312425904,869978.865095576,36648510.24255633,36646231.980409056,1.043081283569336e-07
67680.0,20.140206735300485,63.82891403496758,0,0.0,0.0,2.804134706009691,87.65782806993516,-0.0,88006317.33209437,66004737.99907085,26905484.585615493,2456178.1791930557,39097150.312425904,869978.865095576,36643075.23426241,36640972.1332329,1.043081283569336e-07
67740.0,20.129427129229377,63.82262325479012,0,0.0,0.0,2.588542584587543,87.64524650958025,-0.0,88006317.33209437,66004737.99907085,26905646.27970656,2461437.2714214115,39097150.312425904,869978.865095576,36637654.44794299,36635713.041004546,1.043081283569336e-07
67800.0,20.119476298657535,63.816333377530654,0,0.0,0.0,2.389525973150697,87.63266675506131,-0.0,88006317.33209437,66004737.99907085,26905795.542165138,2466695.608810322,39097150.312425904,869978.865095576,36632246.84809549,36630454.70361563,9.685754776000977e-08
67860.0,20.11029052429654,63.81004440305959,0,0.0,0.0,2.205810485930826,87.62008880611918,-0.0,88006317.33209437,66004737.99907085,26905933.32878055,2471953.1914681303,39097150.312425904,869978.865095576,36626851.47882227,36625197.12095782,8.940696716308594e-08
67920.0,20.10181098582969,63.80375633124735,0,0.0,0.0,2.0362197165938056,87.6075126624947,-0.0,88006317.33209437,66004737.99907085,26906060.521857552,2477210.0195031627,39097150.312425904,869978.865095576,36621467.45771024,36619940.29292279,9.685754776000977e-08
67980.0,20.093983385261126,63.79746916196438,0,0.0,0.0,1.8796677052225164,87.59493832392876,-0.0,88006317.33209437,66004737.99907085,26906177.935866076,2482466.093023731,39097150.312425904,869978.865095576,36616093.97018114,36614684.219402224,8.940696716308594e-08
68040.0,20.086757599223297,63.79118289508112,0,0.0,0.0,1.7351519844659435,87.58236579016224,-0.0,88006317.33209437,66004737.99907085,26906286.322656643,2487721.41213813,39097150.312425904,869978.865095576,36610730.26427616,36609428.900287814,8.195638656616211e-08
68100.0,20.080087358016286,63.78489753046807,0,0.0,0.0,1.601747160325715,87.56979506093614,-0.0,88006317.33209437,66004737.99907085,26906386.37627475,2492975.9769546413,39097150.312425904,869978.865095576,36605375.645841554,36604174.33547131,8.940696716308594e-08
68160.0,20.073929949323755,63.77861306799572,0,0.0,0.0,1.478598986475106,87.55722613599144,-0.0,88006317.33209437,66004737.99907085,26906478.73740514,2498229.787581528,39097150.312425904,869978.865095576,36600029.47408428,36598920.52484442,8.940696716308594e-08
68220.0,20.068245944708295,63.77232950753458,0,0.0,0.0,1.3649188941658963,87.54465901506916,-0.0,88006317.33209437,66004737.99907085,26906563.997474372,2503482.844127041,39097150.312425904,869978.865095576,36594691.157469526,36593667.468298905,8.940696716308594e-08
68280.0,20.062998947134826,63.76604684895519,0,0.0,0.0,1.2599789426965202,87.53209369791038,-0.0,88006317.33209437,66004737.99907085,26906642.702437975,2508735.146699412,39097150.312425904,869978.865095576,36589360.14993356,36588415.16572654,9.685754776000977e-08
68340.0,20.058155357905303,63.7597650921281,0,0.0,0.0,1.1631071581060581,87.5195301842562,-0.0,88006317.33209437,66004737.99907085,26906715.356276415,2513986.6954068597,39097150.312425904,869978.865095576,36584035.947387666,36583163.61701909,8.940696716308594e-08
68400.0,20.05368416151235,63.75348423692388,0,0.0,0.0,1.0736832302470134,87.50696847384776,-0.0,88006317.33209437,66004737.99907085,26906782.42422231,2519237.4903575876,39097150.312425904,869978.865095576,36578718.08449105,36577912.82206836,8.940696716308594e-08
68460.0,20.049556727034112,63.747204283213115,0,0.0,0.0,0.9911345406822392,87.49440856642623,-0.0,88006317.33209437,66004737.99907085,26906844.335739482,2524487.5316597815,39097150.312425904,869978.865095576,36573406.13167168,36572662.78076617,8.940696716308594e-08
68520.0,20.045746624798607,63.74092523086643,0,0.0,0.0,0.9149324959721383,87.48185046173286,-0.0,88006317.33209437,66004737.99907085,26906901.487273015,2529736.819421613,39097150.312425904,869978.865095576,36568099.692376316,36567413.49300434,8.940696716308594e-08
68580.0,20.042229457143605,63.73464707975444,0,0.0,0.0,0.8445891428721097,87.46929415950888,-0.0,88006317.33209437,66004737.99907085,26906954.24478784,2534985.3537512384,39097150.312425904,869978.865095576,36562798.400531866,36562164.958674714,9.685754776000977e-08
68640.0,20.0389827021883,63.72836982974779,0,0.0,0.0,0.7796540437659871,87.45673965949558,-0.0,88006317.33209437,66004737.99907085,26907002.94611217,2540233.1347567984,39097150.312425904,869978.865095576,36557501.918201976,36556917.17766915,8.940696716308594e-08
68700.0,20.03598556961634,63.72209348071715,0,0.0,0.0,0.7197113923268006,87.4441869614343,-0.0,88006317.33209437,66004737.99907085,26907047.903100748,2545480.162546417,39097150.312425904,869978.865095576,36552209.93342378,36551670.14987954,8.940696716308594e-08
68760.0,20.03321886754688,63.715818032533186,0,0.0,0.0,0.6643773509375706,87.43163606506637,-0.0,88006317.33209437,66004737.99907085,26907089.40363179,2550726.437228204,39097150.312425904,869978.865095576,36546922.15821095,36546423.875197746,8.940696716308594e-08
68820.0,20.030664879640977,63.70954348506662,0,0.0,0.0,0.613297592819535,87.41908697013324,-0.0,88006317.33209437,66004737.99907085,26907127.71345038,2555971.958910254,39097150.312425904,869978.865095576,36541638.326710306,36541178.35351569,8.940696716308594e-08
68880.0,20.028307251656564,63.70326983818816,0,0.0,0.0,0.5661450331312778,87.40653967637633,-0.0,88006317.33209437,66004737.99907085,26907163.077870145,2561216.7277006437,39097150.312425904,869978.865095576,36536358.19350015,36535933.584725305,8.940696716308594e-08
68940.0,20.026130886725458,63.69699709176855,0,0.0,0.0,0.5226177345091543,87.3939941835371,-0.0,88006317.33209437,66004737.99907085,26907195.72334411,2566460.743707437,39097150.312425904,869978.865095576,36531081.53201939,36530689.56871851,8.940696716308594e-08
69000.0,20.024121848681848,63.69072524567855,0,0.0,0.0,0.4824369736369505,87.3814504913571,-0.0,88006317.33209437,66004737.99907085,26907225.858914763,2571704.0070386813,39097150.312425904,869978.865095576,36525808.1331175,36525446.305387266,8.940696716308594e-08
69060.0,20.022267272823278,63.684454299788925,0,0.0,0.0,0.4453454564655601,87.36890859957785,-0.0,88006317.33209437,66004737.99907085,26907253.67755264,2576946.5178024075,39097150.312425904,869978.865095576,36520537.803715885,36520203.79462354,8.195638656616211e-08
69120.0,20.02055528353262,63.67818425397048,0,0.0,0.0,0.4111056706523897,87.35636850794096,-0.0,88006317.33209437,66004737.99907085,26907279.357392002,2582188.2761066332,39097150.312425904,869978.865095576,36515270.36557231,36514962.03631932,8.940696716308594e-08
69180.0,20.01897491823357,63.67191510809401,0,0.0,0.0,0.37949836467142006,87.34383021618802,-0.0,88006317.33209437,66004737.99907085,26907303.062871486,2587429.2820593584,39097150.312425904,869978.865095576,36510005.65414009,36509721.03036659,8.195638656616211e-08
69240.0,20.01751605719276,63.665646862030364,0,0.0,0.0,0.3503211438552256,87.33129372406073,-0.0,88006317.33209437,66004737.99907085,26907324.9457871,2592669.535768568,39097150.312425904,869978.865095576,36504743.51751528,36504480.77665739,9.685754776000977e-08
69300.0,20.01616935871888,63.65937951565038,0,0.0,0.0,0.3233871743776007,87.31875903130076,-0.0,88006317.33209437,66004737.99907085,26907345.146264207,2597909.0373422327,39097150.312425904,869978.865095576,36499483.8154645,36499241.27508371,8.940696716308594e-08
69360.0,20.01492619934399,63.653113068824936,0,0.0,0.0,0.2985239868797862,87.30622613764987,-0.0,88006317.33209437,66004737.99907085,26907363.79365483,2603147.786888306,39097150.312425904,869978.865095576,36494226.418527804,36494002.52553765,8.940696716308594e-08
69420.0,20.01377861860386,63.64684752142491,0,0.0,0.0,0.2755723720772352,87.29369504284982,-0.0,88006317.33209437,66004737.99907085,26907381.007365935,2608385.7845147275,39097150.312425904,869978.865095576,36488971.20719028,36488764.52791122,8.940696716308594e-08
69480.0,20.01271926806385,63.64058287332121,0,0.0,0.0,0.2543853612770164,87.28116574664242,-0.0,88006317.33209437,66004737.99907085,26907396.897624034,2613623.03032942,39097150.312425904,869978.865095576,36483718.07111748,36483527.28209653,8.195638656616211e-08
69540.0,20.011741364263813,63.63431912438475,0,0.0,0.0,0.2348272852762534,87.2686382487695,-0.0,88006317.33209437,66004737.99907085,26907411.566181034,2618859.524440292,39097150.312425904,869978.865095576,36478466.90844961,36478290.78798565,8.195638656616211e-08
69600.0,20.010838645280803,63.6280562744865,0,0.0,0.0,0.2167729056160539,87.256112548973,-0.0,88006317.33209437,66004737.99907085,26907425.10696578,2624095.2669552346,39097150.312425904,869978.865095576,36473217.62514993,36473055.045470715,8.940696716308594e-08
69660.0,20.010005330631397,63.6217943234974,0,0.0,0.0,0.20010661262794827,87.2435886469948,-0.0,88006317.33209437,66004737.99907085,26907437.606685523,2629330.257982125,39097150.312425904,869978.865095576,36467970.134403296,36467820.05444382,8.940696716308594e-08
69720.0,20.00923608425684,63.61553327128843,0,0.0,0.0,0.18472168513682163,87.23106654257685,-0.0,88006317.33209437,66004737.99907085,26907449.14538114,2634564.497628825,39097150.312425904,869978.865095576,36462724.35606098,36462585.814797126,8.940696716308594e-08
69780.0,20.008525980354094,63.60927311773058,0,0.0,0.0,0.17051960708187153,87.21854623546116,-0.0,88006317.33209437,66004737.99907085,26907459.796939682,2639797.98600318,39097150.312425904,869978.865095576,36457480.21612807,36457352.326422766,8.940696716308594e-08
69840.0,20.007870471833833,63.603013862694894,0,0.0,0.0,0.15740943667665874,87.20602772538979,-0.0,88006317.33209437,66004737.99907085,26907469.629567485,2645030.723213021,39097150.312425904,869978.865095576,36452237.64629044,36452119.58921293,9.685754776000977e-08
69900.0,20.007265361203586,63.596755506052375,0,0.0,0.0,0.14530722407172902,87.19351101210475,-0.0,88006317.33209437,66004737.99907085,26907478.70622694,2650262.709366163,39097150.312425904,869978.865095576,36446996.58347784,36446887.60305978,9.685754776000977e-08
69960.0,20.006706773689434,63.590498047674096,0,0.0,0.0,0.13413547378867463,87.18099609534819,-0.0,88006317.33209437,66004737.99907085,26907487.085039653,2655493.9445704045,39097150.312425904,869978.865095576,36441756.96946088,36441656.36785554,8.940696716308594e-08
70020.0,20.006191132424235,63.58424148743112,0,0.0,0.0,0.12382264848469049,87.16848297486224,-0.0,88006317.33209437,66004737.99907085,26907494.819658633,2660724.42893353,39097150.312425904,869978.865095576,36436518.75047878,36436425.88349242,9.685754776000977e-08
70080.0,20.005715135543458,63.57798582519454,0,0.0,0.0,0.11430271086915411,87.15597165038908,-0.0,88006317.33209437,66004737.99907085,26907501.959611844,2665954.162563308,39097150.312425904,869978.865095576,36431281.876895785,36431196.14986263,8.940696716308594e-08
70140.0,20.00527573504198,63.57173106083547,0,0.0,0.0,0.10551470083960623,87.14346212167094,-0.0,88006317.33209437,66004737.99907085,26907508.550619364,2671183.1455674917,39097150.312425904,869978.865095576,36426046.30288408,36425967.16685845,8.195638656616211e-08
70200.0,20.004870117256456,63.565477194225025,0,0.0,0.0,0.09740234512911172,87.13095438845005,-0.0,88006317.33209437,66004737.99907085,26907514.63488615,2676411.3780538184,39097150.312425904,869978.865095576,36420811.98613097,36420738.93437212,8.195638656616211e-08
70260.0,20.004495684848255,63.55922422523437,0,0.0,0.0,0.08991369696509821,87.11844845046873,-0.0,88006317.33209437,66004737.99907085,26907520.251372274,2681638.8601300106,39097150.312425904,869978.865095576,36415578.88756865,36415511.45229593,8.940696716308594e-08
70320.0,20.004150040171627,63.55297215373465,0,0.0,0.0,0.08300080343254024,87.1059443074693,-0.0,88006317.33209437,66004737.99907085,26907525.43604242,2686865.5919037745,39097150.312425904,869978.865095576,36410346.97112474,36410284.720522165,8.195638656616211e-08
70380.0,20.00383096992059,63.546720979597055,0,0.0,0.0,0.07661939841177912,87.09344195919411,-0.0,88006317.33209437,66004737.99907085,26907530.222096186,2692091.5734828017,39097150.312425904,869978.865095576,36405116.20349195,36405058.73894314,8.940696716308594e-08
70440.0,20.003536430956213,63.54047070269279,0,0.0,0.0,0.07072861912426731,87.08094140538557,-0.0,88006317.33209437,66004737.99907085,26907534.64018065,2697316.8049747674,39097150.312425904,869978.865095576,36399886.553915516,36399833.50745117,7.450580596923828e-08
70500.0,20.003264537223547,63.53422132289307,0,0.0,0.0,0.06529074447094274,87.06844264578613,-0.0,88006317.33209437,66004737.99907085,26907538.718586642,2702541.286487332,39097150.312425904,869978.865095576,36394657.99399696,36394609.02593861,8.195638656616211e-08
70560.0,20.003013547674442,63.52797284006913,0,0.0,0.0,0.06027095348883904,87.05594568013827,-0.0,88006317.33209437,66004737.99907085,26907542.48342988,2707765.0181281404,39097150.312425904,869978.865095576,36389430.49751291,36389385.29429779,7.450580596923828e-08
70620.0,20.00278185511889,63.52172525409224,0,0.0,0.0,0.055637102377801284,87.04345050818448,-0.0,88006317.33209437,66004737.99907085,26907545.958818212,2712988.0000048224,39097150.312425904,869978.865095576,36384204.040247895,36384162.31242111,7.450580596923828e-08
70680.0,20.002567975933527,63.515478564833664,0,0.0,0.0,0.05135951867053734,87.03095712966733,-0.0,88006317.33209437,66004737.99907085,26907549.167005993,2718210.2322249915,39097150.312425904,869978.865095576,36378978.59983994,36378940.08020094,7.450580596923828e-08
70740.0,20.002370540561365,63.509232772164694,0,0.0,0.0,0.047410811227308614,87.01846554432939,-0.0,88006317.33209437,66004737.99907085,26907552.128536575,2723431.7148962463,39097150.312425904,869978.865095576,36373754.155638106,36373718.59752969,7.450580596923828e-08
70800.0,20.00218828474197,63.50298787595665,0,0.0,0.0,0.04376569483937942,87.0059757519133,-0.0,88006317.33209437,66004737.99907085,26907554.862373866,2728652.4481261694,39097150.312425904,869978.865095576,36368530.68857089,36368497.86429976,6.705522537231445e-08
70860.0,20.002020041415857,63.49674387608086,0,0.0,0.0,0.04040082831714642,86.99348775216173,-0.0,88006317.33209437,66004737.99907085,26907557.386023756,2733872.432022329,39097150.312425904,869978.865095576,36363308.18102484,36363277.8804036,7.450580596923828e-08
70920.0,20.001864733251356,63.49050077240868,0,0.0,0.0,0.03729466502711887,86.98100154481736,-0.0,88006317.33209437,66004737.99907085,26907559.715646226,2739091.6666922765,39097150.312425904,869978.865095576,36358086.616732426,36358058.645733654,7.450580596923828e-08
70980.0,20.00172136574598,63.48425856481146,0,0.0,0.0,0.03442731491958284,86.96851712962292,-0.0,88006317.33209437,66004737.99907085,26907561.86615881,2744310.15224355,39097150.312425904,869978.865095576,36352865.98066857,36352840.16018238,7.450580596923828e-08
71040.0,20.001589020858223,63.47801725316061,0,0.0,0.0,0.031780417164455343,86.95603450632122,-0.0,88006317.33209437,66004737.99907085,26907563.851332124,2749527.8887836696,39097150.312425904,869978.865095576,36347646.25895514,36347622.42364227,8.940696716308594e-08
71100.0,20.00146685112897,63.47177683732751,0,0.0,0.0,0.029337022579412064,86.94355367465502,-0.0,88006317.33209437,66004737.99907085,26907565.68387806,2754744.876420141,39097150.312425904,869978.865095576,36342427.43877274,36342405.4360058,8.940696716308594e-08
71160.0,20.00135407425487,63.465537317183596,0,0.0,0.0,0.027081485097397717,86.93107463436719,-0.0,88006317.33209437,66004737.99907085,26907567.37553117,2759961.1152604558,39097150.312425904,869978.865095576,36337209.50827931,36337189.19716549,7.450580596923828e-08
71220.0,20.00124996807889,63.4592986926003,0,0.0,0.0,0.024999361577826562,86.9185973852006,-0.0,88006317.33209437,66004737.99907085,26907568.937123813,2765176.6054120874,39097150.312425904,869978.865095576,36331992.456535034,36331973.70701385,8.195638656616211e-08
71280.0,20.001153865966085,63.4530609634491,0,0.0,0.0,0.02307731932170043,86.9061219268982,-0.0,88006317.33209437,66004737.99907085,26907570.378655504,2770391.346982497,39097150.312425904,869978.865095576,36326776.27343294,36326758.96544345,8.940696716308594e-08
71340.0,20.001065152534835,63.446824129601445,0,0.0,0.0,0.021303050696701575,86.89364825920289,-0.0,88006317.33209437,66004737.99907085,26907571.709356975,2775605.340079128,39097150.312425904,869978.865095576,36321560.94963483,36321544.972346805,8.195638656616211e-08
71400.0,20.0009832597163,63.440588190928864,0,0.0,0.0,0.019665194325995117,86.88117638185773,-0.0,88006317.33209437,66004737.99907085,26907572.93774925,2780818.5848094085,39097150.312425904,869978.865095576,36316346.476512276,36316331.72761653,8.195638656616211e-08
71460.0,20.000907663116855,63.43435314730286,0,0.0,0.0,0.018153262337108345,86.86870629460572,-0.0,88006317.33209437,66004737.99907085,26907574.071698245,2786031.0812807526,39097150.312425904,869978.865095576,36311132.84609194,36311119.23114519,8.940696716308594e-08
71520.0,20.00083787866018,63.428118998594954,0,0.0,0.0,0.016757573203634024,86.85623799718991,-0.0,88006317.33209437,66004737.99907085,26907575.118465092,2791242.829600558,39097150.312425904,869978.865095576,36305920.05100529,36305907.48282538,8.940696716308594e-08
71580.0,20.000773459487505,63.421885744676715,0,0.0,0.0,0.015469189750092482,86.84377148935343,-0.0,88006317.33209437,66004737.99907085,26907576.084752683,2796453.8298762073,39097150.312425904,869978.865095576,36300708.08444205,36300696.482549734,8.195638656616211e-08
71640.0,20.00071399309618,63.41565338541971,0,0.0,0.0,0.014279861923611747,86.83130677083942,-0.0,88006317.33209437,66004737.99907085,26907576.976748552,2801664.082215067,39097150.312425904,869978.865095576,36295496.94010732,36295486.23021088,9.685754776000977e-08
71700.0,20.000659098698296,63.40942192069552,0,0.0,0.0,0.013181973965927796,86.81884384139104,-0.0,88006317.33209437,66004737.99907085,26907577.800164517,2806873.586724489,39097150.312425904,869978.865095576,36290286.61218193,36290276.72570146,8.940696716308594e-08
71760.0,20.00060842478228,63.40319135037576,0,0.0,0.0,0.0121684956455681,86.80638270075151,-0.0,88006317.33209437,66004737.99907085,26907578.56027326,2812082.34351181,39097150.312425904,869978.865095576,36285077.09528586,36285067.96891413,8.195638656616211e-08
71820.0,20.00056164686207,63.39696167433205,0,0.0,0.0,0.011232937241416607,86.7939233486641,-0.0,88006317.33209437,66004737.99907085,26907579.26194206,2817290.35268435,39097150.312425904,869978.865095576,36279868.38444452,36279859.95974159,7.450580596923828e-08
71880.0,20.000518465399274,63.390732892436034,0,0.0,0.0,0.010369307985484966,86.78146578487207,-0.0,88006317.33209437,66004737.99907085,26907579.909664,2822497.6143494155,39097150.312425904,869978.865095576,36274660.47505751,36274652.698076524,8.195638656616211e-08
71940.0,20.000478603885107,63.38450500455939,0,0.0,0.0,0.00957207770213131,86.76901000911877,-0.0,88006317.33209437,66004737.99907085,26907580.50758671,2827704.1286142957,39097150.312425904,869978.865095576,36269453.362869926,36269446.18381165,8.195638656616211e-08
72000.0,20.000441807069787,63.37827801057378,0,0.0,0.0,0.008836141395747177,86.75655602114756,-0.0,88006317.33209437,66004737.99907085,26907581.05953894,2832909.8955862657,39097150.312425904,869978.865095576,36264247.04394573,36264240.41683968,8.940696716308594e-08
72060.0,20.00040783932807,63.37205191035091,0,0.0,0.0,0.008156786561386298,86.74410382070182,-0.0,88006317.33209437,66004737.99907085,26907581.56905507,2838114.9153725845,39097150.312425904,869978.865095576,36259041.51464328,36259035.39705336,8.195638656616211e-08
72120.0,20.00037648315044,63.3658267037625,0,0.0,0.0,0.007529663008796206,86.731653407525,-0.0,88006317.33209437,66004737.99907085,26907582.039397735,2843319.188080495,39097150.312425904,869978.865095576,36253836.77159271,36253831.12434545,8.195638656616211e-08
72180.0,20.00034753775031,63.35960239068029,0,0.0,0.0,0.00695075500622977,86.71920478136057,-0.0,88006317.33209437,66004737.99907085,26907582.473578736,2848522.7138172276,39097150.312425904,869978.865095576,36248632.811674975,36248627.59860872,8.195638656616211e-08
72240.0,20.0003208177783,63.35337897097602,0,0.0,0.0,0.006416355565974641,86.70675794195203,-0.0,88006317.33209437,66004737.99907085,26907582.874378316,2853725.4926899937,39097150.312425904,869978.865095576,36243429.63200263,36243424.81973595,8.940696716308594e-08
72300.0,20.00029615213536,63.347156444521474,0,0.0,0.0,0.0059230427071810254,86.69431288904295,-0.0,88006317.33209437,66004737.99907085,26907583.244362958,2858927.5248059914,39097150.312425904,869978.865095576,36238227.229901984,36238222.787619956,8.195638656616211e-08
72360.0,20.000273382877168,63.34093481118845,0,0.0,0.0,0.005467657543363202,86.6818696223769,-0.0,88006317.33209437,66004737.99907085,26907583.58590183,2864128.8102724035,39097150.312425904,869978.865095576,36233025.6028967,36233021.50215354,7.450580596923828e-08
72420.0,20.000252364202737,63.33471407084874,0,0.0,0.0,0.0050472840547399755,86.66942814169748,-0.0,88006317.33209437,66004737.99907085,26907583.901181947,2869329.349196397,39097150.312425904,869978.865095576,36227824.74869259,36227820.963229544,8.195638656616211e-08
72480.0,20.00023296152079,63.328494223374186,0,0.0,0.0,0.0046592304158110665,86.65698844674837,-0.0,88006317.33209437,66004737.99907085,26907584.192222174,2874529.141685122,39097150.312425904,869978.865095576,36222624.66516363,36222621.17074082,7.450580596923828e-08
72540.0,20.000215050587922,63.32227526863664,0,0.0,0.0,0.004301011758442996,86.64455053727328,-0.0,88006317.33209437,66004737.99907085,26907584.46088617,2879728.187845716,39097150.312425904,869978.865095576,36217425.35033905,36217422.12458023,7.450580596923828e-08
72600.0,20.00019851671301,63.31605720650794,0,0.0,0.0,0.003970334260188224,86.63211441301588,-0.0,88006317.33209437,66004737.99907085,26907584.708894294,2884926.487785299,39097150.312425904,869978.865095576,36212226.802391335,36212223.82464064,8.195638656616211e-08
72660.0,20.00018325402281,63.30984003686,0,0.0,0.0,0.00366508045622993,86.61968007372,-0.0,88006317.33209437,66004737.99907085,26907584.937834647,2890124.041610977,39097150.312425904,869978.865095576,36207029.019625306,36207026.27081496,8.195638656616211e-08
72720.0,20.000169164783998,63.30362375956471,0,0.0,0.0,0.00338329567995288,86.60724751912942,-0.0,88006317.33209437,66004737.99907085,26907585.14917323,2895320.8494298398,39097150.312425904,869978.865095576,36201832.00046785,36201829.462996095,6.705522537231445e-08
72780.0,20.00015615877734,63.29740837449399,0,0.0,0.0,0.003123175546804191,86.59481674898798,-0.0,88006317.33209437,66004737.99907085,26907585.34426333,2900516.9113489618,39097150.312425904,869978.865095576,36196635.743458636,36196633.40107697,7.450580596923828e-08
72840.0,20.000144152719994,63.291193881519774,0,0.0,0.0,0.0028830543998736857,86.58238776303955,-0.0,88006317.33209437,66004737.99907085,26907585.52435419,2905712.2274754024,39097150.312425904,869978.865095576,36191440.247241326,36191438.08495053,6.705522537231445e-08
72900.0,20.0001330697322,63.28498028051403,0,0.0,0.0,0.0026613946440079417,86.56996056102805,-0.0,88006317.33209437,66004737.99907085,26907585.69059901,2910906.7979162056,39097150.312425904,869978.865095576,36186245.510555714,36186243.51450973,7.450580596923828e-08
72960.0,20.000122838845005,63.27876757134872,0,0.0,0.0,0.0024567769001038187,86.55753514269745,-0.0,88006317.33209437,66004737.99907085,26907585.844062317,2916100.6227783994,39097150.312425904,869978.865095576,36181051.532230206,36181049.68964753,6.705522537231445e-08
73020.0,20.000113394545796,63.27255575389586,0,0.0,0.0,0.002267890915916837,86.54511150779172,-0.0,88006317.33209437,66004737.99907085,26907585.985726804,2921293.702168998,39097150.312425904,869978.865095576,36175858.31117513,36175856.61025694,8.195638656616211e-08
73080.0,20.000104676358816,63.26634482802744,0,0.0,0.0,0.002093527176327825,86.53268965605488,-0.0,88006317.33209437,66004737.99907085,26907586.116499607,2926486.036194998,39097150.312425904,869978.865095576,36170665.84637632,36170664.27623094,6.705522537231445e-08
73140.0,20.000096628457907,63.2601347936155,0,0.0,0.0,0.0019325691581428828,86.520269587231,-0.0,88006317.33209437,66004737.99907085,26907586.23721812,2931677.6249633823,39097150.312425904,869978.865095576,36165474.13688943,36165472.68746256,7.450580596923828e-08
73200.0,20.00008919930902,63.253925650532075,0,0.0,0.0,0.0017839861803992108,86.50785130106415,-0.0,88006317.33209437,66004737.99907085,26907586.348655354,2936868.4685811186,39097150.312425904,869978.865095576,36160283.18183445,36160281.843844816,7.450580596923828e-08
73260.0,20.000082341340242,63.24771739864926,0,0.0,0.0,0.0016468268048441814,86.49543479729851,-0.0,88006317.33209437,66004737.99907085,26907586.451524884,2942058.567155158,39097150.312425904,869978.865095576,36155092.980390884,36155091.74527078,7.450580596923828e-08
73320.0,20.000076010637162,63.24151003783911,0,0.0,0.0,0.0015202127432445423,86.48302007567823,-0.0,88006317.33209437,66004737.99907085,26907586.54648543,2947247.920792437,39097150.312425904,869978.865095576,36149903.53179305,36149902.391633496,6.705522537231445e-08
73380.0,20.00007016666166,63.23530356797375,0,0.0,0.0,0.0014033332332274995,86.4706071359475,-0.0,88006317.33209437,66004737.99907085,26907586.634145066,2952436.5295998775,39097150.312425904,869978.865095576,36144714.835325986,36144713.78282606,7.450580596923828e-08
73440.0,20.000064771992353,63.2290979889253,0,0.0,0.0,0.0012954398470554906,86.4581959778506,-0.0,88006317.33209437,66004737.99907085,26907586.715065107,2957624.3936843835,39097150.312425904,869978.865095576,36139526.89032143,36139525.91874155,7.450580596923828e-08
73500.0,20.000059792084926,63.22289330056589,0,0.0,0.0,0.001195841698518052,86.44578660113179,-0.0,88006317.33209437,66004737.99907085,26907586.789763715,2962811.513152847,39097150.312425904,869978.865095576,36134339.69615436,36134338.79927309,7.450580596923828e-08
73560.0,20.00005519505098,63.21668950276769,0,0.0,0.0,0.0011039010195901255,86.43337900553539,-0.0,88006317.33209437,66004737.99907085,26907586.858719226,2967997.8881121418,39097150.312425904,869978.865095576,36129153.252239555,36129152.42431379,7.450580596923828e-08
73620.0,20.000050951453797,63.21048659540288,0,0.0,0.0,0.0010190290759481968,86.42097319080575,-0.0,88006317.33209437,66004737.99907085,26907586.922373183,2973183.5186691284,39097150.312425904,869978.865095576,36123967.558028616,36123966.793756805,7.450580596923828e-08
73680.0,20.000047034119874,63.20428457834364,0,0.0,0.0,0.0009406823974700274,86.40856915668728,-0.0,88006317.33209437,66004737.99907085,26907586.981133193,2978368.4049306507,39097150.312425904,869978.865095576,36118782.61300708,36118781.90749528,7.450580596923828e-08
73740.0,20.000043417964893,63.198083451462196,0,0.0,0.0,0.0008683592978542265,86.39616690292439,-0.0,88006317.33209437,66004737.99907085,26907587.035375517,2983552.547003538,39097150.312425904,869978.865095576,36113598.41669187,36113597.7654224,7.450580596923828e-08
73800.0,20.00004007983312,63.191883214630785,0,0.0,0.0,0.0008015966623986515,86.38376642926157,-0.0,88006317.33209437,66004737.99907085,26907587.085447494,2988735.9449946037,39097150.312425904,869978.865095576,36108414.96862883,36108414.367431335,7.450580596923828e-08
73860.0,20.000036998349113,63.18568386772164,0,0.0,0.0,0.0007399669822660826,86.37136773544329,-0.0,88006317.33209437,66004737.99907085,26907587.131669752,2993918.5990106463,39097150.312425904,869978.865095576,36103232.26839053,36103231.713415295,7.450580596923828e-08
73920.0,20.000034153780856,63.17948541060704,0,0.0,0.0,0.0006830756171183339,86.35897082121409,-0.0,88006317.33209437,66004737.99907085,26907587.174338277,2999100.509158449,39097150.312425904,869978.865095576,36098050.3155742,36098049.80326749,7.450580596923828e-08
73980.0,20.0000315279134,63.17328784315928,0,0.0,0.0,0.0006305582679999588,86.34657568631856,-0.0,88006317.33209437,66004737.99907085,26907587.21372629,3004281.675544779,39097150.312425904,869978.865095576,36092869.10979986,36092868.63688116,7.450580596923828e-08
74040.0,20.000029103932228,63.16709116525066,0,0.0,0.0,0.0005820786445553949,86.33418233050132,-0.0,88006317.33209437,66004737.99907085,26907587.250086006,3009462.098276389,39097150.312425904,869978.865095576,36087688.650708534,36087688.21414955,8.195638656616211e-08
74100.0,20.000026866315586,63.160895376753494,0,0.0,0.0,0.0005373263117292026,86.32179075350699,-0.0,88006317.33209437,66004737.99907085,26907587.283650257,3014641.777460016,39097150.312425904,869978.865095576,36082508.937960654,36082508.53496592,7.450580596923828e-08
74160.0,20.000024800735087,63.15470047754014,0,0.0,0.0,0.0004960147017385452,86.30940095508028,-0.0,88006317.33209437,66004737.99907085,26907587.314633965,3019820.713202381,39097150.312425904,869978.865095576,36077329.97123458,36077329.599223554,7.450580596923828e-08
74220.0,20.000022893963962,63.14850646748295,0,0.0,0.0,0.0004578792792386821,86.2970129349659,-0.0,88006317.33209437,66004737.99907085,26907587.343235534,3024998.9056101916,39097150.312425904,869978.865095576,36072151.75022521,36072151.40681575,8.195638656616211e-08
74280.0,20.000021133792366,63.14231334645431,0,0.0,0.0,0.00042267584731803254,86.28462669290862,-0.0,88006317.33209437,66004737.99907085,26907587.369638108,3030176.354790138,39097150.312425904,869978.865095576,36066974.27464269,36066973.957635805,8.195638656616211e-08
74340.0,20.000019508949194,63.136121114326606,0,0.0,0.0,0.00039017898387783134,86.27224222865321,-0.0,88006317.33209437,66004737.99907085,26907587.394010756,3035353.060848897,39097150.312425904,869978.865095576,36061797.54421128,36061797.25157704,8.195638656616211e-08
74400.0,20.000018009029898,63.12992977097227,0,0.0,0.0,0.00036018059795139834,86.25985954194454,-0.0,88006317.33209437,66004737.99907085,26907587.416509546,3040529.0238931277,39097150.312425904,869978.865095576,36056621.55866826,36056621.288532816,8.195638656616211e-08
74460.0,20.00001662442988,63.123739316263716,0,0.0,0.0,0.0003324885975786174,86.24747863252743,-0.0,88006317.33209437,66004737.99907085,26907587.437278546,3045704.2440294763,39097150.312425904,869978.865095576,36051446.31776291,36051446.068396464,8.195638656616211e-08
74520.0,20.00001534628297,63.11754975007341,0,0.0,0.0,0.00030692565943013506,86.23509950014682,-0.0,88006317.33209437,66004737.99907085,26907587.45645075,3050878.721364572,39097150.312425904,869978.865095576,36046271.82125562,36046271.59106137,8.195638656616211e-08
74580.0,20.000014166404668,63.111361072273816,0,0.0,0.0,0.00028332809336006903,86.22272214454763,-0.0,88006317.33209437,66004737.99907085,26907587.47414892,3056052.45600503,39097150.312425904,869978.865095576,36041098.068916984,36041097.85642091,8.195638656616211e-08
74640.0,20.00001307723972,63.10517328273743,0,0.0,0.0,0.000261544794426527,86.21034656547486,-0.0,88006317.33209437,66004737.99907085,26907587.4904864,3061225.448057448,39097150.312425904,869978.865095576,36035925.060527086,36035924.86436849,8.195638656616211e-08
74700.0,20.00001207181375,63.09898638133676,0,0.0,0.0,0.00024143627499029208,86.19797276267352,-0.0,88006317.33209437,66004737.99907085,26907587.50556779,3066397.697628412,39097150.312425904,869978.865095576,36030752.79587474,36030752.61479753,8.195638656616211e-08
74760.0,20.000011143688603,63.09280036794432,0,0.0,0.0,0.00022287377205998382,86.18560073588864,-0.0,88006317.33209437,66004737.99907085,26907587.51948967,3071569.2048244895,39097150.312425904,869978.865095576,36025581.274756774,36025581.10760145,8.195638656616211e-08
74820.0,20.000010286921107,63.086615242432664,0,0.0,0.0,0.00020573842213877924,86.17323048486533,-0.0,88006317.33209437,66004737.99907085,26907587.53234118,3076739.969752234,39097150.312425904,869978.865095576,36020410.49697752,36020410.342673704,8.940696716308594e-08
74880.0,20.00000949602503,63.08043100467435,0,0.0,0.0,0.00018992050058841414,86.1608620093487,-0.0,88006317.33209437,66004737.99907085,26907587.54420462,3081909.9925181833,39097150.312425904,869978.865095576,36015240.46234814,36015240.31990776,9.685754776000977e-08
74940.0,20.00000876593593,63.074247654541956,0,0.0,0.0,0.00017531871861820036,86.14849530908391,-0.0,88006317.33209437,66004737.99907085,26907587.55515596,3087079.273228861,39097150.312425904,869978.865095576,36010071.17068611,36010071.03919707,8.195638656616211e-08
75000.0,20.00000809197875,63.06806519190809,0,0.0,0.0,0.00016183957498583368,86.13613038381618,-0.0,88006317.33209437,66004737.99907085,26907587.565265317,3092247.8119907733,39097150.312425904,869978.865095576,36004902.62181485,36004902.500435166,8.195638656616211e-08
75060.0,20.000007469837858,63.06188361664536,0,0.0,0.0,0.0001493967571519761,86.12376723329072,-0.0,88006317.33209437,66004737.99907085,26907587.57459743,3097415.6089104135,39097150.312425904,869978.865095576,35999734.81556309,35999734.70351552,8.195638656616211e-08
75120.0,20.00000689552943,63.0557029286264,0,0.0,0.0,0.00013791058862011596,86.1114058572528,-0.0,88006317.33209437,66004737.99907085,26907587.58321206,3102582.664094258,39097150.312425904,869978.865095576,35994567.75176461,35994567.64833167,7.450580596923828e-08
75180.0,20.000006365375935,63.04952312772388,0,0.0,0.0,0.00012730751869582946,86.09904625544776,-0.0,88006317.33209437,66004737.99907085,26907587.59116436,3107748.9776487686,39097150.312425904,869978.865095576,35989401.4302578,35989401.33477716,7.450580596923828e-08
75240.0,20.000005875982577,63.04334421381046,0,0.0,0.0,0.0001175196515390553,86.08668842762091,-0.0,88006317.33209437,66004737.99907085,26907587.59850526,3112914.5496803913,39097150.312425904,869978.865095576,35984235.85088528,35984235.762745544,7.450580596923828e-08
75300.0,20.000005424215566,63.03716618675882,0,0.0,0.0,0.00010848431131194047,86.07433237351763,-0.0,88006317.33209437,66004737.99907085,26907587.605281763,3118079.3802955574,39097150.312425904,869978.865095576,35979071.013493605,35979070.932130374,7.450580596923828e-08
75360.0,20.000005007182057,63.03098904644168,0,0.0,0.0,0.00010014364114852015,86.06197809288336,-0.0,88006317.33209437,66004737.99907085,26907587.611537267,3123243.4696006826,39097150.312425904,869978.865095576,35973906.91793298,35973906.84282525,7.450580596923828e-08
75420.0,20.000004622211605,63.02481279273177,0,0.0,0.0,9.244423210930108e-05,86.04962558546355,-0.0,88006317.33209437,66004737.99907085,26907587.617311824,3128406.817702167,39097150.312425904,869978.865095576,35968743.56405693,35968743.49472376,6.705522537231445e-08
75480.0,20.00000426683909,63.01863742550183,0,0.0,0.0,8.53367817654771e-05,86.03727485100366,-0.0,88006317.33209437,66004737.99907085,26907587.62264241,3133569.424706397,39097150.312425904,869978.865095576,35963580.951722115,35963580.88771953,7.450580596923828e-08
75540.0,20.00000393878891,63.01246294462462,0,0.0,0.0,7.877577822057447e-05,86.02492588924925,-0.0,88006317.33209437,66004737.99907085,26907587.627563164,3138731.290719742,39097150.312425904,869978.865095576,35958419.08078802,35958419.021706186,6.705522537231445e-08
75600.0,20.00000363596043,63.00628934997293,0,0.0,0.0,7.271920857476744e-05,86.01257869994586,-0.0,88006317.33209437,66004737.99907085,26907587.63210559,3143892.4158485564,39097150.312425904,869978.865095576,35953257.95111678,35953257.89657737,6.705522537231445e-08
75660.0,20.000003356414506,63.00011664141955,0,0.0,0.0,6.71282901265613e-05,86.0002332828391,-0.0,88006317.33209437,66004737.99907085,26907587.63629878,3149052.8001991794,39097150.312425904,869978.865095576,35948097.56257296,35948097.512226745,6.705522537231445e-08
75720.0,20.000003098361095,62.99394481883731,0,0.0,0.0,6.196722189599768e-05,85.98788963767463,-0.0,88006317.33209437,66004737.99907085,26907587.64016958,3154212.443877936,39097150.312425904,869978.865095576,35942937.91502341,35942937.86854799,6.705522537231445e-08
75780.0,20.000002860147777,62.987773882099034,0,0.0,0.0,5.720295554567656e-05,85.97554776419807,-0.0,88006317.33209437,66004737.99907085,26907587.64374278,3159371.346991134,39097150.312425904,869978.865095576,35937779.008337006,35937778.96543479,7.450580596923828e-08
75840.0,20.000002640249168,62.981603831077585,0,0.0,0.0,5.280498335480388e-05,85.96320766215517,-0.0,88006317.33209437,66004737.99907085,26907587.64704126,3164529.509645068,39097150.312425904,869978.865095576,35932620.8423846,35932620.80278086,7.450580596923828e-08
75900.0,20.000002437257166,62.97543466564583,0,0.0,0.0,4.874514331731916e-05,85.95086933129166,-0.0,88006317.33209437,66004737.99907085,26907587.650086142,3169686.9319460164,39097150.312425904,869978.865095576,35927463.41703877,35927463.38047991,7.450580596923828e-08
75960.0,20.00000224987193,62.96926638567666,0,0.0,0.0,4.499743859298633e-05,85.93853277135332,-0.0,88006317.33209437,66004737.99907085,26907587.652896922,3174843.6140002413,39097150.312425904,869978.865095576,35922306.73217376,35922306.69842569,7.450580596923828e-08
76020.0,20.000002076893555,62.96309899104299,0,0.0,0.0,4.1537871098284995e-05,85.92619798208598,-0.0,88006317.33209437,66004737.99907085,26907587.655491598,3179999.5559139918,39097150.312425904,869978.865095576,35917150.787665345,35917150.75651194,8.195638656616211e-08
76080.0,20.00000191721439,62.95693248161774,0,0.0,0.0,3.834428781601673e-05,85.91386496323548,-0.0,88006317.33209437,66004737.99907085,26907587.657886785,3185154.7577935,39097150.312425904,869978.865095576,35911995.583390646,35911995.55463243,8.195638656616211e-08
76140.0,20.00000176981194,62.95076685727386,0,0.0,0.0,3.5396238828866444e-05,85.90153371454772,-0.0,88006317.33209437,66004737.99907085,26907587.660097823,3190309.219744983,39097150.312425904,869978.865095576,35906841.119228125,35906841.092680946,7.450580596923828e-08
76200.0,20.00000163374233,62.944602117884315,0,0.0,0.0,3.267484657953901e-05,85.88920423576863,-0.0,88006317.33209437,66004737.99907085,26907587.662138864,3195462.941874644,39097150.312425904,869978.865095576,35901687.395057425,35901687.37055129,8.195638656616211e-08
76260.0,20.00000150813425,62.938438263322084,0,0.0,0.0,3.0162685007439904e-05,85.87687652664417,-0.0,88006317.33209437,66004737.99907085,26907587.664022986,3200615.9242886687,39097150.312425904,869978.865095576,35896534.41075927,35896534.38813726,6.705522537231445e-08
76320.0,20.00000139218338,62.93227529346017,0,0.0,0.0,2.7843667567140074e-05,85.86455058692034,-0.0,88006317.33209437,66004737.99907085,26907587.665762246,3205768.167093229,39097150.312425904,869978.865095576,35891382.16621545,35891382.1453327,7.450580596923828e-08
76380.0,20.000001285147235,62.92611320817159,0,0.0,0.0,2.5702944697059138e-05,85.85222641634319,-0.0,88006317.33209437,66004737.99907085,26907587.66736779,3210919.6703944816,39097150.312425904,869978.865095576,35886230.66130866,35886230.64203145,7.450580596923828e-08
76440.0,20.000001186340423,62.919952007329385,0,0.0,0.0,2.3726808464630267e-05,85.83990401465877,-0.0,88006317.33209437,66004737.99907085,26907587.668849893,3216070.434298568,39097150.312425904,869978.865095576,35881079.895922475,35881079.87812737,8.195638656616211e-08
76500.0,20.000001095130234,62.913791690806605,0,0.0,0.0,2.190260467216376e-05,85.82758338161321,-0.0,88006317.33209437,66004737.99907085,26907587.670218043,3221220.4589116136,39097150.312425904,869978.865095576,35875929.86994127,35875929.85351432,7.450580596923828e-08
76560.0,20.00000101093262,62.907632258476326,0,0.0,0.0,2.0218652423409367e-05,85.81526451695265,-0.0,88006317.33209437,66004737.99907085,26907587.671481006,3226369.744339729,39097150.312425904,869978.865095576,35870780.583250195,35870780.56808621,7.450580596923828e-08
76620.0,20.000000933208426,62.90147371021163,0,0.0,0.0,1.8664168521809188e-05,85.80294742042327,-0.0,88006317.33209437,66004737.99907085,26907587.67264687,3231518.2906890106,39097150.312425904,869978.865095576,35865632.035735056,35865632.02173693,8.195638656616211e-08
76680.0,20.000000861459956,62.89531604588564,0,0.0,0.0,1.722919911628651e-05,85.79063209177129,-0.0,88006317.33209437,66004737.99907085,26907587.673723098,3236666.0980655374,39097150.312425904,869978.865095576,35860484.2272823,35860484.2143604,8.940696716308594e-08
76740.0,20.000000795227766,62.88915926537148,0,0.0,0.0,1.5904555326073933e-05,85.77831853074296,-0.0,88006317.33209437,66004737.99907085,26907587.67471658,3241813.1665753755,39097150.312425904,869978.865095576,35855337.15777898,35855337.14585056,7.450580596923828e-08
76800.0,20.000000734087752,62.8830033685423,0,0.0,0.0,1.4681755047263323e-05,85.7660067370846,-0.0,88006317.33209437,66004737.99907085,26907587.675633684,3246959.496324574,39097150.312425904,869978.865095576,35850190.827112675,35850190.81610136,8.195638656616211e-08
76860.0,20.000000677648405,62.87684835527125,0,0.0,0.0,1.3552968098906604e-05,85.7536967105425,-0.0,88006317.33209437,66004737.99907085,26907587.676480275,3252105.0874191676,39097150.312425904,869978.865095576,35845045.23517149,35845045.22500677,8.195638656616211e-08
76920.0,20.000000625548317,62.87069422543153,0,0.0,0.0,1.2510966342915708e-05,85.74138845086306,-0.0,88006317.33209437,66004737.99907085,26907587.677261773,3257249.939965176,39097150.312425904,869978.865095576,35839900.381843984,35839900.37246076,7.450580596923828e-08
76980.0,20.00000057745388,62.86454097889633,0,0.0,0.0,1.1549077569839028e-05,85.72908195779266,-0.0,88006317.33209437,66004737.99907085,26907587.67798319,3262394.054068603,39097150.312425904,869978.865095576,35834756.26701914,35834756.25835733,8.195638656616211e-08
77040.0,20.000000533057115,62.85838861553887,0,0.0,0.0,1.066114229786308e-05,85.71677723107774,-0.0,88006317.33209437,66004737.99907085,26907587.678649142,3267537.4298354383,39097150.312425904,869978.865095576,35829612.890586354,35829612.882590495,8.195638656616211e-08
77100.0,20.000000492073738,62.85223713523239,0,0.0,0.0,9.841474764016311e-06,85.70447427046479,-0.0,88006317.33209437,66004737.99907085,26907587.679263894,3272680.067371655,39097150.312425904,869978.865095576,35824470.252435386,35824470.24505428,7.450580596923828e-08
77160.0,20.000000454241313,62.84608653785015,0,0.0,0.0,9.084826260163936e-06,85.6921730757003,-0.0,88006317.33209437,66004737.99907085,26907587.67983138,3277821.966783211,39097150.312425904,869978.865095576,35819328.352456346,35819328.34564272,8.195638656616211e-08
77220.0,20.00000041931758,62.83993682326541,0,0.0,0.0,8.386351595390806e-06,85.67987364653082,-0.0,88006317.33209437,66004737.99907085,26907587.680355236,3282963.1281760507,39097150.312425904,869978.865095576,35814187.19053965,35814187.184249885,8.195638656616211e-08
77280.0,20.000000387078913,62.83378799135148,0,0.0,0.0,7.74157825844668e-06,85.66757598270296,-0.0,88006317.33209437,66004737.99907085,26907587.680838812,3288103.5516561014,39097150.312425904,869978.865095576,35809046.76657602,35809046.76076984,8.195638656616211e-08
77340.0,20.00000035731887,62.82764004198165,0,0.0,0.0,7.1463774276026015e-06,85.6552800839633,-0.0,88006317.33209437,66004737.99907085,26907587.681285214,3293243.2373292763,39097150.312425904,869978.865095576,35803907.08045644,35803907.07509666,8.195638656616211e-08
77400.0,20.00000032984689,62.82149297502926,0,0.0,0.0,6.596937822678228e-06,85.64298595005852,-0.0,88006317.33209437,66004737.99907085,26907587.681697294,3298382.1853014734,39097150.312425904,869978.865095576,35798768.132072166,35798768.12712446,8.195638656616211e-08
77460.0,20.000000304487056,62.81534679036766,0,0.0,0.0,6.08974112026317e-06,85.63069358073533,-0.0,88006317.33209437,66004737.99907085,26907587.68207769,3303520.395678575,39097150.312425904,869978.865095576,35793629.92131467,35793629.91674737,8.195638656616211e-08
77520.0,20.00000028107698,62.809201487870205,0,0.0,0.0,5.621539571620815e-06,85.61840297574041,-0.0,88006317.33209437,66004737.99907085,26907587.68242884,3308657.868566448,39097150.312425904,869978.865095576,35788492.448075645,35788492.44385949,7.450580596923828e-08
77580.0,20.000000259466756,62.80305706741028,0,0.0,0.0,5.1893351127318965e-06,85.60611413482056,-0.0,88006317.33209437,66004737.99907085,26907587.682752997,3313794.604070945,39097150.312425904,869978.865095576,35783355.712247,35783355.708354995,8.940696716308594e-08
77640.0,20.000000239518005,62.79691352886129,0,0.0,0.0,4.790360108586356e-06,85.59382705772258,-0.0,88006317.33209437,66004737.99907085,26907587.683052227,3318930.6022979026,39097150.312425904,869978.865095576,35778219.713720806,35778219.71012804,8.195638656616211e-08
77700.0,20.000000221102983,62.79077087209665,0,0.0,0.0,4.42205966066922e-06,85.5815417441933,-0.0,88006317.33209437,66004737.99907085,26907587.683328453,3324065.863353143,39097150.312425904,869978.865095576,35773084.452389345,35773084.4490728,8.195638656616211e-08
77760.0,20.000000204103777,62.784629096989796,0,0.0,0.0,4.082075548694775e-06,85.56925819397959,-0.0,88006317.33209437,66004737.99907085,26907587.683583442,3329200.387342472,39097150.312425904,869978.865095576,35767949.92814503,35767949.92508347,8.940696716308594e-08
77820.0,20.000000188411533,62.77848820341419,0,0.0,0.0,3.7682306697206513e-06,85.55697640682838,-0.0,88006317.33209437,66004737.99907085,26907587.683818825,3334334.1743716816,39097150.312425904,869978.865095576,35762816.14088044,35762816.13805427,9.685754776000977e-08
77880.0,20.00000017392577,62.772348191243296,0,0.0,0.0,3.4785153957272996e-06,85.54469638248659,-0.0,88006317.33209437,66004737.99907085,26907587.68403611,3339467.224546548,39097150.312425904,869978.865095576,35757683.090488285,35757683.0878794,8.940696716308594e-08
77940.0,20.000000160553718,62.76620906035061,0,0.0,0.0,3.2110743575231027e-06,85.53241812070122,-0.0,88006317.33209437,66004737.99907085,26907587.68423669,3344599.5379728316,39097150.312425904,869978.865095576,35752550.776861414,35752550.77445311,8.195638656616211e-08
78000.0,20.00000014820976,62.76007081060965,0,0.0,0.0,2.9641952181691522e-06,85.5201416212193,-0.0,88006317.33209437,66004737.99907085,26907587.684421852,3349731.114756278,39097150.312425904,869978.865095576,35747419.19989281,35747419.19766966,8.940696716308594e-08
78060.0,20.000000136814855,62.75393344189393,0,0.0,0.0,2.7362970911326556e-06,85.50786688378786,-0.0,88006317.33209437,66004737.99907085,26907587.684592776,3354861.9550026185,39097150.312425904,869978.865095576,35742288.359475546,35742288.35742332,8.940696716308594e-08
78120.0,20.000000126296026,62.747796954077,0,0.0,0.0,2.5259205216343616e-06,85.495593908154,-0.0,88006317.33209437,66004737.99907085,26907587.684750557,3359992.0588175687,39097150.312425904,869978.865095576,35737158.25550281,35737158.253608376,8.195638656616211e-08
78180.0,20.000000116585927,62.741661347032434,0,0.0,0.0,2.33171853381009e-06,85.48332269406487,-0.0,88006317.33209437,66004737.99907085,26907587.68489621,3365121.4263068284,39097150.312425904,869978.865095576,35732028.8878679,35732028.88611911,8.195638656616211e-08
78240.0,20.000000107622373,62.735526620633806,0,0.0,0.0,2.1524474647094394e-06,85.47105324126761,-0.0,88006317.33209437,66004737.99907085,26907587.68503066,3370250.0575760826,39097150.312425904,869978.865095576,35726900.25646419,35726900.25484986,8.195638656616211e-08
78300.0,20.00000009934797,62.729392774754714,0,0.0,0.0,1.9869594325427897e-06,85.45878554950943,-0.0,88006317.33209437,66004737.99907085,26907587.685154777,3375377.952731001,39097150.312425904,869978.865095576,35721772.36118516,35721772.35969494,8.940696716308594e-08
78360.0,20.000000091709737,62.72325980926878,0,0.0,0.0,1.8341947338740283e-06,85.44651961853756,-0.0,88006317.33209437,66004737.99907085,26907587.68526935,3380505.1118772393,39097150.312425904,869978.865095576,35716645.20192435,35716645.2005487,8.195638656616211e-08
78420.0,20.00000008465876,62.71712772404965,0,0.0,0.0,1.6931751645188342e-06,85.4342554480993,-0.0,88006317.33209437,66004737.99907085,26907587.685375113,3385631.5351204365,39097150.312425904,869978.865095576,35711518.77857539,35711518.777305506,8.195638656616211e-08
78480.0,20.00000007814988,62.71099651897096,0,0.0,0.0,1.5629976246600563e-06,85.42199303794192,-0.0,88006317.33209437,66004737.99907085,26907587.68547274,3390757.222566217,39097150.312425904,869978.865095576,35706393.09103197,35706393.089859724,7.450580596923828e-08
78540.0,20.000000072141436,62.7048661939064,0,0.0,0.0,1.4428287187229216e-06,85.4097323878128,-0.0,88006317.33209437,66004737.99907085,26907587.68556287,3395882.17432019,39097150.312425904,869978.865095576,35701268.13918787,35701268.13810575,8.195638656616211e-08
78600.0,20.00000006659494,62.69873674872965,0,0.0,0.0,1.3318987868160548e-06,85.3974734974593,-0.0,88006317.33209437,66004737.99907085,26907587.685646065,3401006.39048795,39097150.312425904,869978.865095576,35696143.92293691,35696143.92193799,6.705522537231445e-08
78660.0,20.00000006147488,62.69260818331443,0,0.0,0.0,1.22949757042079e-06,85.38521636662885,-0.0,88006317.33209437,66004737.99907085,26907587.685722865,3406129.8711750754,39097150.312425904,869978.865095576,35691020.44217298,35691020.44125086,6.705522537231445e-08
78720.0,20.000000056748465,62.68648049753446,0,0.0,0.0,1.1349693096462943e-06,85.37296099506892,-0.0,88006317.33209437,66004737.99907085,26907587.68579376,3411252.6164871305,39097150.312425904,869978.865095576,35685897.69679004,35685897.69593881,7.450580596923828e-08
78780.0,20.000000052385435,62.680353691263484,0,0.0,0.0,1.0477086931359736e-06,85.36070738252697,-0.0,88006317.33209437,66004737.99907085,26907587.685859207,3416374.6265296643,39097150.312425904,869978.865095576,35680775.68668205,35680775.68589627,6.705522537231445e-08
78840.0,20.00000004835785,62.674227764375274,0,0.0,0.0,9.671570211366998e-07,85.34845552875055,-0.0,88006317.33209437,66004737.99907085,26907587.68591962,3421495.9014082095,39097150.312425904,869978.865095576,35675654.4117431,35675654.41101773,7.450580596923828e-08
78900.0,20.000000044639922,62.668102716743604,0,0.0,0.0,8.92798439622311e-07,85.33620543348721,-0.0,88006317.33209437,66004737.99907085,26907587.685975388,3426616.4412282845,39097150.312425904,869978.865095576,35670533.871867254,35670533.871197656,7.450580596923828e-08
78960.0,20.000000041207844,62.66197854824228,0,0.0,0.0,8.24156884959848e-07,85.32395709648456,-0.0,88006317.33209437,66004737.99907085,26907587.68602687,3431736.246095393,39097150.312425904,869978.865095576,35665414.06694866,35665414.066330545,6.705522537231445e-08
79020.0,20.000000038039634,62.65585525874511,0,0.0,0.0,7.607926733044224e-07,85.31171051749023,-0.0,88006317.33209437,66004737.99907085,26907587.68607439,3436855.3161150226,39097150.312425904,869978.865095576,35660294.99688151,35660294.99631091,6.705522537231445e-08
79080.0,20.000000035115008,62.64973284812595,0,0.0,0.0,7.023001558081887e-07,85.2994656962519,-0.0,88006317.33209437,66004737.99907085,26907587.686118264,3441973.6513926466,39097150.312425904,869978.865095576,35655176.66156002,35655176.661033295,7.450580596923828e-08
79140.0,20.000000032415233,62.643611316258635,0,0.0,0.0,6.483046632865808e-07,85.28722263251727,-0.0,88006317.33209437,66004737.99907085,26907587.686158758,3447091.2520337226,39097150.312425904,869978.865095576,35650059.06087844,35650059.060392216,7.450580596923828e-08
79200.0,20.000000029923033,62.63749066301704,0,0.0,0.0,5.984606588071983e-07,85.27498132603408,-0.0,88006317.33209437,66004737.99907085,26907587.68619614,3452208.1181436935,39097150.312425904,869978.865095576,35644942.194731094,35644942.19428225,7.450580596923828e-08
79260.0,20.00000002762244,62.631370888275065,0,0.0,0.0,5.524488244645909e-07,85.26274177655013,-0.0,88006317.33209437,66004737.99907085,26907587.68623065,3457324.2498279866,39097150.312425904,869978.865095576,35639826.06301229,35639826.06259795,6.705522537231445e-08
79320.0,20.00000002549873,62.62525199190661,0,0.0,0.0,5.099745692405122e-07,85.25050398381322,-0.0,88006317.33209437,66004737.99907085,26907587.686262503,3462439.6471920144,39097150.312425904,869978.865095576,35634710.66561641,35634710.665233925,7.450580596923828e-08
79380.0,20.000000023538295,62.6191339737856,0,0.0,0.0,4.707658973757134e-07,85.2382679475712,-0.0,88006317.33209437,66004737.99907085,26907587.68629191,3467554.3103411742,39097150.312425904,869978.865095576,35629596.00243784,35629596.00208476,6.705522537231445e-08
79440.0,20.000000021728585,62.61301683378599,0,0.0,0.0,4.345717030673768e-07,85.22603366757198,-0.0,88006317.33209437,66004737.99907085,26907587.686319057,3472668.239380848,39097150.312425904,869978.865095576,35624482.073371015,35624482.07304509,6.705522537231445e-08
79500.0,20.00000002005801,62.606900571781736,0,0.0,0.0,4.011602072750975e-07,85.21380114356347,-0.0,88006317.33209437,66004737.99907085,26907587.686344113,3477781.4344164026,39097150.312425904,869978.865095576,35619368.8783104,35619368.87800953,6.705522537231445e-08
79560.0,20.00000001851588,62.60078518764682,0,0.0,0.0,3.7031760768968525e-07,85.20157037529364,-0.0,88006317.33209437,66004737.99907085,26907587.686367247,3482893.8955531903,39097150.312425904,869978.865095576,35614256.417150475,35614256.41687274,5.21540641784668e-08
79620.0,20.000000017092308,62.594670681255245,0,0.0,0.0,3.4184616026777803e-07,85.18934136251049,-0.0,88006317.33209437,66004737.99907085,26907587.686388597,3488005.6228965474,39097150.312425904,869978.865095576,35609144.68978576,35609144.68952938,5.21540641784668e-08
79680.0,20.000000015778188,62.58855705248103,0,0.0,0.0,3.1556375290620053e-07,85.17711410496206,-0.0,88006317.33209437,66004737.99907085,26907587.68640831,3493116.6165517964,39097150.312425904,869978.865095576,35604033.696110815,35604033.69587414,6.705522537231445e-08
79740.0,20.000000014565103,62.5824443011982,0,0.0,0.0,2.913020580308512e-07,85.1648886023964,-0.0,88006317.33209437,66004737.99907085,26907587.686426505,3498226.876624243,39097150.312425904,869978.865095576,35598923.43602017,35598923.4358017,6.705522537231445e-08
79800.0,20.000000013445284,62.57633242728081,0,0.0,0.0,2.6890567994541925e-07,85.15266485456162,-0.0,88006317.33209437,66004737.99907085,26907587.686443303,3503336.403219179,39097150.312425904,869978.865095576,35593813.909408435,35593813.909206755,5.960464477539063e-08
79860.0,20.000000012411558,62.57022143060294,0,0.0,0.0,2.4823116007155477e-07,85.14044286120588,-0.0,88006317.33209437,66004737.99907085,26907587.68645881,3508445.19644188,39097150.312425904,869978.865095576,35588705.116170235,35588705.11598406,7.450580596923828e-08
79920.0,20.000000011457313,62.56411131103868,0,0.0,0.0,2.2914626640613278e-07,85.12822262207736,-0.0,88006317.33209437,66004737.99907085,26907587.686473124,3513553.256397608,39097150.312425904,869978.865095576,35583597.0562002,35583597.05602834,7.450580596923828e-08
79980.0,20.000000010576432,62.55800206846212,0,0.0,0.0,2.115286434900554e-07,85.11600413692425,-0.0,88006317.33209437,66004737.99907085,26907587.686486337,3518660.583191609,39097150.312425904,869978.865095576,35578489.72939298,35578489.72923434,7.450580596923828e-08
80040.0,20.00000000976328,62.5518937027474,0,0.0,0.0,1.9526559924543108e-07,85.1037874054948,-0.0,88006317.33209437,66004737.99907085,26907587.686498534,3523767.1769291135,39097150.312425904,869978.865095576,35573383.13564327,35573383.135496825,7.450580596923828e-08
80100.0,20.000000009012645,62.545786213768665,0,0.0,0.0,1.802528970529238e-07,85.09157242753733,-0.0,88006317.33209437,66004737.99907085,26907587.68650979,3528873.0377153377,39097150.312425904,869978.865095576,35568277.274845794,35568277.2747106,6.705522537231445e-08
80160.0,20.000000008319716,62.53967960140007,0,0.0,0.0,1.6639432942611165e-07,85.07935920280013,-0.0,88006317.33209437,66004737.99907085,26907587.686520185,3533978.165655482,39097150.312425904,869978.865095576,35563172.14689525,35563172.146770455,6.705522537231445e-08
80220.0,20.000000007680068,62.5335738655158,0,0.0,0.0,1.5360136274011893e-07,85.0671477310316,-0.0,88006317.33209437,66004737.99907085,26907587.68652978,3539082.560854733,39097150.312425904,869978.865095576,35558067.75168641,35558067.75157121,7.450580596923828e-08
80280.0,20.000000007089596,62.52746900599005,0,0.0,0.0,1.4179192930896534e-07,85.0549380119801,-0.0,88006317.33209437,66004737.99907085,26907587.68653864,3544186.2234182605,39097150.312425904,869978.865095576,35552964.089114025,35552964.08900768,6.705522537231445e-08
80340.0,20.00000000654452,62.52136502269703,0,0.0,0.0,1.30890427385566e-07,85.04273004539407,-0.0,88006317.33209437,66004737.99907085,26907587.686546817,3549289.1534512197,39097150.312425904,869978.865095576,35547861.15907289,35547861.15897472,7.450580596923828e-08
80400.0,20.000000006041358,62.51526191551099,0,0.0,0.0,1.2082715272754285e-07,85.03052383102198,-0.0,88006317.33209437,66004737.99907085,26907587.686554365,3554391.351058752,39097150.312425904,869978.865095576,35542758.96145781,35542758.96136719,7.450580596923828e-08
80460.0,20.000000005576876,62.50915968430617,0,0.0,0.0,1.115375170002153e-07,85.01831936861234,-0.0,88006317.33209437,66004737.99907085,26907587.68656133,3559492.816345982,39097150.312425904,869978.865095576,35537657.496163614,35537657.49607996,7.450580596923828e-08
80520.0,20.00000000514811,62.50305832895684,0,0.0,0.0,1.0296218988514738e-07,85.00611665791368,-0.0,88006317.33209437,66004737.99907085,26907587.68656776,3564593.5494180196,39097150.312425904,869978.865095576,35532556.76308514,35532556.76300792,6.705522537231445e-08
80580.0,20.0000000047523,62.49695784933729,0,0.0,0.0,9.50460332660441e-08,84.99391569867458,-0.0,88006317.33209437,66004737.99907085,26907587.6865737,3569693.550379961,39097150.312425904,869978.865095576,35527456.76211727,35527456.76204598,7.450580596923828e-08
80640.0,20.000000004386926,62.49085824532183,0,0.0,0.0,8.773852755439293e-08,84.98171649064366,-0.0,88006317.33209437,66004737.99907085,26907587.686579183,3574792.819336885,39097150.312425904,869978.865095576,35522357.49315485,35522357.49308905,6.705522537231445e-08
80700.0,20.000000004049642,62.48475951678478,0,0.0,0.0,8.099284798390727e-08,84.96951903356955,-0.0,88006317.33209437,66004737.99907085,26907587.68658424,3579891.356393857,39097150.312425904,869978.865095576,35517258.95609282,35517258.956032075,6.705522537231445e-08
80760.0,20.000000003738293,62.478661663600484,0,0.0,0.0,7.476586461052648e-08,84.95732332720097,-0.0,88006317.33209437,66004737.99907085,26907587.686588913,3584989.1616559275,39097150.312425904,869978.865095576,35512161.150826074,35512161.15077,5.960464477539063e-08
80820.0,20.00000000345088,62.472564685643306,0,0.0,0.0,6.901757387822727e-08,84.94512937128661,-0.0,88006317.33209437,66004737.99907085,26907587.686593223,3590086.2352281306,39097150.312425904,869978.865095576,35507064.07724957,35507064.077197805,6.705522537231445e-08
80880.0,20.000000003185562,62.46646858278761,0,0.0,0.0,6.371124072757084e-08,84.93293716557523,-0.0,88006317.33209437,66004737.99907085,26907587.686597206,3595182.5772154857,39097150.312425904,869978.865095576,35501967.73525822,35501967.73521044,5.960464477539063e-08
80940.0,20.000000002940645,62.460373354907816,0,0.0,0.0,5.881290121578786e-08,84.92074670981563,-0.0,88006317.33209437,66004737.99907085,26907587.68660088,3600278.187722998,39097150.312425904,869978.865095576,35496872.12474704,35496872.12470293,5.960464477539063e-08
81000.0,20.000000002714557,62.45427900187832,0,0.0,0.0,5.4291149353957735e-08,84.90855800375664,-0.0,88006317.33209437,66004737.99907085,26907587.68660427,3605373.066855658,39097150.312425904,869978.865095576,35491777.24561099,35491777.24557027,6.705522537231445e-08
81060.0,20.000000002505853,62.44818552357356,0,0.0,0.0,5.0117066052735026e-08,84.89637104714711,-0.0,88006317.33209437,66004737.99907085,26907587.6866074,3610467.214718438,39097150.312425904,869978.865095576,35486683.09774508,35486683.097707495,7.450580596923828e-08
81120.0,20.000000002313193,62.44209291986798,0,0.0,0.0,4.626386385098158e-08,84.88418583973596,-0.0,88006317.33209437,66004737.99907085,26907587.686610293,3615560.6314162994,39097150.312425904,869978.865095576,35481589.68104433,35481589.681009635,7.450580596923828e-08
81180.0,20.000000002135348,62.436001190636055,0,0.0,0.0,4.2706957970040094e-08,84.87200238127211,-0.0,88006317.33209437,66004737.99907085,26907587.68661296,3620653.3170541856,39097150.312425904,869978.865095576,35476496.995403774,35476496.995371744,6.705522537231445e-08
81240.0,20.000000001971173,62.429910335752275,0,0.0,0.0,3.9423468933819095e-08,84.85982067150455,-0.0,88006317.33209437,66004737.99907085,26907587.686615422,3625745.2717370256,39097150.312425904,869978.865095576,35471405.040718466,35471405.0406889,5.960464477539063e-08
81300.0,20.000000001819622,62.42382035509114,0,0.0,0.0,3.639243573161366e-08,84.84764071018228,-0.0,88006317.33209437,66004737.99907085,26907587.686617695,3630836.495569735,39097150.312425904,869978.865095576,35466313.81688348,35466313.81685619,5.960464477539063e-08
81360.0,20.000000001679723,62.41773124852717,0,0.0,0.0,3.359446054673754e-08,84.83546249705434,-0.0,88006317.33209437,66004737.99907085,26907587.686619796,3635926.9886572114,39097150.312425904,869978.865095576,35461223.32379391,35461223.32376871,6.705522537231445e-08
81420.0,20.000000001550582,62.411643015934914,0,0.0,0.0,3.101163770224957e-08,84.82328603186983,-0.0,88006317.33209437,66004737.99907085,26907587.686621733,3641016.75110434,39097150.312425904,869978.865095576,35456133.56134485,35456133.56132159,6.705522537231445e-08
81480.0,20.000000001431367,62.40555565718892,0,0.0,0.0,2.862734049813298e-08,84.81111131437784,-0.0,88006317.33209437,66004737.99907085,26907587.68662352,3646105.7830159897,39097150.312425904,869978.865095576,35451044.52943141,35451044.52940994,6.705522537231445e-08
81540.0,20.000000001321318,62.39946917216377,0,0.0,0.0,2.6426363319842494e-08,84.79893834432754,-0.0,88006317.33209437,66004737.99907085,26907587.686625175,3651194.084497014,39097150.312425904,869978.865095576,35445956.22794873,35445956.227928914,6.705522537231445e-08
81600.0,20.00000000121973,62.39338356073406,0,0.0,0.0,2.4394566366936488e-08,84.78676712146812,-0.0,88006317.33209437,66004737.99907085,26907587.6866267,3656281.6556522525,39097150.312425904,869978.865095576,35440868.65679197,35440868.65677367,7.450580596923828e-08
81660.0,20.00000000112595,62.3872988227744,0,0.0,0.0,2.2519017761624127e-08,84.7745976455488,-0.0,88006317.33209437,66004737.99907085,26907587.686628107,3661368.496586529,39097150.312425904,869978.865095576,35435781.815856285,35435781.815839395,6.705522537231445e-08
81720.0,20.000000001039385,62.38121495815941,0,0.0,0.0,2.0787709331671067e-08,84.76242991631882,-0.0,88006317.33209437,66004737.99907085,26907587.686629407,3666454.6074046525,39097150.312425904,869978.865095576,35430695.70503686,35430695.70502127,6.705522537231445e-08
81780.0,20.00000000095947,62.37513196676376,0,0.0,0.0,1.9189414501852298e-08,84.75026393352752,-0.0,88006317.33209437,66004737.99907085,26907587.686630607,3671539.988211416,39097150.312425904,869978.865095576,35425610.3242289,35425610.3242145,6.705522537231445e-08
81840.0,20.000000000885702,62.369049848462105,0,0.0,0.0,1.7714043565320026e-08,84.73809969692421,-0.0,88006317.33209437,66004737.99907085,26907587.686631713,3676624.6391115994,39097150.312425904,869978.865095576,35420525.6733276,35420525.67331432,5.960464477539063e-08
81900.0,20.000000000817607,62.36296860312913,0,0.0,0.0,1.635214630368864e-08,84.72593720625827,-0.0,88006317.33209437,66004737.99907085,26907587.686632734,3681708.560209966,39097150.312425904,869978.865095576,35415441.752228215,35415441.75221595,6.705522537231445e-08
81960.0,20.000000000754746,62.35688823063954,0,0.0,0.0,1.509491198703472e-08,84.71377646127908,-0.0,88006317.33209437,66004737.99907085,26907587.686633676,3686791.7516112644,39097150.312425904,869978.865095576,35410358.56082598,35410358.56081466,6.705522537231445e-08
82020.0,20.00000000069672,62.35080873086805,0,0.0,0.0,1.3934382536717749e-08,84.7016174617361,-0.0,88006317.33209437,66004737.99907085,26907587.686634548,3691874.213420228,39097150.312425904,869978.865095576,35405276.099016145,35405276.09900569,6.705522537231445e-08
82080.0,20.00000000064315,62.3447301036894,0,0.0,0.0,1.286302619973867e-08,84.6894602073788,-0.0,88006317.33209437,66004737.99907085,26907587.686635353,3696955.9457415766,39097150.312425904,869978.865095576,35400194.36669399,35400194.36668434,6.705522537231445e-08
82140.0,20.000000000593705,62.33865234897835,0,0.0,0.0,1.1874092820107762e-08,84.6773046979567,-0.0,88006317.33209437,66004737.99907085,26907587.686636094,3702036.9486800125,39097150.312425904,869978.865095576,35395113.3637548,35395113.3637459,5.21540641784668e-08
82200.0,20.00000000054806,62.332575466609676,0,0.0,0.0,1.0961187513203186e-08,84.66515093321935,-0.0,88006317.33209437,66004737.99907085,26907587.68663678,3707117.222340225,39097150.312425904,869978.865095576,35390033.0900939,35390033.090085685,5.21540641784668e-08
82260.0,20.00000000050592,62.326499456458166,0,0.0,0.0,1.011841277431813e-08,84.65299891291633,-0.0,88006317.33209437,66004737.99907085,26907587.68663741,3712196.766826887,39097150.312425904,869978.865095576,35384953.54560662,35384953.54559903,6.705522537231445e-08
82320.0,20.000000000467026,62.320424318398636,0,0.0,0.0,9.340510587207973e-09,84.64084863679727,-0.0,88006317.33209437,66004737.99907085,26907587.686637994,3717275.5822446584,39097150.312425904,869978.865095576,35379874.730188265,35379874.73018126,6.705522537231445e-08
82380.0,20.00000000043112,62.314350052305905,0,0.0,0.0,8.62236504417524e-09,84.62870010461181,-0.0,88006317.33209437,66004737.99907085,26907587.686638534,3722353.668698182,39097150.312425904,869978.865095576,35374796.6437342,35374796.643727735,6.705522537231445e-08
82440.0,20.00000000039797,62.30827665805482,0,0.0,0.0,7.959428671711066e-09,84.61655331610964,-0.0,88006317.33209437,66004737.99907085,26907587.68663903,3727431.0262920856,39097150.312425904,869978.865095576,35369719.2861398,35369719.28613383,5.960464477539063e-08
82500.0,20.000000000367375,62.302204135520256,0,0.0,0.0,7.347509267674468e-09,84.60440827104051,-0.0,88006317.33209437,66004737.99907085,26907587.686639488,3732507.655130984,39097150.312425904,869978.865095576,35364642.65730045,35364642.65729494,6.705522537231445e-08
82560.0,20.000000000339128,62.296132484577086,0,0.0,0.0,6.782556738471612e-09,84.59226496915417,-0.0,88006317.33209437,66004737.99907085,26907587.686639912,3737583.555319474,39097150.312425904,869978.865095576,35359566.757111534,35359566.757106446,6.705522537231445e-08
82620.0,20.000000000313054,62.29006170510021,0,0.0,0.0,6.261089424697275e-09,84.58012341020041,-0.0,88006317.33209437,66004737.99907085,26907587.686640304,3742658.7269621408,39097150.312425904,869978.865095576,35354491.58546846,35354491.58546377,5.960464477539063e-08
82680.0,20.000000000288985,62.28399179696455,0,0.0,0.0,5.779696721219807e-09,84.5679835939291,-0.0,88006317.33209437,66004737.99907085,26907587.68664066,3747733.170163552,39097150.312425904,869978.865095576,35349417.1422667,35349417.14226236,5.960464477539063e-08
82740.0,20.000000000266766,62.277922760045044,0,0.0,0.0,5.33532329427544e-09,84.55584552009009,-0.0,88006317.33209437,66004737.99907085,26907587.686640996,3752806.8850282608,39097150.312425904,869978.865095576,35344343.427401654,35344343.42739765,5.21540641784668e-08
82800.0,20.000000000246256,62.27185459421664,0,0.0,0.0,4.9251269729211344e-09,84.54370918843328,-0.0,88006317.33209437,66004737.99907085,26907587.686641302,3757879.871660806,39097150.312425904,869978.865095576,35339270.44076881,35339270.44076511,6.705522537231445e-08
82860.0,20.000000000227324,62.265787299354315,0,0.0,0.0,4.546478749034577e-09,84.53157459870863,-0.0,88006317.33209437,66004737.99907085,26907587.686641585,3762952.130165711,39097150.312425904,869978.865095576,35334198.18226362,35334198.18226021,6.705522537231445e-08
82920.0,20.000000000209848,62.25972087533305,0,0.0,0.0,4.196962777314184e-09,84.5194417506661,-0.0,88006317.33209437,66004737.99907085,26907587.686641846,3768023.660647484,39097150.312425904,869978.865095576,35329126.651781574,35329126.65177843,4.470348358154297e-08
82980.0,20.000000000193715,62.25365532202787,0,0.0,0.0,3.874305321005522e-09,84.50731064405574,-0.0,88006317.33209437,66004737.99907085,26907587.686642088,3773094.463210619,39097150.312425904,869978.865095576,35324055.849218205,35324055.8492153,5.960464477539063e-08
83040.0,20.00000000017882,62.247590639313785,0,0.0,0.0,3.5763747519013123e-09,84.49518127862757,-0.0,88006317.33209437,66004737.99907085,26907587.68664231,3778164.5379595947,39097150.312425904,869978.865095576,35318985.774469,35318985.77446632,5.960464477539063e-08
83100.0,20.00000000016507,62.24152682706585,0,0.0,0.0,3.3013947131621535e-09,84.4830536541317,-0.0,88006317.33209437,66004737.99907085,26907587.686642516,3783233.8849988733,39097150.312425904,869978.865095576,35313916.42742952,35313916.427427046,5.21540641784668e-08
83160.0,20.00000000015238,62.235463885159106,0,0.0,0.0,3.0475888479486457e-09,84.47092777031821,-0.0,88006317.33209437,66004737.99907085,26907587.686642706,3788302.504432904,39097150.312425904,869978.865095576,35308847.8079953,35308847.80799301,5.21540641784668e-08
83220.0,20.000000000140666,62.22940181346866,0,0.0,0.0,2.8133229079685407e-09,84.45880362693732,-0.0,88006317.33209437,66004737.99907085,26907587.68664288,3793370.3963661203,39097150.312425904,869978.865095576,35303779.91606191,35303779.9160598,5.960464477539063e-08
83280.0,20.000000000129848,62.223340611869595,0,0.0,0.0,2.59696264492959e-09,84.44668122373919,-0.0,88006317.33209437,66004737.99907085,26907587.686643045,3798437.5609029406,39097150.312425904,869978.865095576,35298712.751524925,35298712.75152298,5.960464477539063e-08
83340.0,20.00000000011987,62.21728028023702,0,0.0,0.0,2.397371190454578e-09,84.43456056047404,-0.0,88006317.33209437,66004737.99907085,26907587.686643194,3803503.9981477675,39097150.312425904,869978.865095576,35293646.31427994,35293646.31427815,5.960464477539063e-08
83400.0,20.00000000011065,62.21122081844609,0,0.0,0.0,2.212985350524832e-09,84.42244163689217,-0.0,88006317.33209437,66004737.99907085,26907587.686643332,3808569.7082049907,39097150.312425904,869978.865095576,35288580.60422259,35288580.60422093,5.960464477539063e-08
83460.0,20.000000000102144,62.205162226371925,0,0.0,0.0,2.042881419583864e-09,84.41032445274385,-0.0,88006317.33209437,66004737.99907085,26907587.68664346,3813634.691178983,39097150.312425904,869978.865095576,35283515.62124846,35283515.62124693,5.21540641784668e-08
83520.0,20.00000000009429,62.19910450388973,0,0.0,0.0,1.885780420707306e-09,84.39820900777946,-0.0,88006317.33209437,66004737.99907085,26907587.686643574,3818698.9471741035,39097150.312425904,869978.865095576,35278451.365253225,35278451.36525181,4.470348358154297e-08
83580.0,20.00000000008704,62.19304765087467,0,0.0,0.0,1.7408297026122455e-09,84.38609530174934,-0.0,88006317.33209437,66004737.99907085,26907587.686643682,3823762.4762946954,39097150.312425904,869978.865095576,35273387.83613253,35273387.83613122,5.21540641784668e-08
83640.0,20.00000000008035,62.18699166720195,0,0.0,0.0,1.6070345054686186e-09,84.3739833344039,-0.0,88006317.33209437,66004737.99907085,26907587.686643783,3828825.278645087,39097150.312425904,869978.865095576,35268325.033782035,35268325.03378083,4.470348358154297e-08
83700.0,20.000000000074174,62.1809365527468,0,0.0,0.0,1.4834711237199372e-09,84.3618731054936,-0.0,88006317.33209437,66004737.99907085,26907587.686643872,3833887.354329592,39097150.312425904,869978.865095576,35263262.958097436,35263262.958096325,4.470348358154297e-08
83760.0,20.00000000006847,62.17488230738446,0,0.0,0.0,1.369429014630441e-09,84.34976461476892,-0.0,88006317.33209437,66004737.99907085,26907587.686643958,3838948.70345251,39097150.312425904,869978.865095576,35258201.608974434,35258201.608973406,5.21540641784668e-08
83820.0,20.000000000063206,62.16882893099018,0,0.0,0.0,1.2641265811907942e-09,84.33765786198036,-0.0,88006317.33209437,66004737.99907085,26907587.686644036,3844009.3261181233,39097150.312425904,869978.865095576,35253140.98630874,35253140.98630779,4.470348358154297e-08
83880.0,20.000000000058346,62.16277642343925,0,0.0,0.0,1.1669243349388125e-09,84.3255528468785,-0.0,88006317.33209437,66004737.99907085,26907587.68664411,3849069.2224307014,39097150.312425904,869978.865095576,35248081.089996085,35248081.08999521,3.725290298461914e-08
83940.0,20.000000000053863,62.15672478460696,0,0.0,0.0,1.0772538416858879e-09,84.31344956921392,-0.0,88006317.33209437,66004737.99907085,26907587.686644178,3854128.3924944974,39097150.312425904,869978.865095576,35243021.919932224,35243021.91993142,5.21540641784668e-08
84000.0,20.00000000004972,62.15067401436862,0,0.0,0.0,9.944045586962602e-10,84.30134802873724,-0.0,88006317.33209437,66004737.99907085,26907587.68664424,3859186.8364137504,39097150.312425904,869978.865095576,35237963.47601291,35237963.47601216,4.470348358154297e-08
84060.0,20.000000000045898,62.14462411259956,0,0.0,0.0,9.179501603284734e-10,84.28924822519912,-0.0,88006317.33209437,66004737.99907085,26907587.686644297,3864244.554292685,39097150.312425904,869978.865095576,35232905.75813392,35232905.75813323,5.21540641784668e-08
84120.0,20.000000000042366,62.138575079175126,0,0.0,0.0,8.473222123939195e-10,84.27715015835025,-0.0,88006317.33209437,66004737.99907085,26907587.686644353,3869301.5462355083,39097150.312425904,869978.865095576,35227848.766191036,35227848.7661904,4.470348358154297e-08
84180.0,20.00000000003911,62.132526913970686,0,0.0,0.0,7.821654435247183e-10,84.26505382794137,-0.0,88006317.33209437,66004737.99907085,26907587.6866444,3874357.8123464156,39097150.312425904,869978.865095576,35222792.50008008,35222792.50007949,4.470348358154297e-08
84240.0,20.0000000000361,62.12647961686164,0,0.0,0.0,7.219824738058378e-10,84.25295923372327,-0.0,88006317.33209437,66004737.99907085,26907587.686644446,3879413.3527295855,39097150.312425904,869978.865095576,35217736.959696874,35217736.95969633,5.960464477539063e-08
84300.0,20.000000000033324,62.120433187723364,0,0.0,0.0,6.66489086142974e-10,84.24086637544673,-0.0,88006317.33209437,66004737.99907085,26907587.68664449,3884468.1674891813,39097150.312425904,869978.865095576,35212682.14493723,35212682.14493673,5.21540641784668e-08
84360.0,20.000000000030767,62.114387626431295,0,0.0,0.0,6.153300091682468e-10,84.22877525286259,-0.0,88006317.33209437,66004737.99907085,26907587.686644528,3889522.2567293528,39097150.312425904,869978.865095576,35207628.055697024,35207628.05569656,4.470348358154297e-08
84420.0,20.0000000000284,62.108342932860864,0,0.0,0.0,5.680078629666241e-10,84.21668586572173,-0.0,88006317.33209437,66004737.99907085,26907587.68664456,3894575.6205542334,39097150.312425904,869978.865095576,35202574.691872105,35202574.69187168,4.470348358154297e-08
84480.0,20.000000000026215,62.10229910688752,0,0.0,0.0,5.243094847173779e-10,84.20459821377504,-0.0,88006317.33209437,66004737.99907085,26907587.686644595,3899628.2590679433,39097150.312425904,869978.865095576,35197522.05335836,35197522.053357966,5.21540641784668e-08
84540.0,20.000000000024198,62.09625614838676,0,0.0,0.0,4.839506573262042e-10,84.19251229677351,-0.0,88006317.33209437,66004737.99907085,26907587.686644625,3904680.1723745856,39097150.312425904,869978.865095576,35192470.14005169,35192470.14005133,5.21540641784668e-08
84600.0,20.00000000002234,62.09021405723404,0,0.0,0.0,4.46789272245951e-10,84.18042811446809,-0.0,88006317.33209437,66004737.99907085,26907587.686644655,3909731.3605782497,39097150.312425904,869978.865095576,35187418.95184799,35187418.95184766,4.470348358154297e-08
84660.0,20.00000000002062,62.084172833304905,0,0.0,0.0,4.1239900383516215e-10,84.16834566660981,-0.0,88006317.33209437,66004737.99907085,26907587.68664468,3914781.8237830102,39097150.312425904,869978.865095576,35182368.488643214,35182368.4886429,5.21540641784668e-08
84720.0,20.000000000019035,62.07813247647486,0,0.0,0.0,3.807087978202617e-10,84.15626495294973,-0.0,88006317.33209437,66004737.99907085,26907587.686644703,3919831.562092927,39097150.312425904,869978.865095576,35177318.75033327,35177318.75033299,5.21540641784668e-08
84780.0,20.00000000001757,62.07209298661946,0,0.0,0.0,3.5143443710694555e-10,84.14418597323892,-0.0,88006317.33209437,66004737.99907085,26907587.686644726,3924880.5756120435,39097150.312425904,869978.865095576,35172269.73681413,35172269.736813866,4.470348358154297e-08
84840.0,20.00000000001622,62.066054363614256,0,0.0,0.0,3.2443381314806174e-10,84.13210872722851,-0.0,88006317.33209437,66004737.99907085,26907587.686644744,3929928.8644443895,39097150.312425904,869978.865095576,35167221.44798177,35167221.44798152,5.21540641784668e-08
84900.0,20.000000000014975,62.060016607334845,0,0.0,0.0,2.9949376312288223e-10,84.12003321466969,-0.0,88006317.33209437,66004737.99907085,26907587.686644763,3934976.4286939795,39097150.312425904,869978.865095576,35162173.883732155,35162173.88373193,4.470348358154297e-08
84960.0,20.000000000013824,62.053979717656816,0,0.0,0.0,2.76472178484255e-10,84.10795943531363,-0.0,88006317.33209437,66004737.99907085,26907587.68664478,3940023.268464814,39097150.312425904,869978.865095576,35157127.04396131,35157127.0439611,4.470348358154297e-08
85020.0,20.00000000001276,62.04794369445579,0,0.0,0.0,2.55226950685028e-10,84.09588738891158,-0.0,88006317.33209437,66004737.99907085,26907587.6866448,3945069.3838608763,39097150.312425904,869978.865095576,35152080.928565234,35152080.92856504,5.960464477539063e-08
85080.0,20.00000000001178,62.04190853760739,0,0.0,0.0,2.356159711780492e-10,84.08381707521478,-0.0,88006317.33209437,66004737.99907085,26907587.686644815,3950114.7749861367,39097150.312425904,869978.865095576,35147035.53743996,35147035.53743978,5.960464477539063e-08
85140.0,20.00000000001087,62.03587424698728,0,0.0,0.0,2.1742607714259066e-10,84.07174849397455,-0.0,88006317.33209437,66004737.99907085,26907587.68664483,3955159.441944551,39097150.312425904,869978.865095576,35141990.87048153,35141990.870481364,5.960464477539063e-08
85200.0,20.000000000010033,62.02984082247112,0,0.0,0.0,2.006572685786523e-10,84.05968164494224,-0.0,88006317.33209437,66004737.99907085,26907587.68664484,3960203.384840058,39097150.312425904,869978.865095576,35136946.927586004,35136946.927585855,4.470348358154297e-08
85260.0,20.000000000009262,62.02380826393461,0,0.0,0.0,1.8523849121265812e-10,84.04761652786922,-0.0,88006317.33209437,66004737.99907085,26907587.686644852,3965246.6037765834,39097150.312425904,869978.865095576,35131903.70864948,35131903.70864934,5.960464477539063e-08
85320.0,20.000000000008548,62.01777657125344,0,0.0,0.0,1.709565822238801e-10,84.03555314250688,-0.0,88006317.33209437,66004737.99907085,26907587.686644863,3970289.098858037,39097150.312425904,869978.865095576,35126861.213568,35126861.213567875,5.21540641784668e-08
85380.0,20.000000000007894,62.011745744303354,0,0.0,0.0,1.5788259588589426e-10,84.02349148860671,-0.0,88006317.33209437,66004737.99907085,26907587.686644875,3975330.8701883135,39097150.312425904,869978.865095576,35121819.44223772,35121819.4422376,5.21540641784668e-08
85440.0,20.000000000007287,62.00571578296008,0,0.0,0.0,1.4573231510439655e-10,84.01143156592016,-0.0,88006317.33209437,66004737.99907085,26907587.686644882,3980371.917871294,39097150.312425904,869978.865095576,35116778.39455474,35116778.39455463,6.705522537231445e-08
85500.0,20.000000000006725,61.99968668709937,0,0.0,0.0,1.3450573987938697e-10,83.99937337419874,-0.0,88006317.33209437,66004737.99907085,26907587.68664489,3985412.2420108435,39097150.312425904,869978.865095576,35111738.07041518,35111738.07041507,5.960464477539063e-08
85560.0,20.000000000006207,61.99365845659702,0,0.0,0.0,1.241318159372895e-10,83.98731691319404,-0.0,88006317.33209437,66004737.99907085,26907587.686644897,3990451.8427108126,39097150.312425904,869978.865095576,35106698.46971519,35106698.4697151,5.21540641784668e-08
85620.0,20.00000000000573,61.98763109132881,0,0.0,0.0,1.1461054327810416e-10,83.97526218265762,-0.0,88006317.33209437,66004737.99907085,26907587.686644904,3995490.7200750364,39097150.312425904,869978.865095576,35101659.592350975,35101659.592350885,5.960464477539063e-08
85680.0,20.000000000005286,61.98160459117055,0,0.0,0.0,1.0572875908110291e-10,83.9632091823411,-0.0,88006317.33209437,66004737.99907085,26907587.68664491,4000528.874207336,39097150.312425904,869978.865095576,35096621.43821866,35096621.43821858,5.21540641784668e-08
85740.0,20.00000000000488,61.97557895599809,0,0.0,0.0,9.762857189343777e-11,83.95115791199618,-0.0,88006317.33209437,66004737.99907085,26907587.68664492,4005566.305211517,39097150.312425904,869978.865095576,35091584.00721448,35091584.007214405,5.960464477539063e-08
85800.0,20.000000000004505,61.96955418568726,0,0.0,0.0,9.00968188943807e-11,83.93910837137452,-0.0,88006317.33209437,66004737.99907085,26907587.686644927,4010603.0131913703,39097150.312425904,869978.865095576,35086547.299234614,35086547.29923455,5.960464477539063e-08
85860.0,20.00000000000416,61.96353028011393,0,0.0,0.0,8.320455435750773e-11,83.92706056022786,-0.0,88006317.33209437,66004737.99907085,26907587.68664493,4015638.998250671,39097150.312425904,869978.865095576,35081511.31417531,35081511.31417525,5.21540641784668e-08
85920.0,20.00000000000384,61.95750723915399,0,0.0,0.0,7.680966973566683e-11,83.91501447830798,-0.0,88006317.33209437,66004737.99907085,26907587.686644934,4020674.2604931816,39097150.312425904,869978.865095576,35076476.0519328,35076476.05193274,5.960464477539063e-08
85980.0,20.000000000003542,61.95148506268333,0,0.0,0.0,7.084111075528199e-11,83.90297012536666,-0.0,88006317.33209437,66004737.99907085,26907587.686644938,4025708.8000226477,39097150.312425904,869978.865095576,35071441.51240332,35071441.512403265,5.21540641784668e-08
86040.0,20.000000000003272,61.945463750577886,0,0.0,0.0,6.544098596350523e-11,83.89092750115577,-0.0,88006317.33209437,66004737.99907085,26907587.68664494,4030742.6169428006,39097150.312425904,869978.865095576,35066407.69548316,35066407.69548311,5.21540641784668e-08
86100.0,20.00000000000302,61.939443302713585,0,0.0,0.0,6.039613253960852e-11,83.87888660542717,-0.0,88006317.33209437,66004737.99907085,26907587.686644945,4035775.711357356,39097150.312425904,869978.865095576,35061374.6010686,35061374.60106856,4.470348358154297e-08
86160.0,20.000000000002785,61.93342371896639,0,0.0,0.0,5.5706550483591855e-11,83.86684743793278,-0.0,88006317.33209437,66004737.99907085,26907587.68664495,4040808.0833700164,39097150.312425904,869978.865095576,35056342.22905595,35056342.229055904,5.960464477539063e-08
86220.0,20.00000000000257,61.92740499921226,0,0.0,0.0,5.1372239795455243e-11,83.85480999842451,-0.0,88006317.33209437,66004737.99907085,26907587.686644953,4045839.7330844677,39097150.312425904,869978.865095576,35051310.579341486,35051310.57934145,5.960464477539063e-08
86280.0,20.000000000002373,61.92138714332719,0,0.0,0.0,4.746425474877469e-11,83.84277428665438,-0.0,88006317.33209437,66004737.99907085,26907587.686644956,4050870.6606043815,39097150.312425904,869978.865095576,35046279.65182157,35046279.65182153,5.21540641784668e-08
86340.0,20.000000000002192,61.9153701511872,0,0.0,0.0,4.384048679639818e-11,83.8307403023744,-0.0,88006317.33209437,66004737.99907085,26907587.68664496,4055900.866033416,39097150.312425904,869978.865095576,35041249.44639253,35041249.4463925,4.470348358154297e-08
86400.0,20.00000000000202,61.9093540226683,0,0.0,0.0,4.04298816647497e-11,83.8187080453366,-0.0,88006317.33209437,66004737.99907085,26907587.68664496,4060930.3494752115,39097150.312425904,869978.865095576,35036219.96295073,35036219.9629507,4.470348358154297e-08
