time_s,collector_c,tank_c,pump_on,irradiance_w_m2,solar_absorbed_w,collector_loss_w,tank_loss_w,transfer_w,incident_energy_j,absorbed_energy_j,collector_loss_energy_j,tank_loss_energy_j,transfer_energy_j,pump_electric_energy_j,stored_energy_change_j,tank_energy_change_j,balance_residual_j
0.0,20.0,20.0,1,0.0,0.0,0.0,0.0,0.0,0.0,0.0,0.0,0.0,0.0,0.0,0.0,0.0,0.0
60.0,20.0,20.0,1,0.0,0.0,0.0,0.0,0.0,0.0,0.0,0.0,0.0,0.0,1500.0000000000005,0.0,0.0,0.0
120.0,20.0,20.0,1,0.0,0.0,0.0,0.0,0.0,0.0,0.0,0.0,0.0,0.0,3000.000000000002,0.0,0.0,0.0
180.0,20.0,20.0,1,0.0,0.0,0.0,0.0,0.0,0.0,0.0,0.0,0.0,0.0,4500.000000000003,0.0,0.0,0.0
240.0,20.0,20.0,1,0.0,0.0,0.0,0.0,0.0,0.0,0.0,0.0,0.0,0.0,6000.000000000004,0.0,0.0,0.0
300.0,20.0,20.0,1,0.0,0.0,0.0,0.0,0.0,0.0,0.0,0.0,0.0,0.0,7500.0000000000055,0.0,0.0,0.0
360.0,20.0,20.0,1,0.0,0.0,0.0,0.0,0.0,0.0,0.0,0.0,0.0,0.0,9000.000000000007,0.0,0.0,0.0
420.0,20.0,20.0,1,0.0,0.0,0.0,0.0,0.0,0.0,0.0,0.0,0.0,0.0,10500.00000000001,0.0,0.0,0.0
480.0,20.0,20.0,1,0.0,0.0,0.0,0.0,0.0,0.0,0.0,0.0,0.0,0.0,12000.000000000011,0.0,0.0,0.0
540.0,20.0,20.0,1,0.0,0.0,0.0,0.0,0.0,0.0,0.0,0.0,0.0,0.0,13500.000000000013,0.0,0.0,0.0
600.0,20.0,20.0,1,0.0,0.0,0.0,0.0,0.0,0.0,0.0,0.0,0.0,0.0,15000.000000000015,0.0,0.0,0.0
660.0,20.0,20.0,1,0.0,0.0,0.0,0.0,0.0,0.0,0.0,0.0,0.0,0.0,16500.00000000002,0.0,0.0,0.0
720.0,20.0,20.0,1,0.0,0.0,0.0,0.0,0.0,0.0,0.0,0.0,0.0,0.0,18000.00000000002,0.0,0.0,0.0
780.0,20.0,20.0,1,0.0,0.0,0.0,0.0,0.0,0.0,0.0,0.0,0.0,0.0,19500.00000000002,0.0,0.0,0.0
840.0,20.0,20.0,1,0.0,0.0,0.0,0.0,0.0,0.0,0.0,0.0,0.0,0.0,21000.00000000002,0.0,0.0,0.0
900.0,20.0,20.0,1,0.0,0.0,0.0,0.0,0.0,0.0,0.0,0.0,0.0,0.0,22500.00000000002,0.0,0.0,0.0
960.0,20.0,20.0,1,0.0,0.0,0.0,0.0,0.0,0.0,0.0,0.0,0.0,0.0,24000.00000000002,0.0,0.0,0.0
1020.0,20.0,20.0,1,0.0,0.0,0.0,0.0,0.0,0.0,0.0,0.0,0.0,0.0,25500.00000000002,0.0,0.0,0.0
1080.0,20.0,20.0,1,0.0,0.0,0.0,0.0,0.0,0.0,0.0,0.0,0.0,0.0,27000.00000000002,0.0,0.0,0.0
1140.0,20.0,20.0,1,0.0,0.0,0.0,0.0,0.0,0.0,0.0,0.0,0.0,0.0,28500.00000000002,0.0,0.0,0.0
1200.0,20.0,20.0,1,0.0,0.0,0.0,0.0,0.0,0.0,0.0,0.0,0.0,0.0,30000.00000000002,0.0,0.0,0.0
1260.0,20.0,20.0,1,0.0,0.0,0.0,0.0,0.0,0.0,0.0,0.0,0.0,0.0,31500.00000000002,0.0,0.0,0.0
1320.0,20.0,20.0,1,0.0,0.0,0.0,0.0,0.0,0.0,0.0,0.0,0.0,0.0,33000.00000000002,0.0,0.0,0.0
1380.0,20.0,20.0,1,0.0,0.0,0.0,0.0,0.0,0.0,0.0,0.0,0.0,0.0,34500.00000000002,0.0,0.0,0.0
1440.0,20.0,20.0,1,0.0,0.0,0.0,0.0,0.0,0.0,0.0,0.0,0.0,0.0,36000.00000000002,0.0,0.0,0.0
1500.0,20.0,20.0,1,0.0,0.0,0.0,0.0,0.0,0.0,0.0,0.0,0.0,0.0,37500.00000000002,0.0,0.0,0.0
1560.0,20.0,20.0,1,0.0,0.0,0.0,0.0,0.0,0.0,0.0,0.0,0.0,0.0,39000.00000000002,0.0,0.0,0.0
1620.0,20.0,20.0,1,0.0,0.0,0.0,0.0,0.0,0.0,0.0,0.0,0.0,0.0,40500.00000000002,0.0,0.0,0.0
1680.0,20.0,20.0,1,0.0,0.0,0.0,0.0,0.0,0.0,0.0,0.0,0.0,0.0,42000.00000000002,0.0,0.0,0.0
1740.0,20.0,20.0,1,0.0,0.0,0.0,0.0,0.0,0.0,0.0,0.0,0.0,0.0,43500.00000000002,0.0,0.0,0.0
1800.0,20.0,20.0,1,0.0,0.0,0.0,0.0,0.0,0.0,0.0,0.0,0.0,0.0,45000.00000000002,0.0,0.0,0.0
1860.0,20.0,20.0,1,0.0,0.0,0.0,0.0,0.0,0.0,0.0,0.0,0.0,0.0,46500.00000000002,0.0,0.0,0.0
1920.0,20.0,20.0,1,0.0,0.0,0.0,0.0,0.0,0.0,0.0,0.0,0.0,0.0,48000.00000000002,0.0,0.0,0.0
1980.0,20.0,20.0,1,0.0,0.0,0.0,0.0,0.0,0.0,0.0,0.0,0.0,0.0,49500.00000000002,0.0,0.0,0.0
2040.0,20.0,20.0,1,0.0,0.0,0.0,0.0,0.0,0.0,0.0,0.0,0.0,0.0,51000.00000000002,0.0,0.0,0.0
2100.0,20.0,20.0,1,0.0,0.0,0.0,0.0,0.0,0.0,0.0,0.0,0.0,0.0,52500.00000000002,0.0,0.0,0.0
2160.0,20.0,20.0,1,0.0,0.0,0.0,0.0,0.0,0.0,0.0,0.0,0.0,0.0,54000.00000000002,0.0,0.0,0.0
2220.0,20.0,20.0,1,0.0,0.0,0.0,0.0,0.0,0.0,0.0,0.0,0.0,0.0,55500.00000000002,0.0,0.0,0.0
2280.0,20.0,20.0,1,0.0,0.0,0.0,0.0,0.0,0.0,0.0,0.0,0.0,0.0,57000.00000000002,0.0,0.0,0.0
2340.0,20.0,20.0,1,0.0,0.0,0.0,0.0,0.0,0.0,0.0,0.0,0.0,0.0,58500.00000000002,0.0,0.0,0.0
2400.0,20.0,20.0,1,0.0,0.0,0.0,0.0,0.0,0.0,0.0,0.0,0.0,0.0,60000.00000000002,0.0,0.0,0.0
2460.0,20.0,20.0,1,0.0,0.0,0.0,0.0,0.0,0.0,0.0,0.0,0.0,0.0,61500.00000000002,0.0,0.0,0.0
2520.0,20.0,20.0,1,0.0,0.0,0.0,0.0,0.0,0.0,0.0,0.0,0.0,0.0,63000.00000000002,0.0,0.0,0.0
2580.0,20.0,20.0,1,0.0,0.0,0.0,0.0,0.0,0.0,0.0,0.0,0.0,0.0,64500.00000000002,0.0,0.0,0.0
2640.0,20.0,20.0,1,0.0,0.0,0.0,0.0,0.0,0.0,0.0,0.0,0.0,0.0,66000.00000000003,0.0,0.0,0.0
2700.0,20.0,20.0,1,0.0,0.0,0.0,0.0,0.0,0.0,0.0,0.0,0.0,0.0,67500.00000000003,0.0,0.0,0.0
2760.0,20.0,20.0,1,0.0,0.0,0.0,0.0,0.0,0.0,0.0,0.0,0.0,0.0,69000.00000000003,0.0,0.0,0.0
2820.0,20.0,20.0,1,0.0,0.0,0.0,0.0,0.0,0.0,0.0,0.0,0.0,0.0,70500.00000000003,0.0,0.0,0.0
2880.0,20.0,20.0,1,0.0,0.0,0.0,0.0,0.0,0.0,0.0,0.0,0.0,0.0,72000.00000000003,0.0,0.0,0.0
2940.0,20.0,20.0,1,0.0,0.0,0.0,0.0,0.0,0.0,0.0,0.0,0.0,0.0,73500.00000000003,0.0,0.0,0.0
3000.0,20.0,20.0,1,0.0,0.0,0.0,0.0,0.0,0.0,0.0,0.0,0.0,0.0,75000.00000000003,0.0,0.0,0.0
3060.0,20.0,20.0,1,0.0,0.0,0.0,0.0,0.0,0.0,0.0,0.0,0.0,0.0,76500.00000000003,0.0,0.0,0.0
3120.0,20.0,20.0,1,0.0,0.0,0.0,0.0,0.0,0.0,0.0,0.0,0.0,0.0,78000.00000000003,0.0,0.0,0.0
3180.0,20.0,20.0,1,0.0,0.0,0.0,0.0,0.0,0.0,0.0,0.0,0.0,0.0,79500.00000000003,0.0,0.0,0.0
3240.0,20.0,20.0,1,0.0,0.0,0.0,0.0,0.0,0.0,0.0,0.0,0.0,0.0,81000.00000000003,0.0,0.0,0.0
3300.0,20.0,20.0,1,0.0,0.0,0.0,0.0,0.0,0.0,0.0,0.0,0.0,0.0,82500.00000000003,0.0,0.0,0.0
3360.0,20.0,20.0,1,0.0,0.0,0.0,0.0,0.0,0.0,0.0,0.0,0.0,0.0,84000.00000000003,0.0,0.0,0.0
3420.0,20.0,20.0,1,0.0,0.0,0.0,0.0,0.0,0.0,0.0,0.0,0.0,0.0,85500.00000000003,0.0,0.0,0.0
3480.0,20.0,20.0,1,0.0,0.0,0.0,0.0,0.0,0.0,0.0,0.0,0.0,0.0,87000.00000000003,0.0,0.0,0.0
3540.0,20.0,20.0,1,0.0,0.0,0.0,0.0,0.0,0.0,0.0,0.0,0.0,0.0,88500.00000000003,0.0,0.0,0.0
3600.0,20.0,20.0,1,0.0,0.0,0.0,0.0,0.0,0.0,0.0,0.0,0.0,0.0,90000.00000000003,0.0,0.0,0.0
3660.0,20.0,20.0,1,0.0,0.0,0.0,0.0,0.0,0.0,0.0,0.0,0.0,0.0,91500.00000000003,0.0,0.0,0.0
3720.0,20.0,20.0,1,0.0,0.0,0.0,0.0,0.0,0.0,0.0,0.0,0.0,0.0,93000.00000000003,0.0,0.0,0.0
3780.0,20.0,20.0,1,0.0,0.0,0.0,0.0,0.0,0.0,0.0,0.0,0.0,0.0,94500.00000000003,0.0,0.0,0.0
3840.0,20.0,20.0,1,0.0,0.0,0.0,0.0,0.0,0.0,0.0,0.0,0.0,0.0,96000.00000000003,0.0,0.0,0.0
3900.0,20.0,20.0,1,0.0,0.0,0.0,0.0,0.0,0.0,0.0,0.0,0.0,0.0,97500.00000000003,0.0,0.0,0.0
3960.0,20.0,20.0,1,0.0,0.0,0.0,0.0,0.0,0.0,0.0,0.0,0.0,0.0,99000.00000000003,0.0,0.0,0.0
4020.0,20.0,20.0,1,0.0,0.0,0.0,0.0,0.0,0.0,0.0,0.0,0.0,0.0,100500.00000000003,0.0,0.0,0.0
4080.0,20.0,20.0,1,0.0,0.0,0.0,0.0,0.0,0.0,0.0,0.0,0.0,0.0,102000.00000000003,0.0,0.0,0.0
4140.0,20.0,20.0,1,0.0,0.0,0.0,0.0,0.0,0.0,0.0,0.0,0.0,0.0,103500.00000000003,0.0,0.0,0.0
4200.0,20.0,20.0,1,0.0,0.0,0.0,0.0,0.0,0.0,0.0,0.0,0.0,0.0,105000.00000000003,0.0,0.0,0.0
4260.0,20.0,20.0,1,0.0,0.0,0.0,0.0,0.0,0.0,0.0,0.0,0.0,0.0,106500.00000000003,0.0,0.0,0.0
4320.0,20.0,20.0,1,0.0,0.0,0.0,0.0,0.0,0.0,0.0,0.0,0.0,0.0,108000.00000000003,0.0,0.0,0.0
4380.0,20.0,20.0,1,0.0,0.0,0.0,0.0,0.0,0.0,0.0,0.0,0.0,0.0,109500.00000000003,0.0,0.0,0.0
4440.0,20.0,20.0,1,0.0,0.0,0.0,0.0,0.0,0.0,0.0,0.0,0.0,0.0,111000.00000000003,0.0,0.0,0.0
4500.0,20.0,20.0,1,0.0,0.0,0.0,0.0,0.0,0.0,0.0,0.0,0.0,0.0,112500.00000000003,0.0,0.0,0.0
4560.0,20.0,20.0,1,0.0,0.0,0.0,0.0,0.0,0.0,0.0,0.0,0.0,0.0,114000.00000000003,0.0,0.0,0.0
4620.0,20.0,20.0,1,0.0,0.0,0.0,0.0,0.0,0.0,0.0,0.0,0.0,0.0,115500.00000000003,0.0,0.0,0.0
4680.0,20.0,20.0,1,0.0,0.0,0.0,0.0,0.0,0.0,0.0,0.0,0.0,0.0,117000.00000000003,0.0,0.0,0.0
4740.0,20.0,20.0,1,0.0,0.0,0.0,0.0,0.0,0.0,0.0,0.0,0.0,0.0,118500.00000000003,0.0,0.0,0.0
4800.0,20.0,20.0,1,0.0,0.0,0.0,0.0,0.0,0.0,0.0,0.0,0.0,0.0,120000.00000000003,0.0,0.0,0.0
4860.0,20.0,20.0,1,0.0,0.0,0.0,0.0,0.0,0.0,0.0,0.0,0.0,0.0,121500.00000000003,0.0,0.0,0.0
4920.0,20.0,20.0,1,0.0,0.0,0.0,0.0,0.0,0.0,0.0,0.0,0.0,0.0,123000.00000000003,0.0,0.0,0.0
4980.0,20.0,20.0,1,0.0,0.0,0.0,0.0,0.0,0.0,0.0,0.0,0.0,0.0,124500.00000000003,0.0,0.0,0.0
5040.0,20.0,20.0,1,0.0,0.0,0.0,0.0,0.0,0.0,0.0,0.0,0.0,0.0,126000.00000000003,0.0,0.0,0.0
5100.0,20.0,20.0,1,0.0,0.0,0.0,0.0,0.0,0.0,0.0,0.0,0.0,0.0,127500.00000000003,0.0,0.0,0.0
5160.0,20.0,20.0,1,0.0,0.0,0.0,0.0,0.0,0.0,0.0,0.0,0.0,0.0,129000.00000000003,0.0,0.0,0.0
5220.0,20.0,20.0,1,0.0,0.0,0.0,0.0,0.0,0.0,0.0,0.0,0.0,0.0,130500.00000000003,0.0,0.0,0.0
5280.0,20.0,20.0,1,0.0,0.0,0.0,0.0,0.0,0.0,0.0,0.0,0.0,0.0,132000.00000000003,0.0,0.0,0.0
5340.0,20.0,20.0,1,0.0,0.0,0.0,0.0,0.0,0.0,0.0,0.0,0.0,0.0,133500.00000000003,0.0,0.0,0.0
5400.0,20.0,20.0,1,0.0,0.0,0.0,0.0,0.0,0.0,0.0,0.0,0.0,0.0,135000.00000000003,0.0,0.0,0.0
5460.0,20.0,20.0,1,0.0,0.0,0.0,0.0,0.0,0.0,0.0,0.0,0.0,0.0,136500.00000000003,0.0,0.0,0.0
5520.0,20.0,20.0,1,0.0,0.0,0.0,0.0,0.0,0.0,0.0,0.0,0.0,0.0,138000.00000000003,0.0,0.0,0.0
5580.0,20.0,20.0,1,0.0,0.0,0.0,0.0,0.0,0.0,0.0,0.0,0.0,0.0,139500.00000000003,0.0,0.0,0.0
5640.0,20.0,20.0,1,0.0,0.0,0.0,0.0,0.0,0.0,0.0,0.0,0.0,0.0,141000.00000000003,0.0,0.0,0.0
5700.0,20.0,20.0,1,0.0,0.0,0.0,0.0,0.0,0.0,0.0,0.0,0.0,0.0,142500.00000000003,0.0,0.0,0.0
5760.0,20.0,20.0,1,0.0,0.0,0.0,0.0,0.0,0.0,0.0,0.0,0.0,0.0,144000.00000000003,0.0,0.0,0.0
5820.0,20.0,20.0,1,0.0,0.0,0.0,0.0,0.0,0.0,0.0,0.0,0.0,0.0,145500.00000000003,0.0,0.0,0.0
5880.0,20.0,20.0,1,0.0,0.0,0.0,0.0,0.0,0.0,0.0,0.0,0.0,0.0,147000.00000000003,0.0,0.0,0.0
5940.0,20.0,20.0,1,0.0,0.0,0.0,0.0,0.0,0.0,0.0,0.0,0.0,0.0,148500.00000000003,0.0,0.0,0.0
6000.0,20.0,20.0,1,0.0,0.0,0.0,0.0,0.0,0.0,0.0,0.0,0.0,0.0,150000.00000000003,0.0,0.0,0.0
6060.0,20.0,20.0,1,0.0,0.0,0.0,0.0,0.0,0.0,0.0,0.0,0.0,0.0,151500.00000000003,0.0,0.0,0.0
6120.0,20.0,20.0,1,0.0,0.0,0.0,0.0,0.0,0.0,0.0,0.0,0.0,0.0,153000.00000000003,0.0,0.0,0.0
6180.0,20.0,20.0,1,0.0,0.0,0.0,0.0,0.0,0.0,0.0,0.0,0.0,0.0,154500.00000000003,0.0,0.0,0.0
6240.0,20.0,20.0,1,0.0,0.0,0.0,0.0,0.0,0.0,0.0,0.0,0.0,0.0,156000.00000000003,0.0,0.0,0.0
6300.0,20.0,20.0,1,0.0,0.0,0.0,0.0,0.0,0.0,0.0,0.0,0.0,0.0,157500.00000000003,0.0,0.0,0.0
6360.0,20.0,20.0,1,0.0,0.0,0.0,0.0,0.0,0.0,0.0,0.0,0.0,0.0,159000.00000000003,0.0,0.0,0.0
6420.0,20.0,20.0,1,0.0,0.0,0.0,0.0,0.0,0.0,0.0,0.0,0.0,0.0,160500.00000000003,0.0,0.0,0.0
6480.0,20.0,20.0,1,0.0,0.0,0.0,0.0,0.0,0.0,0.0,0.0,0.0,0.0,162000.00000000003,0.0,0.0,0.0
6540.0,20.0,20.0,1,0.0,0.0,0.0,0.0,0.0,0.0,0.0,0.0,0.0,0.0,163500.00000000003,0.0,0.0,0.0
6600.0,20.0,20.0,1,0.0,0.0,0.0,0.0,0.0,0.0,0.0,0.0,0.0,0.0,165000.00000000003,0.0,0.0,0.0
6660.0,20.0,20.0,1,0.0,0.0,0.0,0.0,0.0,0.0,0.0,0.0,0.0,0.0,166500.00000000003,0.0,0.0,0.0
6720.0,20.0,20.0,1,0.0,0.0,0.0,0.0,0.0,0.0,0.0,0.0,0.0,0.0,168000.00000000003,0.0,0.0,0.0
6780.0,20.0,20.0,1,0.0,0.0,0.0,0.0,0.0,0.0,0.0,0.0,0.0,0.0,169500.00000000003,0.0,0.0,0.0
6840.0,20.0,20.0,1,0.0,0.0,0.0,0.0,0.0,0.0,0.0,0.0,0.0,0.0,171000.00000000003,0.0,0.0,0.0
6900.0,20.0,20.0,1,0.0,0.0,0.0,0.0,0.0,0.0,0.0,0.0,0.0,0.0,172500.00000000003,0.0,0.0,0.0
6960.0,20.0,20.0,1,0.0,0.0,0.0,0.0,0.0,0.0,0.0,0.0,0.0,0.0,174000.00000000003,0.0,0.0,0.0
7020.0,20.0,20.0,1,0.0,0.0,0.0,0.0,0.0,0.0,0.0,0.0,0.0,0.0,175500.00000000003,0.0,0.0,0.0
7080.0,20.0,20.0,1,0.0,0.0,0.0,0.0,0.0,0.0,0.0,0.0,0.0,0.0,177000.00000000003,0.0,0.0,0.0
7140.0,20.0,20.0,1,0.0,0.0,0.0,0.0,0.0,0.0,0.0,0.0,0.0,0.0,178500.00000000003,0.0,0.0,0.0
7200.0,20.0,20.0,1,0.0,0.0,0.0,0.0,0.0,0.0,0.0,0.0,0.0,0.0,180000.00000000003,0.0,0.0,0.0
7260.0,20.0,20.0,1,0.0,0.0,0.0,0.0,0.0,0.0,0.0,0.0,0.0,0.0,181500.00000000003,0.0,0.0,0.0
7320.0,20.0,20.0,1,0.0,0.0,0.0,0.0,0.0,0.0,0.0,0.0,0.0,0.0,183000.00000000003,0.0,0.0,0.0
7380.0,20.0,20.0,1,0.0,0.0,0.0,0.0,0.0,0.0,0.0,0.0,0.0,0.0,184500.00000000003,0.0,0.0,0.0
7440.0,20.0,20.0,1,0.0,0.0,0.0,0.0,0.0,0.0,0.0,0.0,0.0,0.0,186000.00000000003,0.0,0.0,0.0
7500.0,20.0,20.0,1,0.0,0.0,0.0,0.0,0.0,0.0,0.0,0.0,0.0,0.0,187500.00000000003,0.0,0.0,0.0
7560.0,20.0,20.0,1,0.0,0.0,0.0,0.0,0.0,0.0,0.0,0.0,0.0,0.0,189000.00000000003,0.0,0.0,0.0
7620.0,20.0,20.0,1,0.0,0.0,0.0,0.0,0.0,0.0,0.0,0.0,0.0,0.0,190500.00000000003,0.0,0.0,0.0
7680.0,20.0,20.0,1,0.0,0.0,0.0,0.0,0.0,0.0,0.0,0.0,0.0,0.0,192000.00000000003,0.0,0.0,0.0
7740.0,20.0,20.0,1,0.0,0.0,0.0,0.0,0.0,0.0,0.0,0.0,0.0,0.0,193500.00000000003,0.0,0.0,0.0
7800.0,20.0,20.0,1,0.0,0.0,0.0,0.0,0.0,0.0,0.0,0.0,0.0,0.0,195000.00000000003,0.0,0.0,0.0
7860.0,20.0,20.0,1,0.0,0.0,0.0,0.0,0.0,0.0,0.0,0.0,0.0,0.0,196500.00000000003,0.0,0.0,0.0
7920.0,20.0,20.0,1,0.0,0.0,0.0,0.0,0.0,0.0,0.0,0.0,0.0,0.0,198000.00000000003,0.0,0.0,0.0
7980.0,20.0,20.0,1,0.0,0.0,0.0,0.0,0.0,0.0,0.0,0.0,0.0,0.0,199500.00000000003,0.0,0.0,0.0
8040.0,20.0,20.0,1,0.0,0.0,0.0,0.0,0.0,0.0,0.0,0.0,0.0,0.0,201000.00000000003,0.0,0.0,0.0
8100.0,20.0,20.0,1,0.0,0.0,0.0,0.0,0.0,0.0,0.0,0.0,0.0,0.0,202500.00000000003,0.0,0.0,0.0
8160.0,20.0,20.0,1,0.0,0.0,0.0,0.0,0.0,0.0,0.0,0.0,0.0,0.0,204000.00000000003,0.0,0.0,0.0
8220.0,20.0,20.0,1,0.0,0.0,0.0,0.0,0.0,0.0,0.0,0.0,0.0,0.0,205500.00000000003,0.0,0.0,0.0
8280.0,20.0,20.0,1,0.0,0.0,0.0,0.0,0.0,0.0,0.0,0.0,0.0,0.0,207000.00000000003,0.0,0.0,0.0
8340.0,20.0,20.0,1,0.0,0.0,0.0,0.0,0.0,0.0,0.0,0.0,0.0,0.0,208500.00000000003,0.0,0.0,0.0
8400.0,20.0,20.0,1,0.0,0.0,0.0,0.0,0.0,0.0,0.0,0.0,0.0,0.0,210000.00000000003,0.0,0.0,0.0
8460.0,20.0,20.0,1,0.0,0.0,0.0,0.0,0.0,0.0,0.0,0.0,0.0,0.0,211500.00000000003,0.0,0.0,0.0
8520.0,20.0,20.0,1,0.0,0.0,0.0,0.0,0.0,0.0,0.0,0.0,0.0,0.0,213000.00000000003,0.0,0.0,0.0
8580.0,20.0,20.0,1,0.0,0.0,0.0,0.0,0.0,0.0,0.0,0.0,0.0,0.0,214500.00000000003,0.0,0.0,0.0
8640.0,20.0,20.0,1,0.0,0.0,0.0,0.0,0.0,0.0,0.0,0.0,0.0,0.0,216000.00000000003,0.0,0.0,0.0
8700.0,20.0,20.0,1,0.0,0.0,0.0,0.0,0.0,0.0,0.0,0.0,0.0,0.0,217500.00000000003,0.0,0.0,0.0
8760.0,20.0,20.0,1,0.0,0.0,0.0,0.0,0.0,0.0,0.0,0.0,0.0,0.0,219000.00000000003,0.0,0.0,0.0
8820.0,20.0,20.0,1,0.0,0.0,0.0,0.0,0.0,0.0,0.0,0.0,0.0,0.0,220500.00000000003,0.0,0.0,0.0
8880.0,20.0,20.0,1,0.0,0.0,0.0,0.0,0.0,0.0,0.0,0.0,0.0,0.0,222000.00000000003,0.0,0.0,0.0
8940.0,20.0,20.0,1,0.0,0.0,0.0,0.0,0.0,0.0,0.0,0.0,0.0,0.0,223500.00000000003,0.0,0.0,0.0
9000.0,20.0,20.0,1,0.0,0.0,0.0,0.0,0.0,0.0,0.0,0.0,0.0,0.0,225000.00000000003,0.0,0.0,0.0
9060.0,20.0,20.0,1,0.0,0.0,0.0,0.0,0.0,0.0,0.0,0.0,0.0,0.0,226500.00000000003,0.0,0.0,0.0
9120.0,20.0,20.0,1,0.0,0.0,0.0,0.0,0.0,0.0,0.0,0.0,0.0,0.0,228000.00000000003,0.0,0.0,0.0
9180.0,20.0,20.0,1,0.0,0.0,0.0,0.0,0.0,0.0,0.0,0.0,0.0,0.0,229500.00000000003,0.0,0.0,0.0
9240.0,20.0,20.0,1,0.0,0.0,0.0,0.0,0.0,0.0,0.0,0.0,0.0,0.0,231000.00000000003,0.0,0.0,0.0
9300.0,20.0,20.0,1,0.0,0.0,0.0,0.0,0.0,0.0,0.0,0.0,0.0,0.0,232500.00000000003,0.0,0.0,0.0
9360.0,20.0,20.0,1,0.0,0.0,0.0,0.0,0.0,0.0,0.0,0.0,0.0,0.0,234000.00000000003,0.0,0.0,0.0
9420.0,20.0,20.0,1,0.0,0.0,0.0,0.0,0.0,0.0,0.0,0.0,0.0,0.0,235500.00000000003,0.0,0.0,0.0
9480.0,20.0,20.0,1,0.0,0.0,0.0,0.0,0.0,0.0,0.0,0.0,0.0,0.0,237000.00000000003,0.0,0.0,0.0
9540.0,20.0,20.0,1,0.0,0.0,0.0,0.0,0.0,0.0,0.0,0.0,0.0,0.0,238500.00000000003,0.0,0.0,0.0
9600.0,20.0,20.0,1,0.0,0.0,0.0,0.0,0.0,0.0,0.0,0.0,0.0,0.0,240000.00000000003,0.0,0.0,0.0
9660.0,20.0,20.0,1,0.0,0.0,0.0,0.0,0.0,0.0,0.0,0.0,0.0,0.0,241500.00000000003,0.0,0.0,0.0
9720.0,20.0,20.0,1,0.0,0.0,0.0,0.0,0.0,0.0,0.0,0.0,0.0,0.0,243000.00000000003,0.0,0.0,0.0
9780.0,20.0,20.0,1,0.0,0.0,0.0,0.0,0.0,0.0,0.0,0.0,0.0,0.0,244500.00000000003,0.0,0.0,0.0
9840.0,20.0,20.0,1,0.0,0.0,0.0,0.0,0.0,0.0,0.0,0.0,0.0,0.0,246000.00000000003,0.0,0.0,0.0
9900.0,20.0,20.0,1,0.0,0.0,0.0,0.0,0.0,0.0,0.0,0.0,0.0,0.0,247500.00000000003,0.0,0.0,0.0
9960.0,20.0,20.0,1,0.0,0.0,0.0,0.0,0.0,0.0,0.0,0.0,0.0,0.0,249000.00000000003,0.0,0.0,0.0
10020.0,20.0,20.0,1,0.0,0.0,0.0,0.0,0.0,0.0,0.0,0.0,0.0,0.0,250500.00000000003,0.0,0.0,0.0
10080.0,20.0,20.0,1,0.0,0.0,0.0,0.0,0.0,0.0,0.0,0.0,0.0,0.0,252000.00000000003,0.0,0.0,0.0
10140.0,20.0,20.0,1,0.0,0.0,0.0,0.0,0.0,0.0,0.0,0.0,0.0,0.0,253500.00000000003,0.0,0.0,0.0
10200.0,20.0,20.0,1,0.0,0.0,0.0,0.0,0.0,0.0,0.0,0.0,0.0,0.0,255000.00000000003,0.0,0.0,0.0
10260.0,20.0,20.0,1,0.0,0.0,0.0,0.0,0.0,0.0,0.0,0.0,0.0,0.0,256500.00000000003,0.0,0.0,0.0
10320.0,20.0,20.0,1,0.0,0.0,0.0,0.0,0.0,0.0,0.0,0.0,0.0,0.0,258000.00000000003,0.0,0.0,0.0
10380.0,20.0,20.0,1,0.0,0.0,0.0,0.0,0.0,0.0,0.0,0.0,0.0,0.0,259500.00000000003,0.0,0.0,0.0
10440.0,20.0,20.0,1,0.0,0.0,0.0,0.0,0.0,0.0,0.0,0.0,0.0,0.0,261000.00000000003,0.0,0.0,0.0
10500.0,20.0,20.0,1,0.0,0.0,0.0,0.0,0.0,0.0,0.0,0.0,0.0,0.0,262500.00000000006,0.0,0.0,0.0
10560.0,20.0,20.0,1,0.0,0.0,0.0,0.0,0.0,0.0,0.0,0.0,0.0,0.0,264000.00000000006,0.0,0.0,0.0
10620.0,20.0,20.0,1,0.0,0.0,0.0,0.0,0.0,0.0,0.0,0.0,0.0,0.0,265500.00000000006,0.0,0.0,0.0
10680.0,20.0,20.0,1,0.0,0.0,0.0,0.0,0.0,0.0,0.0,0.0,0.0,0.0,267000.00000000006,0.0,0.0,0.0
10740.0,20.0,20.0,1,0.0,0.0,0.0,0.0,0.0,0.0,0.0,0.0,0.0,0.0,268500.00000000006,0.0,0.0,0.0
10800.0,20.0,20.0,1,0.0,0.0,0.0,0.0,0.0,0.0,0.0,0.0,0.0,0.0,270000.00000000006,0.0,0.0,0.0
10860.0,20.0,20.0,1,0.0,0.0,0.0,0.0,0.0,0.0,0.0,0.0,0.0,0.0,271500.00000000006,0.0,0.0,0.0
10920.0,20.0,20.0,1,0.0,0.0,0.0,0.0,0.0,0.0,0.0,0.0,0.0,0.0,273000.00000000006,0.0,0.0,0.0
10980.0,20.0,20.0,1,0.0,0.0,0.0,0.0,0.0,0.0,0.0,0.0,0.0,0.0,274500.00000000006,0.0,0.0,0.0
11040.0,20.0,20.0,1,0.0,0.0,0.0,0.0,0.0,0.0,0.0,0.0,0.0,0.0,276000.00000000006,0.0,0.0,0.0
11100.0,20.0,20.0,1,0.0,0.0,0.0,0.0,0.0,0.0,0.0,0.0,0.0,0.0,277500.00000000006,0.0,0.0,0.0
11160.0,20.0,20.0,1,0.0,0.0,0.0,0.0,0.0,0.0,0.0,0.0,0.0,0.0,279000.00000000006,0.0,0.0,0.0
11220.0,20.0,20.0,1,0.0,0.0,0.0,0.0,0.0,0.0,0.0,0.0,0.0,0.0,280500.00000000006,0.0,0.0,0.0
11280.0,20.0,20.0,1,0.0,0.0,0.0,0.0,0.0,0.0,0.0,0.0,0.0,0.0,282000.00000000006,0.0,0.0,0.0
11340.0,20.0,20.0,1,0.0,0.0,0.0,0.0,0.0,0.0,0.0,0.0,0.0,0.0,283500.00000000006,0.0,0.0,0.0
11400.0,20.0,20.0,1,0.0,0.0,0.0,0.0,0.0,0.0,0.0,0.0,0.0,0.0,285000.00000000006,0.0,0.0,0.0
11460.0,20.0,20.0,1,0.0,0.0,0.0,0.0,0.0,0.0,0.0,0.0,0.0,0.0,286500.00000000006,0.0,0.0,0.0
11520.0,20.0,20.0,1,0.0,0.0,0.0,0.0,0.0,0.0,0.0,0.0,0.0,0.0,288000.00000000006,0.0,0.0,0.0
11580.0,20.0,20.0,1,0.0,0.0,0.0,0.0,0.0,0.0,0.0,0.0,0.0,0.0,289500.00000000006,0.0,0.0,0.0
11640.0,20.0,20.0,1,0.0,0.0,0.0,0.0,0.0,0.0,0.0,0.0,0.0,0.0,291000.00000000006,0.0,0.0,0.0
11700.0,20.0,20.0,1,0.0,0.0,0.0,0.0,0.0,0.0,0.0,0.0,0.0,0.0,292500.00000000006,0.0,0.0,0.0
11760.0,20.0,20.0,1,0.0,0.0,0.0,0.0,0.0,0.0,0.0,0.0,0.0,0.0,294000.00000000006,0.0,0.0,0.0
11820.0,20.0,20.0,1,0.0,0.0,0.0,0.0,0.0,0.0,0.0,0.0,0.0,0.0,295500.00000000006,0.0,0.0,0.0
11880.0,20.0,20.0,1,0.0,0.0,0.0,0.0,0.0,0.0,0.0,0.0,0.0,0.0,297000.00000000006,0.0,0.0,0.0
11940.0,20.0,20.0,1,0.0,0.0,0.0,0.0,0.0,0.0,0.0,0.0,0.0,0.0,298500.00000000006,0.0,0.0,0.0
12000.0,20.0,20.0,1,0.0,0.0,0.0,0.0,0.0,0.0,0.0,0.0,0.0,0.0,300000.00000000006,0.0,0.0,0.0
12060.0,20.0,20.0,1,0.0,0.0,0.0,0.0,0.0,0.0,0.0,0.0,0.0,0.0,301500.00000000006,0.0,0.0,0.0
12120.0,20.0,20.0,1,0.0,0.0,0.0,0.0,0.0,0.0,0.0,0.0,0.0,0.0,303000.00000000006,0.0,0.0,0.0
12180.0,20.0,20.0,1,0.0,0.0,0.0,0.0,0.0,0.0,0.0,0.0,0.0,0.0,304500.00000000006,0.0,0.0,0.0
12240.0,20.0,20.0,1,0.0,0.0,0.0,0.0,0.0,0.0,0.0,0.0,0.0,0.0,306000.00000000006,0.0,0.0,0.0
12300.0,20.0,20.0,1,0.0,0.0,0.0,0.0,0.0,0.0,0.0,0.0,0.0,0.0,307500.00000000006,0.0,0.0,0.0
12360.0,20.0,20.0,1,0.0,0.0,0.0,0.0,0.0,0.0,0.0,0.0,0.0,0.0,309000.00000000006,0.0,0.0,0.0
12420.0,20.0,20.0,1,0.0,0.0,0.0,0.0,0.0,0.0,0.0,0.0,0.0,0.0,310500.00000000006,0.0,0.0,0.0
12480.0,20.0,20.0,1,0.0,0.0,0.0,0.0,0.0,0.0,0.0,0.0,0.0,0.0,312000.00000000006,0.0,0.0,0.0
12540.0,20.0,20.0,1,0.0,0.0,0.0,0.0,0.0,0.0,0.0,0.0,0.0,0.0,313500.00000000006,0.0,0.0,0.0
12600.0,20.0,20.0,1,0.0,0.0,0.0,0.0,0.0,0.0,0.0,0.0,0.0,0.0,315000.00000000006,0.0,0.0,0.0
12660.0,20.0,20.0,1,0.0,0.0,0.0,0.0,0.0,0.0,0.0,0.0,0.0,0.0,316500.00000000006,0.0,0.0,0.0
12720.0,20.0,20.0,1,0.0,0.0,0.0,0.0,0.0,0.0,0.0,0.0,0.0,0.0,318000.00000000006,0.0,0.0,0.0
12780.0,20.0,20.0,1,0.0,0.0,0.0,0.0,0.0,0.0,0.0,0.0,0.0,0.0,319500.00000000006,0.0,0.0,0.0
12840.0,20.0,20.0,1,0.0,0.0,0.0,0.0,0.0,0.0,0.0,0.0,0.0,0.0,321000.00000000006,0.0,0.0,0.0
12900.0,20.0,20.0,1,0.0,0.0,0.0,0.0,0.0,0.0,0.0,0.0,0.0,0.0,322500.00000000006,0.0,0.0,0.0
12960.0,20.0,20.0,1,0.0,0.0,0.0,0.0,0.0,0.0,0.0,0.0,0.0,0.0,324000.00000000006,0.0,0.0,0.0
13020.0,20.0,20.0,1,0.0,0.0,0.0,0.0,0.0,0.0,0.0,0.0,0.0,0.0,325500.00000000006,0.0,0.0,0.0
13080.0,20.0,20.0,1,0.0,0.0,0.0,0.0,0.0,0.0,0.0,0.0,0.0,0.0,327000.00000000006,0.0,0.0,0.0
13140.0,20.0,20.0,1,0.0,0.0,0.0,0.0,0.0,0.0,0.0,0.0,0.0,0.0,328500.00000000006,0.0,0.0,0.0
13200.0,20.0,20.0,1,0.0,0.0,0.0,0.0,0.0,0.0,0.0,0.0,0.0,0.0,330000.00000000006,0.0,0.0,0.0
13260.0,20.0,20.0,1,0.0,0.0,0.0,0.0,0.0,0.0,0.0,0.0,0.0,0.0,331500.00000000006,0.0,0.0,0.0
13320.0,20.0,20.0,1,0.0,0.0,0.0,0.0,0.0,0.0,0.0,0.0,0.0,0.0,333000.00000000006,0.0,0.0,0.0
13380.0,20.0,20.0,1,0.0,0.0,0.0,0.0,0.0,0.0,0.0,0.0,0.0,0.0,334500.00000000006,0.0,0.0,0.0
13440.0,20.0,20.0,1,0.0,0.0,0.0,0.0,0.0,0.0,0.0,0.0,0.0,0.0,336000.00000000006,0.0,0.0,0.0
13500.0,20.0,20.0,1,0.0,0.0,0.0,0.0,0.0,0.0,0.0,0.0,0.0,0.0,337500.00000000006,0.0,0.0,0.0
13560.0,20.0,20.0,1,0.0,0.0,0.0,0.0,0.0,0.0,0.0,0.0,0.0,0.0,339000.00000000006,0.0,0.0,0.0
13620.0,20.0,20.0,1,0.0,0.0,0.0,0.0,0.0,0.0,0.0,0.0,0.0,0.0,340500.00000000006,0.0,0.0,0.0
13680.0,20.0,20.0,1,0.0,0.0,0.0,0.0,0.0,0.0,0.0,0.0,0.0,0.0,342000.00000000006,0.0,0.0,0.0
13740.0,20.0,20.0,1,0.0,0.0,0.0,0.0,0.0,0.0,0.0,0.0,0.0,0.0,343500.00000000006,0.0,0.0,0.0
13800.0,20.0,20.0,1,0.0,0.0,0.0,0.0,0.0,0.0,0.0,0.0,0.0,0.0,345000.00000000006,0.0,0.0,0.0
13860.0,20.0,20.0,1,0.0,0.0,0.0,0.0,0.0,0.0,0.0,0.0,0.0,0.0,346500.00000000006,0.0,0.0,0.0
13920.0,20.0,20.0,1,0.0,0.0,0.0,0.0,0.0,0.0,0.0,0.0,0.0,0.0,348000.00000000006,0.0,0.0,0.0
13980.0,20.0,20.0,1,0.0,0.0,0.0,0.0,0.0,0.0,0.0,0.0,0.0,0.0,349500.00000000006,0.0,0.0,0.0
14040.0,20.0,20.0,1,0.0,0.0,0.0,0.0,0.0,0.0,0.0,0.0,0.0,0.0,351000.00000000006,0.0,0.0,0.0
14100.0,20.0,20.0,1,0.0,0.0,0.0,0.0,0.0,0.0,0.0,0.0,0.0,0.0,352500.00000000006,0.0,0.0,0.0
14160.0,20.0,20.0,1,0.0,0.0,0.0,0.0,0.0,0.0,0.0,0.0,0.0,0.0,354000.00000000006,0.0,0.0,0.0
14220.0,20.0,20.0,1,0.0,0.0,0.0,0.0,0.0,0.0,0.0,0.0,0.0,0.0,355500.00000000006,0.0,0.0,0.0
14280.0,20.0,20.0,1,0.0,0.0,0.0,0.0,0.0,0.0,0.0,0.0,0.0,0.0,357000.00000000006,0.0,0.0,0.0
14340.0,20.0,20.0,1,0.0,0.0,0.0,0.0,0.0,0.0,0.0,0.0,0.0,0.0,358500.00000000006,0.0,0.0,0.0
14400.0,20.0,20.0,1,0.0,0.0,0.0,0.0,0.0,0.0,0.0,0.0,0.0,0.0,360000.00000000006,0.0,0.0,0.0
14460.0,20.0,20.0,1,0.0,0.0,0.0,0.0,0.0,0.0,0.0,0.0,0.0,0.0,361500.00000000006,0.0,0.0,0.0
14520.0,20.0,20.0,1,0.0,0.0,0.0,0.0,0.0,0.0,0.0,0.0,0.0,0.0,363000.00000000006,0.0,0.0,0.0
14580.0,20.0,20.0,1,0.0,0.0,0.0,0.0,0.0,0.0,0.0,0.0,0.0,0.0,364500.00000000006,0.0,0.0,0.0
14640.0,20.0,20.0,1,0.0,0.0,0.0,0.0,0.0,0.0,0.0,0.0,0.0,0.0,366000.00000000006,0.0,0.0,0.0
14700.0,20.0,20.0,1,0.0,0.0,0.0,0.0,0.0,0.0,0.0,0.0,0.0,0.0,367500.00000000006,0.0,0.0,0.0
14760.0,20.0,20.0,1,0.0,0.0,0.0,0.0,0.0,0.0,0.0,0.0,0.0,0.0,369000.00000000006,0.0,0.0,0.0
14820.0,20.0,20.0,1,0.0,0.0,0.0,0.0,0.0,0.0,0.0,0.0,0.0,0.0,370500.00000000006,0.0,0.0,0.0
14880.0,20.0,20.0,1,0.0,0.0,0.0,0.0,0.0,0.0,0.0,0.0,0.0,0.0,372000.00000000006,0.0,0.0,0.0
14940.0,20.0,20.0,1,0.0,0.0,0.0,0.0,0.0,0.0,0.0,0.0,0.0,0.0,373500.00000000006,0.0,0.0,0.0
15000.0,20.0,20.0,1,0.0,0.0,0.0,0.0,0.0,0.0,0.0,0.0,0.0,0.0,375000.00000000006,0.0,0.0,0.0
15060.0,20.0,20.0,1,0.0,0.0,0.0,0.0,0.0,0.0,0.0,0.0,0.0,0.0,376500.00000000006,0.0,0.0,0.0
15120.0,20.0,20.0,1,0.0,0.0,0.0,0.0,0.0,0.0,0.0,0.0,0.0,0.0,378000.00000000006,0.0,0.0,0.0
15180.0,20.0,20.0,1,0.0,0.0,0.0,0.0,0.0,0.0,0.0,0.0,0.0,0.0,379500.00000000006,0.0,0.0,0.0
15240.0,20.0,20.0,1,0.0,0.0,0.0,0.0,0.0,0.0,0.0,0.0,0.0,0.0,381000.00000000006,0.0,0.0,0.0
15300.0,20.0,20.0,1,0.0,0.0,0.0,0.0,0.0,0.0,0.0,0.0,0.0,0.0,382500.00000000006,0.0,0.0,0.0
15360.0,20.0,20.0,1,0.0,0.0,0.0,0.0,0.0,0.0,0.0,0.0,0.0,0.0,384000.00000000006,0.0,0.0,0.0
15420.0,20.0,20.0,1,0.0,0.0,0.0,0.0,0.0,0.0,0.0,0.0,0.0,0.0,385500.00000000006,0.0,0.0,0.0
15480.0,20.0,20.0,1,0.0,0.0,0.0,0.0,0.0,0.0,0.0,0.0,0.0,0.0,387000.00000000006,0.0,0.0,0.0
15540.0,20.0,20.0,1,0.0,0.0,0.0,0.0,0.0,0.0,0.0,0.0,0.0,0.0,388500.00000000006,0.0,0.0,0.0
15600.0,20.0,20.0,1,0.0,0.0,0.0,0.0,0.0,0.0,0.0,0.0,0.0,0.0,390000.00000000006,0.0,0.0,0.0
15660.0,20.0,20.0,1,0.0,0.0,0.0,0.0,0.0,0.0,0.0,0.0,0.0,0.0,391500.00000000006,0.0,0.0,0.0
15720.0,20.0,20.0,1,0.0,0.0,0.0,0.0,0.0,0.0,0.0,0.0,0.0,0.0,393000.00000000006,0.0,0.0,0.0
15780.0,20.0,20.0,1,0.0,0.0,0.0,0.0,0.0,0.0,0.0,0.0,0.0,0.0,394500.00000000006,0.0,0.0,0.0
15840.0,20.0,20.0,1,0.0,0.0,0.0,0.0,0.0,0.0,0.0,0.0,0.0,0.0,396000.00000000006,0.0,0.0,0.0
15900.0,20.0,20.0,1,0.0,0.0,0.0,0.0,0.0,0.0,0.0,0.0,0.0,0.0,397500.00000000006,0.0,0.0,0.0
15960.0,20.0,20.0,1,0.0,0.0,0.0,0.0,0.0,0.0,0.0,0.0,0.0,0.0,399000.00000000006,0.0,0.0,0.0
16020.0,20.0,20.0,1,0.0,0.0,0.0,0.0,0.0,0.0,0.0,0.0,0.0,0.0,400500.00000000006,0.0,0.0,0.0
16080.0,20.0,20.0,1,0.0,0.0,0.0,0.0,0.0,0.0,0.0,0.0,0.0,0.0,402000.00000000006,0.0,0.0,0.0
16140.0,20.0,20.0,1,0.0,0.0,0.0,0.0,0.0,0.0,0.0,0.0,0.0,0.0,403500.00000000006,0.0,0.0,0.0
16200.0,20.0,20.0,1,0.0,0.0,0.0,0.0,0.0,0.0,0.0,0.0,0.0,0.0,405000.00000000006,0.0,0.0,0.0
16260.0,20.0,20.0,1,0.0,0.0,0.0,0.0,0.0,0.0,0.0,0.0,0.0,0.0,406500.00000000006,0.0,0.0,0.0
16320.0,20.0,20.0,1,0.0,0.0,0.0,0.0,0.0,0.0,0.0,0.0,0.0,0.0,408000.00000000006,0.0,0.0,0.0
16380.0,20.0,20.0,1,0.0,0.0,0.0,0.0,0.0,0.0,0.0,0.0,0.0,0.0,409500.00000000006,0.0,0.0,0.0
16440.0,20.0,20.0,1,0.0,0.0,0.0,0.0,0.0,0.0,0.0,0.0,0.0,0.0,411000.00000000006,0.0,0.0,0.0
16500.0,20.0,20.0,1,0.0,0.0,0.0,0.0,0.0,0.0,0.0,0.0,0.0,0.0,412500.00000000006,0.0,0.0,0.0
16560.0,20.0,20.0,1,0.0,0.0,0.0,0.0,0.0,0.0,0.0,0.0,0.0,0.0,414000.00000000006,0.0,0.0,0.0
16620.0,20.0,20.0,1,0.0,0.0,0.0,0.0,0.0,0.0,0.0,0.0,0.0,0.0,415500.00000000006,0.0,0.0,0.0
16680.0,20.0,20.0,1,0.0,0.0,0.0,0.0,0.0,0.0,0.0,0.0,0.0,0.0,417000.00000000006,0.0,0.0,0.0
16740.0,20.0,20.0,1,0.0,0.0,0.0,0.0,0.0,0.0,0.0,0.0,0.0,0.0,418500.00000000006,0.0,0.0,0.0
16800.0,20.0,20.0,1,0.0,0.0,0.0,0.0,0.0,0.0,0.0,0.0,0.0,0.0,420000.00000000006,0.0,0.0,0.0
16860.0,20.0,20.0,1,0.0,0.0,0.0,0.0,0.0,0.0,0.0,0.0,0.0,0.0,421500.00000000006,0.0,0.0,0.0
16920.0,20.0,20.0,1,0.0,0.0,0.0,0.0,0.0,0.0,0.0,0.0,0.0,0.0,423000.00000000006,0.0,0.0,0.0
16980.0,20.0,20.0,1,0.0,0.0,0.0,0.0,0.0,0.0,0.0,0.0,0.0,0.0,424500.00000000006,0.0,0.0,0.0
17040.0,20.0,20.0,1,0.0,0.0,0.0,0.0,0.0,0.0,0.0,0.0,0.0,0.0,426000.00000000006,0.0,0.0,0.0
17100.0,20.0,20.0,1,0.0,0.0,0.0,0.0,0.0,0.0,0.0,0.0,0.0,0.0,427500.00000000006,0.0,0.0,0.0
17160.0,20.0,20.0,1,0.0,0.0,0.0,0.0,0.0,0.0,0.0,0.0,0.0,0.0,429000.00000000006,0.0,0.0,0.0
17220.0,20.0,20.0,1,0.0,0.0,0.0,0.0,0.0,0.0,0.0,0.0,0.0,0.0,430500.00000000006,0.0,0.0,0.0
17280.0,20.0,20.0,1,0.0,0.0,0.0,0.0,0.0,0.0,0.0,0.0,0.0,0.0,432000.00000000006,0.0,0.0,0.0
17340.0,20.0,20.0,1,0.0,0.0,0.0,0.0,0.0,0.0,0.0,0.0,0.0,0.0,433500.00000000006,0.0,0.0,0.0
17400.0,20.0,20.0,1,0.0,0.0,0.0,0.0,0.0,0.0,0.0,0.0,0.0,0.0,435000.00000000006,0.0,0.0,0.0
17460.0,20.0,20.0,1,0.0,0.0,0.0,0.0,0.0,0.0,0.0,0.0,0.0,0.0,436500.00000000006,0.0,0.0,0.0
17520.0,20.0,20.0,1,0.0,0.0,0.0,0.0,0.0,0.0,0.0,0.0,0.0,0.0,438000.00000000006,0.0,0.0,0.0
17580.0,20.0,20.0,1,0.0,0.0,0.0,0.0,0.0,0.0,0.0,0.0,0.0,0.0,439500.00000000006,0.0,0.0,0.0
17640.0,20.0,20.0,1,0.0,0.0,0.0,0.0,0.0,0.0,0.0,0.0,0.0,0.0,441000.00000000006,0.0,0.0,0.0
17700.0,20.0,20.0,1,0.0,0.0,0.0,0.0,0.0,0.0,0.0,0.0,0.0,0.0,442500.00000000006,0.0,0.0,0.0
17760.0,20.0,20.0,1,0.0,0.0,0.0,0.0,0.0,0.0,0.0,0.0,0.0,0.0,444000.00000000006,0.0,0.0,0.0
17820.0,20.0,20.0,1,0.0,0.0,0.0,0.0,0.0,0.0,0.0,0.0,0.0,0.0,445500.00000000006,0.0,0.0,0.0
17880.0,20.0,20.0,1,0.0,0.0,0.0,0.0,0.0,0.0,0.0,0.0,0.0,0.0,447000.00000000006,0.0,0.0,0.0
17940.0,20.0,20.0,1,0.0,0.0,0.0,0.0,0.0,0.0,0.0,0.0,0.0,0.0,448500.00000000006,0.0,0.0,0.0
18000.0,20.0,20.0,1,0.0,0.0,0.0,0.0,0.0,0.0,0.0,0.0,0.0,0.0,450000.00000000006,0.0,0.0,0.0
18060.0,20.0,20.0,1,0.0,0.0,0.0,0.0,0.0,0.0,0.0,0.0,0.0,0.0,451500.00000000006,0.0,0.0,0.0
18120.0,20.0,20.0,1,0.0,0.0,0.0,0.0,0.0,0.0,0.0,0.0,0.0,0.0,453000.00000000006,0.0,0.0,0.0
18180.0,20.0,20.0,1,0.0,0.0,0.0,0.0,0.0,0.0,0.0,0.0,0.0,0.0,454500.00000000006,0.0,0.0,0.0
18240.0,20.0,20.0,1,0.0,0.0,0.0,0.0,0.0,0.0,0.0,0.0,0.0,0.0,456000.00000000006,0.0,0.0,0.0
18300.0,20.0,20.0,1,0.0,0.0,0.0,0.0,0.0,0.0,0.0,0.0,0.0,0.0,457500.00000000006,0.0,0.0,0.0
18360.0,20.0,20.0,1,0.0,0.0,0.0,0.0,0.0,0.0,0.0,0.0,0.0,0.0,459000.00000000006,0.0,0.0,0.0
18420.0,20.0,20.0,1,0.0,0.0,0.0,0.0,0.0,0.0,0.0,0.0,0.0,0.0,460500.00000000006,0.0,0.0,0.0
18480.0,20.0,20.0,1,0.0,0.0,0.0,0.0,0.0,0.0,0.0,0.0,0.0,0.0,462000.00000000006,0.0,0.0,0.0
18540.0,20.0,20.0,1,0.0,0.0,0.0,0.0,0.0,0.0,0.0,0.0,0.0,0.0,463500.00000000006,0.0,0.0,0.0
18600.0,20.0,20.0,1,0.0,0.0,0.0,0.0,0.0,0.0,0.0,0.0,0.0,0.0,465000.00000000006,0.0,0.0,0.0
18660.0,20.0,20.0,1,0.0,0.0,0.0,0.0,0.0,0.0,0.0,0.0,0.0,0.0,466500.00000000006,0.0,0.0,0.0
18720.0,20.0,20.0,1,0.0,0.0,0.0,0.0,0.0,0.0,0.0,0.0,0.0,0.0,468000.00000000006,0.0,0.0,0.0
18780.0,20.0,20.0,1,0.0,0.0,0.0,0.0,0.0,0.0,0.0,0.0,0.0,0.0,469500.00000000006,0.0,0.0,0.0
18840.0,20.0,20.0,1,0.0,0.0,0.0,0.0,0.0,0.0,0.0,0.0,0.0,0.0,471000.00000000006,0.0,0.0,0.0
18900.0,20.0,20.0,1,0.0,0.0,0.0,0.0,0.0,0.0,0.0,0.0,0.0,0.0,472500.00000000006,0.0,0.0,0.0
18960.0,20.0,20.0,1,0.0,0.0,0.0,0.0,0.0,0.0,0.0,0.0,0.0,0.0,474000.00000000006,0.0,0.0,0.0
19020.0,20.0,20.0,1,0.0,0.0,0.0,0.0,0.0,0.0,0.0,0.0,0.0,0.0,475500.00000000006,0.0,0.0,0.0
19080.0,20.0,20.0,1,0.0,0.0,0.0,0.0,0.0,0.0,0.0,0.0,0.0,0.0,477000.00000000006,0.0,0.0,0.0
19140.0,20.0,20.0,1,0.0,0.0,0.0,0.0,0.0,0.0,0.0,0.0,0.0,0.0,478500.00000000006,0.0,0.0,0.0
19200.0,20.0,20.0,1,0.0,0.0,0.0,0.0,0.0,0.0,0.0,0.0,0.0,0.0,480000.00000000006,0.0,0.0,0.0
19260.0,20.0,20.0,1,0.0,0.0,0.0,0.0,0.0,0.0,0.0,0.0,0.0,0.0,481500.00000000006,0.0,0.0,0.0
19320.0,20.0,20.0,1,0.0,0.0,0.0,0.0,0.0,0.0,0.0,0.0,0.0,0.0,483000.00000000006,0.0,0.0,0.0
19380.0,20.0,20.0,1,0.0,0.0,0.0,0.0,0.0,0.0,0.0,0.0,0.0,0.0,484500.00000000006,0.0,0.0,0.0
19440.0,20.0,20.0,1,0.0,0.0,0.0,0.0,0.0,0.0,0.0,0.0,0.0,0.0,486000.00000000006,0.0,0.0,0.0
19500.0,20.0,20.0,1,0.0,0.0,0.0,0.0,0.0,0.0,0.0,0.0,0.0,0.0,487500.00000000006,0.0,0.0,0.0
19560.0,20.0,20.0,1,0.0,0.0,0.0,0.0,0.0,0.0,0.0,0.0,0.0,0.0,489000.00000000006,0.0,0.0,0.0
19620.0,20.0,20.0,1,0.0,0.0,0.0,0.0,0.0,0.0,0.0,0.0,0.0,0.0,490500.00000000006,0.0,0.0,0.0
19680.0,20.0,20.0,1,0.0,0.0,0.0,0.0,0.0,0.0,0.0,0.0,0.0,0.0,492000.00000000006,0.0,0.0,0.0
19740.0,20.0,20.0,1,0.0,0.0,0.0,0.0,0.0,0.0,0.0,0.0,0.0,0.0,493500.00000000006,0.0,0.0,0.0
19800.0,20.0,20.0,1,0.0,0.0,0.0,0.0,0.0,0.0,0.0,0.0,0.0,0.0,495000.00000000006,0.0,0.0,0.0
19860.0,20.0,20.0,1,0.0,0.0,0.0,0.0,0.0,0.0,0.0,0.0,0.0,0.0,496500.00000000006,0.0,0.0,0.0
19920.0,20.0,20.0,1,0.0,0.0,0.0,0.0,0.0,0.0,0.0,0.0,0.0,0.0,498000.00000000006,0.0,0.0,0.0
19980.0,20.0,20.0,1,0.0,0.0,0.0,0.0,0.0,0.0,0.0,0.0,0.0,0.0,499500.00000000006,0.0,0.0,0.0
20040.0,20.0,20.0,1,0.0,0.0,0.0,0.0,0.0,0.0,0.0,0.0,0.0,0.0,501000.00000000006,0.0,0.0,0.0
20100.0,20.0,20.0,1,0.0,0.0,0.0,0.0,0.0,0.0,0.0,0.0,0.0,0.0,502500.00000000006,0.0,0.0,0.0
20160.0,20.0,20.0,1,0.0,0.0,0.0,0.0,0.0,0.0,0.0,0.0,0.0,0.0,504000.00000000006,0.0,0.0,0.0
20220.0,20.0,20.0,1,0.0,0.0,0.0,0.0,0.0,0.0,0.0,0.0,0.0,0.0,505500.00000000006,0.0,0.0,0.0
20280.0,20.0,20.0,1,0.0,0.0,0.0,0.0,0.0,0.0,0.0,0.0,0.0,0.0,507000.00000000006,0.0,0.0,0.0
20340.0,20.0,20.0,1,0.0,0.0,0.0,0.0,0.0,0.0,0.0,0.0,0.0,0.0,508500.00000000006,0.0,0.0,0.0
20400.0,20.0,20.0,1,0.0,0.0,0.0,0.0,0.0,0.0,0.0,0.0,0.0,0.0,510000.00000000006,0.0,0.0,0.0
20460.0,20.0,20.0,1,0.0,0.0,0.0,0.0,0.0,0.0,0.0,0.0,0.0,0.0,511500.00000000006,0.0,0.0,0.0
20520.0,20.0,20.0,1,0.0,0.0,0.0,0.0,0.0,0.0,0.0,0.0,0.0,0.0,513000.00000000006,0.0,0.0,0.0
20580.0,20.0,20.0,1,0.0,0.0,0.0,0.0,0.0,0.0,0.0,0.0,0.0,0.0,514500.00000000006,0.0,0.0,0.0
20640.0,20.0,20.0,1,0.0,0.0,0.0,0.0,0.0,0.0,0.0,0.0,0.0,0.0,516000.00000000006,0.0,0.0,0.0
20700.0,20.0,20.0,1,0.0,0.0,0.0,0.0,0.0,0.0,0.0,0.0,0.0,0.0,517500.00000000006,0.0,0.0,0.0
20760.0,20.0,20.0,1,0.0,0.0,0.0,0.0,0.0,0.0,0.0,0.0,0.0,0.0,519000.00000000006,0.0,0.0,0.0
20820.0,20.0,20.0,1,0.0,0.0,0.0,0.0,0.0,0.0,0.0,0.0,0.0,0.0,520500.00000000006,0.0,0.0,0.0
20880.0,20.0,20.0,1,0.0,0.0,0.0,0.0,0.0,0.0,0.0,0.0,0.0,0.0,522000.00000000006,0.0,0.0,0.0
20940.0,20.0,20.0,1,0.0,0.0,0.0,0.0,0.0,0.0,0.0,0.0,0.0,0.0,523500.00000000006,0.0,0.0,0.0
21000.0,20.0,20.0,1,0.0,0.0,0.0,0.0,0.0,0.0,0.0,0.0,0.0,0.0,525000.0000000001,0.0,0.0,0.0
21060.0,20.0,20.0,1,0.0,0.0,0.0,0.0,0.0,0.0,0.0,0.0,0.0,0.0,526500.0000000001,0.0,0.0,0.0
21120.0,20.0,20.0,1,0.0,0.0,0.0,0.0,0.0,0.0,0.0,0.0,0.0,0.0,528000.0000000001,0.0,0.0,0.0
21180.0,20.0,20.0,1,0.0,0.0,0.0,0.0,0.0,0.0,0.0,0.0,0.0,0.0,529500.0000000001,0.0,0.0,0.0
21240.0,20.0,20.0,1,0.0,0.0,0.0,0.0,0.0,0.0,0.0,0.0,0.0,0.0,531000.0000000001,0.0,0.0,0.0
21300.0,20.0,20.0,1,0.0,0.0,0.0,0.0,0.0,0.0,0.0,0.0,0.0,0.0,532500.0000000001,0.0,0.0,0.0
21360.0,20.0,20.0,1,0.0,0.0,0.0,0.0,0.0,0.0,0.0,0.0,0.0,0.0,534000.0000000001,0.0,0.0,0.0
21420.0,20.0,20.0,1,0.0,0.0,0.0,0.0,0.0,0.0,0.0,0.0,0.0,0.0,535500.0000000001,0.0,0.0,0.0
21480.0,20.0,20.0,1,0.0,0.0,0.0,0.0,0.0,0.0,0.0,0.0,0.0,0.0,537000.0000000001,0.0,0.0,0.0
21540.0,20.0,20.0,1,0.0,0.0,0.0,0.0,0.0,0.0,0.0,0.0,0.0,0.0,538500.0000000001,0.0,0.0,0.0
21600.0,20.0,20.0,1,0.0,0.0,0.0,0.0,0.0,0.0,0.0,0.0,0.0,0.0,540000.0000000001,0.0,0.0,0.0
21660.0,20.017417703672344,20.000054547218358,1,3.4906474277972444,10.471942283391733,0.3483540734468704,0.00010909443671636154,2.1773398193297613,418.8783559070097,314.1587669302571,7.290054887117834,0.001682411231420082,45.603156958018815,541500.0000000001,306.86702963259194,45.601474547439125,6.840537025709637e-10
21720.0,20.05898649913356,20.00038331626334,1,6.981228398699122,20.943685196097366,1.1797299826712049,0.0007666325266768581,7.348839131925815,1675.505448787813,1256.6290865908607,51.35497577495183,0.02422766022993651,320.47662381253076,543000.0000000001,1205.2498831543303,320.4523961509267,-1.3487806427292526e-09
21780.0,20.114195990091943,20.001148430484836,1,10.471676457075516,31.415029371226545,2.283919801838863,0.0022968609696718545,14.176163974731244,3769.8573542740123,2827.3930157055097,154.25405399151435,0.11122501103580293,960.1991103348503,544500.0000000001,2673.027736701982,960.0878853228352,-9.772520570550114e-10
21840.0,20.1772154180244,20.002439416658948,1,13.96192514982676,41.88577544948028,3.544308360487989,0.004878833317896181,21.916910571227596,6701.894198924062,5026.420649193046,328.5161145595103,0.3209373846987608,2039.67326426752,546000.0000000001,4697.583597246596,2039.3523268806034,-2.241904439870268e-09
21900.0,20.24480968010395,20.00430552946309,1,17.451908027648834,52.3557240829465,4.8961936020789665,0.008611058926177861,30.159220490363765,10471.560160983028,7853.670120737269,581.3825693709895,0.719718662664705,3600.142349807028,547500.0000000001,7271.567832701571,3599.4226311423463,-2.0436345948837698e-09
21960.0,20.315183403443708,20.00677368095285,1,20.941558646298446,62.82467593889534,6.30366806887416,0.013547361905700939,38.67457920035353,15078.783471444835,11309.087603583623,917.1609134771177,1.3783618668359527,5664.1756384509135,549000.0000000001,10390.548328238612,5662.797276582993,-1.0568328434601426e-09
22020.0,20.387339787501077,20.00985838551625,1,24.43081056785804,73.29243170357412,7.746795750021533,0.019716771032499025,47.33616780889732,20523.476415418845,15392.60731156414,1338.5301344417103,2.3700730198289532,8243.980364606243,550500.0000000001,14051.707104100744,8241.610291584593,-1.8553691916167736e-09
22080.0,20.460724972459424,20.01356727606032,1,27.919597362000864,83.75879208600259,9.21449944918848,0.027134552120642752,56.073575128447466,26805.53533379975,20104.151500349803,1847.264780308125,3.769346720600246,11346.012133150303,552000.0000000001,18253.11737332003,11342.242786428671,-1.0477378964424133e-09
22140.0,20.535030780727652,20.01790416368665,1,31.407852607254966,94.2235578217649,10.700615614553044,0.03580832737330297,64.84767777694148,33924.84062524113,25443.63046893084,2444.636574097372,5.651341876743973,14973.53218391867,553500.0000000001,22993.342552955426,14967.880842040642,-1.3023964129388332e-09
22200.0,20.610085303403515,20.02287073481178,1,34.89550989226887,104.6865296768066,12.201706068070308,0.04574146962355741,73.63670690140378,41881.2567484325,31410.942561324362,3131.637172764136,8.09153486002585,19128.025837507506,555000.0000000001,28271.21385369973,19119.934302646998,-4.729372449219227e-10
22260.0,20.685792211783998,20.028467492517944,1,38.382502817075206,115.14750845122562,13.715844235679953,0.056934985035887564,82.42851979596314,50674.632224679786,38005.97416850982,3909.1017202056964,11.165526541396094,23809.98927154419,556500.0000000001,34085.70692176097,23798.823745001002,-1.760781742632389e-09
22320.0,20.762097095242762,20.034694278700517,1,41.868764994355104,125.60629498306531,15.241941904855238,0.06938855740103378,91.21631319439751,60304.799640789315,45228.599730591974,4777.777373637991,14.948934679388435,29019.365928312553,558000.0000000001,40435.87342227355,29004.41699363212,-1.0477378964424133e-09
22380.0,20.838968789847602,20.04155056369558,1,45.35423005070203,136.0626901521061,16.77937579695204,0.08310112739115993,99.99624555946355,70771.57565225507,53078.681739191285,5738.361308319979,19.517333652456372,34755.788583157264,559500.0000000001,47320.803097218886,34736.271249504854,3.637978807091713e-11
22440.0,20.916389021905495,20.049035606935643,1,48.838831627885504,146.51649488365652,18.327780438109897,0.09807121387128603,108.76611823721942,82074.76098674933,61556.07074006196,6791.521792827148,24.946220452533083,41018.713618652415,561000.0000000001,54739.60272677998,40993.76739819756,-2.2992026060819626e-09
22500.0,20.99434666355644,20.057148546068504,1,52.32250338411445,156.96751015234335,19.88693327112877,0.1142970921370079,117.52464393298698,94214.14044791648,70660.60533593735,7937.90987407244,31.310995245867176,47807.49550851834,562500.0000000001,62691.38446661588,47776.1845132693,-3.157765604555607e-09
22560.0,21.072834546536622,20.065888446396755,1,55.80517899530023,167.4155369859007,21.45669093073245,0.13177689279351057,126.27104095753934,107189.48291946999,80392.11218960246,9178.165853849147,38.68695001483515,55121.428137704,564000.0000000001,71175.25938573675,55082.74118768742,-1.7316779121756554e-09
22620.0,21.151847694883866,20.075254328308432,1,59.28679215631936,177.86037646895807,23.03695389767732,0.1505086566168643,135.0048081685594,121000.54136959297,90750.4060271947,10512.92287640445,47.149261682993064,62959.76772753225,565500.0000000001,80190.33388910728,62912.61846584928,2.9103830456733704e-11
22680.0,21.23138234468912,20.085245182500067,1,62.76727658227591,188.30182974682774,24.627646893782398,0.17049036500013415,143.72560013850722,135647.05285564082,101735.28964173055,11942.808913607641,56.77298772781141,71321.74555778614,567000.0000000001,89735.70774039286,71264.97257005607,-2.2264430299401283e-09
22740.0,21.311435400399628,20.095859978428656,1,66.24656600976341,198.73969802929025,26.22870800799255,0.19171995685731247,152.4331579151598,151128.7385291472,113346.55389686034,13468.447861332914,67.63306317423188,80206.57502953302,568500.0000000001,99810.47297235102,80138.94196635661,-2.168235369026661e-09
22800.0,21.392004133264706,20.107097669007945,1,69.72459419812647,209.17378259437942,27.84008266529412,0.21419533801589097,161.12727061779776,167445.30364113327,125583.97773084987,15090.460142881015,79.80429835511433,89613.4555889983,570000.0000000001,110413.713289613,89533.65129064242,-7.421476766467094e-10
22860.0,21.473086014091038,20.118957193221693,1,73.20129493072183,219.6038847921655,29.46172028182076,0.2379143864433857,169.80775413701588,184596.4375477191,138447.32816078924,16809.463038991908,93.3613770980453,99541.57491043181,571500.0000000001,121544.50374470079,99448.21353333522,1.4988472685217857e-09
22920.0,21.554678620495586,20.1314374775816,1,76.67660201617909,230.02980604853727,31.09357240991173,0.26287495516319836,178.474439321414,202581.81371603796,151936.36028702842,18626.070866227998,108.378855149648,109990.11011336665,573000.0000000001,133201.9105656507,109881.73125821691,-8.731149137020111e-11
22980.0,21.6367795854803,20.144537436944532,1,80.15044928966111,240.45134786898333,32.73559170960603,0.2890748738890636,187.1271654263855,221401.08973045292,166050.81729783965,20540.89507127535,124.93115873264153,120958.2284443598,574500.0000000001,145384.99106783312,120833.29728562859,1.4842953532934189e-09
23040.0,21.719386568926904,20.1582559749744,1,83.62277061412284,250.86831184236854,34.38773137853808,0.31651194994879717,195.76577648164414,241053.90729907612,180790.43047430707,22554.544278629553,143.09258317756556,132445.08766177396,576000.0000000001,158092.79361250077,132301.99507859722,8.149072527885437e-10
23100.0,21.80249724180481,20.172591984407088,1,87.09349988157172,261.2804996447152,36.04994483609623,0.345183968814176,204.39011927767453,261539.89226058996,196154.91919544243,24667.624312448388,162.93729159696164,144449.83625592187,577500.0000000001,171324.35759139774,144286.89896432558,6.693881005048752e-10
23160.0,21.88610927743075,20.187544347206202,1,90.56257101432541,271.68771304297627,37.72218554861503,0.3750886944124048,213.00004225015846,282858.65459137067,212143.99094352796,26880.738204098077,184.5393135841519,156971.6135779686,579000.0000000001,185078.71342584645,156787.07426438518,7.275957614183426e-10
23220.0,21.970220346639817,20.20311193465834,1,94.02991796627015,282.08975389881044,39.404406932796334,0.4062238693166833,221.59539486247695,305009.78841291385,228757.3413096854,29194.486191787266,207.9725439267192,170009.54991830085,580500.0000000001,199354.88257397088,169801.57737437362,-5.529727786779404e-10
23280.0,22.05482811512618,20.219293607434945,1,97.495474724118,292.48642417235396,41.09656230252362,0.43858721486989083,230.17602726448095,327992.87199956167,245994.65399967122,31609.465715835053,233.31074132922362,183562.76655694342,582000.0000000001,214151.87754250708,183329.45581561438,1.1641532182693481e-10
23340.0,22.139930241987305,20.236088215635654,1,100.9591753086638,302.8775259259914,42.79860483974609,0.4721764312713077,238.74179010449697,351807.4677865321,263855.60083989904,34126.27141154062,260.6275271421187,197630.3757985488,583500.0000000001,229468.7019012162,197369.74827140663,-8.731149137020111e-11
23400.0,22.22552437893575,20.253494598821543,1,104.42095377604126,313.2628613281238,44.51048757871497,0.5069891976430867,247.2925344263213,376453.12237824925,282339.84178368695,36745.495100745495,289.99638409520145,212211.48099890514,585000.0000000001,245304.35029884646,211921.48461481024,2.0372681319713593e-10
23460.0,22.31160816988138,20.271511586042802,1,107.88074421897838,323.6422326569351,46.23216339762763,0.5430231720856042,255.82811161335783,401929.3665569755,301447.0249177316,39467.725782694026,321.4906550346845,227305.17658681676,586500.0000000001,261657.80848000332,226983.6859317826,4.656612873077393e-10
23520.0,22.39817925071916,20.290137995863436,1,111.33848076805234,334.015442304157,47.9635850143832,0.5802759917268716,264.3483733589078,428235.71529174515,321176.7864688089,42293.54962452771,355.1835416633972,242910.5480834937,588000.0000000001,278528.0533026197,242555.36454183233,1.9208528101444244e-09
23580.0,22.48523524923085,20.309372636384396,1,114.79409759294342,344.3822927788302,49.70470498461701,0.6187452727687912,272.8531716509454,455371.66774759826,341528.75081069866,45223.549951600085,391.14810328384,259026.67212063578,589500.0000000001,295914.0527558175,258635.52401735474,2.735760062932968e-09
23640.0,22.572773785050167,20.32921430526594,1,118.24752890368843,354.7425867110653,51.45547570100334,0.6584286105318782,281.34235876494216,483336.70729511546,362502.5304713365,48258.30723771534,429.45725554396455,275652.61645786854,591000.0000000001,313814.7659780776,275223.1592023251,4.0745362639427185e-10
23700.0,22.660792469663114,20.349661789749653,1,121.69870895193328,365.09612685579987,53.21584939326229,0.6993235794993069,289.815787261148,512130.3015202544,384097.72614019073,51398.39909534825,470.18376918561086,292787.4399998957,592500.0000000001,332229.143275657,292317.2562307103,1.7462298274040222e-10
23760.0,22.749288906427907,20.37071386668035,1,125.14757203218461,375.44271609655385,54.98577812855814,0.7414277333607018,298.2733099843435,541751.9022344863,406313.92667586467,54644.400265877506,513.4002687955892,310430.19281356846,594000.0000000001,351156.126141192,309916.7925447734,4.0745362639427185e-10
23820.0,22.83826069060582,20.392369302528024,1,128.5940524830608,385.7821574491824,56.76521381211643,0.7847386050560488,306.71478006495573,572200.945485232,429150.7091139239,57996.882609849985,559.1792315593746,328579.9161449865,595500.0000000001,370594.6472725157,328020.73691342835,1.1641532182693481e-09
23880.0,22.927705409398186,20.414626853409896,1,132.0380846885422,396.1142540656266,58.55410818796372,0.8292537068197916,315.14005092093157,603476.8515665996,452607.6386749495,61456.41509728627,607.5929860174542,347235.64243669045,597000.0000000001,390543.63059164566,346628.0494506729,-1.1641532182693481e-10
23940.0,23.017620641986852,20.437485265112624,1,135.47960307921977,406.4388092376593,60.35241283973704,0.874970530225248,323.5489762600282,635579.0250304204,476684.26877281506,65023.563798032665,658.7137108243239,366396.39534497965,598500.0000000001,411001.9912639564,365737.68163415365,-1.6880221664905548e-09
24000.0,23.10800395957669,20.46094327311467,1,138.91854213354432,416.755626400633,62.16007919153377,0.921886546229338,331.9414100823372,668506.8546975858,501380.1410231891,68698.89187216316,712.6134335101655,386061.1897573757,600000.0000000001,431968.6357175136,385348.5763238633,-2.153683453798294e-09
24060.0,23.19885292543917,20.484999602608845,1,142.35483637907345,427.06450913722034,63.97705850878339,0.9699992052176896,340.3172066829227,702259.7136696836,526694.7852522625,72482.95956043324,769.3640292452086,406229.03181024175,601500.0000000001,453442.4616625818,405459.66778099426,-2.270098775625229e-09
24120.0,23.290165094956766,20.509652968525064,1,145.788420393718,437.36526118115404,65.80330189913532,1.0193059370501274,348.6762206545354,736836.9593409327,552627.7195056994,76376.32417478618,829.0372196068201,426898.9189065616,603000.0000000001,475422.35811130475,426069.88168695325,-1.6298145055770874e-09
24180.0,23.38193801566775,20.534902075553266,1,149.21922880698773,447.65768642096316,67.638760313355,1.0698041511065313,357.01830689035626,772237.9334104173,579178.4500578128,80379.54008891321,891.704571349323,448069.8397338833,604500.0000000001,497907.2053975463,447178.13516253006,-4.016328603029251e-09
24240.0,23.474169227311346,20.560745618166564,1,152.64719630123585,457.94158890370755,69.48338454622693,1.121491236333128,365.3433205867557,808461.9618946208,606346.4714209653,84493.15872886764,957.4374951765966,469740.77428242745,606000.0000000001,520895.8751969177,468783.3367872475,-3.3178366720676422e-09
24300.0,23.566856261873124,20.587182280644544,1,156.0722576129026,468.2167728387078,71.33712523746247,1.1743645612890887,373.6511172460638,845508.3551402565,634131.2663551922,88717.728563733,1026.3072445174435,491910.69386336213,607500.0000000001,544387.2305469359,490884.3866188391,-5.704350769519806e-09
24360.0,23.659996643630606,20.614210737096812,1,159.49434753375772,478.48304260127316,73.19993287261212,1.228421474193624,381.94155267933775,883376.4078373981,662532.3058780483,93053.79509634615,1098.3849143037846,514578.5611272429,609000.0000000001,568380.1258673939,513480.1762129348,-4.423782229423523e-09
24420.0,23.753587889199036,20.641829651486677,1,162.91340091214195,488.7402027364259,75.07175778398071,1.283659302973355,390.2144830091297,922065.3990329081,691549.0492746808,97501.90085407501,1173.741439751676,537743.3300826201,610500.0000000001,592873.4069808479,536569.5886428624,-6.170012056827545e-09
24480.0,23.847627507577315,20.670037677655095,1,166.32935265420744,498.9880579626223,76.95255015154629,1.3400753553101907,398.46976467224624,961574.5921441631,721180.944108122,102062.58537965141,1252.4475951451896,561403.9461148108,612000.0000000001,617865.9111333195,560151.4985196597,-5.9371814131736755e-09
24540.0,23.94211300019412,20.698833459344748,1,169.74213772515697,509.2264131754709,78.84226000388239,1.3976669186894952,406.7072544225112,1001903.2349730775,751427.4262298079,106736.38522205906,1334.5739926231765,585559.346004837,613500.0000000001,643356.4670151209,584224.772012209,-4.773028194904327e-09
24600.0,24.03704186095409,20.72821563022435,1,173.15169115048224,519.4550734514467,80.74083721908181,1.4564312604487029,414.92680933350925,1043050.5597204245,782287.9197903181,111523.83392747708,1420.1910809689232,610208.4579485295,615000.0000000001,669343.8947818691,608788.2668675578,-2.9103830456733704e-09
24660.0,24.132411576284294,20.758182813913145,1,176.5579480172008,529.6738440516024,82.64823152568589,1.5163656278262891,423.12828680134214,1085015.7830004531,813761.8372503397,116425.46203027891,1509.3691444027493,635350.2015757962,616500.0000000001,695827.0060756534,633840.8324313889,-4.6566128730773926e-09
24720.0,24.22821962518073,20.788733624005587,1,179.9608434750919,539.8825304252757,84.56439250361463,1.5774672480111747,431.31154454736304,1127798.105855804,845848.5793918528,121441.79704408726,1602.1783013775507,660983.4879700545,618000.0000000001,722804.604046382,659381.309668671,-5.9371814131736755e-09
24780.0,24.324463479255044,20.819866664096228,1,183.3603127379314,550.0809382137942,86.48926958510089,1.639733328192456,439.4764406209155,1171396.713772719,878547.5353295393,126573.36345288465,1698.6885033773142,687107.2196878288,619500.0000000001,750275.4833732723,685408.5311844466,-5.005858838558197e-09
24840.0,24.421140602781275,20.851580527804774,1,186.75629108472438,560.2688732541732,88.4228120556255,1.7031610556095487,447.6228334020532,1215810.77669655,911858.0825224124,131820.68270218035,1798.969533718625,713720.2907785128,621000.0000000001,778238.4302865105,711921.3212447914,-2.9103830456733704e-09
24900.0,24.518248452742924,20.883873798801357,1,190.14871386093853,570.4461415828156,90.36496905485848,1.767747597602714,455.75058160427244,1261039.4490475596,945779.5867856699,137184.27319023354,1903.0910063552083,740821.5868042923,622500.0000000001,806692.2225890784,738918.4957979345,-2.7939677238464355e-09
24960.0,24.615784478880013,20.91674505083199,1,193.5375164797342,580.6125494392026,92.31568957760025,1.8334901016639833,463.8595442772218,1307081.869737023,980311.4023027674,142664.65025933264,2011.1223646855046,768409.9848602343,624000.0000000001,835635.6296787453,766398.8624955451,-3.958120942115784e-09
25020.0,24.713746123736346,20.950192847744223,1,196.92263442319444,590.7679032695833,94.27492247472692,1.9003856954884455,471.9495808094122,1353937.1621836182,1015452.8716377137,148262.3261871318,2123.1328803633082,796484.3535945365,625500.0000000001,865067.4125702154,794361.2207141703,-3.259629011154175e-09
25080.0,24.812130822706887,20.98421574351295,1,200.30400324355315,600.9120097306595,96.24261645413775,1.968431487025903,480.0205509309195,1401604.4343301177,1051203.3257475884,153977.81017804352,2239.1916521115013,825043.5532289414,627000.0000000001,894986.3239174308,822804.3615768275,-2.561137080192566e-09
25140.0,24.910936004085297,21.01881228226647,1,203.68155856442206,611.0446756932662,98.21872008170594,2.0376245645329405,488.0723147160808,1450082.7786603707,1087562.0839952785,159811.60835468883,2359.3676045388966,854086.4355793097,628500.0000000001,925391.1080360486,851727.0679747692,-2.0954757928848267e-09
25200.0,25.01015908911158,21.053980998312674,1,207.0552360820166,621.1657082460498,100.20318178223157,2.107961996625349,496.10473258618254,1499371.2722165815,1124528.4541624363,165764.22374940413,2483.7294869602138,883611.8440763581,630000.0000000001,956280.5009260694,881128.1145893958,-2.561137080192566e-09
25260.0,25.109797492019897,21.089720416165473,1,210.42497156637984,631.2749146991396,102.19594984039794,2.179440832330947,504.1176653121447,1549468.97661688,1162101.7324626602,171836.15629580562,2612.3458722192186,913618.6137865557,631500.0000000001,987653.2302946342,911006.2679143358,-1.1641532182693481e-09
25320.0,25.20984862008652,21.126029050571372,1,213.79070086260543,641.3721025878162,104.19697240173043,2.252058101142744,512.1109740171997,1600374.938073189,1200281.203554892,178027.90282041085,2745.2851555150332,944105.5714331829,633000.0000000001,1019508.0155789647,941360.2862776669,-1.280568540096283e-09
25380.0,25.310309873677884,21.162905406536265,1,217.15235989205937,651.4570796761781,106.20619747355768,2.325810813072529,520.084520179559,1652088.1874093818,1239066.1405570367,184339.9570343182,2882.615553231654,975071.5354175499,634500.0000000001,1051843.5679694854,972188.9198643172,-1.3969838619232178e-09
25440.0,25.411178646298744,21.200347979352397,1,220.50988465359927,661.5296539607978,108.22357292597488,2.4006959587047945,528.0381656350719,1704607.7400797342,1278455.805059801,190772.80952494402,3024.405101770697,1006515.3158403755,636000.0000000001,1084658.5904330853,1003490.9107386041,-9.313225746154785e-10
25500.0,25.512452324640563,21.23835525462552,1,223.8632112247936,671.5896336743808,110.24904649281126,2.476710509251042,535.9717725798862,1757932.5961876686,1318449.4471407519,197326.94774781744,3170.721656387384,1038435.7145233256,637500.0000000001,1117951.777736544,1035264.9928669356,-3.026798367500305e-09
25560.0,25.614128288629985,21.276925708302244,1,227.21227576313802,681.6368272894141,112.2825657725997,2.5538514166044877,543.8852035730987,1812061.7405047908,1359046.3053785935,204002.85601843364,3321.632890029803,1070831.5250307096,639000.0000000001,1151721.8164701257,1067509.8921406758,-4.423782229423523e-09
25620.0,25.71620391147741,21.31605780669755,1,230.55701450727133,691.671043521814,114.32407822954822,2.6321156133951007,551.7783215393945,1866994.1424902186,1400245.606867664,210801.01550416523,3477.2062921814654,1103701.5326913374,640500.0000000001,1185967.3850713132,1100224.3263991522,-3.958120942115784e-09
25680.0,25.81867655972569,21.355750006522516,1,233.89736377818951,701.6920913345685,116.37353119451383,2.7115000130450326,559.6509897716782,1922728.7563102013,1442046.567232651,217721.9042162318,3637.5091677071646,1137044.5146205337,642000.0000000001,1220687.153848709,1133407.0054528236,-3.026798367500305e-09
25740.0,25.921543593299052,21.396000754912205,1,237.23325998045684,711.6997799413705,118.43087186598105,2.7920015098244093,567.5030719337107,1979264.5208580315,1484448.3906435235,224765.99700172836,3802.608635702184,1170859.2397423093,643500.0000000001,1255879.785006089,1167056.6311066032,-4.190951585769653e-09
25800.0,26.024802365552013,21.43680848945376,1,240.56463960341858,721.6939188102558,120.49604731104026,2.8736169789075205,575.3344320627208,2036600.3597742468,1527450.2698306849,231933.7655357122,3972.5716283448573,1205144.4688116924,645000.0000000001,1291543.9326666237,1201171.8971833435,-3.958120942115784e-09
25860.0,26.12845022331854,21.47817163821466,1,243.89143922240865,731.674317667226,122.56900446637083,2.9563432764293225,583.1449345720265,2094735.1814671222,1571051.3861003416,239225.67831334885,4147.464889752512,1239898.9544372144,646500.0000000001,1327678.2428972349,1235751.4895474568,-5.3551048040390015e-09
25920.0,26.232484506961253,21.520088619771183,1,247.21359549995796,741.6407864998739,124.64969013922506,3.0401772395423663,590.9344442536348,2153667.879133452,1615250.9093500888,246642.2006421168,4327.354974840814,1275121.4411035532,648000.0000000001,1364281.353733128,1270794.0861287091,-3.259629011154175e-09
25980.0,26.33690255042081,21.562557843237013,1,250.53104518699968,751.593135560999,126.73805100841619,3.1251156864740253,598.7028262808481,2213397.3307796223,1660047.9980847165,254183.79463407162,4512.30824818654,1310810.6651943328,649500.0000000001,1401351.8952024546,1306298.3569461426,-3.725290298461914e-09
26040.0,26.44170168126536,21.60557770829208,1,253.84372512407373,761.5311753722212,128.8340336253072,3.2111554165841625,606.4499462108492,2273922.3992429725,1705441.799432229,261850.91919816917,4702.390882893801,1346965.3550150795,651000.0000000001,1438888.4893511604,1342262.96413218,-5.820766091346741e-09
26100.0,26.546879220740177,21.649146605211556,1,257.15157224252926,771.4547167275878,130.93758441480355,3.298293210423111,614.1756699872891,2335241.9322134433,1751431.449160082,269644.0300326484,4897.668859463713,1383584.2308163308,652500.0000000001,1476889.750267963,1378686.5619568604,-6.984919309616089e-09
26160.0,26.652432483817382,21.693262914895012,1,260.45452356572537,781.3635706971761,133.04864967634762,3.386525829790024,621.8798639428651,2397354.762255517,1798016.0716916374,277563.57961747376,5098.207964667589,1420666.0048169026,654000.0000000001,1515354.284109491,1415567.79685223,-5.122274160385132e-09
26220.0,26.75835877924579,21.73792500889579,1,263.75251621022977,791.2575486306894,135.16717558491578,3.475850017791579,629.5623948018899,2460259.706830444,1845194.7801228324,285610.01720683725,5304.073790423623,1458209.3812273082,655500.0000000001,1554280.689125567,1452905.3074368802,-4.6566128730773926e-09
26280.0,26.864655409600896,21.783131249450538,1,267.04548738701675,801.1364621610503,137.29310819201794,3.566262498901075,637.223129682855,2523955.5683187544,1892966.6762390656,293783.78882172034,5515.331732677114,1496213.0562733316,657000.0000000001,1593667.555684663,1490697.7245406494,-5.3551048040390015e-09
26340.0,26.971319671334925,21.82887998950893,1,270.33337440266155,811.0001232079846,139.4263934266985,3.657759979017861,644.8619361009796,2588441.134043062,1941330.850532296,302085.33724251634,5732.046990284235,1534675.718219756,658500.0000000001,1633513.4662994898,1528943.6712294659,-5.820766091346741e-09
26400.0,27.078348854827077,21.87516957276356,1,273.61611466053495,820.8483439816048,141.56697709654154,3.7503391455271213,652.4786819707649,2653715.1762911496,1990286.3822183614,310515.1020017122,5954.284563899401,1573596.047394243,660000.0000000001,1673816.995652743,1567641.7628303368,-6.752088665962219e-09
26460.0,27.185740244433845,21.921998333680015,1,276.8936456619943,830.680936985983,143.7148048886769,3.843996667360031,660.0732356085301,2719776.452339342,2039832.3392545057,319073.51937663136,6182.109254866217,1612972.7162113665,661500.0000000001,1714576.7106230005,1606790.6069564929,-7.683411240577698e-09
26520.0,27.293491118539453,21.96936459752713,1,280.1659050075739,840.4977150227216,145.86982237078905,3.9387291950542576,667.6454657349454,2786623.704476169,2089967.7783571258,327761.0223822365,6415.585664112046,1652804.3891967975,663000.0000000001,1755791.1703107713,1646388.8035326796,-5.820766091346741e-09
26580.0,27.401598749606414,22.017266680407403,1,283.43283039817277,850.2984911945183,148.03197499212828,4.034533360814805,675.195241477556,2854255.660026308,2140691.74501973,336578.0407639935,6654.778191046229,1693089.7230116406,664500.0000000001,1797458.926064685,1686434.9448205887,-5.3551048040390015e-09
26640.0,27.510060404226206,22.065702889287625,1,286.6943596362403,860.0830789087208,150.20120808452413,4.13140577857525,682.722432373298,2922671.0313748154,2192003.273531111,345525.0009907953,6899.751032461954,1733827.3664769223,666000.0000000001,1839578.5215078474,1726927.6154444544,-6.28642737865448e-09
26700.0,27.618873343170048,22.114671522029642,1,289.95043062696135,869.851291880884,152.37746686340097,4.229343044059284,690.2269083710069,2991868.5159916384,2243901.386993728,354602.3262479477,7150.568181441822,1775015.9605982297,667500.0000000001,1882148.4925643315,1767865.3924167808,-6.984919309616089e-09
26760.0,27.72803482143981,22.164170867421323,1,293.2009813794379,879.6029441383137,154.56069642879618,4.328341734842645,697.7085398339182,3061846.7964564166,2296385.097342312,363810.4364302149,7407.293426267104,1816654.1385904998,669000.0000000001,1925167.3674858229,1809246.8451642257,-6.984919309616089e-09
26820.0,27.837542088319005,22.21419920520768,1,296.44595000786904,889.3378500236072,156.7508417663801,4.428398410415362,705.1671975421599,3132604.5404835613,2349453.405362671,373149.7481349274,7669.990349330734,1858740.525902958,670500.0000000001,1968633.6668784062,1851070.5355536211,-6.51925802230835e-09
26880.0,27.947392387423932,22.264754806122184,1,299.6852747327297,899.055824198189,158.94784774847864,4.529509612244368,712.6027526952391,3204140.4009476216,2403105.300710716,382620.67465515056,7938.722326054039,1901273.740244206,672000.0000000001,2012545.9037295047,1893335.0179181457,-6.51925802230835e-09
26940.0,28.05758295675489,22.315835931918233,1,302.91889388194636,908.7566816458391,161.15165913509776,4.631671863836466,720.0150769145166,3276453.0159089305,2457339.7619316974,392223.62597291445,8213.552523807244,1944252.3916074596,673500.0000000001,2056902.5834349662,1936038.839083643,-9.546056389808655e-09
27000.0,28.168111028747507,22.367440835400824,1,306.1467458920718,918.4402376762155,163.36222057495013,4.734881670801649,727.404042245674,3349541.008639536,2512155.756479651,401959.0087525055,8494.543900833756,1987675.0822959333,675000.0000000001,2101702.2038263017,1979180.538395089,-9.778887033462524e-09
27060.0,28.27897383032421,22.419567760458357,1,309.36876930945647,928.1063079283695,165.57947660648423,4.839135520916713,734.7695211611782,3423402.98764941,2567552.240737057,411827.22633382,8781.759205178276,2031540.406948374,676500.0000000001,2146943.2551980494,2022758.647743186,-9.313225746154785e-09
27120.0,28.390168582945773,22.47221494209463,1,312.584902791419,937.754708374257,167.80337165891547,4.944429884189262,742.1113865627332,3498037.546712942,2623528.160034706,421828.6787257789,9075.260973618706,2075846.9525647408,678000.0000000001,2192624.220335298,2066771.6915911115,-9.778887033462524e-09
27180.0,28.50169250266295,22.52538060646103,1,315.79508510741374,947.3852553222412,170.03385005325902,5.050761212922062,749.4295117837208,3573443.2648957116,2680082.448671783,431963.76259980473,9375.111530601944,2120593.2985320343,679500.0000000001,2238743.574541366,2111218.187001422,-9.778887033462524e-09
27240.0,28.613542800168275,22.579062970888845,1,318.99925514019685,956.9977654205906,172.2708560033655,5.158125941777691,756.7237705916405,3649618.7065815385,2737214.029936153,442232.87128336116,9681.372987183518,2165778.0166502683,681000.0000000001,2285299.785665599,2156096.643663075,-8.847564458847046e-09
27300.0,28.72571668084788,22.633260243921782,1,322.1973518869897,966.592055660969,174.51433361695763,5.2665204878435645,763.9940371905328,3726562.4214998186,2794921.816124863,452636.3947535536,9994.107239971136,2211399.6711585913,682500.0000000001,2332291.3141313284,2201405.56391861,-1.0244548320770264e-08
27360.0,28.838211344833525,22.687970625348648,1,325.3893144606401,976.1679433819203,176.7642268966705,5.375941250697295,771.2401862234035,3804272.944753131,2853204.7085648472,463174.7196307932,10313.375970072124,2257456.8187615518,684000.0000000001,2379716.612963972,2247143.4427914694,-9.778887033462524e-09
27420.0,28.95102398705463,22.743192306236185,1,328.5750820907817,985.725246272345,179.02047974109257,5.486384612472371,778.4620927746328,3882748.7968451306,2912061.597633847,473848.2291725223,10639.240642044815,2303948.0086555057,685500.0000000001,2427574.1278192704,2293308.768013451,-9.778887033462524e-09
27480.0,29.064151797290435,22.798923468962094,1,331.75459412499134,995.263782374974,181.2830359458087,5.597846937924189,785.659632372374,3961988.483708714,2971491.362781535,484657.30326700356,10971.762502853875,2350871.782555175,687000.0000000001,2475862.2970116674,2339900.020052311,-1.0244548320770264e-08
27540.0,29.177591960222305,22.85516228724821,1,334.92779002994257,1004.7833700898277,183.55183920444608,5.710324574496418,792.8326809909515,4041990.496734465,3031492.872550848,495602.31842717057,11311.002580829614,2398226.6747203437,688500.0000000001,2524579.5515428376,2386915.672139503,-1.0244548320770264e-08
27600.0,29.29134165548609,22.911906926193847,1,338.0946093925596,1014.2838281776789,185.8268331097218,5.823813852387694,799.9811150532471,4122753.312799376,3092064.984599531,506683.647784542,11657.02168463127,2446011.2119826986,690000.0000000001,2573724.3151303474,2434354.190298056,-1.0710209608078003e-08
27660.0,29.405398057724582,22.96915554230932,1,341.2549919211667,1023.7649757635002,188.10796115449165,5.93831108461864,807.1048114330739,4204275.394295846,3153206.545721884,517901.66108319856,12009.88040221433,2494223.9137728172,691500.0000000001,2623295.0042364597,2482214.0333705912,-1.1175870895385742e-08
27720.0,29.519758336640077,23.026906283549618,1,344.40887744663615,1033.2266323399085,190.39516673280156,6.053812567099236,814.2036474575435,4286555.189160954,3214916.3918707157,529256.7246738226,12369.639099801856,2542863.2921472923,693000.0000000001,2673290.028097082,2530493.6530474806,-9.313225746154785e-09
27780.0,29.634419657047065,23.085157289348242,1,347.5562059235337,1042.668617770601,192.6883931409413,6.170314578696484,821.2775009094323,4369591.130906012,3277193.3481795085,540749.2015078015,12736.357920859879,2591927.851816002,694500.0000000001,2723707.788750836,2579191.49389513,-1.0710209608078003e-08
27840.0,29.749379178924954,23.14390669065123,1,350.69691743126197,1052.090752293786,194.98758357849908,6.287813381302463,828.3262500295248,4453381.638646382,3340036.2289847857,552379.4511313936,13110.096785076868,2641416.0901695183,696000.0000000001,2774546.681068304,2628305.9933844297,-1.1175870895385742e-08
27900.0,29.86463405747094,23.203152609951317,1,353.83095217520105,1061.4928565256032,197.2926811494188,6.4063052199026345,835.3497735189607,4537925.117131577,3403443.8378486815,564147.8296799576,13490.915387347273,2691326.4973066603,697500.0000000001,2825805.0927813654,2677835.5819193013,-1.1175870895385742e-08
27960.0,29.98018144315291,23.262893161322264,1,356.958250487847,1070.874751463541,199.60362886305825,6.525786322644528,842.3479505415631,4623219.956775633,3467414.967581724,576054.6898722464,13878.87319675919,2741657.556062184,699000.0000000001,2877481.4045127067,2727778.682865413,-1.1641532182693481e-08
28020.0,30.096018481762535,23.32312645045337,1,360.078752829948,1080.236258489844,201.9203696352507,6.646252900906738,849.3206607261693,4709264.533687754,3531948.400265815,588100.3810047632,14274.029455586147,2792407.7420346136,700500.0000000001,2929573.9898054544,2778133.7125790166,-1.1175870895385742e-08
28080.0,30.212142314468334,23.38385057468411,1,363.19239979163746,1089.5771993749124,204.2428462893667,6.7677011493682215,856.2677841689416,4796057.209703227,3597042.907277419,600285.2489461818,14676.44317828306,2843575.5236142124,702000.0000000001,2982081.2151529416,2828899.080435917,-1.257285475730896e-08
28140.0,30.32855007786895,23.445063623038983,1,366.29913209356533,1098.897396280696,206.57100155737902,6.890127246077967,863.1892014356778,4883596.3324146075,3662697.2493109554,612609.6361318312,15086.17315048633,2895159.3620110895,703500.0000000001,3035001.440028624,2880073.18886059,-1.3504177331924438e-08
28200.0,30.44523890404638,23.506763676262462,1,369.3988905880271,1108.1966717640812,208.9047780809276,7.013527352524925,870.0847935641033,4971880.235203186,3728910.176402389,625073.8815582435,15503.277928018148,2947157.71128345,705000.0000000001,3088333.0169161144,2931654.4333554185,-1.30385160446167e-08
28260.0,30.562205920619423,23.56894880685415,1,372.4916162600891,1117.4748487802672,211.24411841238845,7.137897613708297,876.9544420661654,5060907.237270711,3795680.427953033,637678.3207777657,15927.815835894988,2999569.018365976,706500.0000000001,3142074.2913393597,2983641.2025300683,-1.257285475730896e-08
28320.0,30.679448250797137,23.631617079104064,1,375.57725022871256,1126.7317506861377,213.58896501594273,7.263234158208128,883.7980289303113,5150675.643671393,3863006.7327535446,650423.2858932362,16359.844967340363,3052391.7230983516,708000.0000000001,3196223.6018929547,3036031.8781309975,-1.30385160446167e-08
28380.0,30.79696301343239,23.694766549128115,1,378.65573374787476,1135.9672012436242,215.93926026864779,7.38953309825623,890.615436623756,5241183.745344173,3930887.8090081294,663309.1055527254,16799.423182801773,3105624.2582539185,709500.0000000001,3250779.28027259,3088824.835071104,-1.210719347000122e-08
28440.0,30.914747323075535,23.75839526490369,1,381.7270082076867,1145.1810246230602,218.29494646151068,7.5167905298073805,897.4065480947492,5332429.819145259,3999322.3643589444,676336.1049443401,17246.608108971963,3159265.049568471,711000.0000000001,3305739.6513056178,3142018.441459485,-1.4901161193847656e-08
28500.0,31.03279829002811,23.82250126630545,1,384.7910151355102,1154.3730454065305,220.65596580056223,7.645002532610903,904.1712467748215,5424412.127880935,4068309.095910701,689504.6057910926,17701.45713781445,3213312.5157691864,712500.0000000001,3361103.032981779,3195611.0586313573,-1.4901161193847656e-08
28560.0,31.151113020396654,23.887082585141243,1,387.84769619706964,1163.543088591209,223.02226040793306,7.774165170282487,910.9094165810284,5517128.920340631,4137846.6902554734,702814.9263458354,18164.027425593333,3267765.0686036884,714000.0000000001,3416867.7364840293,3249601.0411780793,-1.5366822481155396e-08
28620.0,31.269688616146624,23.952137245188183,1,390.896993197564,1172.690979592692,225.39377232293248,7.904274490376366,917.6209419181885,5610578.431330268,4207933.823497701,716267.381386258,18634.375891907446,3322621.1128692436,715500.0000000001,3473032.0662195203,3303986.736977321,-1.5366822481155396e-08
28680.0,31.388522175156357,24.017663262228893,1,393.93884808277363,1181.816544248321,227.77044350312713,8.035326524457787,924.3057076811039,5704758.881705862,4278569.161279396,729862.2822099514,19112.559218728846,3377879.046442099,717000.0000000001,3529594.3198507004,3358766.487223355,-1.5366822481155396e-08
28740.0,31.507610791271123,24.083658644087897,1,396.9732029401666,1190.9196088204997,230.15221582542245,8.167317288175795,930.9635992567764,5799668.478407394,4349751.358805545,743599.9366295349,19598.63384944566,3433537.260306943,718500.0000000001,3586552.788326549,3413938.626457482,-1.5366822481155396e-08
28800.0,31.62695155435724,24.150121390668158,1,399.99999999999994,1199.9999999999998,232.53903108714482,8.300242781336316,937.594502526611,5895305.414492954,4421479.060869713,757480.6489678496,20092.655987909293,3489594.1385865062,720000.0000000001,3643905.7559139384,3469501.48259858,-1.6298145055770874e-08
28860.0,31.746541550356316,24.217049493987783,1,403.0191816364212,1209.0575449092635,234.9308310071263,8.434098987975567,944.198303868614,5991667.869173136,4493750.901879849,771504.7200532157,20594.681597486047,3546048.0585712898,721500.0000000001,3701651.5002291314,3525453.376973787,-1.5832483768463135e-08
28920.0,31.866377861339544,24.284440938216864,1,406.0306903685633,1218.09207110569,237.32755722679087,8.568881876433728,950.774890159584,6088754.007845704,4566565.505884276,785672.4472147559,21104.76640011314,3602897.3907494284,723000.0000000001,3759788.2922693915,3581792.6243492984,-1.4901161193847656e-08
28980.0,31.986457565561977,24.352293699714483,1,409.0344688616417,1227.103406584925,239.72915131123955,8.704587399428966,957.3241487772757,6186561.9821305275,4639921.486597894,799984.1242777832,21622.96587535919,3660140.4988366817,724500.0000000001,3818314.396444738,3638517.532961308,-1.3504177331924438e-08
29040.0,32.10677773751711,24.42060574706586,1,412.03045992804323,1236.0913797841297,242.13555475034227,8.84121149413172,963.845967602587,6285089.929904763,4713817.44742857,814440.0415592539,22149.335259489075,3717775.73980656,726000.0000000001,3877228.070609816,3695626.404547059,-1.1175870895385742e-08
29100.0,32.22733544799125,24.48937504111965,1,415.01860652841725,1245.0558195852518,244.54670895982503,8.978750082239301,970.3402350216986,6384335.975338308,4788251.981503729,829040.4858632875,22683.92954453335,3775801.4639205732,727500.0000000001,3936527.566095897,3753117.534376028,-1.1175870895385742e-08
29160.0,32.348127764118175,24.55859953502541,1,417.99885177275905,1253.9965553182772,246.9625552823635,9.117199070050823,976.8068399282324,6484298.22892952,4863223.671697137,843785.740476749,23226.803477362075,3834216.014758616,729000.0000000001,3996211.127743017,3810989.211281244,-8.847564458847046e-09
29220.0,32.469151749433735,24.628277174271176,1,420.97113892149576,1262.9134167644872,249.3830349886747,9.256554348542352,983.2456717253848,6584974.787541181,4938731.090655882,858676.0851649006,23778.011558763203,3893017.7292494765,730500.0000000001,4056276.993932209,3869239.717690703,-8.847564458847046e-09
29280.0,32.59040446393065,24.698405896721216,1,423.93541138656394,1271.806234159692,251.80808927861307,9.396811793442431,989.6566203280635,6686363.734436737,5014772.80082755,873711.7961671159,24337.60804252543,3952204.937701475,732000.0000000001,4116723.396617896,3927867.3296589362,-1.257285475730896e-08
29340.0,32.711882964113244,24.76898363265394,1,426.8916127324893,1280.674838197468,254.23765928226487,9.537967265307877,996.0395761649968,6788463.13931679,5091347.35448759,888893.1461926613,24905.646934525652,4011775.9638332296,733500.0000000001,4177548.561360391,3986870.3168986924,-1.1641532182693481e-08
29400.0,32.8335843030523,24.840008304799905,1,429.83968667745893,1289.5190600323767,256.671686061046,9.68001660959981,1002.39443018085,6891271.058355843,5168453.2937668795,904220.4044165425,25482.181991820908,4071729.1248045526,735000.0000000001,4238750.707358506,4046246.942812721,-1.0244548320770264e-08
29460.0,32.955505530440035,24.911477828380036,1,432.77957709439517,1298.3387312831856,259.1101106088007,9.822955656760072,1008.7210738383238,6994785.534239311,5246089.150679481,919693.8364754177,26067.266721744945,4132062.7312474633,736500.0000000001,4300328.047482311,4105995.4645257103,-7.450580596923828e-09
29520.0,33.077643692645026,24.983390111143922,1,435.7112280120215,1307.1336840360646,261.5528738529005,9.966780222287845,1015.0193991202383,7099004.596200788,5324253.447150589,935313.7044635762,26660.954381009367,4192775.0872973376,738000.0000000001,4362278.788305994,4166114.132916319,-9.313225746154785e-09
29580.0,33.199995832767335,25.055743053408325,1,438.63458361593104,1315.9037508477932,263.99991665534674,10.111486106816649,1021.2892985316199,7203926.2600595625,5402944.69504467,951080.2669289828,27263.297974809357,4253864.490624177,739500.0000000001,4424601.130140869,4226601.192649359,-9.313225746154785e-09
29640.0,33.322558990693565,25.128534548095764,1,441.5495882496463,1324.648764748939,266.4511798138713,10.257069096191529,1027.530665101764,7309548.528258395,5482161.396193795,966993.7788693889,27874.350255934085,4315329.232464002,741000.0000000001,4487293.267068463,4287454.88220806,-8.381903171539307e-09
29700.0,33.44533020315212,25.201762480773304,1,444.4561864156817,1333.3685592470451,268.9066040630423,10.403524961546609,1033.7433923863032,7415869.389901551,5561902.042426162,983054.491728509,28494.16372388169,4377167.597650371,742500.0000000001,4550353.386973765,4348673.433926483,-7.450580596923828e-09
29760.0,33.56830650376836,25.275424729691427,1,447.3543227765976,1342.0629683297927,271.3661300753672,10.550849459382853,1039.9273744692475,7522886.820793083,5642165.115594811,999262.653392265,29122.790623978995,4439377.86464602,744000.0000000001,4613779.671578558,4410255.074022032,-9.313225746154785e-09
29820.0,33.69148492312003,25.349519165823104,1,450.2439421560548,1350.7318264681644,273.8296984624006,10.699038331646207,1046.0825059650344,7630598.783475368,5722949.087606526,1015618.5081850946,29760.282946505817,4501958.305574629,745500.0000000001,4677570.296474915,4472198.022628115,-1.1175870895385742e-08
29880.0,33.814862488792464,25.424043652902963,1,453.12498953986636,1359.374968619599,276.2972497758493,10.848087305805926,1052.2086820205434,7739003.227267902,5804252.420450927,1032122.296866328,30406.692425824054,4564907.1862527095,747000.0000000001,4741723.431158764,4534500.493826877,-1.0244548320770264e-08
29940.0,33.93843622543419,25.498996047466612,1,455.99741007704233,1367.992230231127,278.76872450868376,10.997992094933224,1058.305798317134,7848098.088306335,5886073.566229751,1048774.2566266302,31062.070539511413,4628222.766221607,748500.0000000001,4806237.239063601,4597160.695682088,-8.381903171539307e-09
30000.0,34.06220315481224,25.5743741988901,1,458.86114908083704,1376.583447242511,281.24406309624476,11.148748397780203,1064.3737510726357,7957881.28958177,5968410.967186328,1065574.6210845099,31726.468507499914,4691903.298779634,750000.0000000001,4871109.877594309,4660176.830272125,-9.313225746154785e-09
30060.0,34.186160295867815,25.65017594942953,1,461.7161520297868,1385.1484560893605,283.72320591735627,11.300351898859063,1070.4124370433606,8068350.740980306,6051263.055735229,1082523.6202828952,32399.937291219103,4755947.031014316,751500.0000000001,4936339.498161105,4723547.0937230885,-9.313225746154785e-09
30120.0,34.31030466477179,25.726399134260777,1,464.56236456875183,1393.6870937062554,286.20609329543583,11.452798268521555,1076.4217535260811,8179504.339322823,6134628.254492117,1099621.4806857759,33082.52759274405,4820352.203834763,753000.0000000001,5001924.246213587,4787269.67624201,-1.0244548320770264e-08
30180.0,34.43463327498047,25.803041581519377,1,467.39973250994746,1402.1991975298424,288.6926654996094,11.606083163038754,1082.4015983600211,8291339.968405036,6218504.976303776,1116868.4251749124,33774.28985394811,4885117.052004156,754500.0000000001,5067862.261274906,4851342.762150199,-9.313225746154785e-09
30240.0,34.559143137291194,25.880101112340522,1,470.2282018339786,1410.6846055019357,291.18286274582385,11.760202224681045,1088.3518699288143,8403855.499037772,6302891.624278329,1134264.6730466122,34475.27425566047,4950239.804172348,756000.0000000001,5134151.676976045,4915764.529916677,-1.210719347000122e-08
30300.0,34.68383125989811,25.95757554089923,1,473.0477186908658,1419.1431560725973,293.67662519796227,11.915151081798463,1094.2724671624596,8517048.789087519,6387786.591815638,1151810.4400085714,35185.53071682855,5015718.682908595,757500.0000000001,5200790.621090229,4980533.152191757,-9.313225746154785e-09
30360.0,34.80869464844803,26.035462674450596,1,475.8582294010731,1427.5746882032195,296.1738929689607,12.070925348901191,1100.1632895392784,8630917.683517195,6473188.262637897,1169505.9381767858,35905.10889368515,5081551.90473439,759000.0000000001,5267777.215567418,5045646.795840698,-8.381903171539307e-09
30420.0,34.93373030609618,26.11376031337021,1,478.65968045652716,1435.9790413695814,298.6746061219236,12.227520626740422,1106.0242370878366,8745460.014427193,6559095.010820395,1187351.3760725262,36634.058178920524,5147737.680156425,760500.0000000001,5335109.576568939,5111103.621977496,-1.0244548320770264e-08
30480.0,35.058935233562245,26.19246625119473,1,481.4520185216386,1444.3560555649158,301.1787046712449,12.38493250238946,1111.8552103888862,8860673.601096638,6645505.20082248,1205346.9586193834,37372.427700859254,5214274.213699661,762000.0000000001,5402785.814502228,5176901.785998794,-9.313225746154785e-09
30540.0,35.18430642918619,26.271578274662524,1,484.2351904343153,1452.7055713029458,303.68612858372376,12.543156549325047,1117.6561105772673,8976556.250024918,6732417.187518691,1223492.8871403777,38120.266322642,5281159.703940518,763500.0000000001,5470804.034055663,5243039.43761787,-8.381903171539307e-09
30600.0,35.30984088898437,26.351094163754496,1,487.00914320697655,1461.0274296209295,306.19681777968736,12.702188327508992,1123.4268393438258,9093105.754973441,6819829.316230082,1241789.3593551381,38877.62264141217,5348392.343540176,765000.0000000001,5539162.334233524,5309514.720898759,-7.450580596923828e-09
30660.0,35.43553560670545,26.431011691735023,1,489.77382402755956,1469.3214720826786,308.71071213410903,12.862023383470046,1129.1672989372914,9210319.897007631,6907739.922755725,1260236.5693771467,39644.54498750751,5415970.319277993,766500.0000000001,5607858.808391061,5376325.774290479,-1.0244548320770264e-08
30720.0,35.56138757388666,26.51132862519303,1,492.52918026052663,1477.58754078158,311.22775147773325,13.022657250386061,1134.8773921661814,9328196.444539187,6996147.333404391,1278834.707711052,40421.081423656506,5483891.812085036,768000.0000000001,5676891.5442696735,5443470.730661374,-9.313225746154785e-09
30780.0,35.68739377990974,26.59204272408318,1,495.2751594478673,1485.8254783436018,313.7478755981948,13.184085448166357,1140.5570224006508,9446733.153368557,7085049.865026419,1297583.9612500477,41207.27974417989,5552154.997077723,769500.0000000001,5746258.624032184,5510947.7173335375,-8.381903171539307e-09
30840.0,35.81355121205726,26.673151741767192,1,498.0117093100956,1494.0351279302868,316.27102424114526,13.346303483534385,1146.2060935743748,9565927.766727677,7174445.825045758,1316484.5132733206,42003.187474196944,5620758.043591576,771000.0000000001,5815958.124298232,5578754.856117372,-9.313225746154785e-09
30900.0,35.939856855568785,26.754653425055317,1,500.73877774724735,1502.2163332417422,318.7971371113757,13.509306850110633,1151.8245101863888,9685778.015322916,7264333.511492189,1335536.5434435655,42808.85186883685,5689699.115215089,772500.0000000001,5885988.116179776,5646890.263346245,-1.0244548320770264e-08
30960.0,36.066307693697105,26.836545514247902,1,503.4563128398699,1510.3689385196096,321.3261538739421,13.673091028495804,1157.4121773029299,9806281.61737831,7354711.213033733,1354740.2278045667,43624.31991245501,5758976.369823706,774000.0000000001,5956346.665316703,5715352.049911247,-8.381903171539307e-09
31020.0,36.19290070776458,26.918825743177095,1,506.1642628500129,1518.4927885500388,323.8580141552916,13.83765148635419,1162.9690005592704,9927436.27867897,7445577.209009228,1374095.7387788477,44449.63831785437,5828587.959613909,775500.0000000001,6027031.831912519,5784138.321296051,-6.51925802230835e-09
31080.0,36.31963287721947,27.001491839248676,1,508.8625762222111,1526.5877286666332,326.3926575443894,14.002983678497351,1168.4948861615374,10049239.69261479,7536929.7694610935,1393603.2451653893,45284.85352551171,5898532.03113741,777000.0000000001,6098041.670770185,5853247.177611893,-7.450580596923828e-09
31140.0,36.44650117969226,27.084541523484024,1,511.55120158446783,1534.6536047534034,328.93002359384525,14.169083046968048,1173.989740888513,10171689.540224345,7628767.1551682595,1413262.9121374134,46130.011702809046,5968806.725335458,778500.0000000001,6169374.231328028,5922676.713632644,-8.381903171539307e-09
31200.0,36.57350259105213,27.16797251056218,1,514.2300877492314,1542.6902632476942,331.47005182104266,14.33594502112436,1179.45347209344,10294783.490239043,7721087.617679281,1433074.9012402368,46985.15874326998,6039410.17757326,780000.0000000001,6241027.557695765,5992425.018829983,-9.313225746154785e-09
31260.0,36.70063408546336,27.251782508862057,1,516.8991837143711,1550.6975511431133,334.01268170926727,14.503565017724114,1184.8859877058037,10418519.19912751,7813889.399345632,1453039.3703891898,47850.34026580118,6110340.517674489,781500.0000000001,6312999.68869063,6062490.177408679,-1.1175870895385742e-08
31320.0,36.8278926354418,27.335969220504758,1,519.5584386641468,1558.6753159924406,336.557852708836,14.671938441009516,1190.2871962331049,10542894.311140211,7907170.733355158,1473156.4738676057,48725.60161393887,6181595.869955923,783000.0000000001,6385288.657873605,6132870.268341978,-8.381903171539307e-09
31380.0,36.95527521191144,27.420530341396013,1,522.2078019701779,1566.6234059105336,339.10550423822883,14.841060682792026,1195.6570067626346,10667906.458354298,8000929.8437657235,1493426.362324876,49610.98785510047,6253174.353262174,784500.0000000001,6457892.493585739,6203563.365407067,-8.381903171539307e-09
31440.0,37.08277878426087,27.505463561268755,1,524.8472231924057,1574.5416695772174,341.65557568521734,15.01092712253751,1200.9953289632108,10793553.260718688,8095164.945539015,1513849.1827745738,50506.54377984132,6325074.081000527,786000.0000000001,6530809.218984593,6274567.537220679,-7.450580596923828e-09
31500.0,37.21040032039993,27.590766563725794,1,527.476652080055,1582.4299562401652,344.20800640799854,15.181533127451587,1206.3020730869362,10919832.32609938,8189874.244574535,1534425.0785926457,51412.313901116446,6397293.161175888,787500.0000000001,6604036.852080762,6345880.8472747635,-1.0244548320770264e-08
31560.0,37.33813678681623,27.676437026282628,1,530.09603857259,1590.28811571777,346.76273573632454,15.352874052565255,1211.5771499709135,11046741.250324996,8285055.937743746,1555154.1895156715,52328.34245354755,6469829.69642583,789000.0000000001,6677573.40577452,6417501.353972277,-6.51925802230835e-09
31620.0,37.465985148631916,27.76247262041034,1,532.7053328006674,1598.1159984020023,349.3197029726383,15.524945240820678,1216.8204710389857,11174277.617232554,8380708.212924414,1576036.6516391907,53254.673392695106,6542681.784055744,790500.0000000001,6751416.887892522,6489427.110663043,-6.51925802230835e-09
31680.0,37.59394236966015,27.848871011578655,1,535.3044850870867,1605.9134552612602,351.87884739320293,15.69774202315731,1222.031948303419,11302438.998713467,8476829.2490351,1597072.5974160987,54191.35039433559,6615847.516074099,792000.0000000001,6825565.301224658,6561656.165679756,-6.51925802230835e-09
31740.0,37.72200541246193,27.93562985929909,1,537.8934459477343,1613.680337843203,354.4401082492386,15.871259718598182,1227.2114943666202,11431222.954759775,8573417.21606983,1618262.1556551093,55138.41685374394,6689324.979227792,793500.0000000001,6900016.643560969,6634186.5623740405,-8.381903171539307e-09
31800.0,37.85017123840276,28.022746817168212,1,540.4721660925283,1621.4164982775847,357.0034247680552,16.045493634336424,1232.3590224228121,11560627.033510592,8670470.275132943,1639605.451519287,56095.91588498113,6763112.255037614,795000.0000000001,6974768.907728666,6707016.339152625,-8.381903171539307e-09
31860.0,37.978436807709386,28.110219532911014,1,543.0405964263533,1629.12178927906,359.5687361541877,16.220439065822028,1237.4744462597157,11690648.771298788,8767986.57847409,1661102.6065246456,57063.89032018701,6837207.419833804,796500.0000000001,7049820.081629248,6780143.529513608,-8.381903171539307e-09
31920.0,38.10679907952651,28.19804564842443,1,545.5986880499988,1636.7960641499965,362.1359815905302,16.39609129684886,1242.5576802602009,11821285.692697901,8865964.269523425,1682753.738538816,58042.3827088783,6911608.544791711,798000.0000000001,7125168.148275721,6853566.162082823,-9.313225746154785e-09
31980.0,38.235255011973685,28.286222799820923,1,548.1463922610873,1644.4391767832617,364.7051002394737,16.572445599641846,1247.6086394039562,11952535.310569257,8964401.48292694,1704558.961779783,59031.43531725184,6986313.695967552,799500.0000000001,7200811.085829897,6927282.260650291,-9.313225746154785e-09
32040.0,38.36380156220199,28.37474861747221,1,550.6836605550033,1652.0509816650097,367.2760312440398,16.74949723494442,1252.6272392691146,12084395.12610932,9063296.344581988,1726518.3868146867,60031.090127493095,7061320.934334272,801000.0000000001,7276746.867639798,7001289.844206768,-1.0244548320770264e-08
32100.0,38.49243568645094,28.463620726053104,1,553.2104446258154,1659.6313338774462,369.84871372901875,16.92724145210621,1257.6133960338884,12216862.628897278,9162646.971672956,1748632.1205586966,61041.38883708988,7136628.315817495,802500.0000000001,7352973.462277159,7075586.926980395,-1.0244548320770264e-08
32160.0,38.62115434010525,28.552836744585434,1,555.7266963671979,1667.1800891015937,372.423086802105,17.10567348917087,1262.5670264781847,12349935.296942823,9262451.472707113,1770900.266273951,62062.372858151364,7212233.891331584,804000.0000000001,7429488.833575002,7150171.518473423,-8.381903171539307e-09
32220.0,38.74995447775178,28.642394286482112,1,558.232367873344,1674.6971036200318,374.99908955503554,17.284788572964224,1267.488047985216,12483610.596734175,9362707.947550628,1793322.9235685652,63094.083316732365,7288135.706815787,805500.0000000001,7506290.940665322,7225041.623499046,-8.381903171539307e-09
32280.0,38.87883305323637,28.73229095959128,1,560.7274114398807,1682.1822343196422,377.57666106472743,17.464581919182557,1272.3763785430945,12617885.98328632,9463414.487464735,1815900.1883957088,64136.56105216292,7364331.8032704815,807000.0000000001,7583377.738016855,7300195.242218309,-8.381903171539307e-09
32340.0,39.007787019720666,28.822524366240586,1,563.2117795647745,1689.6353386943233,380.15574039441333,17.645048732481172,1277.231936746402,12752758.900189446,9564569.17514208,1838632.15305275,65189.84661638317,7440820.21679352,808500.0000000001,7660747.17547294,7375630.37017713,-6.51925802230835e-09
32400.0,39.136813329739155,28.913092103281546,1,565.6854249492379,1697.0562748477137,382.7362665947831,17.82618420656309,1282.0546417977841,12888226.779657634,9666170.08474322,1861518.906180469,66253.98027328357,7517598.978616664,810000.0000000001,7738397.19828946,7451344.998343373,-7.450580596923828e-09
32460.0,39.265908935255936,29.003991762134035,1,568.1483004986285,1704.4449014958855,385.3181787051187,18.00798352426807,1286.8444135094862,13024287.042577729,9768215.28193329,1884560.5327623396,67329.00199805039,7594666.115142113,811500.0000000001,7816325.747172892,7527337.113144053,-9.313225746154785e-09
32520.0,39.395070787721814,29.095220928830866,1,570.6003593233453,1711.8010779700357,387.90141575443624,18.19044185766173,1291.6011723049248,13160937.098558452,9870702.823918834,1907757.1141238783,68414.95147651662,7672019.647979129,813000.0000000001,7894530.758318431,7603604.696502604,-9.313225746154785e-09
32580.0,39.524295838131074,29.186777184062468,1,573.0415547397234,1719.1246642191704,390.4859167626215,18.373554368124935,1296.324839220203,13298174.345979715,9973630.759484781,1931108.7279320639,69511.86810451823,7749657.593980752,814500.0000000001,7973010.163448189,7680145.725876223,-9.313225746154785e-09
32640.0,39.65358103707861,29.2786581032217,1,575.4718402709209,1726.4155208127627,393.0716207415722,18.557316206443403,1301.0153359056562,13435996.17204215,10076997.129031608,1954615.4481948223,70619.7909872557,7827577.965280607,816000.0000000001,8051761.889849521,7756958.174293342,-8.381903171539307e-09
32700.0,39.782923334816694,29.370861256448727,1,577.8911696478045,1733.6735089434137,395.6584666963339,18.741722512897454,1305.672584627343,13574399.952816855,10180799.964612637,1978277.3452605822,71738.75893866108,7905778.769329805,817500.0000000001,8130783.8604133865,7834040.010391136,-7.450580596923828e-09
32760.0,39.91231968131212,29.463384208676015,1,580.2994968098301,1740.8984904294903,398.24639362624237,18.92676841735203,1310.2965082685675,13713383.05329535,10285037.289971508,2002094.485817898,72868.81048077029,7984258.008933928,819000.0000000001,8210073.99367283,7911389.198453148,-9.313225746154785e-09
32820.0,40.04176702630305,29.556224519673446,1,582.6967759059203,1748.0903277177608,400.835340526061,19.11244903934689,1314.8870303313522,13852942.827439738,10389707.1205798,2026066.9328951414,74009.98384310094,8063013.682290112,820500.0000000001,8289630.203841547,7989003.698447001,-1.0244548320770264e-08
32880.0,40.17126231935608,29.6493797440935,1,585.0829612953363,1755.248883886009,403.42524638712166,19.298759488187002,1319.4440749379276,13993076.618233094,10494807.463674817,2050194.7458602614,75162.31696203556,8142043.783024213,822000.0000000001,8369450.400852508,8066881.466062167,-1.210719347000122e-08
32940.0,40.300802509923194,29.742847431516555,1,587.4580075485484,1762.3740226456453,406.01605019846386,19.48569486303311,1323.9675668321925,14133781.757730039,10600336.318297526,2074477.9804206123,76325.84748021018,8221346.300228064,823500.0000000001,8449532.490396688,8145020.45274784,-1.6763806343078613e-08
33000.0,40.43038454739874,29.836625126496287,1,589.8218694480992,1769.4656083442974,408.6076909479748,19.673250252992574,1328.4574313811672,14275055.567107536,10706291.675330648,2098916.6886228505,77500.61274590842,8300919.218496817,825000.0000000001,8529874.373961877,8223418.605750896,-1.1175870895385742e-08
33060.0,40.56000538117646,29.930710368605148,1,592.1745019894657,1776.5235059683973,411.2001076235292,19.861420737210295,1332.9135945764424,14416895.3567159,10812671.517536923,2123510.918852899,78686.64981246102,8380760.517966376,826500.0000000001,8610473.948871551,8302073.868153904,-1.1175870895385742e-08
33120.0,40.68966196070644,30.025100692479963,1,594.5158603819153,1783.5475811457459,413.7932392141288,20.050201384959927,1337.3359830355998,14559298.426129995,10919473.819597492,2148260.715835983,79883.99543765081,8460868.174350914,828000.0000000001,8691329.108323846,8380984.17891325,-1.30385160446167e-08
33180.0,40.81935123555214,30.119793627867622,1,596.8459000493597,1790.537700148079,416.38702471104284,20.239587255735245,1341.7245240036384,14702262.064200645,11026696.54815048,2173166.1206367286,81092.68608312318,8541240.15898047,829500.0000000001,8772437.741430614,8460147.472897332,-1.4901161193847656e-08
33240.0,40.9490701554474,30.21478669967085,1,599.1645766312016,1797.4937298936047,418.98140310894803,20.4295733993417,1346.0791453543795,14845783.549106263,11134337.661829693,2198227.170659335,82312.75791380204,8621874.438838648,831000.0000000001,8853797.733256541,8539561.680924831,-1.4901161193847656e-08
33300.0,41.078815670353414,30.310077427994074,1,601.4718459831819,1804.4155379495455,421.57631340706826,20.620154855988147,1350.3997755918613,14989860.148404654,11242395.111303488,2223443.899647813,83544.2467973113,8702768.976600373,832500.0000000001,8935406.964858348,8619224.729803046,-1.4901161193847656e-08
33360.0,41.20858473051566,30.405663328189405,1,603.7676641782178,1811.3029925346536,424.17169461031324,20.81132665637881,1354.6863438517123,15134489.119085053,11350866.839313786,2248816.3376862914,84787.18830340177,8783921.73066976,834000.0000000001,9017263.313324077,8699134.542366343,-1.6763806343078613e-08
33420.0,41.33837428652102,30.50154191090268,1,606.0519875072396,1818.1559625217187,426.76748573042033,21.00308382180536,1358.9387799025392,15279667.707620334,11459750.780715248,2274344.5111993924,86041.61770338367,8865330.655218039,835500.0000000001,9099364.651812457,8779289.037514642,-1.4901161193847656e-08
33480.0,41.4681812893546,30.59771068211962,1,608.3247724800249,1824.9743174400746,429.3636257870919,21.195421364239238,1363.1570141472662,15425393.150019443,11569044.86251458,2300028.442952677,87307.56996956469,8946993.700221583,837000.0000000001,9181708.84959232,8859686.130252002,-1.6763806343078613e-08
33540.0,41.59800269045685,30.69416714321207,1,610.5859758260231,1831.7579274780692,431.96005380913704,21.38833428642414,1367.3409776244955,15571662.671880016,11678747.003910009,2325868.1520531545,88585.07977469347,9028908.811500002,838500.0000000001,9264293.772082143,8940323.73172529,-1.862645149230957e-08
33600.0,41.72783544178043,30.79090879098433,1,612.8355544951825,1838.5066634855475,434.55670883560856,21.581817581968657,1371.4906020098308,15718473.488441197,11788855.116330896,2351863.653949864,89874.18149140879,9111073.930754324,840000.0000000001,9347117.280889606,9021199.7492629,-1.6763806343078613e-08
33660.0,41.85767649584724,30.887933117719555,1,615.0734656587675,1845.2203969763027,437.15352991694476,21.77586623543911,1375.6058196172112,15865822.804636665,11899367.103477497,2378014.960434526,91174.90919169417,9193486.99560526,841500.0000000001,9430177.233851256,9102312.086413547,-2.0489096641540527e-08
33720.0,41.98752280580532,30.985237611226296,1,617.299666710176,1851.8990001305278,439.7504561161064,21.970475222452592,1379.6865634002095,16013707.815147836,12010280.861360874,2404322.0796422553,92487.29664633822,9276145.939631538,843000.0000000001,9513471.485072263,9183658.642985184,-1.862645149230957e-08
33780.0,42.1173713254858,31.082819754885055,1,619.5141152657484,1858.5423457972452,442.347426509716,22.16563950977011,1383.732766953333,16162125.704457285,12121594.27834296,2430785.0160523485,93811.3773244004,9359048.692408325,844500.0000000001,9596997.884966193,9265237.315083906,-1.862645149230957e-08
33840.0,42.24721900945989,31.18067702769499,1,621.7167691655767,1865.15030749673,444.9443801891978,22.36135405538998,1387.7443645133183,16311073.646902336,12233305.23517675,2457403.770489138,95147.18439268245,9442193.179545712,846000.0000000001,9680754.28029491,9347045.995153012,-1.862645149230957e-08
33900.0,42.37706281309565,31.278806904320664,1,623.9075864743053,1871.7227594229157,447.54125626191296,22.557613808641328,1391.721290960383,16460548.806728872,12345411.60504665,2484178.340122916,96494.75071520553,9525577.3227273,847500.0000000001,9764738.514208509,9429082.572012074,-2.0489096641540527e-08
33960.0,42.506899692615065,31.377206855138905,1,626.0865254819312,1878.2595764457935,450.1379938523013,22.75441371027781,1395.6634818195103,16610548.33814531,12457911.25360898,2511108.71847092,97854.10885269276,9609199.039748834,849000.0000000001,9848948.42628535,9511344.930896124,-1.6763806343078613e-08
34020.0,42.63672660515077,31.47587434628572,1,628.2535447045958,1884.7606341137875,452.7345321030154,22.951748692571442,1399.570873261677,16761069.385376796,12570802.039032593,2538194.895398396,99225.29106205759,9693056.244556937,850500.0000000001,9933381.852572124,9593830.953494864,-1.4901161193847656e-08
34080.0,42.76654050880306,31.574806839703328,1,630.4086028853776,1891.2258086561328,455.3308101760612,23.149613679406656,1403.4434021051065,16912109.082719557,12684081.812039666,2565436.857119725,100608.32929589768,9777146.847287895,852000.0000000001,10018036.625624029,9676538.517991982,-1.4901161193847656e-08
34140.0,42.89633836269665,31.674001793187237,1,632.5516589950746,1897.6549769852238,457.92676725393306,23.348003586374475,1407.2810058164807,17063664.55459548,12797748.415946607,2592834.5861996165,102003.25520199449,9861468.754306542,853500.0000000001,10102910.57454498,9759465.49910453,-1.4901161193847656e-08
34200.0,43.0261171270376,31.773456660433443,1,634.6826722329881,1904.0480166989644,460.522342540752,23.546913320866885,1411.0836225121614,17215732.91560684,12911799.686705125,2620388.0615543714,103410.1001228185,9946019.868245192,855000.0000000001,10188001.525027921,9842609.768122358,-1.4901161193847656e-08
34260.0,43.155873763169964,31.87316889108566,1,636.8016020276978,1910.4048060830933,463.1174752633993,23.746337782171317,1414.851190959372,17368311.270591244,13026233.45294343,2648097.2584532173,104828.89509504009,10030798.088042663,856500.0000000001,10273307.29939516,9925969.192947611,-1.30385160446167e-08
34320.0,43.28560523363281,31.97313593078266,1,638.9084080378343,1916.725224113503,465.71210467265615,23.94627186156532,1418.5836505774082,17521396.714676753,13141047.53600756,2675962.1485197055,106259.67084904612,10115801.308983365,858000.0000000001,10358825.716638796,10009541.638134304,-1.30385160446167e-08
34380.0,43.415308502216796,32.07335522120571,1,641.0030501528486,1923.0091504585457,468.3061700443359,24.14671044241142,1422.2809414387903,17674986.333337177,13256239.75000288,2703982.6997331777,107702.45780846216,10201027.42273645,859500.0000000001,10444554.592461225,10093324.964927973,-1.4901161193847656e-08
34440.0,43.54498053402105,32.17382420012603,1,643.0854884937738,1929.2564654813214,470.899610680421,24.347648400252055,1425.9430042704357,17829077.202447575,13371807.901835676,2732158.876430306,109157.2860896805,10286474.317395054,861000.0000000001,10530491.739315676,10177317.03130536,-1.30385160446167e-08
34500.0,43.674618295509866,32.27454030145236,1,645.1556834139861,1935.4670502419585,473.49236591019735,24.549080602904723,1429.569780454811,17983666.38833991,13487749.791254928,2760490.639306694,110624.18550139372,10372139.877515588,862500.0000000001,10616634.966446823,10261515.692014175,-1.862645149230957e-08
34560.0,43.80421875456941,32.375500955278646,1,647.2135954999579,1941.6407864998737,476.0843750913882,24.751001910557292,1433.161212031062,18138750.947858926,13604063.210894188,2788977.9454185492,112103.18554413409,10458021.984157098,864000.0000000001,10702982.07993149,10345918.798612949,-1.4901161193847656e-08
34620.0,43.93377888056431,32.47670358793168,1,649.2591855720099,1947.7775567160297,478.67557761128626,24.95340717586336,1436.7172416961319,18294327.928418152,13720745.946313607,2817620.748184425,113594.31540981862,10544118.51492072,865500.0000000001,10789530.88271935,10430524.199510885,-1.30385160446167e-08
34680.0,44.063295644394465,32.57814562201895,1,651.2924146850553,1953.8772440551659,481.2659128878893,25.156291244037902,1440.2378128058892,18450394.368056145,13837795.776042098,2846418.9973870274,115097.60398129994,10630427.343989158,867000.0000000001,10876279.17467376,10515329.740007844,-1.1175870895385742e-08
34740.0,44.19276601855159,32.67982447647647,1,653.3132441293432,1959.9397323880294,483.8553203710318,25.359648952952938,1443.7228693762197,18606947.29549285,13955210.471619628,2875372.6391750914,116613.07983192279,10716946.342166267,868500.0000000001,10963224.752612602,10600333.262334328,-1.30385160446167e-08
34800.0,44.32218697717578,32.78173756661673,1,655.3216354311934,1965.96490629358,486.4437395435157,25.563475133233453,1447.1723560841056,18763983.7301862,14072987.797639642,2904481.616065326,118140.77122508636,10803673.376916682,870000.0000000001,11050365.41034922,10685532.605691584,-9.313225746154785e-09
34860.0,44.45155549611209,32.883882304176666,1,657.317550353731,1971.9526510611931,489.03110992224185,25.767764608353332,1450.5862182687024,18921500.682388846,14191125.511791624,2933745.8669444253,119680.70611381228,10890606.312405521,871500.0000000001,11137698.938733375,10770925.606291693,-1.30385160446167e-08
34920.0,44.580868552967154,32.98625609736579,1,659.3009508976124,1977.9028526928373,491.6173710593431,25.97251219473158,1453.964401932411,19079495.153205067,14309621.364903789,2963165.327071149,121232.91214031856,10977743.009538136,873000.0000000001,11225223.125692308,10856510.0973978,-1.30385160446167e-08
34980.0,44.71012312716557,33.08885635091428,1,661.2717993017509,1983.8153979052527,494.20246254331147,26.177712701828554,1457.3068537419124,19237964.134647883,14428473.100985903,2992739.92807847,122797.41663559902,11065081.325999951,874500.0000000001,11312935.756271819,10942283.909364335,-1.6763806343078613e-08
35040.0,44.839316200006415,33.1916804661212,1,663.2300580440333,1989.6901741320999,496.7863240001283,26.383360932242397,1460.6135210292061,19396904.60969632,14547678.457272232,3022469.5979757886,124374.2466190088,11152619.116296347,876000.0000000001,11400834.612677418,11028244.869677322,-1.6763806343078613e-08
35100.0,44.96844475471975,33.29472584090279,1,665.1756898420361,1995.5270695261083,499.36889509439493,26.589451681805585,1463.8843517926462,19556313.55235284,14667235.16426462,3052354.261151219,125963.42879785551,11240354.231792605,877500.0000000001,11488917.47431553,11114390.802994734,-1.4901161193847656e-08
35160.0,45.097505776522844,33.397989869840806,1,667.1086576537346,2001.3259729612037,501.95011553045686,26.795979739681613,1467.1192946979274,19716187.92770095,14787140.945775703,3082393.838373936,127564.9895669961,11328284.520753926,879000.0000000001,11577182.117834756,11200719.531186914,-1.30385160446167e-08
35220.0,45.22649625267676,33.50146994423091,1,669.0289246782075,2007.0867740346225,504.5299250535352,27.002939888461825,1470.3182990791092,19876524.691963006,14907393.518972246,3112588.246796597,129178.95500843969,11416407.828385498,880500.0000000001,11665626.317167193,11287228.873377042,-1.6763806343078613e-08
35280.0,45.355413172542505,33.605163452131166,1,670.9364543563393,2012.8093630690178,507.10826345085013,27.21032690426233,1473.4813149395818,20037320.792558134,15027990.594418593,3142937.3999578273,130805.35089095615,11504721.99687263,882000.0000000001,11754247.843569793,11373916.645981655,-1.4901161193847656e-08
35340.0,45.48425352763742,33.70906777841056,1,672.831210371514,2018.493631114542,509.6850705527484,27.418135556821113,1476.6082929530487,20198573.168160364,15148929.876120264,3173441.207784772,132444.2026696905,11593224.865420932,883500.0000000001,11843044.465665787,11460780.662751226,-1.30385160446167e-08
35400.0,45.613014311691316,33.813180304797584,1,674.7131566503086,2024.139469950926,512.2602862338263,27.626360609595167,1479.699184464474,20360278.7487569,15270209.061567666,3204099.5765957213,134095.5354857831,11681914.270296576,885000.0000000001,11932013.949486151,11547818.73481078,-9.313225746154785e-09
35460.0,45.74169252070284,33.917498409928925,1,676.5822573631785,2029.7467720895356,514.8338504140568,27.83499681985785,1482.753941491049,20522434.45570659,15391825.841779929,3234912.4091027947,135759.37416599574,11770788.044866594,886500.0000000001,12021154.058511125,11635028.670700582,-1.4901161193847656e-08
35520.0,45.8702851529955,34.022019469398174,1,678.4384769251408,2035.3154307754223,517.40570305991,28.044038938796348,1485.7725167231047,20685037.201798502,15513777.901348865,3265879.6044147005,137435.74322234353,11859844.019639235,888000.0000000001,12110462.553711805,11722408.276416874,-1.6763806343078613e-08
35580.0,45.99878920927385,34.126740855804584,1,680.2817799964502,2040.8453399893506,519.9757841854771,28.25348171160917,1488.754863525046,20848083.891310748,15636062.918483049,3297001.058039557,139124.66685173268,11949080.022304386,889500.0000000001,12199937.19359174,11809955.355452633,-1.862645149230957e-08
35640.0,46.12720169267957,34.23165993880194,1,682.1121314832737,2046.3363944498212,522.5440338535914,28.46331987760388,1491.7009359362548,21011571.42006938,15758678.565052023,3328276.661887787,140826.1689356041,12038493.877774047,891000.0000000001,12289575.734228615,11897667.708838422,-1.6763806343078613e-08
35700.0,46.255519608847464,34.33677408514742,1,683.9294965383572,2051.7884896150717,525.1103921769493,28.673548170294836,1494.6106886719856,21175496.67550752,15881622.506630626,3359706.3042750703,142540.27303958285,12128083.408222849,892500.0000000001,12379375.929315953,11985543.135183241,-2.0489096641540527e-08
35760.0,46.383739965961496,34.44208065875058,1,685.7338405616898,2057.2015216850696,527.6747993192299,28.884161317501153,1497.484077124249,21339856.536724593,16004892.40254343,3391289.8699253756,144267.0024131335,12217846.433128636,894000.0000000001,12469335.530204905,12073579.430715483,-1.4901161193847656e-08
35820.0,46.511859774810674,34.54757702072232,1,687.525129201162,2062.575387603486,530.2371954962134,29.095154041444644,1500.321057362679,21504647.87454576,16128485.905909305,3423027.239974048,146006.3799892214,12307780.769313103,895500.0000000001,12559452.28594602,12161774.38932386,-1.4901161193847656e-08
35880.0,46.63987604884501,34.653260529423996,1,689.3033283532205,2067.9099850596617,532.7975209769002,29.30652105884799,1503.121586135395,21669867.551581495,16252400.663686106,3454918.2919709706,147758.42838397966,12397884.230982466,897000.0000000001,12649723.943331135,12250125.80259846,-2.0489096641540527e-08
35940.0,46.76778580423128,34.75912854051651,1,691.0684041635164,2073.2052124905495,535.3557160846256,29.518257081033013,1505.8856208698326,21835512.4222873,16376634.316715458,3486962.899883791,149523.16989638231,12488154.629768206,898500.0000000001,12740148.246935269,12338631.459871799,-1.6763806343078613e-08
36000.0,46.8955860599089,34.86517840700946,1,692.8203230275509,2078.460969082653,537.911721198178,29.73035681401892,1508.6131196735898,22001579.333023615,16501184.499767693,3519160.9341012156,151300.6265079231,12578589.774767851,900000.0000000001,12830722.939158542,12427289.148259908,-1.30385160446167e-08
36060.0,47.023273837645576,34.9714074793104,1,694.5590515913138,2083.6771547739418,540.4654767529115,29.9428149586208,1511.304041335231,22168065.122115836,16626048.841586858,3551512.261436369,153090.8198823003,12669187.472585814,901500.0000000001,12921445.760268178,12516096.652703494,-1.1175870895385742e-08
36120.0,47.15084616209308,35.07781310527408,1,696.2845567519197,2088.853670255759,543.0169232418616,30.155626210548164,1513.9583453251025,22334966.61991452,16751224.964935875,3584016.745130222,154893.77136510742,12759945.527374264,903000.0000000001,13012314.448440528,12605051.756009132,-1.6763806343078613e-08
36180.0,47.27830006084287,35.184392630251814,1,697.9968056582377,2093.9904169747133,545.5660012168573,30.36878526050363,1516.575991796118,22502280.648855742,16876710.486641787,3616674.244855085,156709.5019835299,12850861.740874067,904500.0000000001,13103326.73980316,12694152.238890518,-1.30385160446167e-08
36240.0,47.40563256448159,35.29114339714078,1,699.6957657115166,2099.0872971345498,548.1126512896319,30.582286794281558,1519.156941584538,22670004.02352156,17002503.01764115,3649484.616718171,158538.03244604752,12941933.912455762,906000.0000000001,13194480.368476914,12783395.88000969,-1.6763806343078613e-08
36300.0,47.532840706646674,35.39806274643351,1,701.3814045660063,2104.1442136980186,550.6568141329335,30.79612549286702,1521.7011562107307,22838133.55070069,17128600.1630255,3682447.7132652216,160379.38314214296,13033159.839160584,907500.0000000001,13285773.066618115,12872780.456018414,-1.862645149230957e-08
36360.0,47.659921524081824,35.50514801626733,1,703.0536901295723,2109.161070388717,553.1984304816365,31.010296032534654,1524.2085978799378,23006666.02944929,17254999.52208695,3715563.3834842006,162233.57414201627,13124537.31574153,909000.0000000001,13377202.564460713,12962303.741599485,-1.862645149230957e-08
36420.0,47.786872056692346,35.61239654247385,1,704.7125905643086,2114.1377716929255,555.7374411338469,31.224793084947706,1526.6792294829988,23175598.2511519,17381698.688363906,3748831.4728090568,164100.62519630502,13216064.13470447,910500.0000000001,13468766.590358526,13051963.50950814,-1.862645149230957e-08
36480.0,47.913689347600524,35.71980565862858,1,706.3580742871414,2119.0742228614245,558.2737869520105,31.43961131725716,1529.1130145970817,23344926.999582525,17508695.249686874,3782251.8231235496,165980.55573581083,13307738.086349325,912000.0000000001,13560462.870827502,13141757.530613493,-1.1175870895385742e-08
36540.0,48.040370443201,35.82737269610046,1,707.9901099704335,2123.9703299113007,560.80740886402,31.654745392200923,1531.5099174864074,23514649.050965883,17635986.78822439,3815824.2727651424,167873.38487123145,13399556.958811242,913500.0000000001,13652289.130588,13231683.573939987,-1.6763806343078613e-08
36600.0,48.16691239321586,35.93509498410159,1,709.6086665425773,2128.825999627732,563.3382478643172,31.870189968203178,1533.8699031029294,23684761.174038757,17763570.88052905,3849548.656528964,169779.1313928989,13491518.538101854,915000.0000000001,13744243.092607167,13321739.406708928,-2.0489096641540527e-08
36660.0,48.29331225074994,36.042969849736856,1,711.2137131885892,2133.6411395657674,565.8662450149989,32.08593969947371,1536.192937087041,23855260.13011154,17891445.097583637,3883424.8056718344,171697.8137705239,13583620.608150562,916500.0000000001,13836322.47814126,13411922.794380011,-2.0489096641540527e-08
36720.0,48.419567072345856,36.15099461805369,1,712.8052193506942,2138.4156580520826,568.3913414469171,32.301989236107374,1538.4789857682379,24026142.673129883,18019607.004847392,3917452.5479163546,173629.45015294568,13675860.950845858,918000.0000000001,13928525.006778069,13502231.500692882,-2.421438694000244e-08
36780.0,48.54567391803901,36.25916661209184,1,714.3831547289096,2143.149464186729,570.9134783607801,32.51833322418368,1540.7280161657748,24197405.549736477,18148054.162302338,3951631.707455068,175574.05836788824,13768237.346076693,919500.0000000001,14020848.396479363,13592663.287708778,-1.862645149230957e-08
36840.0,48.67162985141261,36.367483152933175,1,715.9474892816199,2147.84246784486,573.4325970282522,32.73496630586635,1542.939995989321,24369045.499333028,18276784.124499753,3985962.104954684,177531.65592172238,13860747.571773887,921000.0000000001,14113290.363623325,13683215.915852135,-2.2351741790771484e-08
36900.0,48.79743193965268,36.475941559751554,1,717.4981932261506,2152.494579678452,575.9486387930536,32.95188311950311,1545.1148936396014,24541059.254142307,18405794.440606713,4020443.557560368,179502.25999923373,13953389.403951563,922500.0000000001,14205848.62304709,13773887.143952299,-2.2351741790771484e-08
36960.0,48.923077253602706,36.58453914986269,1,719.0352370393337,2157.1057111180007,578.4615450720542,33.169078299725385,1547.2526782089976,24713443.53927038,18535082.654452767,4055075.878900097,181485.88746339685,14046160.616748637,924000.0000000001,14298520.88808925,13864674.72928521,-2.2351741790771484e-08
37020.0,49.048562867818546,36.693273238774104,1,720.5585914580703,2161.675774374211,580.9712573563709,33.38654647754821,1549.353319482173,24886195.072768938,18664646.304576684,4089858.8790890826,183482.55485515512,14139058.982470332,925500.0000000001,14391304.870632429,13955576.42761515,-1.6763806343078613e-08
37080.0,49.17388586062309,36.80214114023505,1,722.0682274798885,2166.2046824396657,583.4777172124618,33.6042822804701,1551.4167879366596,25059310.565697804,18794482.924273334,4124792.364734258,185492.27839320686,14232082.271629738,927000.0000000001,14484198.281145848,14046589.993236503,-2.0489096641540527e-08
37140.0,49.29904331416092,36.91114016628656,1,723.5641163634943,2170.692349090483,585.9808662832183,33.822280332573115,1553.4430547434447,25232786.72218753,18924590.041640628,4159876.138938832,187515.07397379735,14325228.25298939,928500.0000000001,14577198.828727975,14137713.179015562,-2.2351741790771484e-08
37200.0,49.42403231445282,37.02026762731144,1,725.0462296293199,2175.1386888879597,588.4806462890565,34.04053525462288,1555.4320917675293,25406620.239502158,19054965.1796266,4195110.001306905,189550.9571705167,14418494.69360291,930000.0000000001,14670304.221149156,14228943.736432364,-2.0489096641540527e-08
37260.0,49.54884995145037,37.129520832084346,1,726.514539060065,2179.543617180195,590.9769990290074,34.25904166416869,1557.3838715684994,25580807.808102097,19185605.85607655,4230493.74794816,191599.94323410405,14511879.358856644,931500.0000000001,14763512.16489427,14320279.415622514,-1.4901161193847656e-08
37320.0,49.673493319090234,37.238897087821876,1,727.9690167012345,2183.9070501037036,593.4698663818046,34.47779417564375,1559.298367401052,25755346.11170712,19316509.58378032,4266027.171482602,193662.0470922575,14605380.012511374,933000.0000000001,14856820.36520544,14411717.965419088,-1.862645149230957e-08
37380.0,49.79795951534858,37.348393700232705,1,729.4096348616707,2188.228904585012,595.9591903069715,34.69678740046541,1561.1755532155307,25930231.827359527,19447673.87051962,4301710.061045381,195737.28334945015,14698994.416744025,934500.0000000001,14950226.52612477,14503257.133394541,-1.6763806343078613e-08
37440.0,49.92224564229536,37.458007973567746,1,730.8363661140806,2192.509098342242,598.4449128459072,34.91601594713549,1563.0154036584424,26105461.625487376,19579096.219115507,4337542.20229167,197825.66628675215,14792720.33218942,936000.0000000001,15043728.350537065,14594894.665902635,-1.862645149230957e-08
37500.0,50.04634880614844,37.56773721067032,1,732.2491832955576,2196.747549886673,600.9269761229688,35.135474421340646,1564.8178940729554,26281032.169967905,19710774.127475902,4373523.377401609,199927.2098616589,14886555.517982082,937500.0000000001,15137323.540212616,14686628.30812039,-1.862645149230957e-08
37560.0,50.170266117327756,37.6775787130264,1,733.6480595080992,2200.9441785242975,603.4053223465551,35.3551574260528,1566.58300049939,26456940.11819102,19842705.08864324,4409653.365085313,202041.9277079249,14980497.731798027,939000.0000000001,15231009.795849986,14778455.80409007,-1.6763806343078613e-08
37620.0,50.293994690509344,37.787529780814815,1,735.0329681191187,2205.098904357356,605.8798938101869,35.57505956162963,1568.3106996756937,26633182.12112296,19974886.590842195,4445931.940587952,204169.83313540416,15074544.729896618,940500.0000000001,15324784.817118825,14870374.896761185,-1.30385160446167e-08
37680.0,50.417531644679286,37.89758771295756,1,736.4038827619523,2209.211648285857,608.3506328935857,35.79517542591512,1570.0009690379045,26809754.823370032,20107316.1175275,4482358.875694885,206310.93912989623,15168694.26716244,942000.0000000001,15418646.302702708,14962383.32803252,-9.313225746154785e-09
37740.0,50.54087410318758,38.00774980717005,1,737.7607773363613,2213.282332009084,610.8174820637516,36.0154996143401,1571.6537867205986,26986654.86324251,20239991.147431858,4518933.938736871,208465.2583529983,15262944.09714719,943500.0000000001,15512591.950341977,15054478.838794162,-1.1175870895385742e-08
37800.0,50.664019193801984,38.1180133600115,1,739.1036260090294,2217.310878027088,613.2803838760397,36.236026720023006,1573.2691315573263,27163878.872818634,20372909.15461395,4555656.8945953315,210632.80314196364,15357291.972111605,945000.0000000001,15606619.456876647,15146659.168969616,-7.450580596923828e-09
37860.0,50.78696404876161,38.2283756669352,1,740.4324032140531,2221.2972096421595,615.7392809752322,36.4567513338704,1574.8469830810318,27341423.478008717,20506067.608506512,4592527.504707687,212813.58550956572,15451735.64306742,946500.0000000001,15700726.518289251,15238922.057557827,-7.450580596923828e-09
37920.0,50.909705804830686,38.33883402233892,1,741.7470836534299,2225.2412509602896,618.1941160966137,36.677668044677844,1576.387321524467,27519285.29861941,20639463.97396453,4629545.527072755,215007.61714396861,15546272.859819336,948000.0000000001,15794910.8297478,15331265.24267534,-9.313225746154785e-09
37980.0,51.032241603351956,38.4493857196153,1,743.0476422975394,2229.142926892618,620.6448320670391,36.8987714392306,1577.8901278205765,27697460.948418025,20773095.711313494,4666710.7162562115,217214.90940860324,15640901.371007022,949500.0000000001,15889170.08564867,15423686.46159839,-7.450580596923828e-09
38040.0,51.15456859030026,38.560028051202224,1,744.3340543856197,2233.002163156859,623.0913718060051,37.12005610240445,1579.3553836028934,27875947.035197023,20906960.276397746,4704022.823396119,219435.4733420499,15735618.92414714,951000.0000000001,15983501.979659563,15516183.450805059,-1.30385160446167e-08
38100.0,51.27668391633586,38.670758308633296,1,745.6062954262388,2236.8188862787165,625.5336783267172,37.34151661726659,1580.7830712059017,28054740.1608386,21041055.12062893,4741481.596208516,221669.31965792665,15830423.265675394,952500.0000000001,16077904.204762474,15608753.946017435,-1.30385160446167e-08
38160.0,51.39858473685769,38.78157378258825,1,746.8643411977614,2240.593023593284,627.9716947371538,37.56314756517649,1582.1731736653885,28233836.92137937,21175377.691034507,4779086.778993068,223916.45874478386,15925312.140988588,954000.0000000001,16172374.453296639,15701395.682243774,-1.6763806343078613e-08
38220.0,51.520268212056585,38.89247176294341,1,748.1081677488094,2244.3245032464283,630.4053642411317,37.78494352588682,1583.5256747187923,28413233.907075167,21309925.430306356,4816838.112638793,226176.9006660048,16020283.29448673,955500.0000000001,16266910.417001538,15794106.39382069,-2.0489096641540527e-08
38280.0,51.641731506968334,39.00344953882222,1,749.3377513987181,2248.0132541961543,632.8346301393667,38.006899077644434,1584.840558805523,28592927.702465985,21444695.776849467,4854735.3346298365,228450.65515971216,16115334.46961512,957000.0000000001,16361509.787059898,15886883.814455373,-2.0489096641540527e-08
38340.0,51.76297179152676,39.11450439864568,1,750.5530687379874,2251.659206213962,635.2594358305352,38.22900879729136,1586.1178110672874,28772914.886440974,21579686.164830714,4892778.179051322,230737.7316386808,16210463.408906503,958500.0000000001,16456170.25414069,15979725.677267788,-2.2351741790771484e-08
38400.0,51.88398624061659,39.2256336301829,1,751.7540966287266,2255.26228988618,637.6797248123319,38.451267260365796,1587.3574173483853,28953192.03230361,21714894.024227686,4930966.376595259,233038.13919025648,16305667.854023192,960000.0000000001,16550889.50844215,16072629.714832902,-2.0489096641540527e-08
38460.0,52.00477203412633,39.3368345206016,1,752.9408122050964,2258.8224366152895,640.0954406825267,38.6736690412032,1588.5593641960015,29133755.70783689,21850316.780877646,4969299.654566514,235351.88657628067,16400945.54579925,961500.0000000001,16645665.239734832,16165593.659222936,-1.862645149230957e-08
38520.0,52.12532635700086,39.44810435651867,1,754.1131928737426,2262.3395786212277,642.5065271400172,38.89620871303734,1589.7236388604663,29314602.47536871,21985951.856526513,5007777.736888853,237678.98223302144,16496294.22428266,963000.0000000001,16740495.13740462,16258615.242049608,-1.862645149230957e-08
38580.0,52.24564639929425,39.5594404240507,1,755.2712163142273,2265.813648942682,644.9129279858851,39.1188808481014,1590.8502292955413,29495728.891837303,22121796.66887796,5046400.344111028,240019.4342711103,16591711.628777528,964500.0000000001,16835376.8904958,16351692.194506384,-1.862645149230957e-08
38640.0,52.36572935622217,39.67084000886457,1,756.4148604794534,2269.24458143836,647.3145871244434,39.341680017729146,1591.9391241586422,29677131.508856785,22257848.631642573,5085167.193412956,242373.25047548537,16687195.497886296,966000.0000000001,16930308.187754117,16444822.247410784,-1.4901161193847656e-08
38700.0,52.48557242821443,39.78230039622798,1,757.5441035960845,2272.6323107882536,649.7114485642886,39.56460079245596,1592.990312811101,29858806.87278282,22394105.1545871,5124077.99861193,244740.43830534024,16782743.569551963,967500.0000000001,17025286.71766981,16538003.131246593,-1.862645149230957e-08
38760.0,52.60517282096725,39.893818871060084,1,758.6589241649596,2275.976772494879,652.103456419345,39.78763774212017,1594.0037853183583,30040751.524778355,22530563.64358375,5163132.4701689165,247121.00489407923,16878353.581100337,969000.0000000001,17120310.168520737,16631232.57620623,-1.862645149230957e-08
38820.0,52.72452774549556,40.00539271798201,1,759.7593009615015,2279.2779028845043,654.4905549099111,40.010785435964024,1594.9795324501983,30222962.00087948,22667221.500659596,5202330.315194902,249514.95704927857,16974023.26928227,970500.0000000001,17215376.228415396,16724508.312232962,-1.862645149230957e-08
38880.0,52.8436344181851,40.11701922136755,1,760.8452130361229,2282.5356391083687,656.872688363702,40.2340384427351,1595.9175456809203,30405434.832061384,22804076.124046024,5241671.237457311,251922.30125265368,17069750.37031595,972000.0000000001,17310482.58533605,16817828.069063272,-1.4901161193847656e-08
38940.0,52.9624900608445,40.22869566539365,1,761.9166397146226,2285.749919143868,659.2498012168901,40.4573913307873,1596.8178171895365,30588166.544304393,22941124.90822828,5281154.937386475,254343.04366003256,17165532.619929153,973500.0000000001,17405626.92718176,16911189.576269094,-7.450580596923828e-09
39000.0,53.08109190075718,40.34041933409112,1,762.9735605985816,2288.9206817957447,661.6218380151436,40.68083866818225,1597.6803398599234,30771153.658660103,23078365.243995063,5320781.112082178,256777.19010133512,17261367.753401544,975000.0000000001,17500806.941811536,17004590.563300177,-1.4901161193847656e-08
39060.0,53.199437170733304,40.452187511395195,1,764.0159555657492,2292.0478666972476,663.988743414666,40.90437502279039,1598.5051072809988,30954392.691317633,23215794.51848821,5360549.455320255,259224.74608055875,17357253.505606968,976500.0000000001,17596020.317087382,17098028.759526383,-1.4901161193847656e-08
39120.0,53.317523109161336,40.56399748119614,1,765.0438047704284,2295.1314143112854,666.3504621832267,41.12799496239228,1599.2921137468354,31137880.153669924,23353410.11525243,5400459.657559256,261685.71677576983,17453187.61105577,978000.0000000001,17691264.740917392,17191501.89427997,-1.1175870895385742e-08
39180.0,53.43534696005983,40.67584652738989,1,766.0570886438514,2298.1712659315544,668.7069392011966,41.35169305477979,1600.04135425681,31321612.552380193,23491209.41428513,5440511.405947167,264160.1070391014,17549167.80393708,979500.0000000001,17786537.901298847,17285007.69689795,-1.4901161193847656e-08
39240.0,53.55290597312889,40.7877319339287,1,767.0557878945544,2301.167363683663,671.0581194625777,41.575463867857394,1600.7528245157037,31505586.38944841,23629189.792086296,5480704.384328204,266647.92139675707,17645191.818161175,981000.0000000001,17881837.486361325,17378543.89676439,-7.450580596923828e-09
39300.0,53.6701974038016,40.89965098487166,1,768.0398835087428,2304.1196505262287,673.4039480760321,41.799301969743325,1601.4265209338143,31689798.16227792,23767348.621708427,5521038.273249654,269149.16404902027,17741257.38740176,982500.0000000001,17977161.184409734,17472108.22335271,-1.862645149230957e-08
39360.0,53.78721851329531,41.01160096443546,1,769.0093567506551,2307.0280702519653,675.7443702659061,42.02320192887092,1602.062440627025,31874244.363742087,23905683.272806555,5561512.749968792,271663.8388702708,17837362.245138343,984000.0000000001,18072506.683967475,17565698.406268045,-1.4901161193847656e-08
39420.0,53.903966568662895,41.12357915704487,1,769.9641891629177,2309.8925674887532,678.0793313732579,42.247158314089745,1602.6605814169,32058921.482251115,24044191.111688327,5602127.488459848,274191.9494090063,17933504.12469855,985500.0000000001,18167871.673819456,17659312.17528951,-1.4901161193847656e-08
39480.0,54.0204388428438,41.23558284738345,1,770.9043625668985,2312.7130877006957,680.4087768568761,42.471165694766896,1603.2209418307284,32243826.00181888,24182869.50136415,5642882.159421043,276733.4988878703,18029680.759300463,987000.0000000001,18263253.84305522,17752947.260412563,-1.862645149230957e-08
39540.0,54.136632614715005,41.3476093204441,1,771.8298590630503,2315.489577189151,682.7326522943001,42.6952186408882,1603.7435211015713,32428954.40212986,24321715.80159738,5683776.430281682,279288.49020368664,18125889.88209499,988500.0000000001,18358650.88111199,17846601.391891267,-1.862645149230957e-08
39600.0,54.252545169142,41.459655861579726,1,772.7406610312546,2318.221983093764,685.05090338284,42.91931172315945,1604.2283191683093,32614303.158606164,24460727.36895461,5724809.965209314,281856.92592749925,18222129.22620818,990000.0000000001,18454060.47781778,17940272.300280653,-1.862645149230957e-08
39660.0,54.36817379702942,41.57171975655378,1,773.6367511311546,2320.910253393464,687.3634759405884,43.143439513107566,1604.6753366756448,32799868.74247465,24599901.556855973,5765982.4251169395,284438.80830461864,18318396.52478361,991500.0000000001,18549480.323434405,18033957.716478962,-1.1175870895385742e-08
39720.0,54.48351579537171,41.683798291590904,1,774.5181123024862,2323.5543369074585,689.6703159074342,43.36759658318181,1605.084574974113,32985647.620834082,24739235.71562555,5807293.467670297,287034.139254674,18414689.511024695,993000.0000000001,18644908.10870057,18127655.371769994,-1.1175870895385742e-08
39780.0,54.59856846730375,41.79588875342747,1,775.3847277654036,2326.1541832962107,691.971369346075,43.59177750685494,1605.4560361200854,33171636.25672242,24878727.1925418,5848742.747295198,289642.92037167173,18511005.918237068,994500.0000000001,18740341.524874922,18221362.997865364,-1.1175870895385742e-08
39840.0,54.713329122151144,41.90798842936223,1,776.2365810207972,2328.7097430623917,694.2665824430229,43.815976858724454,1605.7897228757301,33357831.109184127,25018373.331888083,5890329.9151849225,292265.1529240597,18607343.479870915,996000.0000000001,18835778.26377909,18315078.32694682,-1.1175870895385742e-08
39900.0,54.82779507548061,42.0200946073068,1,777.0736558506092,2331.2209675518275,696.5559015096121,44.040189214613605,1606.0856387089952,33544228.63333761,25158171.47500319,5932054.619307683,294900.83785479807,18703699.92956332,997500.0000000001,18931216.017840695,18408799.091708485,-1.4901161193847656e-08
39960.0,54.941963649150104,42.13220457583632,1,777.8959363181413,2333.687808954424,698.839272983002,44.26440915167264,1606.3437877935485,33730825.28044269,25298118.960332002,5973916.50441414,297549.9757814357,18800073.001180634,999000.0000000001,19026652.480136413,18502523.025399163,-1.1175870895385742e-08
40020.0,55.05583217135889,42.24431562423989,1,778.7034067683588,2336.1102203050764,701.1166434271777,44.48863124847978,1606.5641750087223,33917617.49796818,25438213.12347612,6015915.212044987,300212.56699619273,18896460.428860772,1000500.0000000001,19122085.344434932,18596247.86186455,-7.450580596923828e-09
40080.0,55.1693979766975,42.356425042571196,1,779.4960518281882,2338.4881554845647,703.38795953395,44.71285008514239,1606.746805939439,34104601.72965952,25578451.297244623,6058050.380538581,302888.6114660493,18992859.9470556,1002000.0000000001,19217512.305239983,18689971.33558952,-7.450580596923828e-09
40140.0,55.2826584061976,42.468530121699,1,780.2738564068102,2340.8215692204303,705.6531681239519,44.937060243397994,1606.8916868761244,34291774.41560647,25718830.811704833,6100321.645038652,305578.1088328405,19089269.290573236,1003500.0000000001,19312931.057833325,18783691.181740362,-1.4901161193847656e-08
40200.0,55.39561080738152,42.58062815335765,1,781.0368056959467,2343.11041708784,707.9122161476305,45.1612563067153,1606.9988248145935,34479131.992310874,25859348.994233143,6142728.637502055,308281.05841335707,19185686.194620382,1005000.0000000001,19408339.29831772,18877405.136206996,-1.1175870895385742e-08
40260.0,55.50825253431206,42.69271643019758,1,781.7848851701431,2345.3546555104294,710.1650506862411,45.385432860395156,1607.0682274559556,34666670.89275456,26000003.169565912,6185270.986706591,310997.4591994523,19282108.39484466,1006500.0000000001,19503734.723659854,18971110.935645174,-1.4901161193847656e-08
40320.0,55.62058094764175,42.80479224583577,1,782.5180805870444,2347.554241761133,712.4116189528349,45.60958449167154,1607.0999032064697,34854387.54646721,26140790.65985039,6227948.318258887,313727.30985815503,19378533.627376895,1008000.0000000001,19599115.03173333,19064806.317518704,-1.4901161193847656e-08
40380.0,55.7325934146623,42.91685289490626,1,783.2363779876671,2349.7091339630015,714.6518682932459,45.83370578981253,1607.0938611774066,35042278.37959429,26281708.784695704,6270760.254602332,316470.6087317887,19474959.628873456,1009500.0000000001,19694477.92136157,19158489.020141635,-1.4901161193847656e-08
40440.0,55.84428730935376,43.028895673110526,1,783.9397636966637,2351.819291089991,716.8857461870753,46.05779134622105,1607.0501111849014,35230339.814965196,26422754.861223884,6313706.415025068,319227.3538380964,19571384.13655853,1011000.0000000001,19789821.092360705,19252156.7827204,-1.1175870895385742e-08
40500.0,55.95566001243362,43.140917877267945,1,784.6282243225844,2353.8846729677534,719.1132002486723,46.28183575453589,1606.9686637497753,35418568.27216129,26563926.20412095,6356786.415668058,321997.5428703718,19667804.888266407,1012500.0000000001,19885142.245582506,19345807.345396,-1.1175870895385742e-08
40560.0,56.06670891140569,43.2529168053662,1,785.3017467581312,2355.9052402743937,721.3341782281138,46.505833610732395,1606.8495300973523,35606960.167584054,26705220.12568802,6399999.869533189,324781.1731975967,19764219.62248377,1014000.0000000001,19980439.082957227,19439438.44928614,-7.450580596923828e-09
40620.0,56.17743140060903,43.364889756611646,1,785.9603181804077,2357.880954541223,723.5486280121806,46.72977951322329,1606.6927221572719,35795511.91452337,26846633.935892507,6443346.386491446,327578.24186458386,19860626.078391947,1015500.0000000001,20075709.30753647,19533047.836527336,-3.725290298461914e-09
40680.0,56.28782488126658,43.47683403147969,1,786.6039260511637,2359.811778153491,725.7564976253316,46.95366806295938,1606.4982525632759,35984219.923225775,26988164.942419305,6486825.573291153,330388.7455921266,19957021.995909177,1017000.0000000001,20170950.62353602,19626633.250317022,-7.450580596923828e-09
40740.0,56.39788676153372,43.58874693176513,1,787.2325581170327,2361.697674351098,727.9577352306744,47.17749386353026,1606.266134652981,36173080.60096279,27129810.450722065,6530437.03356625,333212.6807771539,20053405.11573283,1018500.0000000001,20266160.736378655,19720192.43495565,-7.450580596923828e-09
40800.0,56.50761445654675,43.70062576063245,1,787.8462024097665,2363.5386072292995,730.152289130935,47.401251521264896,1605.996382467653,36362090.35209934,27271567.764074482,6574180.367844651,336050.0434928916,20149773.17938165,1020000.0000000001,20361337.352736928,19813723.135888726,-1.1175870895385742e-08
40860.0,56.61700538847114,43.81246782266614,1,788.4448472464622,2365.3345417393866,732.3401077694228,47.624935645332286,1605.6890107519469,36551245.57816222,27413434.18362165,6618055.173556645,338900.8294890303,20246123.929237954,1021500.0000000001,20456478.180575963,19907223.099748895,-1.1175870895385742e-08
40920.0,56.726056986549736,43.92427042392096,1,789.0284812297851,2367.0854436893555,734.5211397309947,47.84854084784192,1605.3440349536486,36740542.67790861,27555407.008431435,6662061.045043361,341765.0341918983,20342455.108589847,1023000.0000000001,20551580.929196168,20000690.07439792,-7.450580596923828e-09
40980.0,56.8347666871508,44.03603087197213,1,789.5970932481855,2368.7912797445565,736.6953337430159,48.07206174394426,1604.9614712234047,36929978.047394566,27697483.535545908,6706197.573565291,344642.6527046411,20438764.461673368,1024500.0000000001,20646643.309275962,20094121.8089687,-1.4901161193847656e-08
41040.0,56.94313193381586,44.14774647596562,1,790.1506724761102,2370.4520174283307,738.8626386763173,48.29549295193124,1604.5413364144206,37119548.08004373,27839661.06003278,6750464.347310866,347533.6798074071,20535049.733714692,1026000.0000000001,20741663.032914493,20187516.053907257,-1.4901161193847656e-08
41100.0,57.05115017730755,44.259414546668275,1,790.6892083742085,2372.0676251226255,741.0230035461509,48.51882909333655,1604.0836480821647,37309249.16671595,27981936.87503694,6794860.951405096,350438.10995753895,20631308.67097225,1027500.0000000001,20836637.813674293,20280870.56101468,-1.1175870895385742e-08
41160.0,57.158818875657175,44.371032396518004,1,791.2126906895335,2373.6380720686,743.1763775131435,48.74206479303601,1603.588424484052,37499077.69577596,28124308.271831956,6839386.967918262,353355.93728977104,20727539.020778853,1029000.0000000001,20931565.366623912,20374183.083489053,-1.1175870895385742e-08
41220.0,57.26613549421224,44.482597339673866,1,791.7211094557362,2375.1633283672086,745.3227098842449,48.96519467934773,1603.0556845791123,37689030.053162225,28266772.53987165,6884041.97587467,356287.1556164331,20823738.531583816,1030500.0000000001,21026443.40838054,20467451.375967354,-1.1175870895385742e-08
41280.0,57.373097505683845,44.5941066920662,1,792.2144549932563,2376.6433649797686,747.461950113677,49.188213384132396,1602.4854480276529,37879102.62245566,28409326.966841727,6928825.551261452,359231.75842765975,20919904.952995032,1032000.0000000001,21121269.6571526,20560673.19456734,-1.4901161193847656e-08
41340.0,57.479702390193744,44.705557771446664,1,792.6927179095057,2378.0781537285175,749.5940478038749,49.41111554289333,1601.8777351908836,38069291.78494852,28551968.838711374,6973737.267037439,362189.738891606,21016036.035821047,1033500.0000000001,21216041.832782317,20653846.29692941,-1.1175870895385742e-08
41400.0,57.58594763532164,44.81694789743826,1,793.1558890990483,2379.467667297145,751.7189527064328,49.63389579487652,1601.2325671305753,38259593.91971331,28694695.43978497,7018776.693142077,365161.0898546688,21112129.532113086,1035000.0000000001,21310757.65678821,20746968.442258388,-1.4901161193847656e-08
41460.0,57.69183073615197,44.928274391585354,1,793.6039597437721,2380.811879231316,753.8366147230395,49.85654878317071,1600.5499656086536,38450005.403671704,28837504.05275377,7063943.396504405,368145.80384171475,21208183.1952071,1036500.0000000001,21405414.852407638,20840037.391365357,-1.1175870895385742e-08
41520.0,57.79734919532073,45.039534577403586,1,794.0369213130576,2382.110763939173,755.9469839064145,50.07906915480717,1599.8299530868094,38640522.61166352,28980391.958747625,7109236.941052089,371143.87305631343,21304194.779765744,1038000.0000000001,21500011.14463921,20933050.9067094,-1.1175870895385742e-08
41580.0,57.90250052306216,45.15072578042984,1,794.454765563941,2383.3642966918233,758.0500104612431,50.301451560859675,1599.072552726093,38831141.91651574,29123356.43738679,7154656.887720515,374155.2893809771,21400162.04182036,1039500.0000000001,21594544.260285273,21026006.752439342,-2.2351741790771484e-08
41640.0,58.00728223725522,45.261845328272095,1,794.85748454127,2384.57245362381,760.1456447451044,50.52369065654419,1598.2777883864835,39021859.68911156,29266394.766833656,7200202.79446193,377180.04437740636,21496082.738812916,1041000.0000000001,21689011.9279943,21118902.69443547,-2.2351741790771484e-08
41700.0,58.11169186346993,45.37289055065929,1,795.2450705778557,2385.735211733567,762.2338372693986,50.745781101318585,1597.4456846264536,39212672.298459515,29409504.22384462,7245874.216254647,380218.12928674126,21591954.629637945,1042500.0000000001,21783411.87830322,21211736.50035117,-1.4901161193847656e-08
41760.0,58.215726935013684,45.483858779491115,1,795.6175162946187,2386.852548883856,764.3145387002737,50.96771755898223,1596.5762667025301,39403576.111762576,29552682.083821915,7291670.705112299,383269.53502981935,21687775.474684432,1044000.0000000001,21877741.84367978,21304505.939654574,-1.4901161193847656e-08
41820.0,58.31938499297724,45.59474734888779,1,795.9748146007294,2387.924443802188,766.3876998595448,51.18949469777559,1595.6695605688167,39594567.49448731,29695925.620865468,7337591.810093156,386334.25220743864,21783543.035877675,1045500.0000000001,21971999.558564853,21397208.783670194,-1.862645149230957e-08
41880.0,58.42266358628062,45.7055535952398,1,796.316958693743,2388.950876081229,768.4532717256125,51.4111071904796,1594.725592876519,39785642.810433105,29839232.107824817,7383637.077309488,389412.2711006275,21879255.07672114,1047000.0000000001,22066182.75941468,21489842.805620473,-1.862645149230957e-08
41940.0,58.525560271718966,45.81627485725754,1,796.6439420597294,2389.931826179188,770.5112054343793,51.63254971451508,1593.7443909734627,39976798.42180137,29982598.81635102,7429806.049936991,392503.58167091967,21974909.362338264,1048500.0000000001,22160289.184743084,21582405.7806673,-2.2351741790771484e-08
42000.0,58.62807261400813,45.92690847602101,1,796.9557584733965,2390.8672754201893,772.5614522801627,51.853816952042024,1592.7259829035847,40168030.68926482,30126023.016948603,7476098.268224262,395608.17356063594,22070503.65951424,1050000.0000000002,22254316.57516369,21674895.485953566,-1.862645149230957e-08
42060.0,58.7301981858302,46.03745179502938,1,797.2524019982092,2391.7572059946274,774.603963716604,52.07490359005875,1591.6703974064228,40359335.97203673,30269501.979027536,7522513.269502331,398726.0360931712,22166035.73673777,1051500.0000000002,22348262.673432015,21767309.70064456,-1.862645149230957e-08
42120.0,58.83193456787872,46.14790216025054,1,797.5338669865024,2392.6016009595073,776.6386913575743,52.29580432050108,1590.5776639165738,40550710.62794027,30413032.97095519,7569050.588194251,401857.1582732881,22261503.364242777,1053000.0000000002,22442125.22448763,21859646.20596945,-2.2351741790771484e-08
42180.0,58.933279348903945,46.25825692017064,1,797.8001480795886,2393.400444238766,778.6655869780789,52.516513840341275,1589.4478125631565,40742151.013477854,30556613.26010838,7615709.755824735,405001.5287874158,22356904.314050104,1054500.0000000002,22535901.97549621,21951902.78526265,-1.862645149230957e-08
42240.0,59.034230125757894,46.36851342584351,1,798.0512402078593,2394.153720623578,780.6846025151578,52.73702685168702,1588.2808741692636,40933653.48390052,30700240.112925373,7662490.301029856,408159.1360039556,22452236.360009167,1056000.0000000002,22629590.67589154,22044077.224005174,-1.862645149230957e-08
42300.0,59.134784503439136,46.47866903094011,1,798.2871385908828,2394.8614157726483,782.6956900687827,52.95733806188022,1587.0768802513776,41125214.39327724,30843910.79495792,7709391.749566789,411329.96797359164,22547497.27783956,1057500.0000000002,22723189.07741752,22136167.309865933,-2.2351741790771484e-08
42360.0,59.23494009513759,46.588721091797865,1,798.5078387374937,2395.523516212481,784.6988019027517,53.17744218359573,1585.8358630188013,41316830.09456445,30987622.57092333,7756413.62432362,414514.01242960803,22642684.845172662,1059000.0000000002,22816694.93417008,22228170.832743015,-1.862645149230957e-08
42420.0,59.33469452227906,46.69866696747001,1,798.713336445879,2396.140009337637,786.6938904455811,53.39733393494002,1584.5578553730543,41508496.939675406,31131372.704756547,7803555.4453292,417711.25678821193,22737796.841593176,1060500.0000000002,22910106.002639115,22320085.58480493,-1.862645149230957e-08
42480.0,59.43404541456958,46.80850401977482,1,798.9036278036591,2396.710883410977,788.6809082913917,53.617008039549646,1583.2428909072626,41700211.27954965,31275158.459662233,7850816.729763052,420921.68814886233,22832831.048680656,1062000.0000000002,23003420.041750293,22411909.36053175,-2.2351741790771484e-08
42540.0,59.5329904100398,46.91822961334487,1,799.0787091879605,2397.2361275638814,790.6598082007961,53.83645922668974,1581.8910039055443,41891969.46422251,31418977.098166876,7898196.99196534,424145.29329460463,22927785.25005096,1063500.0000000002,23096634.81290691,22503639.956756312,-2.2351741790771484e-08
42600.0,59.631527155088975,47.02784111567615,1,799.2385772654862,2397.715731796459,792.6305431017795,54.05568223135231,1580.5022293423676,42083767.84289456,31562825.88217091,7945695.743446881,427382.05869241164,23022657.231397714,1065000.0000000002,23189748.080031596,22595275.172705263,-2.2351741790771484e-08
42660.0,59.72965330452887,47.137335897177216,1,799.3832289925783,2398.1496869777347,794.5930660905774,54.27467179435443,1579.0766028818969,42275602.76400114,31706702.073000845,7993312.492899211,430631.97049352975,23117444.78053372,1066500.0000000002,23282757.609608088,22686812.810040154,-1.4901161193847656e-08
42720.0,59.827366521627674,47.2467113312182,1,799.5126616152766,2398.5379848458297,796.5473304325535,54.4934226624364,1577.6141608773478,42467470.57528187,31850602.931461398,8041046.746204713,433895.01453383174,23212145.68743229,1068000.0000000002,23375661.17072283,22778250.672898415,-1.862645149230957e-08
42780.0,59.92466447815349,47.35596479417986,1,799.6268726693703,2398.880618008111,798.4932895630698,54.71192958835972,1576.1149403702927,42659367.623850204,31994525.71788765,8088898.006446787,437171.1763341749,23306757.744268578,1069500.0000000002,23468456.535106666,22869586.567934364,-2.2351741790771484e-08
42840.0,60.02154485441786,47.465093665502486,1,799.7258599804458,2399.177579941337,800.4308970883573,54.93018733100497,1574.5789790899878,42851290.25626295,32138467.69219721,8136865.773920076,440460.4411007652,23401278.745460883,1071000.0000000002,23561141.47717635,22960818.30436008,-2.2351741790771484e-08
42900.0,60.11800533931906,47.5740953277348,1,799.8096216639273,2399.4288649917817,802.3601067863813,55.148190655469605,1573.006315452666,43043234.81858984,32282426.113942377,8184949.546140743,443762.79372552765,23495706.48771186,1072500.0000000002,23653713.77407608,23051943.693986297,-2.2351741790771484e-08
42960.0,60.21404363038518,47.6829671665828,1,799.878156125113,2399.634468375339,804.2808726077035,55.3659343331656,1571.396988560818,43235197.65648308,32426398.24236231,8233148.817856805,447078.2187864819,23590038.77004974,1074000.0000000002,23746171.205718998,23142960.55126322,-2.2351741790771484e-08
43020.0,60.309657433817115,47.79170657095849,1,799.9314620592056,2399.7943861776166,806.1931486763423,55.58341314191698,1569.7510382024716,43427175.11524695,32570381.336435214,8281463.0810585115,450406.70054812427,23684273.39386946,1075500.0000000002,23838511.55482855,23233866.693321295,-2.9802322387695312e-08
43080.0,60.40484446453143,47.900310933028635,1,799.969538451337,2399.908615354011,808.0968892906286,55.80062186605727,1568.0685048504504,43619163.53990737,32714372.654930525,8329891.824988777,453748.22296181525,23778408.16297379,1077000.0000000002,23930732.60697991,23324659.940011937,-2.2351741790771484e-08
43140.0,60.49960244620292,48.00877764826339,1,799.9923845765876,2399.977153729763,809.9920489240584,56.01755529652678,1566.349429661617,43811159.27528147,32858369.456461098,8378434.536153666,457102.7696661732,23872440.883614406,1078500.0000000002,24022832.150641236,23415338.113948192,-2.2351741790771484e-08
43200.0,60.593929111307126,48.1171041154849,1,800.0,2400.0,811.8785822261425,56.2342082309698,1564.5938544761073,44003158.66604721,33002368.999535404,8427090.698332932,460470.32398747344,23966369.36453288,1080000.0000000002,24114807.97721498,23505899.040545374,-1.862645149230957e-08
43260.0,60.68782220116263,48.22528773691579,1,799.9923845765876,2399.977153729763,813.7564440232527,56.45057547383158,1562.8018218165541,44195158.05681295,33146368.54260971,8475859.792590598,463850.8689400534,24060191.417001687,1081500.0000000002,24206657.881079037,23596340.548061598,-2.2351741790771484e-08
43320.0,60.78127946597322,48.333325918227686,1,799.969538451337,2399.908615354011,815.6255893194644,56.66665183645537,1560.97337488729,44387153.79218705,33290365.344140287,8524741.297285598,467244.38722672383,24153904.854865104,1083000.0000000002,24298379.659627944,23686660.467638347,-2.2351741790771484e-08
43380.0,60.874298664869826,48.441216068589576,1,799.9314620592056,2399.7943861776166,817.4859732973965,56.88243213717915,1559.1085575735433,44579142.21684747,33434356.662635602,8573734.688082462,470650.8612391853,24247507.494580105,1084500.0000000002,24389971.113313932,23776856.633340884,-2.2351741790771484e-08
43440.0,60.96687756595238,48.54895560071614,1,799.878156125113,2399.634468375339,819.3375513190476,57.09791120143228,1557.2074144406242,44771119.67561134,33578339.7567085,8622839.437962053,474070.2730584511,24340997.155257177,1086000.0000000002,24481430.04568798,23866926.882198695,-1.4901161193847656e-08
43500.0,61.05901394633137,48.65654193091604,1,799.8096216639273,2399.4288649917817,821.1802789266274,57.313083861832084,1555.2699907330818,44963082.51350459,33722311.88512843,8672055.017232358,477502.6044552752,24434371.658701118,1087500.0000000002,24572754.26344078,23956869.05424581,-1.862645149230957e-08
43560.0,61.150705592169395,48.76397247914011,1,799.7258599804458,2399.177579941337,823.0141118433879,57.527944958280216,1553.2963323738725,45155027.07583147,33866270.3068736,8721380.893539324,480947.83689058694,24527628.829451747,1089000.0000000002,24663941.576443672,24046680.99256113,-1.4901161193847656e-08
43620.0,61.241950298722415,48.871244669029466,1,799.6268726693703,2398.880618008111,824.8390059744484,57.74248933805893,1551.2864859634958,45346949.70824423,34010212.28118315,8770816.531877743,484405.9515159305,24620766.494824592,1090500.0000000002,24754989.79778947,24136360.543308634,-1.1175870895385742e-08
43680.0,61.33274587038085,48.97835592796361,1,799.5126616152766,2398.5379848458297,826.654917407617,57.956711855927225,1549.2404987791213,45538846.756812565,34154135.06760941,8820361.394602193,487876.92917391076,24713782.48495152,1092000.0000000002,24845896.743833292,24225905.55577758,-1.1175870895385742e-08
43740.0,61.423090120710555,49.0853036871084,1,799.3832289925783,2398.1496869777347,828.4618024142111,58.1706073742168,1547.15841877371,45730714.5680933,34298035.92606996,8870014.941438017,491360.75039864506,24806674.6328213,1093500.0000000002,24936660.234233283,24315313.882422622,-1.4901161193847656e-08
43800.0,61.51298087249362,49.192085381463976,1,799.2385772654862,2397.715731796459,830.2596174498724,58.38417076292795,1545.0402945751175,45922549.48919988,34441912.11689989,8919776.629492369,494857.39541622,24899440.774320133,1095000.0000000002,25027278.09199129,24404583.378903884,-1.4901161193847656e-08
43860.0,61.602415957768926,49.29869844991261,1,799.0787091879605,2397.2361275638814,832.0483191553785,58.59739689982521,1542.8861754851823,46114347.867871925,34585760.900903925,8969645.913265288,498366.8441451549,24992078.74827212,1096500.0000000002,25117748.143493474,24493711.90412694,-7.450580596923828e-09
43920.0,61.691393217872594,49.405140335266466,1,798.9036278036591,2396.710883410977,833.8278643574519,58.81028067053293,1540.6961114788082,46306106.05254478,34729579.53940857,9019622.244660834,501889.0761968699,25084586.396479663,1098000.0000000002,25208068.218550853,24582697.320282765,-1.4901161193847656e-08
43980.0,61.779910503478256,49.51140848431536,1,798.713336445879,2396.140009337637,835.5982100695651,59.02281696863072,1538.470153203027,46497820.392419025,34873365.29431426,9069705.07299827,505424.07087616116,25176961.563763827,1099500.0000000002,25298236.150439817,24671537.492887642,-7.450580596923828e-09
44040.0,61.86796567463707,49.617500347874326,1,798.5078387374937,2395.523516212481,837.3593134927414,59.23500069574865,1536.2083519760479,46689487.23752998,35017115.42814747,9119893.845023291,508971.8071816805,25269202.098004643,1101000.0000000002,25388249.775942493,24760230.290822938,-1.1175870895385742e-08
44100.0,61.95555660081768,49.72341338083121,1,798.2871385908828,2394.8614157726483,839.1111320163536,59.44682676166242,1533.910759786303,46881102.93881719,35160827.20411288,9170188.004919296,512532.2638064214,25361305.850181337,1102500.0000000002,25478106.93538716,24848773.586374894,0.0
44160.0,62.04268116094589,49.82914504219414,1,798.0512402078593,2394.153720623578,840.8536232189178,59.658290084388284,1531.5774292914691,47072663.84819391,35304497.88614543,9220586.994318718,516105.41913821065,25453270.674412537,1104000.0000000002,25567805.472688492,24937165.255274303,-7.450580596923828e-09
44220.0,62.12933724344424,49.93469279513892,1,797.8001480795886,2393.400444238766,842.5867448688848,59.869385590277844,1529.2084138174869,47264166.31861656,35448124.73896242,9271090.2523144,519691.25126020564,25545094.42799637,1105500.0000000002,25657343.235387802,25025403.17673614,-1.1175870895385742e-08
44280.0,62.21552274627131,50.04005410705638,1,797.5338669865024,2392.6016009595073,844.3104549254263,60.080108214112755,1526.8037673575525,47455606.704154156,35591705.028115615,9321697.215471001,523289.73795139726,25636774.971450556,1107000.0000000002,25746718.074693203,25113485.233499132,-1.4901161193847656e-08
44340.0,62.30123557696099,50.14522644959957,1,797.2524019982092,2391.7572059946274,846.0247115392199,60.29045289919914,1524.3635445711222,47646981.360057704,35735236.02004327,9372407.317836482,526900.8566871184,25728310.16855239,1108500.0000000002,25835927.845519654,25201409.31186524,-1.4901161193847656e-08
44400.0,62.38647365266138,50.250207298730984,1,796.9557584733965,2390.8672754201893,847.7294730532276,60.50041459746197,1521.8878007828714,47838286.64282961,35878714.9821222,9423219.990953598,530524.5846395588,25819697.886378698,1110000.0000000002,25924970.406529024,25289173.301739104,-1.4901161193847656e-08
44460.0,62.47123490017365,50.35499413476962,1,796.6439420597294,2389.931826179188,849.4246980034729,60.70998826953924,1519.3765919816651,48029518.91029306,36022139.18271979,9474134.663871478,534160.8986782843,25910935.99534572,1111500.0000000002,26013843.620170005,25376775.0966674,-2.2351741790771484e-08
44520.0,62.55551725599068,50.45958444243795,1,796.3169586937431,2388.9508760812296,851.1103451198136,60.9191688848759,1516.829974819512,48220674.52166133,36165505.89124599,9525150.763157219,537809.7753707628,26002022.369248923,1113000.0000000002,26102545.35271799,25464212.593878128,-2.2351741790771484e-08
44580.0,62.639318666335534,50.5639757109089,1,795.9748146007294,2387.924443802188,852.7863733267106,61.1279514218178,1514.2480066105,48411749.83760712,36308812.37820534,9576267.712907549,541471.1909828954,26092954.885302767,1114500.0000000002,26191073.474314872,25551483.69431984,-1.862645149230957e-08
44640.0,62.72263708719968,50.668165433852636,1,795.6175162946187,2386.852548883856,854.4527417439936,61.33633086770527,1511.630745329719,48602741.22033186,36452055.91524889,9627484.934760515,545145.1214795536,26183731.424180396,1116000.0000000002,26279425.859008797,25638586.302700803,-2.9802322387695312e-08
44700.0,62.80547048438103,50.77215110948336,1,795.2450705778557,2385.735211733567,856.1094096876207,61.54430221896672,1508.978249612168,48793645.033634916,36595233.77522618,9678801.847907236,548831.5425251214,26274349.870053247,1117500.0000000002,26367600.384793803,25725518.32752809,-2.2351741790771484e-08
44760.0,62.887816833522,50.87593024060594,1,794.85748454127,2384.57245362381,857.7563366704401,61.75186048121188,1506.2905787516743,48984457.64298288,36738343.23223715,9730217.869103694,552530.4294840432,26364808.110630643,1119000.0000000002,26455594.933649395,25812277.681146566,-2.2351741790771484e-08
44820.0,62.96967412014703,50.979500334662504,1,794.454765563941,2383.3642966918233,859.3934824029407,61.95900066932501,1503.5677926997598,49175175.4155787,36881381.56168402,9781732.412682563,556241.7574213779,26455104.037199266,1120500.0000000002,26543407.39158006,25898862.279777855,-1.862645149230957e-08
44880.0,63.0510403397002,51.08285890377895,1,794.0369213130576,2382.110763939173,861.020806794004,62.1657178075579,1500.8099520645249,49365794.72043092,37024346.040323175,9833344.890565097,559965.5011033582,26545235.544662595,1122000.0000000002,26631035.648654703,25985270.0435592,-1.862645149230957e-08
44940.0,63.131913497582566,51.18600346481133,1,793.603959743772,2380.8118792313157,862.6382699516513,62.37200692962266,1498.0171181095131,49556311.92842273,37167233.94631704,9885054.712273054,563701.6349979552,26635200.531580262,1123500.0000000002,26718477.59904601,26071498.896582272,-1.862645149230957e-08
45000.0,63.21229160918932,51.28893153939217,1,793.1558890990484,2379.4676672971455,864.2458321837864,62.57786307878435,1495.1893527525624,49746723.41238112,37310042.559285834,9936861.284940666,567450.1332754485,26724996.90020735,1125000.0000000002,26805731.1410697,26157546.766931858,-1.862645149230957e-08
45060.0,63.292172699946704,51.391640653976744,1,792.6927179095057,2378.0781537285175,865.8434539989341,62.78328130795349,1492.326718564633,49937025.54714592,37452769.160359435,9988764.013326649,571210.9698090029,26814622.5565336,1126500.0000000002,26892794.177223757,26243411.586724557,-2.60770320892334e-08
45120.0,63.37155480534875,51.494128339889116,1,792.2144549932563,2376.6433649797686,867.431096106975,62.98825667977823,1489.4292787686381,50127214.70963878,37595411.03222908,10040762.299826276,574984.1181752494,26904075.41032259,1128000.0000000002,26979664.614227533,26329091.2921473,-2.2351741790771484e-08
45180.0,63.45043597099399,51.59639213336828,1,791.7211094557362,2375.1633283672086,869.0087194198799,63.19278426673657,1486.497097238264,50317287.278932214,37737965.45919915,10092855.544483462,578769.5516548724,26993353.3751508,1129500.0000000002,27066340.363060795,26414583.823495883,-2.60770320892334e-08
45240.0,63.528814252621665,51.69842957561408,1,791.2126906895335,2373.6380720686,870.5762850524333,63.396859151228156,1483.5302384967513,50507239.636318475,37880429.72723885,10145043.145002931,582567.2432332019,27082454.36844661,1131000.0000000002,27152819.339002695,26499887.12521337,-2.2351741790771484e-08
45300.0,63.606687716148045,51.80023821283304,1,790.6892083742085,2372.0676251226255,872.1337543229608,63.60047642566607,1480.5287677157019,50697068.165378496,38022801.12403386,10197324.496762391,586377.165600812,27171376.31152927,1132500.0000000002,27239099.46167064,26584999.14592842,-1.862645149230957e-08
45360.0,63.68405443770239,51.90181559628417,1,790.1506724761102,2370.4520174283307,873.6810887540479,63.803631192568346,1477.4927507138448,50886769.252050705,38165076.93903802,10249698.992824776,590199.2911541243,27260117.12964773,1134000.0000000002,27325178.655059103,26669917.838493567,-1.862645149230957e-08
45420.0,63.76091250366279,52.00315928232465,1,789.5970932481855,2368.7912797445565,875.2182500732557,64.0063185646493,1474.422253955802,51076339.28469987,38307254.4635249,10302166.023950517,594033.5919960169,27348674.75201946,1135500.0000000002,27411054.84757835,26754641.16002341,-1.4901161193847656e-08
45480.0,63.83726001069168,52.104266832455345,1,789.0284812297851,2367.0854436893555,876.7452002138336,64.20853366491069,1471.3173445508362,51265774.65418583,38449330.990639366,10354724.978609871,597880.0399364389,27437047.111869145,1137000.0000000002,27496725.972093046,26839167.07193267,-1.1175870895385742e-08
45540.0,63.913095065771394,52.20513581336635,1,788.4448472464622,2365.3345417393866,878.2619013154278,64.4102716267327,1468.1780902515927,51455071.753932215,38591303.815449156,10407375.242995273,601738.6064930304,27525232.14646733,1138500.0000000002,27582189.965960834,26923493.539974265,-1.862645149230957e-08
45600.0,63.98841578623928,52.30576379698232,1,787.8462024097665,2363.5386072292995,879.7683157247856,64.61152759396464,1465.0045594528228,51644226.9799951,38733170.23499632,10460116.201033752,605609.262891748,27613227.797169,1140000.0000000002,27667444.77107081,27007618.53427722,-1.1175870895385742e-08
45660.0,64.06322029982279,52.4061483605078,1,787.2325581170327,2361.697674351098,881.2644059964557,64.8122967210156,1461.7968211900995,51833236.73113166,38874927.54834874,10512947.234399369,609491.9800674955,27701032.00945205,1141500.0000000002,27752488.333881862,27091540.02938452,-1.1175870895385742e-08
45720.0,64.13750674467424,52.50628708647237,1,786.6039260511637,2359.811778153491,882.7501348934848,65.01257417294474,1458.5549451385145,52022097.40886866,39016573.056651495,10565867.722525708,613386.7286647602,27788642.732955694,1143000.0000000002,27837318.605461016,27175256.0042909,-1.1175870895385742e-08
45780.0,64.21127326940558,52.606177562775756,1,785.9603181804077,2357.880954541223,884.2254653881116,65.21235512555151,1455.27900161138,52210805.41757106,39158104.06317829,10618877.04261841,617293.4790382552,27876057.921518818,1144500.0000000002,27921933.541521613,27258764.44248053,-1.862645149230957e-08
45840.0,64.2845180331227,52.705817382732796,1,785.3017467581312,2355.9052402743937,885.6903606624539,65.41163476546559,1451.9690615588931,52399357.16451038,39299517.87338278,10671974.56966775,621212.2012535653,27963275.53321821,1146000.0000000002,28006331.10246146,27342063.33196462,0.0
45900.0,64.35723920545965,52.805204145118324,1,784.6282243225844,2353.8846729677534,887.144784109193,65.61040829023665,1448.625196566802,52587749.05993314,39440811.79494986,10725159.676461227,625142.8650878008,28050293.53040675,1147500.0000000002,28090509.253400814,27425150.665318917,-1.862645149230957e-08
45960.0,64.42943496661286,52.904335454211974,1,783.9397636966637,2351.819291089991,888.5886993322572,65.80867090842395,1445.247478855071,52775977.51712923,39581983.137846924,10778431.73359625,629085.4400302545,28137109.879751496,1149000.0000000002,28174465.964220405,27508024.43972121,-1.4901161193847656e-08
46020.0,64.50110350737475,53.003208919842805,1,783.2363779876671,2349.7091339630015,890.022070147495,66.00641783968561,1441.835981276506,52964038.952500135,39723029.21437511,10831790.109492812,633039.8952830656,28223722.552271683,1150500.0000000002,28258199.209599204,27590682.656988584,-2.60770320892334e-08
46080.0,64.5722430291675,53.10182215743393,1,782.5180805870444,2347.554241761133,891.44486058335,66.20364431486786,1438.3907773153892,53151929.785627216,39863947.33922042,10885234.170406234,637006.1997618878,28310129.523376685,1152000.0000000002,28341706.969052278,27673123.323614765,-2.2351741790771484e-08
46140.0,64.64285174407645,53.200172788046935,1,781.7848851701431,2345.3546555104294,892.857034881529,66.40034557609387,1434.9119410861015,53339646.439339854,40004734.82950489,10938763.280439934,640984.3220965632,28396328.772903834,1153500.0000000002,28424987.22696838,27755344.450807236,-1.1175870895385742e-08
46200.0,64.7129278748834,53.29825843842626,1,781.0368056959467,2343.11041708784,894.2585574976681,66.59651687685252,1431.399547331726,53527185.33978355,40145389.00483766,10992376.801558247,644974.230631802,28482318.285156183,1155000.0000000002,28508037.972647607,27837344.054524355,-3.725290298461914e-09
46260.0,64.78246965509953,53.396076741043444,1,780.2738564068102,2340.8215692204303,895.6493931019907,66.79215348208689,1427.8536714226334,53714542.916487955,40285907.187365964,11046074.093599288,648975.8934278672,28568096.04894021,1156500.0000000002,28590857.20033881,27919120.155512318,3.725290298461914e-09
46320.0,64.85147532899826,53.49362533414128,1,779.4960518281881,2338.4881554845642,897.0295065799653,66.98725066828256,1424.2743893550658,53901715.602434896,40426286.70182617,11099854.51428783,652989.2782612639,28653660.057603396,1158000.0000000002,28673442.90927708,28000670.779342107,3.725290298461914e-09
46380.0,64.91994315164791,53.59090186177784,1,778.7034067683588,2336.1102203050764,898.3988630329583,67.18180372355567,1420.6617777497074,54088699.834126234,40566524.875594676,11153717.419248253,657014.3526254349,28739008.30907173,1159500.0000000002,28755793.10372099,28081993.95644627,0.0
46440.0,64.98787138894414,53.68790397387041,1,777.8959363181413,2333.687808954424,899.7574277788829,67.37580794774082,1417.0159138502456,54275492.05165172,40706619.038738795,11207662.162017511,661051.0837314609,28824138.805887148,1161000.0000000002,28837905.792989828,28163087.722155664,3.725290298461914e-09
46500.0,65.05525831764207,53.784629326239305,1,777.0736558506092,2331.2209675518275,901.1051663528415,67.56925865247861,1413.336875521907,54462088.69875681,40846566.5240676,11261688.094058147,665099.4385087667,28909049.55524485,1162500.0000000002,28919778.99150069,28243950.11673606,3.725290298461914e-09
46560.0,65.1221022253884,53.881075580651576,1,776.2365810207972,2328.7097430623917,902.4420445077681,67.76215116130315,1409.6247412499981,54648486.222910285,40986364.667182714,11315794.56477134,669159.383605832,28993738.569030575,1164000.0000000002,29001410.718805544,28324579.18542472,0.0
46620.0,65.18840141075312,53.97724040486459,1,775.3847277654036,2326.1541832962107,903.7680282150623,67.95448080972918,1405.8795901384212,54834681.07537199,41126010.80652899,11369980.921509994,673230.8853909071,29078203.86385773,1165500.0000000002,29082798.99962809,28404972.978466794,0.0
46680.0,65.25415418326115,54.07312147266953,1,774.5181123024862,2323.5543369074585,905.0830836652231,68.14624294533905,1402.1015019081894,55020669.711260326,41265502.28344525,11424246.50959187,677313.9099527351,29162443.461104486,1167000.0000000002,29163941.863900643,28485129.551151726,0.0
46740.0,65.31935886342373,54.168716463934736,1,773.6367511311546,2320.910253393464,906.3871772684746,68.33743292786947,1398.2905568959197,55206448.589619756,41404836.442214824,11478590.672312748,681408.423101278,29246455.386950746,1168500.0000000002,29244837.346800797,28565046.96384944,0.0
46800.0,65.38401378276961,54.264023064649,1,772.7406610312546,2318.221983093764,907.6802756553923,68.528046129298,1394.4468360523247,55392014.173488244,41544010.63011619,11533012.750959625,685514.3903684492,29330237.672415044,1170000.0000000002,29325483.488788113,28644723.282046568,3.725290298461914e-09
46860.0,65.44811728387599,54.35903896696467,1,771.8298590630503,2315.489577189151,908.9623456775198,68.71807793392934,1390.5704209406792,55577362.92996455,41683022.19747342,11587512.084823964,689631.7770088495,29413788.353391342,1171500.0000000002,29405878.3356406,28724156.576382462,-3.725290298461914e-09
46920.0,65.5116677203993,54.45376186924065,1,770.9043625668984,2312.7130877006953,910.2333544079861,68.9075237384813,1386.6613937352947,55762491.33027552,41821868.49770665,11642088.01121496,693760.5480005108,29497105.470685728,1173000.0000000002,29486019.938491173,28803344.922685184,-7.450580596923828e-09
46980.0,65.57466345710574,54.54818947608538,1,769.9641891629178,2309.8925674887532,911.4932691421149,69.09637895217077,1382.719837219953,55947395.849843286,41960546.88738247,11696739.86547286,697900.6680456417,29580187.070053052,1174500.0000000002,29565906.35386397,28882286.402007382,0.0
47040.0,65.63710286990164,54.642319498399544,1,769.0093567506551,2307.0280702519653,912.7420573980328,69.28463899679909,1378.7458347863626,56132072.96835232,42099054.726264246,11751466.980982315,702052.1015713817,29663031.202233437,1176000.0000000002,29645535.643710542,28960979.10066202,-7.450580596923828e-09
47100.0,65.6989843458636,54.736149653418785,1,768.039883508743,2304.1196505262287,913.9796869172719,69.47229930683757,1374.7394704325789,56316519.16981649,42237389.37736237,11806268.689185753,706214.8127305573,29745635.922988694,1177500.0000000002,29724905.875446055,29039421.110258102,-3.725290298461914e-09
47160.0,65.7603062832683,54.82967766475622,1,767.0557878945544,2301.167363683663,915.2061256653661,69.65935532951244,1370.7008287614158,56500730.94264599,42375548.206984505,11861144.319596825,710388.7654024463,29827999.29313868,1179000.0000000002,29804015.121985223,29117610.5277362,-7.450580596923828e-09
47220.0,65.82106709162247,54.9229012624449,1,766.0570886438516,2298.1712659315544,916.4213418324493,69.8458025248898,1366.6299949788665,56684704.779714204,42513528.58478567,11916093.19981384,714573.9231935443,29910119.378597517,1180500.0000000002,29882861.461778276,29195545.45540394,-7.450580596923828e-09
47280.0,65.88126519169208,55.01581818298011,1,765.0438047704284,2295.1314143112854,917.6253038338416,70.03163636596022,1362.5270548924807,56868437.17842447,42651327.88381837,11971114.655533269,718770.2494383382,29991994.250409745,1182000.0000000002,29961442.978846755,29273224.000971373,-1.1175870895385742e-08
47340.0,65.9408990155318,55.10842616936154,1,764.0159555657493,2292.047866697248,918.8179803106359,70.21685233872309,1358.3920949097499,57051924.64077677,42788943.480582595,12026208.010563271,722977.7072000846,30073621.98478637,1183500.0000000002,30039757.762819227,29350644.27758625,-1.4901161193847656e-08
47400.0,65.99996700651403,55.20072297113536,1,762.9735605985816,2288.9206817957447,919.9993401302805,70.40144594227073,1354.2252020364842,57235163.673434295,42926372.75507574,12081372.586837264,727196.2592715919,30155000.66314079,1185000.0000000002,30117803.908966873,29427804.403869163,-1.1175870895385742e-08
47460.0,66.05846761935767,55.292706344436155,1,761.9166397146226,2285.749919143868,921.1693523871534,70.58541268887231,1350.026463875158,57418150.78779,43063613.09084252,12136607.70442751,731425.8681760093,30236128.37212467,1186500.0000000002,30195579.51823899,29504702.503948625,-1.1175870895385742e-08
47520.0,66.11639932015699,55.38437405202874,1,760.8452130361229,2282.5356391083687,922.3279864031397,70.76874810405748,1345.795968623282,57600882.50003301,43200661.87502477,12191912.681558764,735666.4961676194,30317003.20366368,1188000.0000000002,30273082.697298378,29581336.707496025,-1.1175870895385742e-08
47580.0,66.17376058640973,55.47572386334986,1,759.7593009615016,2279.277902884505,923.4752117281946,70.95144772669973,1341.5338050717069,57783355.33121492,43337516.49841121,12247286.834621929,739918.1052326363,30397623.254993156,1189500.0000000002,30350311.55855663,29657705.149760485,-1.1175870895385742e-08
47640.0,66.23054990704559,55.56675355454975,1,758.6589241649596,2275.976772494879,924.6109981409118,71.1335071090995,1337.2400626029778,57965565.80731604,43474174.35548705,12302729.47818776,744180.6570900094,30477986.628693633,1191000.0000000002,30427264.220209274,29733805.97160359,-3.725290298461914e-09
47700.0,66.28676578245403,55.65746090853355,1,757.5441035960846,2272.6323107882536,925.7353156490806,71.3149218170671,1332.9148311896274,58147510.459311575,43610632.844483696,12358239.925020605,748454.1131922306,30558091.432726312,1192500.0000000002,30503938.80627086,29809637.31953405,0.0
47760.0,66.34240672451214,55.74784371500266,1,756.4148604794534,2269.24458143836,926.848134490243,71.49568743000532,1328.5582013924893,58329185.82323761,43746889.36742823,12413817.486092167,752738.4347261478,30637935.780468404,1194000.0000000002,30580333.446609903,29885197.345742222,-1.1175870895385742e-08
47820.0,66.39747125661219,55.83789977049589,1,755.2712163142274,2265.8136489426824,927.9494251322438,71.67579954099178,1324.1702643589845,58510588.440257095,43882941.330192834,12469461.470595308,757033.582613783,30717517.790748373,1195500.0000000002,30656446.276983745,29960484.20813456,0.0
47880.0,66.45195791368896,55.92762687843051,1,754.1131928737426,2262.3395786212277,929.0391582737791,71.85525375686102,1319.7511118214093,58691714.85672569,44018786.142544284,12525171.185957884,761339.5175131552,30796835.58788109,1197000.0000000002,30732275.439073242,30035496.070367906,0.0
47940.0,66.50586524224678,56.01702284914321,1,752.9408122050966,2258.82243661529,930.1173048449357,72.03404569828642,1315.300836095188,58872561.62425751,44154421.21819315,12580945.93785661,765656.1998191081,30875887.30170286,1198500.0000000002,30807819.080517426,30110231.101883724,-7.450580596923828e-09
48000.0,66.55919180038653,56.106085499930856,1,751.7540966287268,2255.26228988618,931.1838360077306,72.21217099986171,1310.8195300771413,59053125.29979079,44289843.97484311,12636785.030230967,769983.5896641433,30954671.067606367,1200000.0000000002,30883075.35494799,30184687.477942195,-3.725290298461914e-09
48060.0,66.61193615783232,56.19481265509118,1,750.5530687379874,2251.659206213962,932.2387231566463,72.38962531018235,1306.307287243739,59233402.44565342,44425051.83424008,12692687.765297119,774321.6469192571,31033185.026575502,1201500.0000000002,30958042.42202371,30258863.379656225,7.450580596923828e-09
48120.0,66.66409689595784,56.28320214596326,1,749.3377513987181,2248.0132541961543,933.2819379191568,72.56640429192652,1301.7642016493205,59413389.62962841,44560042.22222132,12748653.443561893,778670.3311947841,31111427.32522009,1203000.0000000002,31032718.44746465,30332756.994025283,3.725290298461914e-09
48180.0,66.71567260781275,56.37125181096798,1,748.1081677488095,2244.3245032464283,934.3134521562549,72.74250362193597,1297.1903679243335,59593083.42501923,44694812.56876443,12804681.363836765,783029.601841244,31189396.115810506,1204500.0000000002,31107101.603086427,30406366.513969235,3.725290298461914e-09
48240.0,66.76666189814854,56.458959495648294,1,746.8643411977614,2240.593023593284,935.3332379629708,72.91791899129659,1292.585881273531,59772480.41071502,44829360.30803628,12860770.823251892,787399.4179501939,31267089.556312192,1206000.0000000002,31181190.066834204,30479690.138361976,7.450580596923828e-09
48300.0,66.81706338344448,56.54632305270927,1,745.6062954262388,2236.8188862787165,936.3412676688895,73.09264610541854,1287.950837474195,59951577.17125579,44963682.878441855,12916921.117270162,791779.7383550853,31344505.810420055,1207500.0000000002,31254982.022816613,30552726.072064947,7.450580596923828e-09
48360.0,66.86687569193306,56.633340342058176,1,744.3340543856197,2233.002163156859,937.3375138386612,73.26668068411635,1283.2853328743104,60130370.296897374,45097777.72267304,12973131.53970129,796170.521632126,31421643.04759278,1209000.0000000002,31328475.661339633,30625472.525960635,7.450580596923828e-09
48420.0,66.91609746362545,56.7200092308443,1,743.0476422975395,2229.1429268926186,938.321949272509,73.4400184616886,1278.5894643907561,60308856.38367638,45231642.28775729,13029401.382715937,800571.726101147,31498499.443087,1210500.0000000002,31401669.178940214,30697927.716985833,7.450580596923828e-09
48480.0,66.96472735033652,56.806327593498665,1,741.74708365343,2225.24125096029,939.2945470067303,73.61265518699733,1273.8633295074665,60487032.03347499,45365274.02510626,13085729.936859854,804983.3098264736,31575073.17799138,1212000.0000000002,31474560.77841993,30770089.868164882,0.0
48540.0,67.01276401570986,56.89229331177364,1,740.4324032140532,2221.29720964216,940.2552803141973,73.78458662354728,1269.107026273602,60664893.854085684,45498670.39056428,13142116.491068065,809405.2306178017,31651362.439260587,1213500.0000000002,31547148.668878414,30841957.208642766,3.725290298461914e-09
48600.0,67.06020613524232,56.97790427478236,1,739.1036260090294,2217.310878027088,941.2041227048464,73.95580854956472,1264.3206533016794,60842438.45927577,45631828.844456844,13198560.332679076,813837.4460310787,31727365.419749156,1215000.0000000002,31619431.06574669,30913527.973718055,3.725290298461914e-09
48660.0,67.10705239630859,57.06315837903804,1,737.7607773363613,2213.282332009084,942.1410479261717,74.12631675807609,1259.5043097657262,61019662.46885189,45764746.851638936,13255060.747449113,818279.9133693894,31803080.318245217,1216500.0000000002,31691406.190820433,30984800.404875804,3.725290298461914e-09
48720.0,67.1533014981854,57.14805352849316,1,736.4038827619523,2209.211648285857,943.0660299637079,74.29610705698632,1254.658095399407,61196562.50872437,45897421.88154329,13311617.019566393,822732.5896838459,31878505.339504145,1218000.0000000002,31763072.27229306,31055772.74982028,7.450580596923828e-09
48780.0,67.19895215207546,57.23258763457844,1,735.0329681191186,2205.0989043573554,943.9790430415093,74.46517526915687,1249.7821104941272,61373135.21097144,46029851.40822859,13368228.431665417,827195.431774483,31953638.694282077,1219500.0000000002,31834427.544788703,31126443.262507573,1.1175870895385742e-08
48840.0,67.24400308113132,57.31675861624179,1,733.6480595080992,2200.9441785242975,944.8800616226265,74.63351723248358,1244.8764558971473,61549377.213903375,46162032.91042755,13424894.264841294,831668.3961911577,32028478.599369317,1221000.0000000002,31905470.249395106,31196810.203178138,1.1175870895385742e-08
48900.0,67.28845302047887,57.40056439998703,1,732.2491832955577,2196.7475498866734,945.7690604095774,74.80112879997407,1239.9412330096761,61725285.1621265,46293963.87159489,13481613.7986641,836151.4392344541,32103023.277623635,1222500.0000000002,31976198.63369634,31266871.83838916,3.725290298461914e-09
48960.0,67.33230071724067,57.48400291991248,1,730.8363661140808,2192.5090983422424,946.6460143448135,74.96800583982495,1234.9765437849553,61900855.70660702,46425641.77995528,13538386.311193261,840644.5169565916,32177270.958003446,1224000.0000000002,32046610.95180544,31336626.44104683,7.450580596923828e-09
49020.0,67.37554493055906,57.5670721177494,1,729.4096348616707,2188.228904585012,947.5108986111811,75.1341442354988,1229.9824907263314,62076085.504734874,46557064.12855117,13595211.078991953,845147.5851623393,32251219.875600863,1225500.0000000002,32116705.464396883,31406072.290438496,3.725290298461914e-09
49080.0,67.41818443161905,57.64976994290037,1,727.9690167012346,2183.907050103704,948.3636886323811,75.29953988580074,1224.959176885323,62250971.22038728,46688228.415290475,13652087.37714155,849660.5994099337,32324868.27167467,1227000.0000000002,32186480.438738994,31475207.67226471,3.725290298461914e-09
49140.0,67.46021800367097,57.73209435247739,1,726.514539060065,2179.543617180195,949.2043600734195,75.46418870495478,1219.9067058596754,62425509.52399231,46819132.14299425,13709014.479256088,854183.515012002,32398214.393683124,1228500.0000000002,32255934.14872616,31544030.8786711,3.725290298461914e-09
49200.0,67.50164444205275,57.81404331133993,1,725.04622962932,2175.13868888796,950.032888841055,75.62808662267986,1214.8251817913876,62599697.09259225,46949772.8194442,13765991.657496745,858716.2870364892,32471256.49531669,1230000.0000000002,32325064.87491097,31612540.20828018,0.0
49260.0,67.54246255421228,57.895614792132804,1,723.5641163634943,2170.692349090483,950.8492510842456,75.79122958426561,1209.714709364766,62773530.609906875,47080147.95743018,13823018.182586376,863258.8703075903,32543992.83653064,1231500.0000000002,32393870.904536206,31680733.966223024,-3.725290298461914e-09
49320.0,67.58267115972929,57.97680677532392,1,722.0682274798886,2166.2046824396657,951.6534231945857,75.95361355064784,1204.5753938044327,62947006.7663966,47210255.074797474,13880093.323824046,867811.2194066866,32616421.683577508,1233000.0000000002,32462350.53156674,31748610.4641708,0.0
49380.0,67.62226909033704,58.05761724924182,1,720.5585914580703,2161.675774374211,952.4453818067409,76.11523449848364,1199.4073408733404,63120122.25932546,47340091.69449412,13937216.34909961,872373.2886732867,32688541.309039474,1234500.0000000002,32530502.056721218,31816168.020366162,-7.450580596923828e-09
49440.0,67.66125518994386,58.13804421011316,1,719.0352370393338,2157.105711118001,953.2251037988772,76.27608842022632,1194.2106568707698,63292873.79282402,47469655.34461804,13994386.524908302,876945.0322059722,32760349.991860595,1236000.0000000002,32598323.787503757,31883404.9596546,-3.725290298461914e-09
49500.0,67.69962831465439,58.21808566209995,1,717.4981932261506,2152.494579678452,953.9925662930877,76.4361713241999,1188.9854486303266,63465258.07795209,47598943.558464095,14051603.116365364,881526.4038633478,32831846.017378926,1237500.0000000002,32665814.038235374,31950319.61351556,-7.450580596923828e-09
49560.0,67.7373873327906,58.297739617336724,1,715.94748928162,2147.84246784486,954.7477466558121,76.59547923467345,1183.7318235179164,63637271.83276137,47727953.874571055,14108865.387220692,886117.3572649955,32903027.67735852,1239000.0000000002,32732971.13008536,32016910.3200935,-3.725290298461914e-09
49620.0,67.7745311249127,58.3770040959675,1,714.3831547289095,2143.1494641867284,955.490622498254,76.754008191935,1178.4498894297278,63808911.782357916,47856683.83676846,14166172.599873506,890717.8457924336,32973893.270021286,1240500.0000000002,32799793.39110252,32083175.42422883,-3.725290298461914e-09
49680.0,67.81105858383953,58.45587712618263,1,712.8052193506943,2138.415658052083,956.2211716767905,76.91175425236526,1173.1397547901747,63980174.658964515,47985130.994223416,14223524.015387053,895327.8225900802,33044441.10007878,1242000.0000000002,32866279.15624627,32149113.27748868,-1.4901161193847656e-08
49740.0,67.846968614669,58.53435674425547,1,711.2137131885892,2133.6411395657674,956.9393722933798,77.06871348851094,1167.8015285498561,64151057.201982856,48113292.90148717,14280918.893503329,899947.2405662208,33114669.478763815,1243500.0000000002,32932426.767417606,32214722.238197573,-1.4901161193847656e-08
49800.0,67.8822601347982,58.612440994578904,1,709.6086665425775,2128.8259996277325,957.645202695964,77.22488198915781,1162.4353201835,64321556.15805563,48241167.118541755,14338356.492657823,904576.0523939806,33184576.72386197,1245000.0000000002,32998234.573489938,32280000.671467964,-1.1175870895385742e-08
49860.0,67.91693207394322,58.69012792970174,1,707.9901099704335,2123.9703299113007,958.3386414788642,77.38025585940348,1157.0412396878812,64491668.28112851,48368751.21084642,14395836.069994297,909214.2105123008,33254161.159742977,1246500.0000000002,33063700.930339802,32344946.949230652,-2.2351741790771484e-08
49920.0,67.95098337415884,58.76741561036489,1,706.3580742871417,2119.074222861425,959.0196674831768,77.53483122072979,1151.6193975797607,64661390.332511865,48496042.749383934,14453356.881379563,913861.6671269196,33323421.117391992,1248000.0000000002,33128824.20087743,32409559.45026505,-1.4901161193847656e-08
49980.0,67.98441298985789,58.84430210553749,1,704.7125905643085,2114.1377716929255,959.6882597971578,77.68860421107497,1146.169904893778,64830719.0809425,48623039.3107069,14510918.181418318,918518.3742113577,33392354.93444072,1249500.0000000002,33193602.755077206,32473836.56022934,-2.2351741790771484e-08
50040.0,68.01721988783044,58.92078549245275,1,703.0536901295723,2109.161070388717,960.3443977566087,77.8415709849055,1140.6928731803616,64999651.3026451,48749738.47698386,14568519.223467978,923184.2835079073,33460960.95519843,1251000.0000000002,33258034.970007956,32537776.6716905,-2.2351741790771484e-08
50100.0,68.04940304726276,58.996863856643756,1,701.3814045660063,2104.1442136980186,960.9880609452551,77.99372771328751,1135.1884145036227,65168183.7813937,48876137.83604531,14626159.259653542,927859.3465286263,33529237.530682832,1252500.0000000002,33322119.229863122,32601378.18415418,-2.2351741790771484e-08
50160.0,68.0809614597559,59.07253529197905,1,699.6957657115166,2099.0872971345498,961.6192291951179,78.1450705839581,1129.6566414392164,65336313.308572836,49002234.98142965,14683837.54088248,932543.5145563363,33597183.018650845,1254000.0000000002,33385853.925990824,32664639.504094485,-7.450580596923828e-09
50220.0,68.11189412934428,59.14779790069806,1,697.9968056582378,2093.9904169747133,962.2378825868856,78.29559580139612,1124.097667072236,65504036.683238655,49128027.51242902,14741553.31685964,937236.7386456253,33664795.78362922,1255500.0000000002,33449237.45692374,32727559.044983577,-1.4901161193847656e-08
50280.0,68.14220007251394,59.22264979344639,1,696.2845567519198,2088.8536702557594,962.8440014502789,78.44529958689277,1118.5116049950716,65671350.71217988,49253513.03413493,14799305.836102184,941938.9696238538,33732074.19694505,1257000.0000000002,33512268.228408888,32790135.227321178,-1.1175870895385742e-08
50340.0,68.1718783182204,59.29708908931092,1,694.559051591314,2083.6771547739418,963.4375663644079,78.59417817862185,1112.8985693052475,65838252.20997856,49378689.15748395,14857094.345954534,946650.1580921658,33799016.636756115,1258500.0000000002,33574944.65343724,32852366.478663933,-7.450580596923828e-09
50400.0,68.20092790790646,59.37111391585485,1,692.820323027551,2078.460969082653,964.0185581581293,78.7422278317097,1107.258674603272,66004737.99907078,49503553.49930312,14914918.09260335,951370.2544265043,33865621.48808117,1260000.0000000002,33637265.15227325,32914251.233654656,-1.4901161193847656e-08
50460.0,68.22934789551982,59.44472240915238,1,691.0684041635167,2073.20521249055,964.5869579103964,78.88944481830475,1101.5920359904776,66170804.90980709,49628103.68235535,14972776.321092525,956099.2087786298,33931887.14283004,1261500.0000000002,33699228.152484186,32975787.934051387,-1.4901161193847656e-08
50520.0,68.25713734753019,59.517912713823435,1,689.3033283532208,2067.909985059662,965.1427469506039,79.03582542764687,1095.898769066827,66336449.7805129,49752337.33538471,15030668.2753382,960836.9710771444,33997811.999833554,1263000.0000000002,33760832.08896934,33036975.02875639,-2.2351741790771484e-08
50580.0,68.28429534294652,59.59068298306814,1,687.525129201162,2062.575387603486,965.6859068589304,79.18136596613628,1090.1789899287487,66501669.45754863,49876252.09316151,15088593.198143804,965583.4910285189,34063394.46487351,1264500.0000000002,33822075.403989166,33097810.973844968,-2.2351741790771484e-08
50640.0,68.31082097333366,59.66303137870111,1,685.7338405616899,2057.2015216850696,966.2164194666732,79.32606275740223,1084.4328151669215,66666460.795369804,49999845.59652739,15146550.331215104,970338.7181181248,34128632.95071228,1266000.0000000002,33882956.54719414,33158294.232594132,-2.2351741790771484e-08
50700.0,68.33671334282894,59.734956071185614,1,683.9294965383572,2051.7884896150717,966.7342668565789,79.46991214237123,1078.6603618640734,66830820.65658687,50123115.492440194,15204538.91517529,975102.6016112696,34193525.87712247,1267500.0000000002,33943473.9756536,33218423.27551117,-2.9802322387695312e-08
50760.0,68.36197156815858,59.806455239667564,1,682.1121314832739,2046.3363944498215,967.2394313631717,79.61291047933513,1072.8617475927733,66994745.91202501,50246059.4340188,15262558.18958007,979875.0905542376,34258071.67091635,1269000.0000000002,34003626.15388446,33278196.58036208,-2.9802322387695312e-08
50820.0,68.38659477865379,59.87752707200936,1,680.2817799964503,2040.8453399893508,967.7318955730757,79.75505414401871,1067.0370904132114,67158233.44078365,50368675.080587775,15320607.39293278,984656.1337753326,34322268.765975185,1270500.0000000002,34063411.55387963,33337612.632199824,-2.9802322387695312e-08
50880.0,68.41058211626653,59.94816976482353,1,678.4384769251409,2035.3154307754226,968.2116423253306,79.89633952964707,1061.1865088709512,67321280.13029589,50490960.09772196,15378685.76269953,989445.6798859271,34386115.60327843,1272000.0000000002,34122828.65513647,33396669.923392475,-2.9802322387695312e-08
50940.0,68.43393273558512,60.01838152350626,1,676.5822573631785,2029.7467720895356,968.6786547117024,80.03676304701251,1055.3101219946889,67483882.87638779,50612912.1572909,15436792.535324346,994243.6772815132,34449610.63093277,1273500.0000000002,34181875.944685005,33455366.95365123,-3.725290298461914e-08
51000.0,68.45664580384967,60.08816056227066,1,674.7131566503086,2024.139469950926,969.1329160769933,80.17632112454132,1049.4080492940077,67646038.58333749,50734528.93750316,15494926.946244355,999050.07414276,34512752.30420106,1275000.0000000002,34240551.917116016,33513702.23005827,-2.2351741790771484e-08
51060.0,68.4787205009673,60.157505104180004,1,672.8312103715141,2018.4936311145423,969.574410019346,80.31501020836001,1043.4804107571267,67807744.163934,50855808.12295056,15553088.229904968,1003864.8184365721,34575539.08553108,1276500.0000000002,34298855.074609,33571674.267094485,-2.2351741790771484e-08
51120.0,68.50015601952681,60.226413381180684,1,670.9364543563394,2012.8093630690182,970.0031203905362,80.45282676236137,1037.5273268486044,67968996.53953624,50976747.40465224,15611275.619775094,1008687.8579171549,34637969.444584236,1278000.0000000002,34356783.926959954,33629281.58666705,-3.725290298461914e-08
51180.0,68.52095156481347,60.29488363413505,1,669.0289246782078,2007.0867740346234,970.4190312962694,80.5897672682701,1031.5489185070744,68129792.64013137,51097344.48009858,15669488.348362364,1013519.1401270817,34700041.85826401,1279500.0000000002,34414336.991609104,33686522.7181369,-2.9802322387695312e-08
51240.0,68.5411063548235,60.362914112854064,1,667.1086576537348,2001.3259729612043,970.82212709647,80.72582822570813,1025.545307142967,68290129.40439342,51217597.05329513,15727725.647228377,1018358.612398366,34761754.81074439,1281000.0000000002,34471512.79366835,33743396.198346,-3.725290298461914e-08
51300.0,68.56061962027809,60.430503076129796,1,665.1756898420363,1995.5270695261088,971.2123924055618,80.86100615225959,1019.516614636196,68450003.77974154,51337502.83480621,15785986.747003961,1023206.2218535369,34823106.79349807,1282500.0000000002,34528309.86594868,33799900.57164451,-2.9802322387695312e-08
51360.0,68.57949060463743,60.49764879176775,1,663.2300580440332,1989.6901741320994,971.5898120927486,80.9952975835355,1013.4629633338574,68609412.72239806,51457059.5417986,15844270.877404448,1028061.9154067195,34884096.305324584,1284000.0000000002,34584726.74898741,33856034.38991784,-2.9802322387695312e-08
51420.0,68.59771856411433,60.564349536619,1,661.2717993017509,1983.8153979052527,971.9543712822866,81.128699073238,1007.3844760479146,68768353.1974465,51576264.89808493,15902577.26724498,1032925.6397647177,34944721.85237823,1285500.0000000002,34640761.9910752,33911796.212613486,-2.9802322387695312e-08
51480.0,68.61530276768772,60.63060359661218,1,659.3009508976124,1977.9028526928373,972.3060553537545,81.26120719322437,1001.2812760528727,68926822.1788893,51695116.634167045,15960905.144455802,1037797.3414281015,35004981.94819592,1287000.0000000002,34696414.148283094,33967184.60676778,-4.470348358154297e-08
51540.0,68.63224249711584,60.69640926678532,1,657.317550353731,1971.9526510611931,972.6448499423168,81.39281853357063,995.1534870834475,69084816.64970553,51813612.487279214,16019253.736097611,1042676.9666922995,35064875.11372486,1288500.0000000002,34751681.78448926,34022198.14703252,-4.470348358154297e-08
51600.0,68.6485370469492,60.761764851317395,1,655.3216354311934,1965.96490629358,972.970740938984,81.52352970263479,989.0012333322285,69242333.60190818,51931750.20143119,16077622.268376883,1047564.4616486921,35124399.87735007,1290000.0000000002,34806563.47140558,34076835.415701345,-3.725290298461914e-08
51660.0,68.66418572454329,60.82666866355989,1,653.3132441293433,1959.9397323880298,973.2837144908658,81.65333732711979,982.8246394473176,69399370.03660154,52049527.52745121,16136009.966661233,1052459.772185712,35183554.77492182,1291500.0000000002,34861057.78860422,34131095.00273607,-3.725290298461914e-08
51720.0,68.67918785007107,60.89111902606804,1,651.2924146850554,1953.877244055166,973.5837570014214,81.78223805213608,976.6238305299804,69555922.96403825,52166942.22302874,16194416.055494798,1057362.8439899448,35242338.34978287,1293000.0000000002,34915163.32354394,34184975.50579288,-5.21540641784668e-08
51780.0,68.69354275653514,60.95511427063194,1,649.2591855720099,1947.7775567160297,973.8708551307027,81.91022854126388,970.3989321322612,69711989.40367624,52283992.05275723,16252839.758613618,1062273.622547238,35300749.15279558,1294500.0000000002,34968878.671596326,34238475.5302483,-5.21540641784668e-08
51840.0,68.70724978977985,61.018652738307495,1,647.2135954999579,1941.6407864998737,974.144995795597,82.03730547661499,964.1500702546334,69867566.38423546,52400674.788176656,16311280.298961036,1067192.0531438084,35358785.742368914,1296000.0000000002,35022202.43607176,34291593.68922506,-5.21540641784668e-08
51900.0,68.72030830850298,61.08173277944718,1,645.1556834139863,1935.4670502419588,974.4061661700596,82.16346555889436,957.8773713435972,70022650.94375448,52516988.207815915,16369736.898703123,1072118.0808673578,35416446.68448524,1297500.0000000002,35075133.228245385,34344328.60361784,-5.21540641784668e-08
51960.0,68.73271768426717,61.14435275373065,1,643.0854884937737,1929.2564654813211,974.6543536853435,82.2887055074613,951.5809622892797,70177240.12964681,52632930.097235166,16428208.779244099,1077051.650608189,35473730.55272706,1299000.0000000002,35127669.66738283,34396678.902118824,-4.470348358154297e-08
52020.0,68.74447730151137,61.20651103019513,1,641.0030501528487,1923.0091504585462,974.8895460302274,82.41302206039026,945.2609704230559,70331330.9987572,52748498.24906797,16486695.161241794,1081992.7070603278,35530635.928303495,1300500.0000000002,35179810.380765796,34448643.22124313,-5.21540641784668e-08
52080.0,68.75558655756167,61.268205987265645,1,638.9084080378342,1916.7252241135025,975.1117311512335,82.53641197453129,938.9175235151215,70484920.61741762,52863690.463063285,16545195.264623087,1086941.1947226475,35587161.40007676,1302000.0000000002,35231554.003717504,34500220.20535408,-4.470348358154297e-08
52140.0,68.76604486264208,61.32943601278511,1,636.8016020276978,1910.4048060830933,975.3208972528415,82.65887202557022,932.5507497720636,70638006.06150313,52978504.54612742,16603708.308599394,1091897.0578999969,35643305.56458838,1303500.0000000002,35282899.17962798,34551408.50668835,-5.21540641784668e-08
52200.0,68.77585163988525,61.39019950404418,1,634.6826722329881,1904.0480166989644,975.5170327977049,82.78039900808837,926.1607778344693,70790584.41648753,53092938.312365726,16662233.511682134,1096860.240704333,35699067.0260853,1305000.0000000002,35333844.559979215,34602206.78538094,-3.725290298461914e-08
52260.0,68.78500632534248,61.45049486781097,1,632.5516589950746,1897.6549769852238,975.7001265068495,82.90098973562193,919.7477367744516,70942652.77749889,53206989.58312424,16720770.091698242,1101830.687055855,35754444.39654585,1306500.0000000002,35384388.804370105,34652613.70948997,-3.725290298461914e-08
52320.0,68.79350836799394,61.510320520360544,1,630.4086028853776,1891.2258086561328,975.8701673598787,83.02064104072109,913.3117560932274,71094208.2493748,53320656.18703119,16779317.26580567,1106808.340684146,35809436.295705594,1308000.0000000002,35434530.58054132,34702627.95502141,-5.21540641784668e-08
52380.0,68.80135722975847,61.56967488750432,1,628.2535447045959,1884.7606341137878,976.0271445951694,83.13934977500864,906.8529657186699,71245247.94671756,53433935.96003826,16837874.25050891,1111793.1451293125,35864041.35108296,1309500.0000000002,35484268.56439999,34752248.20595361,-5.21540641784668e-08
52440.0,68.80855238550298,61.62855640461917,1,626.0865254819312,1878.2595764457935,976.1710477100596,83.25711280923834,900.3714960028296,71395768.99394906,53546826.745461866,16896440.26167452,1116785.043743133,35918258.1980048,1311000.0000000002,35533601.44004417,34801473.15426163,-3.725290298461914e-08
52500.0,68.81509332305187,61.68696351667643,1,623.9075864743054,1871.7227594229162,976.3018664610374,83.37392703335286,893.8674777194802,71545768.5253655,53659326.39402419,16955014.514546677,1121783.979690206,35972085.47963174,1312500.0000000002,35582527.89978727,34850301.49994149,-3.725290298461914e-08
52560.0,68.820979543196,61.74489467827068,1,621.7167691655768,1865.1503074967304,976.4195908639201,83.48978935654137,887.3410420616351,71695243.68519203,53771432.763894096,17013596.22376272,1126789.8959491039,36025521.846983425,1314000.0000000002,35631046.644182235,34898731.95103429,-3.725290298461914e-08
52620.0,68.82621055970162,61.8023483536484,1,619.5141152657485,1858.5423457972456,976.5242111940324,83.6046967072968,880.7923206390742,71844191.62763709,53883143.72072789,17072184.60336873,1131802.7353135291,36078565.958963625,1315500.0000000002,35679156.38204558,34946763.22365006,-5.21540641784668e-08
52680.0,68.83078589931885,61.85932301673635,1,617.2996667101759,1851.8990001305276,976.6157179863771,83.7186460334727,874.2214454758464,71992609.51694654,53994457.137709975,17130778.866835088,1136822.440393475,36131216.4823851,1317000.0000000002,35726855.830481365,34994394.041991584,-4.470348358154297e-08
52740.0,68.83470510178996,61.91581715116986,1,615.0734656587676,1845.220396976303,976.6941020357992,83.83163430233972,867.6285490077609,72140494.52745771,54105370.89559335,17189378.22707207,1141848.9536163867,36183472.09199443,1318500.0000000002,35774143.71490485,35041623.138378,-4.470348358154297e-08
52800.0,68.83796771985749,61.97182925032089,1,612.8355544951825,1838.5066634855475,976.7593543971498,83.94365850064177,861.0137640798897,72287843.84365317,54215882.88273996,17247981.896445457,1146882.2172283314,36235331.47049663,1320000.0000000002,35821018.769066125,35088449.253268264,-5.21540641784668e-08
52860.0,68.84057331927202,62.02735781732589,1,610.5859758260232,1831.7579274780696,976.8114663854406,84.05471563465179,854.3772239440449,72434654.66021436,54325990.99516085,17306589.086792104,1151922.173295165,36286793.30857965,1321500.0000000002,35867479.73507353,35134871.135284446,-5.21540641784668e-08
52920.0,68.84252147879992,62.08240136511355,1,608.3247724800249,1824.9743174400746,976.8504295759985,84.1648027302271,847.7190622562715,72580924.18207493,54435693.136556275,17365199.00943559,1156968.7637037076,36337856.30493868,1323000.0000000002,35913525.363416925,35180887.541234925,-5.960464477539063e-08
52980.0,68.84381179023046,62.13695841643224,1,606.0519875072399,1818.1559625217196,976.8762358046092,84.27391683286449,841.0394130742965,72726649.62447405,54544987.21835561,17423810.87520182,1162021.9301629204,36388519.16630033,1324500.0000000002,35959154.41299081,35226497.23613735,-5.960464477539063e-08
53040.0,68.84444385838299,62.191027503877415,1,603.7676641782177,1811.3029925346532,976.8888771676598,84.38205500775483,834.3384108549989,72871828.21300933,54653871.15975707,17482423.894434668,1167081.6142050833,36438780.60744665,1326000.0000000002,36004365.651117265,35271698.99324152,-5.21540641784668e-08
53100.0,68.84441730111375,62.24460716991868,1,601.4718459831819,1804.4155379495455,976.8883460222751,84.48921433983736,827.6161904518618,73016457.18368973,54762342.88776737,17541037.277011607,1172147.7571869814,36488639.35123905,1327500.0000000002,36049157.853568725,35316491.59405202,-5.21540641784668e-08
53160.0,68.84373174932249,62.29769596692681,1,599.1645766312016,1797.4937298936047,976.8746349864498,84.59539193385362,820.8728871124179,73160533.78298812,54870400.337241165,17599650.23235937,1177220.3002910893,36538094.12864195,1329000.0000000002,36093529.80459065,35360873.82835081,-5.21540641784668e-08
53220.0,68.84238684695883,62.35029245720046,1,596.8459000493597,1790.537700148079,976.8477369391767,84.70058491440092,814.1086364756997,73304055.26789373,54978041.45092038,17658261.96946959,1182299.1845267613,36587143.678746395,1330500.0000000002,36137480.296923965,35404844.494219586,-6.705522537231445e-08
53280.0,68.8403822510283,62.40239521299279,1,594.5158603819154,1783.5475811457463,976.807645020566,84.80479042598559,807.3235745696527,73447018.90596439,55085264.17947336,17716871.69691448,1187384.3507314248,36635786.74879345,1332000.0000000002,36181008.1318274,35448402.398061976,-5.960464477539063e-08
53340.0,68.83771763159817,62.45400281653784,1,592.1745019894659,1776.5235059683976,976.7543526319633,84.90800563307567,800.5178378085653,73589421.9753785,55192066.48153394,17775478.62286249,1192475.7395717762,36684022.09419747,1333500.0000000002,36224112.11909961,35491546.354625635,-5.21540641784668e-08
53400.0,68.83439267180309,62.5051138600767,1,589.8218694480993,1769.4656083442978,976.6878534360617,85.0102277201534,793.6915629904892,73731261.76498686,55298446.323740214,17834081.955094002,1197573.2915449801,36731848.47856916,1335000.0000000002,36266791.07710116,35534275.18702412,-6.705522537231445e-08
53460.0,68.83040706785044,62.555726945883556,1,587.4580075485486,1762.3740226456457,976.6081413570089,85.11145389176711,786.8448872946477,73872535.57436436,55404401.68077334,17892680.90101699,1202676.946979872,36779264.673738584,1336500.0000000002,36309043.832776405,35576587.72675865,-7.450580596923828e-08
53520.0,68.82576052902542,62.605840686291515,1,585.0829612953364,1755.2488838860093,976.5152105805083,85.21168137258303,779.9779482788311,74013240.71386132,55509930.53539605,17951274.66768273,1207786.646038163,36826269.45977793,1338000.0000000002,36350869.22167509,35618482.81373971,-6.705522537231445e-08
53580.0,68.82045277769589,62.655453703718216,1,582.6967759059205,1748.0903277177615,976.4090555539178,85.31090740743643,773.0908838768005,74153374.50465468,55615030.87849106,18009862.461801488,1212902.3287156492,36872861.62502413,1339500.0000000002,36392266.08797386,35659959.29630843,-5.960464477539063e-08
53640.0,68.814483549317,62.704564630691266,1,580.29949680983,1740.8984904294898,976.2896709863401,85.40912926138253,766.1838323956674,74292934.27879906,55719700.709099345,18068443.48975822,1218023.9348434235,36919039.96610138,1341000.0000000002,36433233.284497656,35701016.0312579,-5.21540641784668e-08
53700.0,68.80785259243557,62.75317210987352,1,577.8911696478048,1733.6735089434142,976.1570518487113,85.50634421974704,759.2569325132808,74431917.37927756,55823938.03445821,18127016.957628284,1223151.40408909,36964803.2879434,1342500.0000000002,36473769.672740795,35741651.88385426,-3.725290298461914e-08
53760.0,68.80055966869412,62.801274794088094,1,575.4718402709209,1726.4155208127627,976.0111933738824,85.60254958817619,752.3103232755956,74570321.16005225,55927740.87003925,18185582.07119315,1228284.675957981,37010150.40381568,1344000.0000000002,36513874.12288806,35781865.72785765,-5.960464477539063e-08
53820.0,68.79260455283482,62.84887134634328,1,573.0415547397238,1719.1246642191713,975.8520910566963,85.69774269268656,745.3441440940386,74708142.9861147,56031107.23958607,18244138.035956133,1233423.689794379,37055080.13533742,1345500.0000000002,36553545.513835505,35821656.44554298,-5.960464477539063e-08
53880.0,68.78398703270294,62.89596043985718,1,570.6003593233453,1711.8010779700357,975.6797406540588,85.79192087971435,738.3585347428585,74845380.23353596,56134035.17515202,18302684.057158083,1238568.3847827401,37099591.3125034,1347000.0000000002,36592782.733211145,35861022.9277206,-5.21540641784668e-08
53940.0,68.7747069092505,62.94254075808218,1,568.1483004986285,1704.4449014958855,975.4941381850099,85.88508151616436,731.3536353565067,74982030.28951667,56236522.71713756,18361219.339793127,1243718.6999489195,37143682.77370568,1348500.0000000002,36631584.67739546,35899964.0737567,-4.470348358154297e-08
54000.0,68.76476399653906,62.98861099472928,1,565.685424949238,1697.0562748477141,975.2952799307811,85.97722198945856,724.3295864269465,75118090.55243677,56338567.91432763,18419743.088624418,1248874.574161403,37187353.36575514,1350000.0000000002,36669950.25154176,35938478.79159368,-4.470348358154297e-08
54060.0,68.75415812174285,63.03416985379213,1,563.2117795647746,1689.6353386943238,975.083162434857,86.06833970758426,717.28652880102,75253558.43190496,56440168.823928766,18478254.508199826,1254035.9461325377,37230601.94390282,1351500.0000000002,36707878.36959636,35976565.99777022,-3.725290298461914e-08
54120.0,68.74288912515124,63.07921604957095,1,560.7274114398808,1682.1822343196425,974.8577825030247,86.1584320991419,710.2246036777676,75388431.34880808,56541323.51160611,18536752.802867714,1259202.754419768,37273427.371861145,1353000.0000000002,36745367.95431859,36014224.61744132,-4.470348358154297e-08
54180.0,68.73095686017115,63.12374830669625,1,558.232367873344,1674.6971036200318,974.619137203423,86.2474966133925,703.1439526057521,75522706.73536023,56642030.05152022,18595237.176792666,1264374.9374268744,37315828.52182501,1354500.0000000002,36782417.93730063,36051453.58439806,-5.21540641784668e-08
54240.0,68.71836119332914,63.1677653601523,1,555.726696367198,1667.180089101594,974.3672238665829,86.3355307203046,696.044717480376,75656382.03515159,56742286.52636374,18653706.833971214,1269552.4334052142,37357804.2744926,1356000.0000000002,36819027.25898726,36088251.84108733,-5.21540641784668e-08
54300.0,68.70510200427341,63.211265955300455,1,553.2104446258154,1659.6313338774462,974.1020400854683,86.42253191060091,688.927040541209,75789454.70319714,56842091.0273979,18712160.9782476,1274735.1804549647,37399353.519086204,1357500.0000000002,36855194.86869528,36124618.33863118,-5.960464477539063e-08
54360.0,68.69117918577518,63.25424884790227,1,550.6836605550034,1652.05098166501,973.8235837155037,86.50849769580454,681.7910643692636,75921922.2059851,56941441.65448887,18770598.813329525,1279923.1165263706,37440475.15337272,1359000.0000000002,36890919.72463293,36160552.036846295,-4.470348358154297e-08
54420.0,68.67659264373032,63.296712804142395,1,548.1463922610872,1644.4391767832615,973.5318528746063,86.59342560828479,674.6369318843253,76053782.02152516,57040336.51614391,18829019.542803876,1285116.179420993,37481168.08368409,1360500.0000000002,36926200.793919,36196051.90426304,-4.470348358154297e-08
54480.0,68.66134229716022,63.33865660065133,1,545.5986880499988,1636.7960641499965,973.2268459432044,86.67731320130267,667.464786342214,76185031.6393965,57138773.729547426,18887422.3701525,1290314.3067929617,37521431.22493753,1362000.0000000002,36961037.05260192,36231116.91814452,-4.470348358154297e-08
54540.0,68.64542807821294,63.38007902452792,1,543.0405964263533,1629.12178927906,972.9085615642589,86.76015804905585,660.2747713321016,76315668.56079562,57236751.42059676,18945806.498767942,1295517.43615023,37561263.500655636,1363500.0000000002,36995427.48567854,36265746.064505346,-5.21540641784668e-08
54600.0,68.62884993216365,63.42097887336168,1,540.4721660925283,1621.4164982775847,972.5769986432729,86.84195774672337,653.0670307737662,76445690.29858382,57334267.72393791,19004171.131969202,1300725.5048558326,37600663.84298626,1365000.0000000002,37029371.08711282,36299938.33813037,-4.470348358154297e-08
54660.0,68.61160781741503,63.46135495525492,1,537.8934459477344,1613.6803378432032,972.2321563483007,86.92270991050984,645.8417089148785,76575094.37733464,57431320.78300102,19062515.473017488,1305938.450129145,37639631.19272231,1366500.0000000002,37062866.85985433,36333692.74259311,-5.960464477539063e-08
54720.0,68.59370170549751,63.50120608884465,1,535.3044850870867,1605.9134552612602,971.8740341099501,87.0024121776893,638.5989503282688,76703878.33338094,57527908.75003575,19120838.725131962,1311156.2090471475,37678164.499321334,1368000.0000000002,37095913.81585659,36367008.29027413,-5.21540641784668e-08
54780.0,68.57513158106887,63.54053110332435,1,532.7053328006674,1598.1159984020023,971.5026316213775,87.0810622066487,631.3388999091635,76832039.71486185,57624029.78614644,19179140.09150551,1316378.7185456892,37716262.7209249,1369500.0000000002,37128510.97609519,36399884.00237916,-5.21540641784668e-08
54840.0,68.5558974419143,63.57932883846544,1,530.0960385725901,1590.2881157177703,971.1179488382859,87.15865767693089,624.0617028724862,76959576.08176942,57719682.06132711,19237418.77532047,1321605.9154207574,37753924.824377924,1371000.0000000002,37160657.37058582,36432318.90895711,-5.960464477539063e-08
54900.0,68.53599929894538,63.61759814463866,1,527.4766520800551,1582.4299562401654,970.7199859789077,87.23519628927733,616.7675047500628,77086485.00599504,57814863.75449631,19295673.97976441,1326837.7363297478,37791149.785247736,1372500.0000000002,37192352.0384021,36464312.04891792,-5.21540641784668e-08
54960.0,68.51543717619947,63.655337882835155,1,524.8472231924059,1574.5416695772176,970.3087435239894,87.31067576567031,609.456451387885,77212764.07137573,57909573.05353184,19353904.908045862,1332074.1177927374,37827936.58784299,1374000.0000000002,37223594.02769318,36495862.47005019,-5.960464477539063e-08
55020.0,68.49421111083844,63.69254692468739,1,522.2078019701779,1566.6234059105336,969.8842222167686,87.38509384937478,602.1286889433409,77338410.8737401,58003808.155305125,19412110.763410076,1337314.9961937603,37864284.22523248,1375500.0000000002,37254382.39570123,36526969.229038656,-5.960464477539063e-08
55080.0,68.47232115314733,63.72922415248991,1,519.558438664147,1558.675315992441,969.4464230629467,87.45844830497983,594.7843638824406,77463423.02095419,58097567.265715696,19470290.749154773,1342560.307782086,37900191.69926372,1377000.0000000002,37284716.208778776,36557631.39148156,-6.705522537231445e-08
55140.0,68.44976736653287,63.76536845921982,1,516.8991837143711,1550.6975511431133,968.9953473306573,87.53073691843964,587.4236229770559,77587798.13296689,58190848.599725224,19528444.068645895,1347809.9886735007,37935658.02058135,1378500.0000000002,37314594.54240577,36587848.031907775,-5.960464477539063e-08
55200.0,68.42654982752146,63.80097874855714,1,514.2300877492315,1542.6902632476945,968.5309965504291,87.60195749711428,580.0466133021248,77711533.84185536,58283650.38139157,19586569.92533333,1353063.974851589,37970682.20864543,1380000.0000000002,37344016.481206596,36617618.23379377,-5.960464477539063e-08
55260.0,68.4026686257571,63.83605393490488,1,511.55120158446783,1534.6536047534034,968.053372515142,87.67210786980976,572.6534822328683,77834627.79187006,58375970.843902595,19644667.522766676,1358322.2021690207,38005263.29174957,1381500.0000000002,37372981.11896684,36646941.089580484,-5.960464477539063e-08
55320.0,68.37812386399911,63.870592943408965,1,508.8625762222113,1526.587728666634,967.5624772799822,87.74118588681793,565.2443774420037,77957077.6394796,58467808.22960976,19702736.06461098,1363584.6063488382,38039400.3070388,1383000.0000000002,37401487.55864988,36675815.7006899,-5.960464477539063e-08
55380.0,68.35291565811929,63.90459470997796,1,506.1642628500129,1518.4927885500388,967.0583131623857,87.80918941995591,557.8194468969227,78078881.05341542,58559160.79006162,19760774.75466246,1368851.1229857472,38073092.30052739,1384500.0000000002,37429534.91241336,36704241.17754157,-5.21540641784668e-08
55440.0,68.32704413709936,63.93805818130253,1,503.4563128398699,1510.3689385196096,966.5408827419873,87.87611636260506,550.3788388569229,78200035.71471608,58650026.78603712,19818782.796864245,1374121.6875474087,38106338.32711639,1386000.0000000002,37457122.30162541,36732216.63956892,-5.960464477539063e-08
55500.0,68.30050944302768,63.97098231487481,1,500.73877774724735,1502.2163332417422,966.0101888605536,87.94196462974962,542.9227018703697,78320539.31677148,58740404.48757866,19876759.39532211,1379396.2353757352,38139137.450611144,1387500.0000000002,37484248.856880754,36759741.21523534,-5.960464477539063e-08
55560.0,68.2733117310959,64.00336607900742,1,498.0117093100957,1494.035127930287,965.466234621918,88.00673215801484,535.4511847718954,78440389.56536672,58830292.17402509,19934703.7543202,1384674.7016881865,38171488.743738465,1389000.0000000002,37510913.71801665,36786814.042050205,-5.21540641784668e-08
55620.0,68.24545116959541,64.03520845285242,1,495.27515944786734,1485.825478343602,964.9090233919082,88.07041690570483,527.9644366795717,78559584.17872582,58919688.13404442,19992615.07833675,1389957.021579071,38203391.288163766,1390500.0000000002,37537116.034128554,36813434.26658462,-5.21540641784668e-08
55680.0,68.21692793991345,64.06650842641993,1,492.52918026052674,1477.5875407815802,964.3385587982689,88.13301685283986,520.462606992087,78678120.8875552,59008590.665666446,20050492.572059795,1395243.1300208454,38234844.174507976,1392000.0000000002,37562854.963585764,36839601.04448706,-4.470348358154297e-08
55740.0,68.18774223652902,64.09726500059666,1,489.7738240275597,1469.321472082679,963.7548447305803,88.19453000119333,512.9458453859172,78795997.43508676,59096998.07631511,20108335.440402895,1400532.9618654214,38265846.5023643,1393500.0000000002,37588129.67404674,36865313.54049881,-5.960464477539063e-08
55800.0,68.15789426700847,64.1274771871642,1,487.0091432069767,1461.0274296209302,963.1578853401695,88.2549543743284,505.4143018124714,78913211.57712094,59184908.68284076,20166142.88852084,1405826.4518454697,38296397.380314805,1395000.0000000002,37612939.3424744,36890570.92846927,-4.470348358154297e-08
55860.0,68.12738425200104,64.15714400881699,1,484.2351904343156,1452.7055713029467,962.5476850400207,88.31428801763397,497.86812649527997,79029761.08206947,59272320.81155215,20223914.121825352,1411123.5345757296,38326495.925946794,1396500.0000000002,37637283.15515101,36915372.391371,-5.960464477539063e-08
55920.0,68.09621242523387,64.18626449918027,1,481.4520185216389,1444.3560555649167,961.9242485046775,88.37252899836054,490.30746992712193,79145643.73099774,59359232.79824836,20281648.346000776,1416424.1445543196,38356141.26586909,1398000.0000000002,37661160.30769321,36939717.121314704,-5.21540641784668e-08
55980.0,68.06437903350697,64.21483770282771,1,478.6596804565271,1435.9790413695814,961.2875806701393,88.42967540565542,482.732482867179,79260857.3176672,59445642.98825044,20339344.767019767,1421728.2161640495,38385332.53572808,1399500.0000000002,37684570.005066566,36963604.31956396,-5.21540641784668e-08
56040.0,68.0318843366879,64.24286267529885,1,475.85822940107334,1427.57468820322,960.6376867337578,88.4857253505977,475.14331633818597,79375399.6485772,59531549.73643295,20397002.59115899,1427035.6836737364,38414068.88022365,1401000.0000000002,37707511.46160016,36987033.19654984,-5.21540641784668e-08
56100.0,67.99872860770616,64.27033848311632,1,473.0477186908658,1419.1431560725973,959.974572154123,88.54067696623264,467.5401216235654,79489268.54300688,59616951.40725521,20454621.025014788,1432346.4812395205,38442349.45312483,1402500.0000000002,37729983.901000835,37010002.97188524,-6.705522537231445e-08
56160.0,67.96491213254724,64.29726420380288,1,470.2282018339786,1410.6846055019357,959.2982426509448,88.59452840760576,459.9230502645425,79602461.83305663,59701846.374792516,20512199.275518846,1437660.5429061842,38470173.417285465,1404000.0000000002,37751986.55636742,37032512.87437921,-5.960464477539063e-08
56220.0,67.93043521024677,64.32363892589825,1,467.3997325099475,1402.1991975298424,958.6087042049354,88.6472778517965,452.29225405730426,79714977.36368938,59786233.022767074,20569736.549953878,1442977.8026084746,38497539.944659494,1405500.0000000002,37773518.67020464,37054562.14205094,-8.195638656616211e-08
56280.0,67.89529815288395,64.34946174897574,1,464.5623645687519,1393.6870937062556,957.9059630576791,88.69892349795148,444.64788505008966,79826812.9927716,59870109.744578734,20627232.05596925,1448298.1941724245,38524448.21631622,1407000.0000000002,37794579.49443698,37076150.02214372,-7.450580596923828e-08
56340.0,67.85950128557515,64.37473178365859,1,461.7161520297869,1385.1484560893607,957.190025711503,88.74946356731718,436.9900955403366,79937966.59111412,59953474.94333562,20684685.001596652,1453621.6513166782,38550897.42245534,1408500.0000000002,37815168.29042221,37097275.77113858,-8.195638656616211e-08
56400.0,67.82304494646692,64.39944815163622,1,458.8611490808371,1376.5834472425113,956.4608989293384,88.79889630327244,429.31903807176985,80048436.04251266,60036327.03188452,20742094.595265742,1458948.1076538195,38576886.76242178,1410000.0000000002,37835284.32896488,37117938.65476788,-7.450580596923828e-08
56460.0,67.78592948672906,64.42360998568019,1,455.99741007704256,1367.9922302311277,955.7185897345812,88.84721997136037,421.6348654315286,80158219.2437881,60118664.4328411,20799460.045819756,1464277.496691699,38602415.44472041,1411500.0000000002,37854926.89032958,37138137.94802864,-7.450580596923828e-08
56520.0,67.74815527054716,64.44721642965997,1,453.12498953986653,1359.3749686195997,954.9631054109432,88.89443285931995,413.93773064725286,80267314.10482652,60200485.57861992,20856780.56253115,1469609.7518347653,38627482.68703057,1413000.0000000002,37874095.264253944,37157872.93519574,-5.960464477539063e-08
56580.0,67.70972267511515,64.47026663855853,1,450.24394215605497,1350.7318264681649,954.1944535023028,88.94053327711705,406.22778698419984,80375718.54861906,60281788.911464326,20914055.3551172,1474944.806385399,38652087.7162204,1414500.0000000002,37892788.74996166,37177142.90983493,-6.705522537231445e-08
56640.0,67.67063209062746,64.49275977848764,1,447.35432277659777,1342.0629683297934,953.4126418125493,88.98551955697528,398.50518794233415,80483430.51130135,60362572.883476034,20971283.633755635,1480282.5935452457,38676229.768360995,1416000.0000000002,37911006.65617508,37195947.17481566,-7.450580596923828e-08
56700.0,67.63088392027092,64.51469502670311,1,444.4561864156817,1333.3685592470451,952.6176784054184,89.02939005340622,390.77008725340323,80590447.9421929,60442835.956644684,21028464.609100197,1485623.0464165527,38699908.08874043,1417500.0000000002,37928748.30112786,37214285.0423238,-8.195638656616211e-08
56760.0,67.59047858021643,64.5360715716196,1,441.5495882496463,1324.648764748939,951.8095716043285,89.0721431432392,383.0226388780419,80696768.80383605,60522576.60287705,21085597.49229624,1490966.0980035076,38723121.93187757,1419000.0000000002,37946013.012577236,37232155.83387399,-6.705522537231445e-08
56820.0,67.54941649961042,64.55688861282542,1,438.63458361593104,1315.9037508477932,950.9883299922083,89.11377722565084,375.26299700283874,80802391.0720349,60601793.30402617,21142681.494996328,1496311.6812135782,38745870.56153569,1420500.0000000002,37962800.1278162,37249558.88032205,-6.705522537231445e-08
56880.0,67.5076981205661,64.57714536109698,1,435.7112280120216,1307.1336840360648,950.153962411322,89.15429072219396,367.49131603742796,80907312.73589367,60680484.55192026,21199715.829375762,1501659.7288588535,38768153.250736006,1422000.0000000002,37979108.99368557,37266493.52187708,-6.705522537231445e-08
56940.0,67.4653238981544,64.59684103841317,1,432.7795770943952,1298.3387312831856,949.3064779630879,89.19368207682635,359.70775061154905,81011531.79785514,60758648.84839136,21256699.708148174,1507010.1736573882,38789969.28177088,1423500.0000000002,37994938.96658573,37282959.108113416,-6.705522537231445e-08
57000.0,67.42229430039455,64.61597487796936,1,429.83968667745904,1289.5190600323772,948.4458860078911,89.23194975593873,351.9124555721188,81115046.27373861,60836284.70530396,21313632.344581034,1512362.9482345472,38811317.946217015,1425000.0000000002,38010289.41248831,37298954.99798239,-6.705522537231445e-08
57060.0,67.37860980824472,64.63454612419133,1,426.89161273248936,1280.674838197468,947.5721961648944,89.26909224838266,344.1055859802947,81217854.19277766,60913390.64458325,21370512.952511203,1517717.9851243524,38832198.544948384,1426500.0000000002,38025159.706947625,37314480.55982395,-7.450580596923828e-08
57120.0,67.3342709155922,64.65255403274887,1,423.935411386564,1271.806234159692,946.6854183118439,89.30510806549773,336.28729710855384,81319953.59765773,60989965.19824328,21427340.746360455,1523075.2167708315,38852610.388148956,1428000.0000000002,38039549.23511194,37329535.17137805,-5.960464477539063e-08
57180.0,67.28927812924319,64.66999787056925,1,420.9711389214958,1262.9134167644875,945.7855625848638,89.3399957411385,328.45774443771194,81421342.54455328,61066006.90841495,21484114.941150982,1528434.5755293677,38872552.79532533,1429500.0000000002,38053457.39173454,37344118.21979589,-5.960464477539063e-08
57240.0,67.2436319689128,64.6868769158505,1,417.9988517727591,1253.9965553182774,944.8726393782558,89.37375383170101,320.6170836540111,81522019.10316494,61141514.3273737,21540834.75252088,1533795.9936680517,38892025.09531913,1431000.0000000002,38066883.581184715,37358229.10165102,-5.21540641784668e-08
57300.0,67.19733296721428,64.70319045807433,1,415.0186065284174,1245.0558195852523,943.9466593442855,89.40638091614866,312.7654706461495,81621981.35675615,61216486.017567106,21597499.396739658,1539159.4033690344,38911026.62631924,1432500.0000000002,38079827.21745835,37371867.22295014,-6.705522537231445e-08
57360.0,67.15038166964835,64.71893779801904,1,412.03045992804323,1236.0913797841297,943.0076333929671,89.43787559603808,304.9030615023158,81721227.40218969,61290920.55164226,21654108.090723686,1544524.7367298831,38929556.73587386,1434000.0000000002,38092287.72418865,37385031.99914392,-4.470348358154297e-08
57420.0,67.10277863459237,64.73411824777203,1,409.034468861642,1227.103406584926,942.0555726918474,89.46823649554406,297.0300125072703,81819755.34996393,61364816.51247294,21710660.052051652,1549891.925764936,38947614.78090241,1435500.0000000002,38104264.5346563,37397722.855137415,-5.960464477539063e-08
57480.0,67.05452443328869,64.74873113074219,1,406.0306903685633,1218.09207110569,941.0904886657738,89.49746226148437,289.1464801393317,81917563.32424876,61438172.49318656,21767154.49898004,1555260.9024066618,38965200.12770719,1437000.0000000002,38115757.091799796,37409939.22530047,-5.960464477539063e-08
57540.0,67.00561964983355,64.76277578167212,1,403.01918163642114,1209.0575449092635,940.1123929966709,89.52555156334424,281.2526210674433,82014649.46292134,61510987.09719099,21823590.650458522,1560631.5985070176,38982312.15198497,1438500.0000000002,38126764.84822539,37421680.55347789,-5.960464477539063e-08
57600.0,66.95606488116506,64.77625154664999,1,399.99999999999994,1199.9999999999998,939.1212976233012,89.55250309329998,273.34859214819033,82111011.91760151,61583258.93820112,21879967.72614539,1566003.94583881,38998950.23883826,1440000.0000000002,38137287.26621686,37432946.29299939,-5.960464477539063e-08
57660.0,66.90586073705147,64.78915778312133,1,396.97320294016674,1190.9196088205003,938.1172147410293,89.57831556624265,265.43455042284,82206648.85368706,61654986.64026529,21936284.946422976,1571377.8760970582,39015113.78278655,1441500.0000000002,38147323.8177452,37443735.90668943,-5.960464477539063e-08
57720.0,66.8550078400786,64.80149385990053,1,393.9388480827734,1181.8165442483203,937.100156801572,89.60298771980106,257.5106531143296,82301558.4503886,61726168.83779144,21992541.53241301,1576753.3209003564,39030802.18777726,1443000.0000000002,38156873.98447803,37454048.86687685,-5.21540641784668e-08
57780.0,66.80350682563764,64.81325915718213,1,390.89699319756386,1172.6909795926915,936.0701365127528,89.62651831436426,249.5770576243209,82395738.9007642,61796804.17557313,22048736.705992013,1582130.2117922392,39046014.86719656,1444500.0000000002,38165937.25778883,37463884.65540426,-5.21540641784668e-08
57840.0,66.7513583419124,64.82445306655192,1,387.84769619706975,1163.5430885912092,935.0271668382479,89.64890613310385,241.6339215302027,82489188.41175383,61866891.30881536,22104869.689806662,1587508.4802425485,39060751.24388002,1446000.0000000002,38174513.138766095,37473242.76363741,-5.21540641784668e-08
57900.0,66.69856304986627,64.83507499099781,1,384.7910151355104,1154.3730454065312,933.9712609973253,89.67014998199562,233.68140258210428,82581905.20421354,61936428.90316013,22160939.707289115,1592888.0576487996,39075010.75012304,1447500.0000000002,38182601.138222165,37482122.69247417,-5.21540641784668e-08
57960.0,66.64512162322907,64.84512434492046,1,381.7270082076866,1145.1810246230598,932.9024324645815,89.69024868984093,225.71965869989958,82673887.51294921,62005415.634711884,22216945.982672345,1598268.8753375518,39088792.82769112,1449000.0000000002,38190200.77670194,37490523.95235351,-5.21540641784668e-08
58020.0,66.59103474848355,64.85460055414374,1,378.65573374787476,1135.9672012436242,931.820694969671,89.70920110828749,217.74884797021184,82765133.5867503,62073850.1900627,22272887.741005458,1603650.8645657774,39102096.92783,1450500.0000000002,38197311.584491424,37498446.06326417,-4.470348358154297e-08
58080.0,66.53630312485174,64.86350305592492,1,375.57725022871256,1126.7317506861377,930.7260624970348,89.72700611184985,209.76912864342302,82855641.68842308,62141731.26631729,22328764.208168987,1609033.9565222333,39114922.51127553,1452000.0000000002,38203933.101626016,37505888.55475324,-5.960464477539063e-08
58140.0,66.48092746428117,64.87183129896475,1,372.4916162600896,1117.4748487802688,929.6185492856233,89.7436625979295,201.78065913067852,82945410.09482376,62209057.5711178,22384574.61089016,1614418.0823288343,39127269.04826342,1453500.0000000002,38210064.877898745,37512850.96593453,-5.960464477539063e-08
58200.0,66.4249084914304,64.87958474341713,1,369.39889058802714,1108.1966717640814,928.4981698286081,89.75916948683425,193.78359800086457,83034437.09689128,62275827.82266845,22440318.176758185,1619803.173042026,39139136.0185388,1455000.0000000002,38215706.47286817,37519332.845496714,-6.705522537231445e-08
58260.0,66.36824694365485,64.88676286089878,1,366.2991320935656,1098.8973962806967,927.3649388730971,89.77352572179757,185.778103977611,83122720.99967986,62342040.74975988,22495994.134239465,1625189.1596541605,39150522.91136559,1456500.0000000002,38220857.4558662,37525333.75171138,-5.21540641784668e-08
58320.0,66.31094357099204,64.89336513449852,1,363.1923997916375,1089.5771993749127,926.2188714198408,89.78673026899705,177.76433593628664,83210260.12239125,62407695.09179342,22551601.712692842,1630575.9730948715,39161429.2255357,1458000.0000000002,38225517.40600564,37530853.252440766,-5.960464477539063e-08
58380.0,66.25299913614677,64.89939105878649,1,360.07875282994826,1080.2362584898447,925.0599827229354,89.79878211757298,169.7424529009788,83297052.79840672,62472789.59880502,22607140.142384812,1635963.5442324525,39171854.46937801,1459500.0000000002,38229685.91218771,37535890.92514551,-4.470348358154297e-08
58440.0,66.19441441447596,64.90484013982295,1,356.9582504878469,1070.8747514635406,923.8882882895191,89.8096802796459,161.71261404148694,83383097.37531884,62537323.03148911,22662608.654504705,1641351.803875235,39181798.16076727,1461000.0000000002,38233362.57310913,37540446.35689199,-3.725290298461914e-08
58500.0,66.13519019397323,64.90971189516708,1,353.83095217520105,1061.4928565256032,922.7038038794647,89.81942379033416,153.67497867029147,83468392.2149629,62601294.16122215,22718006.48117986,1646740.682772967,39191259.827132694,1462500.0000000002,38236546.99726927,37544519.14435968,-5.960464477539063e-08
58560.0,66.07532727525336,64.91400585388543,1,350.69691743126214,1052.0907522937864,921.5065455050672,89.82801170777086,145.6297062395384,83552935.6934481,62664701.77008604,22773332.85549079,1652130.1116181947,39200239.00546646,1464000.0000000002,38239238.80297702,37548108.89384822,-3.725290298461914e-08
58620.0,66.01482647153642,64.91772155656015,1,347.55620592353347,1042.6686177706003,920.2965294307285,89.8354431131203,137.57695633802433,83636726.20118847,62727544.65089133,22828587.011486307,1657520.0210476425,39208735.242331974,1465500.0000000002,38241437.61835733,37551215.221284285,-4.470348358154297e-08
58680.0,65.95368860863164,64.92085855529709,1,344.40887744663604,1033.226632339908,919.0737721726327,89.84171711059417,129.51688868815253,83719762.14293352,62789821.607200116,22883768.18419864,1662910.3416435963,39216748.093872,1467000.0000000002,38243143.08135784,37553837.752228364,-4.470348358154297e-08
58740.0,65.89191452492113,64.92341641373358,1,341.25499192116683,1023.7649757635005,917.8382904984227,89.84683282746715,121.44966314291968,83802041.93779863,62851531.45334894,22938875.60965854,1668301.0039352865,39224277.12581659,1468500.0000000002,38244354.83975509,37555976.12188127,-2.9802322387695312e-08
58800.0,65.82950507134329,64.92539470704605,1,338.0946093925599,1014.2838281776797,916.5901014268659,89.8507894140921,113.37543968287373,83883564.0192951,62912673.01447129,22993908.524910342,1673691.938400272,39231321.91349081,1470000.0000000002,38245072.551160656,37557629.9750905,-2.2351741790771484e-08
58860.0,65.76646111137603,64.92679302195745,1,334.92779002994206,1004.7833700898261,915.3292222275206,89.8535860439149,105.29437841309,83964326.83536,62973245.12651998,23048866.168027043,1679083.075465826,39237882.0418223,1471500.0000000002,38245295.88302707,37558798.96635643,-3.725290298461914e-08
58920.0,65.70278352101974,64.92761095674439,1,331.75459412499134,995.263782374974,914.0556704203948,89.85522191348878,97.20663956012905,84044328.84838577,63033246.63628929,23103747.778125327,1684474.3455103214,39243957.10534868,1473000.0000000002,38245024.512653604,37559482.759838305,-4.470348358154297e-08
58980.0,65.63847318877988,64.92784812124408,1,328.57508209078213,985.7252462723463,912.7694637755976,89.85569624248816,89.11238346898946,84123568.53524935,63092676.40143698,23158552.595380574,1689865.6788646176,39249546.708224714,1474500.0000000002,38244258.12719175,37559681.029360056,-2.9802322387695312e-08
59040.0,65.57353101564969,64.9275041368611,1,325.3893144606403,976.167943381921,911.4706203129938,89.8550082737222,81.01177060008911,84202044.38734135,63151533.290505975,23213279.86104188,1695257.0058134492,39254650.46422936,1476000.0000000002,38242996.42365063,37559393.45841588,-1.4901161193847656e-08
59100.0,65.50795791509218,64.92657863657385,1,322.1973518869895,966.5920556609685,910.1591583018435,89.8531572731477,72.90496152619816,84279754.91059466,63209816.18294596,23267928.817447007,1700648.2565968127,39259267.99677258,1477500.0000000002,38241239.10890212,37558619.74017574,-2.2351741790771484e-08
59160.0,65.4417548130223,64.92507126494094,1,318.9992551401969,956.9977654205907,908.835096260446,89.85014252988188,64.79211692940258,84356698.62551294,63267523.969134666,23322498.70803734,1706039.3614113575,39263398.938902006,1479000.0000000002,38238985.899685964,37557359.57749063,-7.450580596923828e-09
59220.0,65.37492264778878,64.92298167810716,1,315.79508510741425,947.3852553222428,907.4984529557755,89.84596335621433,56.67339759807457,84432874.06719877,63324655.55039904,23376988.777372837,1711430.250411775,39267042.93330938,1480500.0000000002,38236236.52261442,37555612.68289759,-1.4901161193847656e-08
59280.0,65.30746237015548,64.92030954380941,1,312.5849027914193,937.7547083742579,906.1492474031095,89.84061908761882,48.54896442379686,84508279.78538154,63381209.83903612,23431398.271146916,1716820.8537121892,39270199.632336885,1482000.0000000002,38232990.714177,37553378.77862467,-2.2351741790771484e-08
59340.0,65.23937494328274,64.9170545413823,1,309.36876930945635,928.106307928369,904.7874988656548,89.8341090827646,40.41897839831534,84582914.34444506,63437185.75833377,23485726.436201353,1722211.1013875485,39272868.69798319,1483500.0000000002,38229248.22074484,37550657.5965956,-3.725290298461914e-08
59400.0,65.17066134270854,64.91321636176357,1,306.1467458920719,918.4402376762157,903.4132268541708,89.82643272352715,32.28360061049892,84656776.32345493,63492582.24259118,23539972.520541154,1727600.9234750175,39275049.8019094,1485000.0000000002,38225008.79857498,37547448.878434345,-2.9802322387695312e-08
59460.0,65.10132255632925,64.90879470749931,1,302.91889388194664,908.75668164584,902.026451126585,89.81758941499862,24.14299224327445,84729864.31618555,63547398.237139136,23594135.773349375,1732990.2499753705,39276742.62544483,1486500.0000000002,38220272.21381436,37543752.375469424,-2.9802322387695312e-08
59520.0,65.03135958438024,64.90378929274885,1,299.68527473272945,899.0558241981884,900.6271916876049,89.80757858549771,15.997314570575817,84802176.93114686,63601632.698360115,23648215.445001956,1738379.0108543825,39277946.85959246,1488000.0000000002,38215038.24250375,37539567.848738045,-2.2351741790771484e-08
59580.0,64.9607734394163,64.89819984328963,1,296.44595000786865,889.3378500236059,899.215468788326,89.79639968657926,7.846728954284225,84873712.79161093,63655284.59370816,23702210.78708252,1743767.1360442264,39278662.2050344,1489500.0000000002,38209306.67058138,37534895.06899013,-2.9802322387695312e-08
59640.0,64.88956514629174,64.89202609652166,1,293.2009813794381,879.6029441383142,897.7913029258349,89.78405219304332,-0.30860315883160466,84944470.53563806,63708352.90172851,23756121.052397132,1749154.5554448643,39278888.37213701,1491000.0000000002,38203077.29388648,37529733.81669211,-2.9802322387695312e-08
59700.0,64.81773574214014,64.88526780147185,1,289.95043062696175,869.8512918808852,896.3547148428029,89.77053560294371,-8.468520240196561,85014448.81610285,63760836.612077095,23809945.49498905,1754541.1989254449,39278625.080955945,1492500.0000000002,38196349.91816258,37524083.88203047,-2.9802322387695312e-08
59760.0,64.74528627635429,64.87792471879811,1,286.69435963624016,860.0830789087205,894.9057255270859,89.75584943759623,-16.63286068245506,85083646.30071968,63812734.725539714,23863683.370153453,1759926.9963256973,39277872.06124095,1494000.0000000002,38189124.35906054,37517945.064915225,-2.2351741790771484e-08
59820.0,64.67221781056529,64.8699966207932,1,283.43283039817254,850.2984911945176,893.4443562113057,89.7399932415864,-24.801462802580705,85152061.67206818,63864046.2540511,23917333.934452143,1765311.8774573277,39276629.05244048,1495500.0000000002,38181400.44214159,37511317.174983114,-3.725290298461914e-08
59880.0,64.59853141862207,64.86148329138844,1,280.16590500757405,840.4977150227221,891.9706283724415,89.72296658277688,-32.974164844902184,85219693.62761831,63914770.2207137,23970896.445728194,1770695.772105416,39274895.803706184,1497000.0000000002,38173178.00288007,37504200.031600736,-2.2351741790771484e-08
59940.0,64.52422818657026,64.85238452615705,1,276.8936456619949,830.6809369859848,890.4845637314052,89.7047690523141,-41.150804984184425,85286540.87975514,63964905.65981632,24024370.163120635,1776078.6100298122,39272672.07389714,1498500.0000000002,38164456.88666585,37496593.4638673,-2.2351741790771484e-08
60000.0,64.44930921263067,64.84270013231747,1,273.6161146605348,820.8483439816043,888.9861842526134,89.68540026463495,-49.331221328725796,85352602.15580332,64014451.61685246,24077754.34707905,1781460.3209665339,39269957.63158397,1500000.0000000002,38155236.94880687,37488497.31061741,-7.450580596923828e-09
60060.0,64.37377560717815,64.83242992873625,1,270.33337440266155,811.0001232079846,887.4755121435629,89.66485985747249,-57.51525192338577,85417876.1980514,64063407.14853853,24131048.259378187,1786840.8346291631,39266752.255052686,1501500.0000000002,38145518.05453117,37479911.4204235,-7.450580596923828e-09
60120.0,64.2976284927197,64.82157374593085,1,267.0454873870169,801.1364621610508,885.9525698543939,89.6431474918617,-65.70273475267855,85482361.7637757,64111771.32283176,24184251.16313252,1792220.080710246,39263055.73230846,1503000.0000000002,38135300.07898899,37470835.65159819,0.0
60180.0,64.22086900387255,64.81013142607226,1,263.7525162102302,791.2575486306907,884.4173800774511,89.62026285214452,-73.89350774384357,85546057.62526402,64159543.21894799,24237362.322810803,1797597.988882689,39258867.86107912,1504500.0000000002,38124582.907254495,37461269.872196406,-7.450580596923828e-09
60240.0,64.14349828734177,64.79810282298722,1,260.45452356572525,781.3635706971758,882.8699657468354,89.59620564597444,-82.08740876993906,85608962.56983894,64206721.92737918,24290381.004250586,1802974.4888011587,39254188.4488185,1506000.0000000002,38113366.434327446,37451213.960017316,7.450580596923828e-09
60300.0,64.06551750189826,64.78548780216039,1,257.1515722425294,771.4547167275882,881.3103500379651,89.57097560432078,-90.28427565287151,85671075.39988102,64253306.54991074,24343306.474672705,1808349.5101034807,39249017.312709585,1507500.0000000002,38101650.565134555,37440667.80260608,0.0
60360.0,63.98692781835574,64.77228624073622,1,253.84372512407407,761.5311753722222,879.7385563671148,89.54457248147244,-98.48394616651257,85732394.9328515,64299296.19963859,24396138.002695747,1813722.982412038,39243354.279667534,1509000.0000000002,38089435.21453082,37429631.29725548,1.4901161193847656e-08
60420.0,63.90773041954811,64.7584980275206,1,250.53104518699953,751.5931355609986,878.1546083909622,89.5169960550412,-106.68625803975063,85792920.00131483,64344690.00098611,24448874.858350497,1819094.8353351704,39237199.18634241,1510500.0000000002,38076720.30730045,37418104.35100722,7.450580596923828e-09
60480.0,63.827926500306134,64.74412306298235,1,247.21359549995802,741.640786499874,876.5585300061227,89.48824612596471,-114.89104895959794,85852649.45296101,64389487.08972073,24501516.313094337,1824464.9984685744,39230551.87912183,1512000.0000000002,38063505.77815784,37406086.88065325,2.2351741790771484e-08
60540.0,63.7475172674343,64.72916125925437,1,243.89143922240862,731.6743176672259,874.9503453486859,89.45832251850874,-123.09815657423695,85911582.15062734,64433686.61297048,24554061.639825627,1829833.401396703,39223412.21413336,1513500.0000000002,38049791.57174817,37393578.81273665,1.4901161193847656e-08
60600.0,63.66650393968716,64.7136125401347,1,240.56463960341867,721.693918810256,873.3300787937433,89.42722508026941,-131.30741849612198,85969716.97232021,64477287.729240134,24606510.112898074,1835199.9736941643,39215780.057246774,1515000.0000000002,38035577.64264792,37380580.083552614,2.9802322387695312e-08
60660.0,63.584887747745654,64.69747684108728,1,237.23325998045644,711.6997799413693,871.6977549549131,89.39495368217456,-139.51867230503987,86027052.81123643,64520289.6084273,24658861.008135043,1840564.6449271224,39207655.28407609,1516500.0000000002,38020863.95536515,37367090.639148965,1.4901161193847656e-08
60720.0,63.502669934192895,64.68075410924251,1,233.89736377818963,701.6920913345689,870.053398683858,89.36150821848503,-147.73175555122225,86083588.57578425,64562691.43183818,24711113.602843862,1845927.3446546977,39199037.779981434,1518000.0000000002,38005650.48433963,37353110.43532674,7.450580596923828e-09
60780.0,63.41985175349016,64.66344430339757,1,230.55701450727156,691.6710435218147,868.3970350698031,89.32688860679514,-155.9465057583894,86139323.18960424,64604492.39220316,24763267.17583009,1851288.0024303652,39189927.44007073,1519500.0000000002,37989937.21394272,37338639.43764037,1.4901161193847656e-08
60840.0,63.3364344719523,64.64554739401656,1,227.21227576313842,681.6368272894152,866.7286894390461,89.29109478803312,-164.162760426858,86194255.59158967,64645691.69369223,24815321.007411752,1856646.547803356,39180324.16920121,1521000.0000000002,37973724.13847713,37323677.621397845,1.4901161193847656e-08
60900.0,63.252419367723064,64.62706336323042,1,223.8632112247935,671.5896336743805,865.0483873544613,89.25412672646084,-172.38035703662237,86248384.7359068,64686288.55193007,24867274.379433546,1862002.9103200573,39170227.881980695,1522500.0000000002,37957011.26217648,37308224.97166063,7.450580596923828e-09
60960.0,63.16780773075022,64.60799220483652,1,220.50988465359939,661.5296539607982,863.3561546150044,89.21598440967304,-180.59913305042215,86301709.59201472,64726282.19401102,24919126.575281035,1867357.0195254115,39159638.50276875,1524000.0000000002,37939798.599204585,37292281.48324333,1.4901161193847656e-08
61020.0,63.082600862760444,64.5883339242982,1,217.15235989205968,651.4570796761791,861.6520172552089,89.1766678485964,-188.8189259168343,86354229.14468507,64765671.85851379,24970876.87989479,1872708.8049643168,39148555.965677604,1525500.0000000002,37922086.1736547,37275847.16071329,2.2351741790771484e-08
61080.0,62.9968000772339,64.56808853874391,1,213.79070086260597,641.372102587818,859.936001544678,89.13617707748782,-197.039573073355,86405942.39402126,64804456.795515925,25022524.579784498,1878058.1961830268,39136980.214572944,1527000.0000000002,37903874.019548416,37258922.01838991,1.4901161193847656e-08
61140.0,62.91040669937871,64.54725607696636,1,210.42497156637984,631.2749146991396,858.2081339875742,89.09451215393273,-205.2609119494915,86456848.35547757,64842636.266608156,25074068.963043068,1883405.1227305506,39124911.20307443,1528500.0000000002,37885162.18083456,37241506.08034388,2.9802322387695312e-08
61200.0,62.8234220661051,64.52583657942115,1,207.05523608201682,621.1657082460505,856.4684413221021,89.0516731588423,-213.48277996983268,86506946.05987787,64880209.54490838,25125509.319360685,1888749.5141600522,39112348.89455614,1530000.0000000002,37865950.71138766,37223599.38039608,7.450580596923828e-09
61260.0,62.7358475259994,64.50383009822546,1,203.68155856442215,611.0446756932664,854.7169505199879,89.00766019645093,-221.70501455714884,86556234.55343407,64917175.91507554,25176844.940038834,1894091.3000302499,39099293.26214674,1531500.0000000002,37846239.67500648,37205201.96211649,1.4901161193847656e-08
61320.0,62.64768443929787,64.4812366971563,1,200.3040032435527,600.9120097306582,852.9536887859574,88.96247339431261,-229.92745313544785,86604712.89776434,64953534.67332323,25228075.118004296,1899430.4099068157,39085744.28872949,1533000.0000000002,37826029.14541214,37186313.87882267,2.2351741790771484e-08
61380.0,62.55893417786006,64.45805645164874,1,196.92263442319424,590.7679032695827,851.1786835572012,88.91611290329749,-238.149933133101,86652380.16991085,64989285.12743311,25279199.147823106,1904766.7733637744,39071701.966942124,1534500.0000000002,37805319.20624625,37166935.19357835,2.9802322387695312e-08
61440.0,62.46959812514231,64.4342894487937,1,193.53751647973453,580.6125494392036,849.3919625028462,88.86857889758741,-246.37229198588477,86699235.46235743,65024426.59676805,25330216.325714495,1910100.3199849022,39057166.29917644,1536000.0000000002,37784109.95106868,37147065.97919154,2.9802322387695312e-08
61500.0,62.37967767617071,64.40993578733575,1,190.1487138609387,570.4461415828162,847.5935535234141,88.81987157467151,-254.59436714009686,86745277.8830469,65058958.41228515,25381125.949564792,1915430.9793651253,39042137.29757781,1537500.0000000002,37762401.48335525,37126706.31821269,1.4901161193847656e-08
61560.0,62.289174237514054,64.38499557767047,1,186.75629108472407,560.2688732541721,845.7834847502811,88.76999115534093,-262.8159960556141,86790506.55539791,65092879.9165484,25431927.31894128,1920758.681111919,39026614.98404443,1539000.0000000002,37740193.91649522,37105856.30293251,1.4901161193847656e-08
61620.0,62.19808922725638,64.35946894184177,1,183.36031273793128,550.0809382137938,843.9617845451277,88.71893788368354,-271.03701620900745,86834920.61832175,65126190.46374128,25482619.73510604,1926083.3548467043,39010599.39022642,1540500.0000000002,37717487.37378856,37084516.035379715,2.2351741790771484e-08
61680.0,62.10642407496965,64.33335601353883,1,179.96084347509216,539.8825304252765,842.128481499393,88.66671202707766,-279.25726509657517,86878519.22623867,65158889.41967896,25533202.501029737,1931404.9302062464,38994090.5575247,1542000.0000000002,37694281.98844301,37062685.627318464,2.9802322387695312e-08
61740.0,62.0141802216857,64.306656938093,1,176.55794801720126,529.6738440516037,840.283604433714,88.613313876186,-287.47658023747545,86921301.54909404,65190976.16182047,25583674.921405416,1936723.3368440522,38977088.5370898,1543500.0000000002,37670577.90357103,37040365.200245745,2.9802322387695312e-08
61800.0,61.92135911986827,64.2793718724743,1,173.15169115048218,519.4550734514465,838.4271823973654,88.5587437449486,-295.6947991767961,86963266.77237406,65222450.079280496,25634036.30266222,1942038.5044317662,38959593.389820285,1545000.0000000002,37646375.27218654,37017554.885388516,3.725290298461914e-08
61860.0,61.82796223338495,64.2515009852878,1,169.74213772515714,509.2264131754714,836.559244667699,88.50300197057561,-303.9117594886178,87004414.0971214,65253310.572841,25684285.952979088,1947350.362660568,38941605.18636118,1546500.0000000002,37621674.25720138,36994254.82370061,2.9802322387695312e-08
61920.0,61.73399103747865,64.22304445676978,1,166.32935265420778,498.9880579626233,834.6798207495731,88.44608891353957,-312.1272987791079,87044742.73995031,65283557.054962695,25734423.182298426,1952658.8412425667,38923124.007102124,1548000.0000000002,37596475.03142172,36970465.16585954,1.4901161193847656e-08
61980.0,61.639447018738956,64.19400247878363,1,162.91340091214218,488.74020273642657,832.7889403747791,88.38800495756726,-320.34125468960224,87084251.93306157,65313188.94979613,25784447.302339755,1957963.8699121985,38904149.942175336,1549500.0000000002,37570777.7775442,36946186.072263114,2.2351741790771484e-08
62040.0,61.54433167507318,64.16437525481554,1,159.49434753375743,478.4830426012723,830.8866335014636,88.32875050963108,-328.5534648996917,87122940.92425707,65342205.693192765,25834357.62661328,1963265.37842762,38884683.091453426,1551000.0000000002,37544582.68815189,36921417.71302579,2.2351741790771484e-08
62100.0,61.448646515677524,64.13416299996996,1,156.0722576129029,468.21677283870866,828.9729303135505,88.26832599993992,-336.76376713027133,87160808.97695422,65370606.73271562,25884153.470433492,1968563.2965721036,38864723.564547,1552500.0000000002,37517889.965710044,36896160.26797488,1.4901161193847656e-08
62160.0,61.35239306100747,64.10336594096492,1,152.64719630123633,457.941588903709,827.0478612201493,88.20673188192984,-344.9719991466644,87197855.37019986,65398391.52764985,25933834.15093265,1973857.5541554308,38844271.480802126,1554000.0000000002,37490699.822561786,36870413.92664667,2.2351741790771484e-08
62220.0,61.25557284274856,64.071984316127,1,149.2192288069877,447.6576864209631,825.1114568549713,88.143968632254,-353.177998761656,87234079.39868405,65425559.549013,25983398.987074327,1979148.0810152863,38823326.96929748,1555500.0000000002,37463012.4809234,36844178.88828217,1.4901161193847656e-08
62280.0,61.15818740378642,64.04001837538621,1,145.78842039371781,437.3652611811534,823.1637480757284,88.08003675077242,-361.3816038386136,87269480.37275355,65452110.27956511,26032847.299666822,1984434.8070186498,38801890.16884154,1557000.0000000002,37434828.172879666,36817455.36182287,2.9802322387695312e-08
62340.0,61.06023829817704,64.00746838027048,1,142.3548363790735,427.0645091372205,821.2047659635408,88.01493676054096,-369.58265229451746,87304057.61842479,65478043.21381854,26082178.411376607,1989717.6620631886,38779961.227969326,1558500.0000000002,37406147.14037878,36790243.56590612,2.9802322387695312e-08
62400.0,60.96172709111651,63.97433460390016,1,138.91854213354458,416.75562640063373,819.2345418223301,87.94866920780032,-377.7809821030701,87337810.47739688,65503357.85804762,26131391.646741718,1994996.576078649,38757540.304939196,1560000.0000000002,37376969.635227285,36762543.728860535,2.9802322387695312e-08
62460.0,60.86265535891073,63.9406173309821,1,135.4796030792195,406.43880923765846,817.2531071782146,87.8812346619642,-385.9764312977499,87370738.30706404,65528053.730298,26180486.332185082,2000271.479028247,38734627.56772929,1561500.0000000002,37347295.91908469,36734356.08870103,2.2351741790771484e-08
62520.0,60.763024688944746,63.906316857803596,1,132.0380846885421,396.11425406562637,815.2604937788949,87.81263371560719,-394.1688379748997,87402840.48052788,65552130.360395856,26229461.796027854,2005542.300910059,38711223.19403387,1563000.0000000002,37317126.26345798,36705680.893123806,2.9802322387695312e-08
62580.0,60.66283667965212,63.87143349222613,1,128.5940524830611,385.7821574491833,813.2567335930424,87.74286698445226,-402.3580402967806,87434116.38660924,65575587.28995688,26278317.368502676,2010808.9717584087,38687327.371259466,1564500.0000000002,37286460.94969583,36676518.39950105,3.725290298461914e-08
62640.0,60.56209294048385,63.83596755367886,1,125.14757203218514,375.4427160965554,811.2418588096771,87.67193510735773,-410.5438764946545,87464565.42985998,65598424.072394945,26327052.38176693,2016071.421645259,38662940.2965208,1566000.0000000002,37255300.26898279,36646868.87487553,3.725290298461914e-08
62700.0,60.46079509187706,63.79991937315189,1,121.69870895193331,365.0961268557999,809.2159018375412,87.59983874630377,-418.7261848718633,87494187.03057422,65620640.272930615,26375666.169915922,2021329.580681597,38638062.176636584,1567500.0000000002,37223644.52233313,36616732.59595498,3.725290298461914e-08
62760.0,60.35894476522383,63.763289293189295,1,118.2475289036883,354.7425867110649,807.1788953044767,87.52657858637859,-426.9048038068691,87522980.62479936,65642235.46859947,26424158.06899607,2026583.3790188225,38612693.22812509,1569000.0000000002,37191494.02058461,36586109.84910625,3.725290298461914e-08
62820.0,60.25654360283952,63.726077667882045,1,114.79409759294383,344.38229277883147,805.1308720567904,87.45215533576409,-435.0795717563324,87550945.66434687,65663209.2482601,26472527.417018022,2031832.7468501334,38586833.67719954,1570500.0000000002,37158849.08439198,36555000.93034939,2.9802322387695312e-08
62880.0,60.15359325793083,63.688284862860556,1,111.33848076805295,334.01544230415885,803.0718651586166,87.37656972572111,-443.25032725818767,87578081.61680274,65683561.212602,26520773.553969733,2037077.6144119103,38560483.75976335,1572000.0000000002,37125710.04422039,36523406.145351425,3.725290298461914e-08
62940.0,60.050095394563826,63.6499112552871,1,107.88074421897853,323.6422326569356,801.0019078912765,87.2998225105742,-451.4169089346987,87604387.9655375,65703290.97415307,26568895.82182953,2042317.9119851023,38533643.72140513,1573500.0000000002,37092077.240338475,36491325.80942002,2.9802322387695312e-08
63000.0,59.946051687631815,63.610957233848026,1,104.42095377604126,313.2628613281238,798.9210337526363,87.22191446769605,-459.57915549551285,87629864.20971623,65722398.15728712,26616893.564579118,2047553.569896609,38506313.81739357,1575000.0000000002,37057951.02281143,36458760.24749695,2.9802322387695312e-08
63060.0,59.8414638228228,63.57142319874567,1,100.959175308664,302.877525925992,796.829276456456,87.14284639749134,-467.7369057407275,87654509.86430794,65740882.3982309,26664766.128216553,2052784.518520664,38478494.312672056,1576500.0000000002,37023331.75149372,36425709.79415138,3.725290298461914e-08
63120.0,59.736333496586866,63.53130956169015,1,97.4954747241177,292.4864241723531,794.7266699317373,87.0626191233803,-475.88999856395185,87678324.46009491,65758743.34507113,26712512.86076918,2058010.6882802146,38450185.4818532,1578000.0000000002,36988219.79602177,36392174.79357296,2.9802322387695312e-08
63180.0,59.63066241610326,63.490616745890875,1,94.02991796627003,282.0897538988101,792.6132483220653,86.98123349178175,-484.03827295536655,87701307.54368156,65775980.65776112,26760133.11230652,2063232.0096483047,38421387.6092131,1579500.0000000002,36952615.53580632,36358155.59956477,2.9802322387695312e-08
63240.0,59.52445229924752,63.44934518604785,1,90.56257101432551,271.68771304297655,790.4890459849504,86.8986903720957,-492.18156800476123,87723458.67750311,65792594.00812728,26807626.23495314,2068448.4131494514,38392100.98868548,1581000.0000000002,36916519.36002472,36323652.575536005,3.725290298461914e-08
63300.0,59.417704874558105,63.40749532834277,1,87.09349988157201,261.28049964471603,788.3540974911621,86.81499065668554,-500.31972290459686,87744777.43983388,65808583.079875365,26854991.58290144,2073659.8293610262,38362325.9238556,1582500.0000000002,36879931.667612925,36288666.09449455,2.9802322387695312e-08
63360.0,59.310421881202906,63.365067630429884,1,83.62277061412263,250.8683118423679,786.2084376240581,86.73013526085977,-508.452576953063,87765263.4247954,65823947.568596505,26902228.51242447,2078866.18891463,38332062.72795404,1584000.0000000002,36842852.86725742,36253196.53903938,1.4901161193847656e-08
63420.0,59.20260506894561,63.322062561426684,1,80.15044928966111,240.45134786898333,784.0521013789122,86.64412512285337,-516.5799695571268,87784916.24236402,65838687.18177297,26949336.381888624,2084067.4224974706,38301311.723850206,1585500.0000000002,36805283.37738689,36217244.30135271,1.4901161193847656e-08
63480.0,59.09425619811196,63.27848060190433,1,76.67660201617913,230.0298060485374,781.8851239622392,86.55696120380865,-524.7017402355632,87803735.51837845,65852801.63878378,26996314.551766366,2089263.4608537364,38270073.24404578,1587000.0000000002,36767223.6261637,36180809.783192016,1.4901161193847656e-08
63540.0,58.985377039555594,63.234322243877834,1,73.20129493072241,219.60388479216724,779.7075407911119,86.46864448775567,-532.8177286220089,87821720.89454676,65866290.67091002,27043162.384648863,2094454.234785972,38238347.630667865,1588500.0000000002,36728674.051475205,36143893.39588187,2.2351741790771484e-08
63600.0,58.87596937462378,63.18958799079613,1,69.72459419812655,209.17378259437965,777.5193874924755,86.37917598159225,-540.9277744680124,87838872.02845335,65879154.02133997,27089879.24525861,2099639.6751564494,38206135.23546203,1590000.0000000002,36689635.100924924,36106495.560305566,2.2351741790771484e-08
63660.0,58.76603499512293,63.1442783575318,1,66.24656600976371,198.73969802929113,775.3206999024586,86.2885567150636,-549.0317176460727,87855188.59356534,65891391.44517396,27136464.500461996,2104819.7128885407,38173436.41978515,1591500.0000000002,36650107.23182343,36068616.70689659,7.450580596923828e-09
63720.0,58.65557570328407,63.098393870370714,1,62.767276582276054,188.30182974682816,773.1115140656814,86.19678774074143,-557.1293981526649,87870670.27923885,65903002.709429085,27182917.519281834,2109994.278968086,38140251.55459802,1593000.0000000002,36610090.91117918,36030257.275629915,1.4901161193847656e-08
63780.0,58.54459331172793,63.05193506700131,1,59.2867921563197,177.8603764689591,770.8918662345586,86.10387013400262,-565.2206561112819,87885316.79072489,65913987.593043625,27229237.672909856,2115163.304444766,38106581.020457886,1594500.0000000002,36569586.61568902,35991417.716013096,1.4901161193847656e-08
63840.0,58.43308964342976,63.00490249650379,1,55.80517899530007,167.4155369859002,768.6617928685952,86.00980499300758,-573.3053317754832,87899127.849175,65924345.88688122,27275424.334719148,2120326.720433466,38072425.20751066,1596000.0000000002,36528594.831728615,35952098.48707717,1.4901161193847656e-08
63900.0,58.32106653168435,62.957296719339006,1,52.32250338411449,156.96751015234346,766.421330633687,85.91459343867801,-581.3832655318936,87912103.19164656,65934077.39373488,27321476.880276572,2125484.458115645,38037784.51548308,1597500.0000000002,36487116.055342674,35912300.05736741,7.450580596923828e-09
63960.0,58.20852582007036,62.90911830733721,1,48.83883162788575,146.51649488365726,764.1705164014072,85.81823661467442,-589.4542979032624,87924242.57110773,65943181.92833076,27367394.68735511,2130636.4487406993,38002659.353674635,1599000.0000000002,36445150.792234965,35872022.90493391,1.4901161193847656e-08
64020.0,58.095469362414825,62.86036784368648,1,45.354230050701766,136.0626901521053,761.9093872482965,85.72073568737297,-597.5182695514659,87935545.75644223,65951659.31733163,27413177.135946188,2135782.623627325,37967050.14094926,1600500.0000000002,36402699.55775812,35831267.5173219,7.450580596923828e-09
64080.0,57.98189902275718,62.81104592292109,1,41.86876499435505,125.60629498306514,759.6379804551436,85.62209184584218,-605.5750212805538,87946012.5324537,65959509.39934023,27458823.608271968,2140922.9141648845,37930957.305726945,1602000.0000000002,36359762.876903385,35790034.39156203,1.4901161193847656e-08
64140.0,57.86781667531338,62.76115315090946,1,38.382502817075355,115.14750845122606,757.3563335062676,85.52230630181892,-613.6243940397484,87955642.6998698,65966732.02490231,27504333.488797557,2146057.2518147617,37894381.28597509,1603500.0000000002,36316341.28429001,35748324.03416031,1.4901161193847656e-08
64200.0,57.753224204439604,62.710690144842076,1,34.89550989226921,104.68652967680762,755.0644840887921,85.42138028968415,-621.6662289264699,87964436.07534605,65973327.056509495,27549706.16424321,2151185.5681117256,37857322.52919973,1605000.0000000002,36272435.32415456,35706136.96108797,0.0
64260.0,57.63812350459591,62.659657533219125,1,31.407852607254448,94.22355782176334,752.7624700919182,85.31931506643825,-629.7003671893511,87972392.49146925,65979294.36860189,27594941.023596484,2156307.7946652863,37819781.492436506,1606500.0000000002,36228045.55034013,35663473.69777119,7.450580596923828e-09
64320.0,57.522516480309534,62.60805595583786,1,27.919597362000914,83.75879208600274,750.4503296061907,85.21611191167572,-637.7266502312524,87979511.7967607,65984633.847570464,27640037.45812433,2161423.863161053,37781758.64224154,1608000.0000000002,36183172.5262851,35620334.77908045,7.450580596923828e-09
64380.0,57.40640504613814,62.55588606377986,1,24.430810567858483,73.29243170357545,748.1281009227628,85.11177212755972,-645.7449196122715,87985793.85567908,65989345.39175925,27684994.86138514,2166533.7053620857,37743254.45468208,1609500.0000000002,36137816.825012036,35576720.74931996,1.4901161193847656e-08
64440.0,57.289791126632934,62.50314851939797,1,20.941558646298738,62.82467593889621,745.7958225326587,85.00629703879594,-653.7550170527351,87991238.54862304,65993428.91146723,27729812.629240792,2171637.2531102523,37704269.41532698,1611000.0000000002,36091979.02911619,35532632.1622167,0.0
64500.0,57.17267665630128,62.4498439963031,1,17.451908027648617,52.355724082945855,743.4535331260256,84.8996879926062,-661.7567844362287,87995845.77193351,65996884.32895008,27774490.159868594,2176734.4383275774,37664804.019237004,1612500.0000000002,36045659.73075391,35488069.580909394,1.4901161193847656e-08
64560.0,57.055063579569534,62.3959731793508,1,13.961925149826751,41.88577544948025,741.1012715913907,84.7919463587016,-669.7500638125703,87999615.43789557,65999711.57842162,27819026.853773225,2181825.1930175954,37624858.7709549,1614000.0000000002,35998859.531630814,35443033.57793727,7.450580596923828e-09
64620.0,56.936953850745454,62.34153676462757,1,10.471676457076065,31.415029371228194,738.7390770149091,84.68307352925514,-677.7346974008174,88002547.47474022,66001910.60605511,27863422.113798596,2186909.449266696,37584434.184495375,1615500.0000000002,35951579.042989835,35397524.73522865,1.4901161193847656e-08
64680.0,56.81834943398043,62.28653545943702,1,6.981228398699522,20.943685196098567,736.3669886796085,84.57307091887404,-685.7105275922562,88004641.8266457,66003481.369984224,27907675.34513971,2191987.1392454724,37543530.78333485,1617000.0000000002,35903818.885599054,35351543.64408935,1.4901161193847656e-08
64740.0,56.699252303231496,62.2309699822858,1,3.4906474277971373,10.471942283391412,733.98504606463,84.4619399645716,-693.6773969534096,88005898.45373857,66004423.84030388,27951785.955354426,2197058.1952100676,37502149.10040103,1618500.0000000002,35855579.6897394,35305090.90519093,7.450580596923828e-09
64800.0,56.57966444222344,62.17484106286929,1,0.0,0.0,731.5932888444688,84.34968212573858,-701.6351482289897,88006317.33209448,66004737.999070816,27995753.354375232,2202122.5495035155,37460289.678062275,1620000.0000000002,35806862.095192075,35258167.128558725,7.450580596923828e-09
64860.0,56.47700554861054,62.11820398926727,1,0.0,0.0,729.5401109722109,84.23640797853454,-707.4062844583539,88006317.33209448,66004737.999070816,28039584.24457473,2207180.1362394984,37417998.67126697,1621500.0000000002,35757973.6182566,35210818.53502744,1.4901161193847656e-08
64920.0,56.39801101235428,62.06127918813733,1,0.0,0.0,727.9602202470857,84.12255837627465,-710.1738292431938,88006317.33209448,66004737.999070816,28083307.525483422,2212230.907119281,37375460.30840212,1623000.0000000002,35709199.56646812,35163229.4012828,7.450580596923828e-09
64980.0,56.33217245068865,62.00422954599178,1,0.0,0.0,726.6434490137731,84.00845909198355,-711.2759597510117,88006317.33209448,66004737.999070816,28126944.673517484,2217274.838343885,37332810.73879304,1624500.0000000002,35660518.487209454,35115535.90044913,1.4901161193847656e-08
65040.0,56.27366112783213,61.947145363904774,1,0.0,0.0,725.4732225566426,83.89429072780955,-711.4549232035098,88006317.33209448,66004737.999070816,28170507.637048714,2222311.920880236,37290125.44510466,1626000.0000000002,35611918.44114187,35067813.52422439,7.450580596923828e-09
65100.0,56.21924397265369,61.890076681975515,1,0.0,0.0,724.3848794530738,83.78015336395103,-711.1224217489564,88006317.33209448,66004737.999070816,28214003.079469685,2227342.153879802,37247446.26001136,1627500.0000000002,35563392.765721336,35020104.10613153,7.450580596923828e-09
65160.0,56.16712765378642,61.833051208775444,1,0.0,0.0,723.3425530757285,83.66610241755089,-710.5068137956232,88006317.33209448,66004737.999070816,28257434.732699644,2232365.541028108,37204796.351564415,1629000.0000000002,35514937.72534307,34972430.81053627,0.0
65220.0,56.11631742170326,61.77608426629123,1,0.0,0.0,722.3263484340652,83.55216853258246,-709.7347623113315,88006317.33209448,66004737.999070816,28300804.702605877,2237382.0885199276,37162188.53513943,1630500.0000000002,35466551.20794501,34924806.446619466,7.450580596923828e-09
65280.0,56.066261477059115,61.71918430609534,1,0.0,0.0,721.3252295411824,83.43836861219069,-708.876522761143,88006317.33209448,66004737.999070816,28344114.19308305,2242391.803936186,37119629.88383192,1632000.0000000002,35418232.00205159,34877238.079895705,1.4901161193847656e-08
65340.0,56.01665371215085,61.66235596900542,1,0.0,0.0,720.333074243017,83.32471193801084,-707.971063009563,88006317.33209448,66004737.999070816,28387363.907679018,2247394.695621019,37077124.285709575,1633500.0000000002,35369979.395770796,34829729.59008853,1.4901161193847656e-08
65400.0,55.967324297340525,61.60560178218827,1,0.0,0.0,719.3464859468105,83.21120356437655,-707.0399965999076,88006317.33209448,66004737.999070816,28430554.27236507,2252390.7723362576,37034673.86224568,1635000.0000000002,35321792.95436951,34782283.0899094,2.2351741790771484e-08
65460.0,55.91817899252583,61.548923100494015,1,0.0,0.0,718.3635798505167,83.09784620098803,-706.0953111392101,88006317.33209448,66004737.999070816,28473685.559100166,2257380.0430697813,36992279.7550828,1636500.0000000002,35273672.396900885,34734899.712013,1.4901161193847656e-08
65520.0,55.86916548497716,61.49232062858669,1,0.0,0.0,717.3833096995431,82.98464125717338,-705.143655008635,88006317.33209448,66004737.999070816,28516757.954368476,2262362.5169292293,36949942.56242773,1638000.0000000002,35225617.527773134,34687580.045498475,2.9802322387695312e-08
65580.0,55.82025471791463,61.435794710554795,1,0.0,0.0,716.4050943582926,82.87158942110959,-704.1887150770767,88006317.33209448,66004737.999070816,28559771.597195257,2267338.2030830528,36907662.581106886,1639500.0000000002,35177628.19879253,34640324.37802381,2.9802322387695312e-08
65640.0,55.771430534012495,61.3793454905498,1,0.0,0.0,715.4286106802499,82.7586909810996,-703.2325355497783,88006317.33209448,66004737.999070816,28602726.600233186,2272307.110727825,36865439.94082748,1641000.0000000002,35129704.288109824,34593132.830099635,2.2351741790771484e-08
65700.0,55.7226839309522,61.32297300188755,1,0.0,0.0,714.453678619044,82.6459460037751,-702.2762494952924,88006317.33209448,66004737.999070816,28645623.061458442,2277269.2490701173,36823274.67864814,1642500.0000000002,35081845.68854228,34546005.42957799,2.2351741790771484e-08
65760.0,55.6740098751445,61.26667721647011,1,0.0,0.0,713.48019750289,82.53335443294021,-701.3204846022312,88006317.33209448,66004737.999070816,28688461.070658203,2282224.6273164516,36781166.78028549,1644000.0000000002,35034052.30109618,34498942.15296901,1.4901161193847656e-08
65820.0,55.625405534393835,61.21045807219856,1,0.0,0.0,712.5081106878768,82.42091614439713,-700.3655882407129,88006317.33209448,66004737.999070816,28731240.713029187,2287173.25466774,36739116.20302577,1645500.0000000002,34986324.0313739,34451942.948358,7.450580596923828e-09
65880.0,55.57686929760843,61.154315488178035,1,0.0,0.0,711.5373859521686,82.30863097635607,-699.4117522974282,88006317.33209448,66004737.999070816,28773962.071173668,2292115.140316203,36697122.88843307,1647000.0000000002,34938660.78758096,34405007.748116836,1.4901161193847656e-08
65940.0,55.52840023106201,61.09824937315131,1,0.0,0.0,710.5680046212401,82.19649874630262,-698.4590824179986,88006317.33209448,66004737.999070816,28816625.22620673,2297050.29344367,36655186.7693982,1648500.0000000002,34891062.47942042,34358136.475954495,7.450580596923828e-09
66000.0,55.47999777679787,61.042259630176744,1,0.0,0.0,709.5999555359574,82.08451926035349,-697.5076364137104,88006317.33209448,66004737.999070816,28859230.258370463,2301978.723220645,36613307.77404843,1650000.0000000002,34843529.017479725,34311329.05082776,2.2351741790771484e-08
66060.0,55.431661585342326,60.98634615922274,1,0.0,0.0,708.6332317068466,81.97269231844548,-696.557445564604,88006317.33209448,66004737.999070816,28901777.24737469,2306900.4388057953,36571485.82791604,1651500.0000000002,34796060.31289035,34264585.389110215,2.2351741790771484e-08
66120.0,55.38339142291561,60.93050885860688,1,0.0,0.0,707.6678284583122,81.86101771721376,-695.6085264356852,88006317.33209448,66004737.999070816,28944266.272586074,2311815.4493456734,36529720.85514106,1653000.0000000002,34748656.27713908,34217905.40579535,7.450580596923828e-09
66180.0,55.33518711996443,60.87474762579399,1,0.0,0.0,706.7037423992886,81.74949525158797,-694.6608874310263,88006317.33209448,66004737.999070816,28986697.41313302,2316723.7639745735,36488012.77913838,1654500.0000000002,34701316.821963236,34171289.01516377,1.4901161193847656e-08
66240.0,55.28704854261442,60.81906235783874,1,0.0,0.0,705.7409708522885,81.63812471567748,-693.7145324291293,88006317.33209448,66004737.999070816,29029070.747963972,2321625.391814458,36446361.522967674,1656000.0000000002,34654041.8592924,34124736.13115319,1.4901161193847656e-08
66300.0,55.238975576835514,60.763452951631095,1,0.0,0.0,704.7795115367103,81.52690590326219,-692.7694627993658,88006317.33209448,66004737.999070816,29071386.35587978,2326520.341974925,36404767.009538546,1657500.0000000002,34606831.301216125,34078246.667563595,7.450580596923828e-09
66360.0,55.190968119658855,60.707919304032316,1,0.0,0.0,703.8193623931771,81.41583860806463,-691.825678520432,88006317.33209448,66004737.999070816,29113644.31555174,2331408.623553194,36363229.16172424,1659000.0000000002,34559685.0599659,34031820.538171016,1.4901161193847656e-08
66420.0,55.14302607430507,60.652461311950354,1,0.0,0.0,702.8605214861013,81.30492262390071,-690.8831788007186,88006317.33209448,66004737.999070816,29155844.705531646,2336290.245634113,36321747.90242463,1660500.0000000002,34512603.04790507,33985457.656790495,2.2351741790771484e-08
66480.0,55.09514934748193,60.59707887238156,1,0.0,0.0,701.9029869496386,81.19415774476312,-689.9419624224136,88006317.33209448,66004737.999070816,29197987.604257457,2341165.217290162,36280323.15460117,1662000.0000000002,34465585.17752322,33939157.937310986,2.2351741790771484e-08
66540.0,55.04733784788542,60.541771882433736,1,0.0,0.0,700.9467569577084,81.08354376486747,-689.0020279323584,88006317.33209448,66004737.999070816,29240073.09005648,2346033.547581469,36238954.8412961,1663500.0000000002,34418631.36143289,33892921.293714605,2.2351741790771484e-08
66600.0,54.99959148536816,60.48654023933886,1,0.0,0.0,699.9918297073632,80.97308047867772,-688.0633737479259,88006317.33209448,66004737.999070816,29282101.241147205,2350895.2455558204,36197642.88564313,1665000.0000000002,34371741.51236781,33846747.640087284,1.4901161193847656e-08
66660.0,54.95191017047818,60.431383840460015,1,0.0,0.0,699.0382034095636,80.86276768092003,-687.1259982157221,88006317.33209448,66004737.999070816,29324072.135640405,2355750.320248679,36156387.21087328,1666500.0000000002,34324915.54318175,33800636.890624575,1.4901161193847656e-08
66720.0,54.904293814202994,60.37630258329521,1,0.0,0.0,698.0858762840599,80.75260516659041,-686.1898996441635,88006317.33209448,66004737.999070816,29365985.851539794,2360598.7806831994,36115187.74031802,1668000.0000000002,34278153.36684784,33754588.959634796,2.2351741790771484e-08
66780.0,54.85674232782752,60.321296365479334,1,0.0,0.0,697.1348465565504,80.64259273095867,-685.2550763215377,88006317.33209448,66004737.999070816,29407842.466742452,2365440.6358702434,36074044.397411,1669500.0000000002,34231454.89645814,33708603.761540726,1.4901161193847656e-08
66840.0,54.80925562285526,60.26636508478525,1,0.0,0.0,696.1851124571052,80.5327301695705,-684.3215265260205,88006317.33209448,66004737.999070816,29449642.059039142,2370275.8948083986,36032957.1056889,1671000.0000000002,34184820.045223296,33662681.210880466,1.4901161193847656e-08
66900.0,54.76183361096447,60.21150863912421,1,0.0,0.0,695.2366722192894,80.42301727824842,-683.3892485312311,88006317.33209448,66004737.999070816,29491384.706114538,2375104.566483993,35991925.788791865,1672500.0000000002,34138248.7264723,33616821.22230784,1.4901161193847656e-08
66960.0,54.71447620398379,60.15672692654611,1,0.0,0.0,694.2895240796759,80.31345385309223,-682.458240609315,88006317.33209448,66004737.999070816,29533070.48554742,2379926.6598711116,35950950.37046369,1674000.0000000002,34091740.85365231,33571023.71059255,2.2351741790771484e-08
67020.0,54.66718331387864,60.10201984523947,1,0.0,0.0,693.3436662775728,80.20403969047894,-681.528501032648,88006317.33209448,66004737.999070816,29574699.474810846,2384742.1839316143,35910030.77455184,1675500.0000000002,34045296.34032837,33525288.590620194,1.4901161193847656e-08
67080.0,54.619954852743625,60.04738729353136,1,0.0,0.0,692.3990970548725,80.09477458706272,-680.6000280747817,88006317.33209448,66004737.999070816,29616271.751272313,2389551.147615153,35869166.9250074,1677000.0000000002,33998915.10018337,33479615.777392216,1.4901161193847656e-08
67140.0,54.57279073279826,59.99282916988729,1,0.0,0.0,691.4558146559652,79.98565833977457,-679.6728200109638,88006317.33209448,66004737.999070816,29657787.392193902,2394353.5598591845,35828358.745884985,1678500.0000000002,33952597.047017746,33434005.186025772,2.2351741790771484e-08
67200.0,54.52569086638449,59.938345372911044,1,0.0,0.0,690.5138173276897,79.87669074582209,-678.7468751184302,88006317.33209448,66004737.999070816,29699246.47473244,2399149.429588992,35787606.16134266,1680000.0000000002,33906342.0947494,33388456.731753632,7.450580596923828e-09
67260.0,54.47865516596524,59.883935801344535,1,0.0,0.0,689.5731033193049,79.76787160268907,-677.8221916765631,88006317.33209448,66004737.999070816,29740649.07593962,2403938.765717699,35746909.09564176,1681500.0000000002,33860150.15741351,33342970.329924032,1.4901161193847656e-08
67320.0,54.43168354412356,59.829600354067594,1,0.0,0.0,688.6336708824712,79.65920070813519,-676.8987679669821,88006317.33209448,66004737.999070816,29781995.272762183,2408721.577146286,35706267.473146826,1683000.0000000002,33814021.14916236,33297545.89600051,1.4901161193847656e-08
67380.0,54.3847759135621,59.7753389300978,1,0.0,0.0,687.695518271242,79.5506778601956,-675.9766022735769,88006317.33209448,66004737.999070816,29823285.14204203,2413497.8727636077,35665681.21832541,1684500.0000000002,33767954.98426519,33252183.34556176,1.4901161193847656e-08
67440.0,54.3379321871027,59.721151428590325,1,0.0,0.0,686.758643742054,79.44230285718065,-675.0556928825479,88006317.33209448,66004737.999070816,29864518.76051637,2418267.661446408,35625150.25574795,1686000.0000000002,33721951.57710805,33206882.59430151,7.450580596923828e-09
67500.0,54.2911522776861,59.66703774883769,1,0.0,0.0,685.8230455537221,79.33407549767539,-674.1360380824094,88006317.33209448,66004737.999070816,29905696.20481789,2423030.952059339,35584674.51008768,1687500.0000000002,33676010.8421936,33161643.55802831,1.4901161193847656e-08
67560.0,54.24443609837176,59.612997790269645,1,0.0,0.0,684.8887219674351,79.22599558053929,-673.2176361639952,88006317.33209448,66004737.999070816,29946817.551474858,2427787.753454976,35544253.90612042,1689000.0000000002,33630132.694141,33116466.152665425,2.2351741790771484e-08
67620.0,54.19778356233759,59.55903145245292,1,0.0,0.0,683.9556712467518,79.11806290490584,-672.3004854204622,88006317.33209448,66004737.999070816,29987882.876911294,2432538.074473833,35503888.3687245,1690500.0000000002,33584317.047685705,33071350.29425064,1.4901161193847656e-08
67680.0,54.15119458287984,59.50513863509109,1,0.0,0.0,683.0238916575968,79.01027727018219,-671.3845841472912,88006317.33209448,66004737.999070816,30028892.257447097,2437281.9239443825,35463577.82288056,1692000.0000000002,33538563.81767935,33026295.898936152,1.862645149230957e-08
67740.0,54.104669073412914,59.451319238024375,1,0.0,0.0,682.0933814682583,78.90263847604875,-670.4699306422772,88006317.33209448,66004737.999070816,30069845.769298196,2442019.310683067,35423322.193671465,1693500.0000000002,33492872.91908957,32981302.88298838,1.862645149230957e-08
67800.0,54.0582069474691,59.3975731612294,1,0.0,0.0,681.164138949382,78.7951463224588,-669.5565232055416,88006317.33209448,66004737.999070816,30110743.48857669,2446750.2434943193,35383121.40628213,1695000.0000000002,33447244.26699982,32936371.16278778,1.1175870895385742e-08
67860.0,54.011808118698525,59.34390030481912,1,0.0,0.0,680.2361623739705,78.68780060963824,-668.6443601395229,88006317.33209448,66004737.999070816,30151585.491290987,2451474.731170577,35342975.38599939,1696500.0000000002,33401677.776609264,32891500.654828787,1.1175870895385742e-08
67920.0,53.96547250086901,59.29030056904252,1,0.0,0.0,679.3094500173802,78.58060113808504,-667.7334397489581,88006317.33209448,66004737.999070816,30192371.85334594,2456192.7824923005,35302884.05821188,1698000.0000000002,33356173.363232583,32846691.27571955,7.450580596923828e-09
67980.0,53.9192000078658,59.236773854284515,1,0.0,0.0,678.384000157316,78.47354770856903,-666.8237603409071,88006317.33209448,66004737.999070816,30233102.650543004,2460904.4062279877,35262847.34840986,1699500.0000000002,33310730.942299843,32801942.942181855,1.862645149230957e-08
68040.0,53.87299055369146,59.18332006106569,1,0.0,0.0,677.4598110738292,78.36664012213139,-665.9153202247289,88006317.33209448,66004737.999070816,30273777.958580352,2465609.6111341906,35222865.18218513,1701000.0000000002,33265350.429356292,32757255.57105092,1.862645149230957e-08
68100.0,53.82684405246574,59.12993909004219,1,0.0,0.0,676.5368810493147,78.25987818008439,-665.0081177120874,88006317.33209448,66004737.999070816,30314397.85305304,2470308.405955531,35182937.485230826,1702500.0000000002,33220031.74006226,32712629.079275273,1.4901161193847656e-08
68160.0,53.780760418425366,59.07663084200549,1,0.0,0.0,675.6152083685073,78.15326168401099,-664.1021511169478,88006317.33209448,66004737.999070816,30354962.409453142,2475000.79942472,35143064.18334133,1704000.0000000002,33174774.79019297,32668063.38391659,1.862645149230957e-08
68220.0,53.73473956592392,59.02339521788222,1,0.0,0.0,674.6947913184783,78.04679043576444,-663.1974187555709,88006317.33209448,66004737.999070816,30395471.703169875,2479686.800262569,35103245.20241212,1705500.0000000002,33129579.495638393,32623558.402149536,2.2351741790771484e-08
68280.0,53.68878140943161,58.97023211873395,1,0.0,0.0,673.7756281886323,77.9404642374679,-662.2939189465135,88006317.33209448,66004737.999070816,30435925.809489757,2484366.41717801,35063480.468439616,1707000.0000000002,33084445.772403058,32579114.051261585,7.450580596923828e-09
68340.0,53.642885863535284,58.91714144575711,1,0.0,0.0,672.8577172707057,77.83428289151422,-661.391650010617,88006317.33209448,66004737.999070816,30476324.803596746,2489039.6588681117,35023769.90752108,1708500.0000000002,33039373.536605973,32534730.248652942,1.1175870895385742e-08
68400.0,53.597052842938005,58.86412310028267,1,0.0,0.0,671.9410568587601,77.72824620056534,-660.4906102710207,88006317.33209448,66004737.999070816,30516668.760572363,2493706.534018092,34984113.44585442,1710000.0000000002,32994362.70448038,32490406.91183631,2.2351741790771484e-08
68460.0,53.55128226245916,58.811176983776036,1,0.0,0.0,671.0256452491832,77.62235396755207,-659.5907980531362,88006317.33209448,66004737.999070816,30556957.755395845,2498367.051301338,34944511.009738125,1711500.0000000002,32949413.192373652,32446143.958436765,1.862645149230957e-08
68520.0,53.505574037034094,58.758302997836864,1,0.0,0.0,670.1114807406818,77.51660599567373,-658.6922116846673,88006317.33209448,66004737.999070816,30597191.862944286,2503021.2193794204,34904962.52557106,1713000.0000000002,32904524.91674713,32401941.30619162,1.862645149230957e-08
68580.0,53.4599280817141,58.70550104419886,1,0.0,0.0,669.198561634282,77.41100208839772,-657.7948494955895,88006317.33209448,66004737.999070816,30637371.157992765,2507669.0469021103,34865467.919852376,1714500.0000000002,32859697.79417596,32357798.87295025,1.862645149230957e-08
68640.0,53.41434431166616,58.652771024729596,1,0.0,0.0,668.2868862333232,77.30554204945919,-656.8987098181544,88006317.33209448,66004737.999070816,30677495.715214502,2512310.5425073947,34826027.11918136,1716000.0000000002,32814931.741348937,32313716.576673944,1.4901161193847656e-08
68700.0,53.36882264217284,58.60011284143034,1,0.0,0.0,667.3764528434567,77.20022568286068,-656.0037909868905,88006317.33209448,66004737.999070816,30717565.609180983,2516945.7148214923,34786640.05025727,1717500.0000000002,32770226.675068356,32269694.335435763,1.1175870895385742e-08
68760.0,53.32336298863215,58.54752639643586,1,0.0,0.0,666.4672597726429,77.09505279287173,-655.1100913385858,88006317.33209448,66004737.999070816,30757580.914362095,2521574.5724588702,34747306.63987927,1719000.0000000002,32725582.512249865,32225732.067420382,1.4901161193847656e-08
68820.0,53.2779652665573,58.49501159201427,1,0.0,0.0,665.5593053311461,76.99002318402854,-654.217609212304,88006317.33209448,66004737.999070816,30797541.70512628,2526197.1240222594,34708026.814946204,1720500.0000000002,32680999.169922292,32181829.690923933,1.4901161193847656e-08
68880.0,53.23262939157665,58.4425683305668,1,0.0,0.0,664.6525878315331,76.8851366611336,-653.3263429493646,88006317.33209448,66004737.999070816,30837448.05574067,2530813.3781026723,34668800.50245653,1722000.0000000002,32636476.565227494,32137987.124353845,1.862645149230957e-08
68940.0,53.187355279433504,58.39019651462765,1,0.0,0.0,663.7471055886701,76.7803930292553,-652.4362908933455,88006317.33209448,66004737.999070816,30877300.040371202,2535423.3432794153,34629627.62950814,1723500.0000000002,32592014.615420215,32094204.286228713,1.4901161193847656e-08
69000.0,53.14214284598587,58.33789604686382,1,0.0,0.0,662.8428569197174,76.67579209372764,-651.5474513900942,88006317.33209448,66004737.999070816,30917097.733082786,2540027.0281201093,34590508.12329827,1725000.0000000002,32547613.23786794,32050481.095178153,1.862645149230957e-08
69060.0,53.0969920072065,58.28566683007489,1,0.0,0.0,661.93984014413,76.57133366014978,-650.6598227876955,88006317.33209448,66004737.999070816,30956841.20783943,2544624.4411807014,34551441.91112331,1726500.0000000002,32503272.350050703,32006817.469942607,1.862645149230957e-08
69120.0,53.05190267918253,58.23350876719286,1,0.0,0.0,661.0380535836507,76.46701753438572,-649.7734034364948,88006317.33209448,66004737.999070816,30996530.538504377,2549215.591005483,34512428.92037872,1728000.0000000002,32458991.869560968,31963213.32937323,1.1175870895385742e-08
69180.0,53.00687477811546,58.18142176128199,1,0.0,0.0,660.1374955623091,76.36284352256398,-648.8881916890826,88006317.33209448,66004737.999070816,31036165.798840247,2553800.486127106,34473469.07855886,1729500.0000000002,32414771.714103475,31919668.592431743,1.1175870895385742e-08
69240.0,52.96190822032096,58.12940571553859,1,0.0,0.0,659.2381644064192,76.25881143107718,-648.004185900291,88006317.33209448,66004737.999070816,31075747.06250916,2558379.1350665973,34434562.31325687,1731000.0000000002,32370611.801495075,31876183.17819026,1.4901161193847656e-08
69300.0,52.917002922228654,58.077460533290825,1,0.0,0.0,658.3400584445731,76.15492106658165,-647.1213844271962,88006317.33209448,66004737.999070816,31115274.403072897,2562951.5463333754,34395708.55216452,1732500.0000000002,32326512.04966456,31832757.00583113,2.2351741790771484e-08
69360.0,52.872158800382074,58.0255861179986,1,0.0,0.0,657.4431760076415,76.0511722359972,-646.2397856291122,88006317.33209448,66004737.999070816,31154747.89399301,2567517.7284252653,34356907.72307211,1734000.0000000002,32282472.37665256,31789389.99464683,2.2351741790771484e-08
69420.0,52.827375771438426,57.973782373253314,1,0.0,0.0,656.5475154287685,75.94756474650663,-645.359387867587,88006317.33209448,66004737.999070816,31194167.608630974,2572077.6898285164,34318159.7538683,1735500.0000000002,32238492.700611345,31746082.06403977,2.2351741790771484e-08
69480.0,52.78265375216846,57.922049202777714,1,0.0,0.0,655.6530750433692,75.84409840555543,-644.4801895064007,88006317.33209448,66004737.999070816,31233533.620248325,2576631.4390178164,34279464.57254,1737000.0000000002,32194572.939804696,31702833.133522168,2.2351741790771484e-08
69540.0,52.737992659456275,57.8703865104257,1,0.0,0.0,654.7598531891255,75.7407730208514,-643.6021889115663,88006317.33209448,66004737.999070816,31272846.0020068,2581178.9844563077,34240822.107172206,1738500.0000000002,32150713.01260773,31659643.122715887,2.2351741790771484e-08
69600.0,52.69339241029929,57.81879420018218,1,0.0,0.0,653.8678482059858,75.63758840036436,-642.7253844513148,88006317.33209448,66004737.999070816,31312104.826968443,2585720.334595603,34202232.28594791,1740000.0000000002,32106912.837506793,31616511.951352306,1.862645149230957e-08
69660.0,52.6488529218079,57.76727217616285,1,0.0,0.0,652.977058436158,75.5345443523257,-641.8497744961103,88006317.33209448,66004737.999070816,31351310.168095782,2590255.4978758004,34163695.03714795,1741500.0000000002,32063172.33309926,31573439.53927214,2.9802322387695312e-08
69720.0,52.604374111205495,57.71582034261402,1,0.0,0.0,652.0874822241099,75.43164068522805,-640.9753574186294,88006317.33209448,66004737.999070816,31390462.098251935,2594784.4827255006,34125210.28915083,1743000.0000000002,32019491.418093406,31530425.80642532,2.2351741790771484e-08
69780.0,52.55995589582821,57.66443860391249,1,0.0,0.0,651.1991179165642,75.32887720782497,-640.1021315937683,88006317.33209448,66004737.999070816,31429560.690200765,2599307.2975618215,34086777.97043266,1744500.0000000002,31975870.01130826,31487470.672870837,3.3527612686157227e-08
69840.0,52.51559819312481,57.613126864565274,1,0.0,0.0,650.3119638624962,75.22625372913055,-639.2300953986343,88006317.33209448,66004737.999070816,31468606.01660699,2603823.9507904137,34048398.009566985,1746000.0000000002,31932308.031673443,31444574.05877657,3.3527612686157227e-08
69900.0,52.471300920656475,57.56188502920953,1,0.0,0.0,649.4260184131294,75.12377005841905,-638.3592472125528,88006317.33209448,66004737.999070816,31507598.150036354,2608334.450805477,34010070.33522464,1747500.0000000002,31888805.398229014,31401735.884419166,3.3527612686157227e-08
69960.0,52.42706399609674,57.510713002612306,1,0.0,0.0,648.5412799219348,75.02142600522461,-637.4895854170518,88006317.33209448,66004737.999070816,31546537.162955727,2612838.805989774,33971794.87617367,1749000.0000000002,31845362.03012534,31358956.070183888,1.862645149230957e-08
70020.0,52.38288733723132,57.45961068967041,1,0.0,0.0,647.6577467446264,74.91922137934083,-636.6211083958626,88006317.33209448,66004737.999070816,31585423.127733264,2617337.0247146497,33933571.56127912,1750500.0000000002,31801977.846622936,31316234.536564466,3.725290298461914e-08
70080.0,52.33877086195785,57.40857799541019,1,0.0,0.0,646.7754172391569,74.81715599082038,-635.7538145349238,88006317.33209448,66004737.999070816,31624256.116638523,2621829.115340042,33895400.31950296,1752000.0000000002,31758652.767092288,31273571.204162918,3.3527612686157227e-08
70140.0,52.2947144882859,57.35761482498739,1,0.0,0.0,645.894289765718,74.71522964997477,-634.8877022223667,88006317.33209448,66004737.999070816,31663036.201842606,2626315.0862145014,33857281.07990395,1753500.0000000002,31715386.71101374,31230965.993689455,3.3527612686157227e-08
70200.0,52.250718134336715,57.306721083686966,1,0.0,0.0,645.0143626867343,74.61344216737393,-634.0227698485214,88006317.33209448,66004737.999070816,31701763.455418296,2630794.945675204,33819213.7716375,1755000.0000000002,31672179.597977355,31188418.825962305,4.0978193283081055e-08
70260.0,52.20678171834305,57.2558966769229,1,0.0,0.0,644.135634366861,74.5117933538458,-633.1590158059131,88006317.33209448,66004737.999070816,31740437.94934019,2635268.7020479674,33781198.323955506,1756500.0000000002,31629031.347682692,31145929.621907547,2.9802322387695312e-08
70320.0,52.162905158649075,57.20514151023805,1,0.0,0.0,643.2581031729815,74.4102830204761,-632.2964384892575,88006317.33209448,66004737.999070816,31779059.755484834,2639736.363647268,33743234.66620627,1758000.0000000002,31585941.879938748,31103498.30255901,3.3527612686157227e-08
70380.0,52.11908837371024,57.154455489303935,1,0.0,0.0,642.3817674742048,74.30891097860787,-631.4350362954491,88006317.33209448,66004737.999070816,31817628.945630852,2644197.9387762547,33705322.727834344,1759500.0000000002,31542911.114663742,31061124.78905809,3.725290298461914e-08
70440.0,52.07533128209306,57.1038385199206,1,0.0,0.0,641.5066256418612,74.2076770398412,-630.5748076235735,88006317.33209448,66004737.999070816,31856145.59145907,2648653.4357267627,33667462.43838038,1761000.0000000002,31499938.971885018,31018809.00265362,3.725290298461914e-08
70500.0,52.03163380247494,57.05329050801641,1,0.0,0.0,640.6326760494989,74.10658101603282,-629.7157508749,88006317.33209448,66004737.999070816,31894609.76455267,2653102.862779334,33629653.72748105,1762500.0000000002,31457025.371738844,30976550.864701718,3.725290298461914e-08
70560.0,51.98799585364414,57.00281135964789,1,0.0,0.0,639.7599170728829,74.00562271929579,-628.8578644528701,88006317.33209448,66004737.999070816,31933021.53639732,2657546.2282032277,33591896.52486886,1764000.0000000002,31414170.2344703,30934350.29666564,2.9802322387695312e-08
70620.0,51.94441735449955,56.952400980999556,1,0.0,0.0,638.8883470899909,73.90480196199911,-628.0011467631008,88006317.33209448,66004737.999070816,31971380.978381287,2661983.5402564383,33554190.760372065,1765500.0000000002,31371373.48043312,30892207.220115628,2.60770320892334e-08
70680.0,51.90089822405052,56.90205927838372,1,0.0,0.0,638.0179644810105,73.80411855676743,-627.1455962133826,88006317.33209448,66004737.999070816,32009688.161795594,2666414.807185709,33516536.363914493,1767000.0000000002,31328635.030089546,30850121.556728788,3.3527612686157227e-08
70740.0,51.85743838141676,56.85178615824033,1,0.0,0.0,637.1487676283352,73.70357231648066,-626.2912112136752,88006317.33209448,66004737.999070816,32047943.157834135,2670840.0372265493,33478933.265515458,1768500.0000000002,31285954.804010168,30808093.228288915,3.725290298461914e-08
70800.0,51.81403774582818,56.801581527136804,1,0.0,0.0,636.2807549165636,73.60316305427361,-625.4379901761014,88006317.33209448,66004737.999070816,32086146.03759381,2675259.2386032483,33441381.39528961,1770000.0000000002,31243332.722873792,30766122.15668637,3.725290298461914e-08
70860.0,51.77069623662467,56.75144529176784,1,0.0,0.0,635.4139247324935,73.50289058353567,-624.5859315149528,88006317.33209448,66004737.999070816,32124296.872074675,2679672.4195288913,33403880.6834468,1771500.0000000002,31200768.70746728,30724208.26391791,2.60770320892334e-08
70920.0,51.72741377325606,56.70137735895525,1,0.0,0.0,634.5482754651212,73.4027547179105,-623.7350336466782,88006317.33209448,66004737.999070816,32162395.732180048,2684079.588205375,33366431.06029196,1773000.0000000002,31158262.678685427,30682351.472086586,3.725290298461914e-08
70980.0,51.68419027528191,56.65137763564779,1,0.0,0.0,633.6838055056381,73.30275527129558,-622.8852949898818,88006317.33209448,66004737.999070816,32200442.68871665,2688480.752823421,33329032.45622497,1774500.0000000002,31115814.557530783,30640551.703401554,3.725290298461914e-08
71040.0,51.64102566237132,56.60144602892098,1,0.0,0.0,632.8205132474263,73.20289205784196,-622.0367139653276,88006317.33209448,66004737.999070816,32238437.812394746,2692875.9215625934,33291684.80174053,1776000.0000000002,31073424.26511351,30598808.88017794,3.3527612686157227e-08
71100.0,51.59791985430288,56.55158244597694,1,0.0,0.0,631.9583970860576,73.10316489195388,-621.1892889959271,88006317.33209448,66004737.999070816,32276381.173828278,2697265.1025913125,33254388.02742803,1777500.0000000002,31031091.722651266,30557122.92483672,4.470348358154297e-08
71160.0,51.554872770964444,56.501786794144195,1,0.0,0.0,631.0974554192888,73.00357358828839,-620.3430185067407,88006317.33209448,66004737.999070816,32314272.843534965,2701648.3040668718,33217142.06397142,1779000.0000000002,30988816.851469014,30515493.75990455,3.725290298461914e-08
71220.0,51.51188433235301,56.452058980877545,1,0.0,0.0,630.2376866470603,72.90411796175509,-619.4979009249763,88006317.33209448,66004737.999070816,32352112.89193648,2706025.5341354497,33179946.84214908,1780500.0000000002,30946599.572998926,30473921.30801363,4.0978193283081055e-08
71280.0,51.46895445857459,56.40239891375785,1,0.0,0.0,629.3790891714918,72.8047978275157,-618.6539346799802,88006317.33209448,66004737.999070816,32389901.389358543,2710396.8009321284,33142802.29283369,1782000.0000000002,30904439.808780182,30432405.49190156,3.725290298461914e-08
71340.0,51.426083069844,56.35280650049188,1,0.0,0.0,628.52166139688,72.70561300098376,-617.8111182032444,88006317.33209448,66004737.999070816,32427638.406031076,2714762.1125809057,33105708.346992116,1783500.0000000002,30862337.480458874,30390946.234411214,4.470348358154297e-08
71400.0,51.38327008648478,56.30328164891214,1,0.0,0.0,627.6654017296955,72.60656329782428,-616.9694499283912,88006317.33209448,66004737.999070816,32465324.012088317,2719121.4771947134,33068664.935685262,1785000.0000000002,30820292.509787824,30349543.45849055,4.0978193283081055e-08
71460.0,51.340515428929,56.2538242669767,1,0.0,0.0,626.81030857858,72.5076485339534,-616.1289282911813,88006317.33209448,66004737.999070816,32502958.27756896,2723474.90287543,33031671.990067955,1786500.0000000002,30778304.818626456,30308197.08719252,2.9802322387695312e-08
71520.0,51.297819017717146,56.204434262769034,1,0.0,0.0,625.9563803543429,72.40886852553807,-615.2895517295068,88006317.33209448,66004737.999070816,32540541.272416282,2727822.3977138964,32994729.441388812,1788000.0000000002,30736374.32894067,30266907.043674912,3.3527612686157227e-08
71580.0,51.255180773497926,56.15511154449781,1,0.0,0.0,625.1036154699585,72.31022308899561,-614.4513186833849,88006317.33209448,66004737.999070816,32578073.066478275,2732163.9697899316,32957837.220990106,1789500.0000000002,30694500.962802634,30225673.251200166,2.2351741790771484e-08
71640.0,51.21260061702818,56.10585602049677,1,0.0,0.0,624.2520123405636,72.21171204099355,-613.6142275949616,88006317.33209448,66004737.999070816,32615553.729507774,2736499.6271723467,32920995.260307655,1791000.0000000002,30652684.642390728,30184495.633135304,3.3527612686157227e-08
71700.0,51.17007846917268,56.05666759922453,1,0.0,0.0,623.4015693834535,72.11333519844906,-612.7782769085023,88006317.33209448,66004737.999070816,32652983.331162587,2740829.37791896,32884203.490870673,1792500.0000000002,30610925.289989296,30143374.112951707,2.60770320892334e-08
71760.0,51.12761425090403,56.00754618926441,1,0.0,0.0,622.5522850180806,72.01509237852882,-611.9434650703914,88006317.33209448,66004737.999070816,32690361.94100562,2745153.230076613,32847461.844301667,1794000.0000000002,30569222.82798861,30102308.61422505,2.9802322387695312e-08
71820.0,51.085207883302495,55.958491699324284,1,0.0,0.0,621.7041576660499,71.91698339864857,-611.1097905291324,88006317.33209448,66004737.999070816,32727689.62850502,2749471.1916811843,32810770.25231629,1795500.0000000002,30527577.17888464,30061299.0606351,2.9802322387695312e-08
71880.0,51.04285928755585,55.909504038236385,1,0.0,0.0,620.857185751117,71.81900807647277,-610.2772517353391,88006317.33209448,66004737.999070816,32764966.463034287,2753783.270757605,32774128.646723222,1797000.0000000002,30485988.265278954,30020345.375965618,2.9802322387695312e-08
71940.0,51.0005683849592,55.860583114957144,1,0.0,0.0,620.011367699184,71.72116622991429,-609.445847141742,88006317.33209448,66004737.999070816,32802192.513872415,2758089.475319873,32737536.95942405,1798500.0000000002,30444456.00987856,29979447.48410417,3.3527612686157227e-08
72000.0,50.95833509691494,55.81172883856704,1,0.0,0.0,619.1667019382987,71.62345767713408,-608.615575203174,88006317.33209448,66004737.999070816,32839367.85020401,2762389.81337107,32700995.122413117,1800000.0000000002,30402980.33549577,29938605.309042048,3.3527612686157227e-08
72060.0,50.916159344932495,55.7629411182704,1,0.0,0.0,618.32318689865,71.5258822365408,-607.7864343765729,88006317.33209448,66004737.999070816,32876492.541119434,2766684.2929033735,32664503.06777743,1801500.0000000002,30361561.16504804,29897818.774874054,3.3527612686157227e-08
72120.0,50.87404105062825,55.71421986339525,1,0.0,0.0,617.480821012565,71.4284397267905,-606.9584231209818,88006317.33209448,66004737.999070816,32913566.65561492,2770972.921898072,32628060.72769651,1803000.0000000002,30320198.421557855,29857087.80579843,2.9802322387695312e-08
72180.0,50.83198013572534,55.66556498339316,1,0.0,0.0,616.6396027145067,71.33112996678632,-606.1315398975448,88006317.33209448,66004737.999070816,32950590.2625927,2775255.708325583,32591668.034442272,1804500.0000000002,30278892.028152563,29816412.32611668,2.9802322387695312e-08
72240.0,50.78997652205356,55.61697638783903,1,0.0,0.0,615.7995304410712,71.23395277567806,-605.3057831694985,88006317.33209448,66004737.999070816,32987563.43086115,2779532.6601454644,32555324.920378897,1806000.0000000002,30237641.90806423,29775792.26023343,2.9802322387695312e-08
72300.0,50.74803013154923,55.56845398643096,1,0.0,0.0,614.9606026309846,71.13690797286192,-604.4811514021691,88006317.33209448,66004737.999070816,33024486.229134895,2783803.78530643,32519031.317962717,1807500.0000000002,30196447.98462952,29735227.532656282,2.9802322387695312e-08
72360.0,50.70614088625498,55.51999768899008,1,0.0,0.0,614.1228177250996,71.03999537798016,-603.6576430629818,88006317.33209448,66004737.999070816,33061358.72603495,2788069.091746366,32482787.159742076,1809000.0000000002,30155310.18128953,29694718.06799571,3.3527612686157227e-08
72420.0,50.66430870831962,55.47160740546036,1,0.0,0.0,613.2861741663925,70.94321481092072,-602.8352566214485,88006317.33209448,66004737.999070816,33098180.99008885,2792328.5873923437,32446592.37835721,1810500.0000000002,30114228.421589654,29654263.79096486,3.3527612686157227e-08
72480.0,50.62253351999807,55.42328304590847,1,0.0,0.0,612.4506703999614,70.84656609181694,-602.0139905491639,88006317.33209448,66004737.999070816,33134953.089730762,2796582.2801606352,32410446.90654012,1812000.0000000002,30073202.62917945,29613864.62637948,3.3527612686157227e-08
72540.0,50.58081524365115,55.37502452052359,1,0.0,0.0,611.6163048730231,70.75004904104718,-601.1938433198035,88006317.33209448,66004737.999070816,33171675.09330163,2800830.177956728,32374350.67711445,1813500.0000000002,30032232.727812488,29573520.49915772,2.9802322387695312e-08
72600.0,50.53915380174547,55.326831739617255,1,0.0,0.0,610.7830760349094,70.65366347923451,-600.3748134091217,88006317.33209448,66004737.999070816,33208347.0690493,2805072.2886753394,32338303.62299537,1815000.0000000002,29991318.641346205,29533231.334320024,2.60770320892334e-08
72660.0,50.4975491168532,55.2787046136232,1,0.0,0.0,609.950982337064,70.5574092272464,-599.5568992949577,88006317.33209448,66004737.999070816,33244969.085128624,2809308.6202004324,32302305.67718943,1816500.0000000002,29950460.29374179,29492997.05698899,2.9802322387695312e-08
72720.0,50.45600111165207,55.23064305309715,1,0.0,0.0,609.1200222330415,70.4612861061943,-598.7400994572124,88006317.33209448,66004737.999070816,33281541.209601622,2813539.1804052275,32266356.772794448,1818000.0000000002,29909657.609063994,29452817.592389215,2.60770320892334e-08
72780.0,50.4145097089251,55.18264696871672,1,0.0,0.0,608.290194178502,70.36529393743344,-597.9244123778685,88006317.33209448,66004737.999070816,33318063.510437578,2817763.9771522214,32230456.8429994,1819500.0000000002,29868910.51148105,29412692.865847174,3.3527612686157227e-08
72840.0,50.37307483156057,55.13471627128117,1,0.0,0.0,607.4614966312115,70.26943254256234,-597.109836540963,88006317.33209448,66004737.999070816,33354536.055513185,2821983.0182931973,32194605.821084257,1821000.0000000002,29828218.925264467,29372622.80279106,3.3527612686157227e-08
72900.0,50.33169640255172,55.08685087171132,1,0.0,0.0,606.6339280510344,70.17370174342264,-596.2963704326137,88006317.33209448,66004737.999070816,33390958.912612665,2826196.3116692435,32158803.64041991,1822500.0000000002,29787582.77478894,29332607.328750663,2.9802322387695312e-08
72960.0,50.29037434499674,55.03905068104933,1,0.0,0.0,605.8074868999348,70.07810136209866,-595.4840125409947,88006317.33209448,66004737.999070816,33427332.14942789,2830403.8651107643,32123050.23446801,1824000.0000000002,29747001.984532196,29292646.369357243,3.3527612686157227e-08
73020.0,50.249108582098614,54.99131561045856,1,0.0,0.0,604.9821716419723,69.98263122091711,-594.6727613563368,88006317.33209448,66004737.999070816,33463655.833558522,2834605.686437498,32087345.536780853,1825500.0000000002,29706476.479074832,29252739.850343354,3.725290298461914e-08
73080.0,50.207899037164935,54.943645571223364,1,0.0,0.0,604.1579807432987,69.88729114244673,-593.8626153709268,88006317.33209448,66004737.999070816,33499930.032512113,2838801.783458528,32051689.481001265,1827000.0000000002,29666006.183100205,29212887.69754273,2.9802322387695312e-08
73140.0,50.16674563360774,54.896040474749,1,0.0,0.0,603.3349126721548,69.792080949498,-593.0535730791141,88006317.33209448,66004737.999070816,33536154.813704263,2842992.1639723014,32016082.00086247,1828500.0000000002,29625591.021394283,29173089.836890165,2.9802322387695312e-08
73200.0,50.125648294943446,54.8485002325614,1,0.0,0.0,602.512965898869,69.6970004651228,-592.2456329772913,88006317.33209448,66004737.999070816,33572330.24445873,2847176.8357666396,31980523.030187976,1830000.0000000002,29585230.918845482,29133346.19442133,3.3527612686157227e-08
73260.0,50.084606944792675,54.80102475630702,1,0.0,0.0,601.6921388958535,69.60204951261404,-591.4387935638991,88006317.33209448,66004737.999070816,33608456.39200754,2851355.806618754,31945012.502891432,1831500.0000000002,29544925.800444562,29093656.69627267,3.725290298461914e-08
73320.0,50.04362150688005,54.753613957752705,1,0.0,0.0,600.872430137601,69.50722791550541,-590.6330533394308,88006317.33209448,66004737.999070816,33644533.32349113,2855529.0842952607,31909550.35297653,1833000.0000000002,29504675.59128446,29054021.26868126,3.3527612686157227e-08
73380.0,50.00269190503414,54.70626774878549,1,0.0,0.0,600.0538381006828,69.41253549757099,-589.8284108064195,88006317.33209448,66004737.999070816,33680561.10595848,2859696.6765521974,31874136.514536873,1834500.0000000002,29464480.216560185,29014439.837984674,4.470348358154297e-08
73440.0,49.961818063187316,54.65898604141245,1,0.0,0.0,599.2363612637463,69.3179720828249,-589.0248644694315,88006317.33209448,66004737.999070816,33716539.8063672,2863858.591135033,31838770.921755843,1836000.0000000002,29424339.601568617,28974912.330620807,3.725290298461914e-08
73500.0,49.920999905375524,54.61176874776053,1,0.0,0.0,598.4199981075105,69.22353749552106,-588.2224128350796,88006317.33209448,66004737.999070816,33752469.491583735,2868014.8357786853,31803453.508906487,1837500.0000000002,29384253.671708435,28935438.6731278,3.725290298461914e-08
73560.0,49.88023735573823,54.56461578007641,1,0.0,0.0,597.6047471147647,69.12923156015282,-587.4210544120074,88006317.33209448,66004737.999070816,33788350.22838338,2872165.418207534,31768184.210351408,1839000.0000000002,29344222.35247995,28896018.792143878,4.470348358154297e-08
73620.0,49.839530338518244,54.51752705072629,1,0.0,0.0,596.7906067703649,69.03505410145257,-586.6207877108884,88006317.33209448,66004737.999070816,33824182.083450474,2876310.3461354366,31732962.960542608,1840500.0000000002,29304245.56948495,28856652.614407174,4.470348358154297e-08
73680.0,49.79887877806159,54.470502472195776,1,0.0,0.0,595.9775755612318,68.94100494439155,-585.8216112444265,88006317.33209448,66004737.999070816,33859965.12337852,2880449.627265741,31697789.694021408,1842000.0000000002,29264323.24842659,28817340.066755667,3.725290298461914e-08
73740.0,49.758282598817345,54.42354195708971,1,0.0,0.0,595.1656519763469,68.84708391417942,-585.0235235273545,88006317.33209448,66004737.999070816,33895699.4146703,2884583.269291301,31662664.345418293,1843500.0000000002,29224455.315109257,28778081.076126996,4.470348358154297e-08
73800.0,49.717741725337476,54.376645418131965,1,0.0,0.0,594.3548345067495,68.75329083626393,-584.2265230764289,88006317.33209448,66004737.999070816,33931385.02373799,2888711.2798944884,31627586.849452805,1845000.0000000002,29184641.695438385,28738875.569558322,4.842877388000488e-08
73860.0,49.677256082276806,54.32981276816533,1,0.0,0.0,593.5451216455361,68.65962553633067,-583.4306084104212,88006317.33209448,66004737.999070816,33967022.01690328,2892833.666747212,31592557.140933424,1846500.0000000002,29144882.31542037,28699723.47418622,4.842877388000488e-08
73920.0,49.636825594392775,54.28304392015134,1,0.0,0.0,592.7365118878555,68.56608784030269,-582.6357780501244,88006317.33209448,66004737.999070816,34002610.46039752,2896950.4375109263,31557575.154757444,1848000.0000000002,29105177.10116241,28660624.71724652,4.0978193283081055e-08
73980.0,49.59645018654531,54.23633878717009,1,0.0,0.0,591.9290037309063,68.47267757434018,-581.8420305183473,88006317.33209448,66004737.999070816,34038150.42036183,2901061.5998366494,31522640.82591084,1849500.0000000002,29065525.978872377,28621579.226074196,4.0978193283081055e-08
74040.0,49.55612978369674,54.1896972824201,1,0.0,0.0,591.1225956739348,68.3793945648402,-581.0493643399092,88006317.33209448,66004737.999070816,34073641.962847225,2905167.161364976,31487754.089468174,1851000.0000000002,29025928.87485865,28582586.9281032,3.725290298461914e-08
74100.0,49.5158643109116,54.14311931921814,1,0.0,0.0,590.3172862182321,68.28623863843627,-580.2577780416393,88006317.33209448,66004737.999070816,34109085.153814726,2909267.129726092,31452914.88059245,1852500.0000000002,28986385.715530034,28543647.75086636,3.725290298461914e-08
74160.0,49.47565369335651,54.09660481099906,1,0.0,0.0,589.5130738671303,68.19320962199812,-579.4672701523755,88006317.33209448,66004737.999070816,34144480.059135504,2913361.5125397877,31418123.134535,1854000.0000000002,28946896.427395564,28504761.621995214,4.0978193283081055e-08
74220.0,49.43549785630005,54.05015367131567,1,0.0,0.0,588.7099571260011,68.10030734263134,-578.6778392029584,88006317.33209448,66004737.999070816,34179826.74459098,2917450.317415473,31383378.78663537,1855500.0000000002,28907460.9370644,28465928.4692199,4.0978193283081055e-08
74280.0,49.39539672511258,54.00376581383853,1,0.0,0.0,587.9079345022517,68.00753162767705,-577.8894837262333,88006317.33209448,66004737.999070816,34215125.275872976,2921533.551952191,31348681.77232119,1857000.0000000002,28868079.171245698,28427148.220369007,4.842877388000488e-08
74340.0,49.35535022526617,53.95744115235579,1,0.0,0.0,587.1070045053234,67.91488230471158,-577.1022022570382,88006317.33209448,66004737.999070816,34250375.718583785,2925611.2237386336,31314032.02710807,1858500.0000000002,28828751.05674843,28388420.80336944,3.3527612686157227e-08
74400.0,49.315358282334415,53.9111796007731,1,0.0,0.0,586.3071656466883,67.8223592015462,-576.3159933322114,88006317.33209448,66004737.999070816,34285578.13823637,2929683.3403531527,31279429.48659946,1860000.0000000002,28789476.52048133,28349746.146246314,4.0978193283081055e-08
74460.0,49.27542082199227,53.86498107311336,1,0.0,0.0,585.5084164398454,67.72996214622673,-575.5308554905849,88006317.33209448,66004737.999070816,34320732.600254424,2933749.9093637764,31244874.08648654,1861500.0000000002,28750255.489452656,28311124.17712277,4.0978193283081055e-08
74520.0,49.23553777001595,53.818845483516625,1,0.0,0.0,584.710755400319,67.63769096703325,-574.7467872729844,88006317.33209448,66004737.999070816,34355839.1699725,2937810.9383282224,31210365.76254811,1863000.0000000002,28711087.890770137,28272554.824219897,4.470348358154297e-08
74580.0,49.19570905228286,53.77277274623989,1,0.0,0.0,583.9141810456572,67.54554549247977,-573.9637872222114,88006317.33209448,66004737.999070816,34390897.91263615,2941866.434793913,31175904.45065045,1864500.0000000002,28671973.651640788,28234038.015856545,3.725290298461914e-08
74640.0,49.1559345947713,53.72676277565698,1,0.0,0.0,583.1186918954261,67.45352555131396,-573.1818538830638,88006317.33209448,66004737.999070816,34425908.89340206,2945916.4062979873,31141490.086747214,1866000.0000000002,28632912.699370805,28195573.680449236,4.0978193283081055e-08
74700.0,49.116214323560456,53.680815486258375,1,0.0,0.0,582.3242864712091,67.36163097251675,-572.4009858023189,88006317.33209448,66004737.999070816,34460872.17733812,2949960.8603673177,31107122.606879316,1867500.0000000002,28593904.961365405,28157161.746512,2.9802322387695312e-08
74760.0,49.07654816483023,53.63493079265105,1,0.0,0.0,581.5309632966046,67.2698615853021,-571.6211815287307,88006317.33209448,66004737.999070816,34495787.8294236,2953999.804518521,31072801.947174795,1869000.0000000002,28554950.365128726,28118802.142656274,2.9802322387695312e-08
74820.0,49.03693604486104,53.589108609558295,1,0.0,0.0,580.7387208972207,67.17821721911659,-570.8424396130362,88006317.33209448,66004737.999070816,34530655.91454922,2958033.2462579743,31038528.043848712,1870500.0000000002,28516048.838263653,28080494.797590736,2.9802322387695312e-08
74880.0,48.997377890033775,53.5433488518196,1,0.0,0.0,579.9475578006754,67.0866977036392,-570.0647586079426,88006317.33209448,66004737.999070816,34565476.49751732,2962061.1930818288,31004300.83320302,1872000.0000000002,28477200.308471695,28042239.640121188,2.60770320892334e-08
74940.0,48.9578736268296,53.49765143439046,1,0.0,0.0,579.1574725365921,66.99530286878093,-569.2881370681318,88006317.33209448,66004737.999070816,34600249.643041946,2966083.652476023,30970120.251626454,1873500.0000000002,28438404.703552872,28004036.599150427,2.60770320892334e-08
75000.0,48.91842318182988,53.452016272342235,1,0.0,0.0,578.3684636365977,66.90403254468447,-568.5125735502493,88006317.33209448,66004737.999070816,34634975.41574899,2970100.6319162976,30935986.235594403,1875000.0000000002,28399661.951405555,27965885.603678107,2.9802322387695312e-08
75060.0,48.879026481715925,53.406443280861964,1,0.0,0.0,577.5805296343185,66.81288656172393,-567.7380666129133,88006317.33209448,66004737.999070816,34669653.8801763,2974112.138868208,30901898.72166881,1876500.0000000002,28360971.98002634,27927786.5828006,2.9802322387695312e-08
75120.0,48.839683453269004,53.36093237525227,1,0.0,0.0,576.7936690653801,66.72186475050454,-566.9646148167013,88006317.33209448,66004737.999070816,34704285.10077378,2978118.180787139,30867857.646498032,1878000.0000000002,28322334.717509933,27889739.465710897,3.725290298461914e-08
75180.0,48.800394023370096,53.31548347093112,1,0.0,0.0,576.007880467402,66.63096694186224,-566.1922167241524,88006317.33209448,66004737.999070816,34738869.14190356,2982118.7651183195,30833862.946816735,1879500.0000000002,28283750.092048965,27851744.181698415,2.60770320892334e-08
75240.0,48.7611581189998,53.27009648343175,1,0.0,0.0,575.223162379996,66.5401929668635,-565.4208708997663,88006317.33209448,66004737.999070816,34773406.06784008,2986113.899296835,30799914.559445772,1881000.0000000002,28245218.03193394,27813800.660148945,3.725290298461914e-08
75300.0,48.721975667238176,53.22477132840243,1,0.0,0.0,574.4395133447636,66.44954265680487,-564.6505759099978,88006317.33209448,66004737.999070816,34807895.9427702,2990103.590747642,30766012.421292074,1882500.0000000002,28206738.465553008,27775908.830544434,3.3527612686157227e-08
75360.0,48.682846595264664,53.17950792160639,1,0.0,0.0,573.6569319052933,66.35901584321277,-563.881330323252,88006317.33209448,66004737.999070816,34842338.83079336,2994087.846885581,30732156.469348516,1884000.0000000002,28168311.32139191,27738068.62246294,3.3527612686157227e-08
75420.0,48.64377083035787,53.13430617892156,1,0.0,0.0,572.8754166071575,66.26861235784312,-563.1131327098866,88006317.33209448,66004737.999070816,34876734.79592166,2998066.6751153916,30698346.640693817,1885500.0000000002,28129936.528033793,27700279.965578426,2.9802322387695312e-08
75480.0,48.60474829989551,53.08916601634054,1,0.0,0.0,572.0949659979102,66.17833203268108,-562.3459816422068,88006317.33209448,66004737.999070816,34911083.90208,3002040.082831726,30664582.872492414,1887000.0000000002,28091614.014159124,27662542.789660692,3.3527612686157227e-08
75540.0,48.565778931354224,53.044087349970326,1,0.0,0.0,571.3155786270845,66.08817469994065,-561.5798756944591,88006317.33209448,66004737.999070816,34945386.21310618,3006008.0774191613,30630865.101994354,1888500.0000000002,28053343.708545506,27624857.024575192,2.9802322387695312e-08
75600.0,48.52686265230943,52.99907009603223,1,0.0,0.0,570.5372530461887,65.99814019206445,-560.8148134428384,88006317.33209448,66004737.999070816,34979641.792751044,3009970.666252216,30597193.26653516,1890000.0000000002,28015125.540067583,27587222.60028294,2.60770320892334e-08
75660.0,48.48799939043522,52.954114170861686,1,0.0,0.0,569.7599878087044,65.90822834172337,-560.0507934654788,88006317.33209448,66004737.999070816,35013850.70467859,3013927.8566953596,30563567.30353573,1891500.0000000002,27976959.437696896,27549639.44684037,2.9802322387695312e-08
75720.0,48.44918907350424,52.909219490908114,1,0.0,0.0,568.9837814700849,65.81843898181623,-559.2878143424454,88006317.33209448,66004737.999070816,35048013.012466066,3017879.6561030312,30529987.150502216,1893000.0000000002,27938845.330501746,27512107.494399182,2.60770320892334e-08
75780.0,48.410431629387496,52.86438597273476,1,0.0,0.0,568.2086325877499,65.72877194546952,-558.5258746557467,88006317.33209448,66004737.999070816,35082128.77960413,3021826.071819649,30496452.74502591,1894500.0000000002,27900783.14764707,27474626.67320626,3.3527612686157227e-08
75840.0,48.371726986054334,52.81961353301853,1,0.0,0.0,567.4345397210867,65.63922706603707,-557.7649729893105,88006317.33209448,66004737.999070816,35116198.06949691,3025767.1111796256,30462964.024783123,1896000.0000000002,27862772.818394307,27437196.913603492,2.60770320892334e-08
75900.0,48.333075071572125,52.774902088549865,1,0.0,0.0,566.6615014314425,65.54980417709973,-557.0051079290085,88006317.33209448,66004737.999070816,35150220.9454622,3029702.781507383,30429520.927535072,1897500.0000000002,27824814.27210127,27399818.146027688,3.3527612686157227e-08
75960.0,48.294475814106306,52.73025155623254,1,0.0,0.0,565.8895162821261,65.46050311246508,-556.2462780626295,88006317.33209448,66004737.999070816,35184197.47073149,3033633.0901173637,30396123.391127765,1899000.0000000002,27786907.438222,27362490.301010404,3.725290298461914e-08
76020.0,48.25592914192019,52.68566185308354,1,0.0,0.0,565.1185828384039,65.37132370616708,-555.4884819798837,88006317.33209448,66004737.999070816,35218127.70845015,3037558.044314046,30362771.353491887,1900500.0000000002,27749052.246306643,27325213.30917784,2.60770320892334e-08
76080.0,48.21743498337478,52.64113289623291,1,0.0,0.0,564.3486996674956,65.28226579246582,-554.7317182724096,88006317.33209448,66004737.999070816,35252011.72167755,3041477.6513919556,30329464.752642676,1902000.0000000002,27711248.626001332,27287987.10125071,2.2351741790771484e-08
76140.0,48.17899326692866,52.5966646029236,1,0.0,0.0,563.5798653385732,65.1933292058472,-553.9759855337662,88006317.33209448,66004737.999070816,35285849.573387094,3045391.918635683,30296203.52667982,1903500.0000000002,27673496.507048063,27250811.608044133,2.2351741790771484e-08
76200.0,48.14060392113793,52.552256890511295,1,0.0,0.0,562.8120784227586,65.10451378102259,-553.2212823594198,88006317.33209448,66004737.999070816,35319641.32646644,3049300.853319893,30262987.61378734,1905000.0000000002,27635795.819284514,27213686.760467444,3.3527612686157227e-08
76260.0,48.10226687465599,52.50790967646425,1,0.0,0.0,562.0453374931197,65.0158193529285,-552.4676073467562,88006317.33209448,66004737.999070816,35353387.04371755,3053204.4627093403,30229816.95223346,1906500.0000000002,27598146.492643956,27176612.489524115,2.9802322387695312e-08
76320.0,48.063982056233414,52.46362287836319,1,0.0,0.0,561.2796411246683,64.92724575672638,-551.7149590950738,88006317.33209448,66004737.999070816,35387086.78785683,3057102.754058882,30196691.48037051,1908000.0000000002,27560548.45715513,27139588.726311628,2.9802322387695312e-08
76380.0,48.02574939471791,52.41939641390109,1,0.0,0.0,560.5149878943582,64.83879282780218,-550.9633362055704,88006317.33209448,66004737.999070816,35420740.62151527,3060995.734613493,30163611.136634804,1909500.0000000002,27523001.64294208,27102615.40202131,2.2351741790771484e-08
76440.0,47.9875688190541,52.37523020088309,1,0.0,0.0,559.751376381082,64.75046040176618,-550.2127372813554,88006317.33209448,66004737.999070816,35454348.607238494,3064883.411608276,30130575.859546535,1911000.0000000002,27485505.980224077,27065692.447938263,2.9802322387695312e-08
76500.0,47.949440258283346,52.33112415722627,1,0.0,0.0,558.9888051656669,64.66224831445254,-549.4631609274427,88006317.33209448,66004737.999070816,35487910.80748695,3068765.7922684792,30097585.587709635,1912500.0000000002,27448061.399315413,27028819.79544116,2.60770320892334e-08
76560.0,47.911363641543744,52.28707820095956,1,0.0,0.0,558.2272728308749,64.57415640191913,-548.7146057507437,88006317.33209448,66004737.999070816,35521427.28463599,3072642.883809506,30064640.259811696,1914000.0000000002,27410667.83062535,26991997.376002196,3.3527612686157227e-08
76620.0,47.87333889806992,52.24309225022357,1,0.0,0.0,557.4667779613983,64.48618450044714,-547.9670703600679,88006317.33209448,66004737.999070816,35554898.10097596,3076514.693436931,30031739.81462383,1915500.0000000002,27373325.204657953,26955225.121186905,2.9802322387695312e-08
76680.0,47.83536595719285,52.199166223270396,1,0.0,0.0,556.7073191438569,64.39833244654079,-547.2205533661244,88006317.33209448,66004737.999070816,35588323.31871239,3080381.228346511,29998884.191000555,1917000.0000000002,27336033.452011943,26918502.96265405,2.9802322387695312e-08
76740.0,47.797444748339835,52.15530003846353,1,0.0,0.0,555.9488949667967,64.31060007692706,-546.4750533815113,88006317.33209448,66004737.999070816,35621702.99996603,3084242.495724201,29966073.32787971,1918500.0000000002,27298792.503380608,26881830.83215551,2.60770320892334e-08
76800.0,47.759575201034345,52.11149361427767,1,0.0,0.0,555.1915040206869,64.22298722855534,-545.730569020713,88006317.33209448,66004737.999070816,35655037.20677303,3088098.502746167,29933307.1642823,1920000.0000000002,27261602.289551646,26845208.66153613,2.60770320892334e-08
76860.0,47.72175724489584,52.067746869298595,1,0.0,0.0,554.4351448979169,64.13549373859719,-544.9870989001054,88006317.33209448,66004737.999070816,35688326.00108498,3091949.2565787965,29900585.63931242,1921500.0000000002,27224462.741407063,26808636.382733624,2.60770320892334e-08
76920.0,47.68399080963962,52.02405972222297,1,0.0,0.0,553.6798161927924,64.04811944444594,-544.2446416379527,88006317.33209448,66004737.999070816,35721569.44476912,3095794.764378715,29867908.69215712,1923000.0000000002,27187373.789922997,26772113.927778404,1.862645149230957e-08
76980.0,47.64627582507676,51.980432091858255,1,0.0,0.0,552.9255165015353,63.96086418371651,-543.503195854399,88006317.33209448,66004737.999070816,35754767.59960839,3099635.0332927983,29835276.262086295,1924500.0000000002,27150335.366169654,26735641.2287935,2.9802322387695312e-08
77040.0,47.608612221113994,51.936863897122485,1,0.0,0.0,552.1722444222798,63.87372779424497,-542.7627601714648,88006317.33209448,66004737.999070816,35787920.52730155,3103470.070458186,29802688.28845258,1926000.0000000002,27113347.40131111,26699218.2179944,2.9802322387695312e-08
77100.0,47.570999927753526,51.89335505704418,1,0.0,0.0,551.4199985550705,63.786710114088365,-542.0233332130483,88006317.33209448,66004737.999070816,35821028.289463304,3107299.883002294,29770144.710691232,1927500.0000000002,27076409.826605238,26662844.827688936,2.2351741790771484e-08
77160.0,47.533438875092884,51.84990549076218,1,0.0,0.0,550.6687775018577,63.699810981524365,-541.28491360493,88006317.33209448,66004737.999070816,35854090.94762443,3111124.4780428284,29737645.46832001,1929000.0000000002,27039522.57340358,26626520.990277186,2.2351741790771484e-08
77220.0,47.49592899332487,51.80651511752546,1,0.0,0.0,549.9185798664973,63.613030235050914,-540.5474999747539,88006317.33209448,66004737.999070816,35887108.56323188,3114943.8626877987,29705190.500939082,1930500.0000000002,27002685.573151156,26590246.638251282,1.862645149230957e-08
77280.0,47.45847021273737,51.76318385669302,1,0.0,0.0,549.1694042547474,63.52636771338604,-539.8110909520386,88006317.33209448,66004737.999070816,35920081.197648875,3118758.0440355306,29672779.74823089,1932000.0000000002,26965898.757386424,26554021.70419536,1.4901161193847656e-08
77340.0,47.42106246371328,51.71991162773371,1,0.0,0.0,548.4212492742655,63.43982325546742,-539.0756851681621,88006317.33209448,66004737.999070816,35953008.91215507,3122567.02917468,29640413.14996006,1933500.0000000002,26929162.05774108,26517846.12078538,1.1175870895385742e-08
77400.0,47.38370567673026,51.676698350226104,1,0.0,0.0,547.6741135346051,63.35339670045221,-538.341281256379,88006317.33209448,66004737.999070816,35985891.7679466,3126370.8251842447,29608090.645973273,1935000.0000000002,26892475.405939978,26481719.820789024,7.450580596923828e-09
77460.0,47.34639978236073,51.63354394385834,1,0.0,0.0,546.9279956472145,63.267087887716684,-537.6078778518008,88006317.33209448,66004737.999070816,36018729.82613627,3130169.4391335794,29575812.176199153,1936500.0000000002,26855838.733800985,26445642.737065572,1.862645149230957e-08
77520.0,47.3091447112717,51.59044832842795,1,0.0,0.0,546.182894225434,63.18089665685589,-536.8754735913934,88006317.33209448,66004737.999070816,36051523.14775358,3133962.878082408,29543577.68064817,1938000.0000000002,26819251.97323484,26409614.802565765,1.4901161193847656e-08
77580.0,47.27194039422463,51.54741142384174,1,0.0,0.0,545.4388078844926,63.094822847683474,-536.1440671139853,88006317.33209448,66004737.999070816,36084271.79374494,3137751.1490808357,29511387.099412523,1939500.0000000002,26782715.056245063,26373635.95033169,1.862645149230957e-08
77640.0,47.23478676207528,51.504433150115624,1,0.0,0.0,544.6957352415056,63.00886630023125,-535.413657060259,88006317.33209448,66004737.999070816,36116975.82497368,3141534.2591693643,29479240.37266602,1941000.0000000002,26746227.91492779,26337706.11349666,1.862645149230957e-08
77700.0,47.19768374577366,51.46151342737449,1,0.0,0.0,543.9536749154731,62.92302685474898,-534.6842420727443,88006317.33209448,66004737.999070816,36149635.302220255,3145312.215378903,29447137.44066397,1942500.0000000002,26709790.48147168,26301825.225285076,2.2351741790771484e-08
77760.0,47.160631276363794,51.41865217585204,1,0.0,0.0,543.2126255272759,62.83730435170408,-533.9558207958257,88006317.33209448,66004737.999070816,36182250.28618229,3149085.024730783,29415078.243743084,1944000.0000000002,26673402.688157763,26265993.219012305,2.2351741790771484e-08
77820.0,47.12362928498368,51.37584931589063,1,0.0,0.0,542.4725856996736,62.75169863178127,-533.2283918757321,88006317.33209448,66004737.999070816,36214820.83747474,3152852.69423677,29383062.72232134,1945500.0000000002,26637064.467359323,26230210.02808457,1.862645149230957e-08
77880.0,47.086677702865124,51.33310476794117,1,0.0,0.0,541.7335540573025,62.666209535882345,-532.5019539605364,88006317.33209448,66004737.999070816,36247347.01662996,3156615.230899077,29351090.816897903,1947000.0000000002,26600775.751541797,26194475.585998822,1.4901161193847656e-08
77940.0,47.049776461333636,51.29041845256292,1,0.0,0.0,540.9955292266727,62.580836905125835,-531.7765057001519,88006317.33209448,66004737.999070816,36279828.88409785,3160372.641710378,29319162.468052983,1948500.0000000002,26564536.4732626,26158789.826342598,1.4901161193847656e-08
78000.0,47.01292549180823,51.24779029042336,1,0.0,0.0,540.2585098361646,62.49558058084672,-531.052045746337,88006317.33209448,66004737.999070816,36312266.50024596,3164124.9336538212,29287277.616447754,1950000.0000000002,26528346.565171055,26123152.68279393,1.862645149230957e-08
78060.0,46.97612472580142,51.20522020229806,1,0.0,0.0,539.5224945160284,62.410440404596116,-530.3285727526785,88006317.33209448,66004737.999070816,36344659.92535959,3167872.1137030404,29255436.20282422,1951500.0000000002,26492205.9600082,26087564.089121178,1.862645149230957e-08
78120.0,46.939374094918925,51.16270810907051,1,0.0,0.0,538.7874818983785,62.325416218141015,-529.6060853746084,88006317.33209448,66004737.999070816,36377009.21964193,3171614.188822169,29223638.16800512,1953000.0000000002,26456114.590606727,26052023.979182944,1.1175870895385742e-08
78180.0,46.90267353085976,51.120253931732,1,0.0,0.0,538.0534706171952,62.240507863464,-528.8845822693793,88006317.33209448,66004737.999070816,36409314.44321413,3175351.165965853,29191883.45289381,1954500.0000000002,26420072.38989085,26016532.286927953,1.862645149230957e-08
78240.0,46.866022965415894,51.07785759138145,1,0.0,0.0,537.3204593083178,62.155715182762904,-528.1640620960809,88006317.33209448,66004737.999070816,36441575.65611544,3179083.0520792636,29160171.998474155,1956000.0000000002,26384079.29087613,25981088.946394894,2.2351741790771484e-08
78300.0,46.82942233047228,51.035519009225254,1,0.0,0.0,536.5884466094457,62.07103801845051,-527.4445235156224,88006317.33209448,66004737.999070816,36473792.918303326,3182809.854098112,29128503.745810423,1957500.0000000002,26348135.226669397,25945693.89171231,1.862645149230957e-08
78360.0,46.79287155800666,50.99323810657717,1,0.0,0.0,535.8574311601332,61.98647621315433,-526.7259651907416,88006317.33209448,66004737.999070816,36505966.28965357,3186531.578948658,29096878.63604717,1959000.0000000002,26312240.13046861,25910347.05709851,2.2351741790771484e-08
78420.0,46.75637058008938,50.95101480485814,1,0.0,0.0,535.1274116017876,61.90202960971628,-526.0083857860022,88006317.33209448,66004737.999070816,36538095.82996036,3190248.233547727,29065296.610409133,1960500.0000000002,26276393.935562745,25875048.376861405,1.862645149230957e-08
78480.0,46.71991932888341,50.90884902559617,1,0.0,0.0,534.3983865776681,61.81769805119234,-525.2917839677804,88006317.33209448,66004737.999070816,36570181.59893646,3193959.824802722,29033757.61020112,1962000.0000000002,26240596.575331647,25839797.785398398,1.4901161193847656e-08
78540.0,46.6835177366441,50.866740690426155,1,0.0,0.0,533.670354732882,61.73348138085231,-524.5761584042699,88006317.33209448,66004737.999070816,36602223.65621327,3197666.3596116337,29002261.57680791,1963500.0000000002,26204847.983245928,25804595.217196267,1.4901161193847656e-08
78600.0,46.64716573571909,50.824689721089776,1,0.0,0.0,532.9433147143818,61.64937944217955,-523.8615077654837,88006317.33209448,66004737.999070816,36634222.061340936,3201367.844863057,28970808.451694116,1965000.0000000002,26169148.092866838,25769440.60683105,1.4901161193847656e-08
78660.0,46.61086325854819,50.7826960394353,1,0.0,0.0,532.2172651709639,61.5653920788706,-523.1478307232433,88006317.33209448,66004737.999070816,36666176.8737885,3205064.2874362026,28939398.176404122,1966500.0000000002,26133496.837846134,25734333.888967913,1.862645149230957e-08
78720.0,46.57461023766328,50.740759567417484,1,0.0,0.0,531.4922047532656,61.48151913483497,-522.4351259511773,88006317.33209448,66004737.999070816,36698088.15294396,3208755.6942009074,28908030.69256193,1968000.0000000002,26097894.151925966,25699274.998361018,1.862645149230957e-08
78780.0,46.53840660568807,50.69888022709739,1,0.0,0.0,530.7681321137613,61.39776045419478,-521.7233921247291,88006317.33209448,66004737.999070816,36729955.95811445,3212442.0720176506,28876705.94187107,1969500.0000000002,26062339.968938738,25664263.86985342,2.60770320892334e-08
78840.0,46.50225229533815,50.65705794064227,1,0.0,0.0,530.0450459067631,61.314115881284536,-521.0126279211361,88006317.33209448,66004737.999070816,36761780.34852627,3216123.427737565,28845423.866114505,1971000.0000000002,26026834.22280701,25629300.438376937,2.60770320892334e-08
78900.0,46.46614723942075,50.61529263032541,1,0.0,0.0,529.322944788415,61.23058526065083,-520.3028320194448,88006317.33209448,66004737.999070816,36793561.38332504,3219799.7682024497,28814184.407154497,1972500.0000000002,25991376.84754336,25594384.638952047,3.3527612686157227e-08
78960.0,46.43009137083458,50.573584218525994,1,0.0,0.0,528.6018274166917,61.14716843705199,-519.5940031005031,88006317.33209448,66004737.999070816,36825299.12157581,3223471.1002447833,28782987.506932516,1974000.0000000002,25955967.777250253,25559516.406687733,2.9802322387695312e-08
79020.0,46.39408462256985,50.53193262772894,1,0.0,0.0,527.8816924513969,61.063865255457884,-518.8861398469502,88006317.33209448,66004737.999070816,36856993.62226317,3227137.4306877363,28751833.10746913,1975500.0000000002,25920606.946119945,25524695.676781397,3.725290298461914e-08
79080.0,46.358126927708014,50.49033778052477,1,0.0,0.0,527.1625385541603,60.98067556104954,-518.179240943221,88006317.33209448,66004737.999070816,36888644.94429134,3230798.766345182,28720721.150863886,1977000.0000000002,25885294.288434327,25489922.384518705,2.9802322387695312e-08
79140.0,46.32221821942171,50.448799599609465,1,0.0,0.0,526.4443643884341,60.89759919921893,-517.4733050755449,88006317.33209448,66004737.999070816,36920253.14648429,3234455.1140217134,28689651.579295225,1978500.0000000002,25850029.73856484,25455196.465273514,3.3527612686157227e-08
79200.0,46.286358430974595,50.40731800778432,1,0.0,0.0,525.7271686194919,60.81463601556864,-516.7683309319394,88006317.33209448,66004737.999070816,36951818.287585884,3238106.480512652,28658624.335020345,1980000.0000000002,25814813.230972312,25420517.854507692,3.3527612686157227e-08
79260.0,46.25054749572128,50.36589292795581,1,0.0,0.0,525.0109499144255,60.731785855911625,-516.0643172022105,88006317.33209448,66004737.999070816,36983340.42625991,3241752.872604062,28627639.360375114,1981500.0000000002,25779644.70020688,25385886.48777106,3.725290298461914e-08
79320.0,46.21478534710712,50.32452428313542,1,0.0,0.0,524.2957069421424,60.649048566270835,-515.3612625779489,88006317.33209448,66004737.999070816,37014819.62109027,3245394.2970727617,28596696.59777397,1983000.0000000002,25744524.080907814,25351302.30070121,2.9802322387695312e-08
79380.0,46.17907191866819,50.28321199643953,1,0.0,0.0,523.5814383733639,60.566423992879066,-514.6591657525261,88006317.33209448,66004737.999070816,37046255.93058104,3249030.760686339,28565795.989709783,1984500.0000000002,25709451.30780347,25316765.22902345,3.3527612686157227e-08
79440.0,46.14340714403106,50.24195599108927,1,0.0,0.0,522.8681428806212,60.48391198217854,-513.9580254210997,88006317.33209448,66004737.999070816,37077649.41315659,3252662.2702031606,28534937.478753787,1986000.0000000002,25674426.315711096,25282275.20855063,3.3527612686157227e-08
79500.0,46.107790956912744,50.200756190410345,1,0.0,0.0,522.1558191382549,60.40151238082069,-513.2578402805991,88006317.33209448,66004737.999070816,37109000.12716172,3256288.832372387,28504121.007555436,1987500.0000000002,25639449.03953674,25247832.17518305,2.9802322387695312e-08
79560.0,46.07222329112061,50.15961251783294,1,0.0,0.0,521.4444658224122,60.31922503566588,-512.5586090297264,88006317.33209448,66004737.999070816,37140308.130861714,3259910.453933983,28473346.518842325,1989000.0000000002,25604519.414275147,25213436.064908337,2.9802322387695312e-08
79620.0,46.03670408055211,50.11852489689154,1,0.0,0.0,520.7340816110423,60.237049793783086,-511.8603303689645,88006317.33209448,66004737.999070816,37171573.4824425,3263527.141618732,28442613.95542007,1990500.0000000002,25569637.37500961,25179086.81380133,2.60770320892334e-08
79680.0,46.00123325919484,50.07749325122482,1,0.0,0.0,520.0246651838968,60.154986502449646,-511.1630030005597,88006317.33209448,66004737.999070816,37202796.24001072,3267138.9021482477,28411923.2601722,1992000.0000000002,25534802.856911875,25144784.358023953,2.9802322387695312e-08
79740.0,45.96581076112624,50.03651750457546,1,0.0,0.0,519.3162152225249,60.073035009150914,-510.46662562853146,88006317.33209448,66004737.999070816,37233976.46159388,3270745.7422349863,28381274.376060072,1993500.0000000002,25500015.795241974,25110528.633825082,2.60770320892334e-08
79800.0,45.930436520513624,49.99559758079004,1,0.0,0.0,518.6087304102725,59.99119516158008,-509.7711969586626,88006317.33209448,66004737.999070816,37265114.205140404,3274347.6685822597,28350667.246122733,1995000.0000000002,25465276.125348177,25076319.577540472,2.60770320892334e-08
79860.0,45.895110471613954,49.954733403818885,1,0.0,0.0,517.902209432279,59.90946680763777,-509.07671569849833,88006317.33209448,66004737.999070816,37296209.5285198,3277944.6878842483,28320101.81347684,1996500.0000000002,25430583.7826668,25042157.12559259,3.3527612686157227e-08
79920.0,45.85983254877382,49.91392489771594,1,0.0,0.0,517.1966509754764,59.827849795431874,-508.38318055734186,88006317.33209448,66004737.999070816,37327262.4895227,3281536.806826011,28289578.021316536,1998000.0000000002,25395938.70272213,25008041.21449052,2.60770320892334e-08
79980.0,45.82460268642914,49.87317198663858,1,0.0,0.0,516.4920537285827,59.74634397327716,-507.6905902462642,88006317.33209448,66004737.999070816,37358273.14586105,3285124.0320835006,28259095.81291336,1999500.0000000002,25361340.82112629,24973971.780829854,2.60770320892334e-08
80040.0,45.78942081910525,49.83247459484755,1,0.0,0.0,515.7884163821051,59.66494918969509,-506.9989434780836,88006317.33209448,66004737.999070816,37389241.555168144,3288706.3703235756,28228655.131616127,2001000.0000000002,25326790.07357913,24939948.76129255,3.3527612686157227e-08
80100.0,45.754286881416654,49.79183264670673,1,0.0,0.0,515.085737628333,59.58366529341346,-506.30823896737553,88006317.33209448,66004737.999070816,37420167.77499876,3292283.82820401,28198255.92085084,2002500.0000000002,25292286.395868074,24905972.092646826,2.9802322387695312e-08
80160.0,45.71920080806693,49.75124606668308,1,0.0,0.0,514.3840161613386,59.50249213336616,-505.61847543046525,88006317.33209448,66004737.999070816,37451051.862829275,3295856.4123735097,28167898.124120567,2004000.0000000002,25257829.723868057,24872041.711747054,2.60770320892334e-08
80220.0,45.68416253384862,49.710714779346446,1,0.0,0.0,513.6832506769724,59.42142955869289,-504.9296515854273,88006317.33209448,66004737.999070816,37481893.876057774,3299424.1294717216,28137581.685005344,2005500.0000000002,25223419.99354136,24838157.55553363,4.0978193283081055e-08
80280.0,45.64917199364311,49.67023870936942,1,0.0,0.0,512.9834398728622,59.34047741873884,-504.2417661520796,88006317.33209448,66004737.999070816,37512693.87200412,3302986.986129247,28107306.547162082,2007000.0000000002,25189057.14093748,24804319.561032835,3.3527612686157227e-08
80340.0,45.61422912242048,49.629817781527244,1,0.0,0.0,512.2845824484097,59.25963556305449,-503.5548178519878,88006317.33209448,66004737.999070816,37543451.90791011,3306544.9889676557,28077072.654324435,2008500.0000000002,25154741.102193084,24770527.665356778,3.3527612686157227e-08
80400.0,45.5793338552394,49.58945192069763,1,0.0,0.0,511.58667710478795,59.178903841395254,-502.8688054084619,88006317.33209448,66004737.999070816,37574168.04093955,3310098.1445994945,28046879.950302713,2010000.0000000002,25120471.813531805,24736781.805703215,2.9802322387695312e-08
80460.0,45.54448612724701,49.54914105186062,1,0.0,0.0,510.88972254494024,59.098282103721246,-502.1837275465468,88006317.33209448,66004737.999070816,37604842.32817836,3313646.459628303,28016728.37898379,2011500.0000000002,25086249.211264186,24703081.919355482,3.3527612686157227e-08
80520.0,45.50968587367882,49.50888510009849,1,0.0,0.0,510.1937174735764,59.01777020019698,-501.49958299302654,88006317.33209448,66004737.999070816,37635474.826634705,3317189.940648624,27986617.88433096,2013000.0000000002,25052073.231787518,24669427.943682335,2.9802322387695312e-08
80580.0,45.474933029858555,49.46868399059554,1,0.0,0.0,509.4986605971711,58.93736798119107,-500.8163704764175,88006317.33209448,66004737.999070816,37666065.59323908,3320728.594246017,27956548.410383888,2014500.0000000002,25017943.811585747,24635819.81613787,2.2351741790771484e-08
80640.0,45.440227531198076,49.42853764863801,1,0.0,0.0,508.8045506239615,58.857075297276026,-500.13408872696806,88006317.33209448,66004737.999070816,37696614.68484442,3324262.426997069,27926519.90125845,2016000.0000000002,24983860.887229353,24602257.47426138,2.60770320892334e-08
80700.0,45.405569313197226,49.38844599961395,1,0.0,0.0,508.1113862639445,58.7768919992279,-499.4527364766571,88006317.33209448,66004737.999070816,37727122.158226214,3327791.4454694074,27896532.301146667,2017500.0000000002,24949824.395375222,24568740.855677262,2.9802322387695312e-08
80760.0,45.37095831144368,49.348408969013015,1,0.0,0.0,507.41916622887356,58.69681793802603,-498.7723124591946,88006317.33209448,66004737.999070816,37757588.0700826,3331315.656221713,27866585.554316595,2019000.0000000002,24915834.272766538,24535269.89809488,3.3527612686157227e-08
80820.0,45.33639446161291,49.308426482426405,1,0.0,0.0,506.72788923225824,58.61685296485281,-498.09281541001207,88006317.33209448,66004737.999070816,37788012.47703446,3334835.065803731,27836679.605112202,2020500.0000000002,24881890.456232667,24501844.539308473,3.725290298461914e-08
80880.0,45.301877699468,49.26849846554666,1,0.0,0.0,506.03755398936005,58.53699693109331,-497.41424406626334,88006317.33209448,66004737.999070816,37818395.435625546,3338349.6807562835,27806814.397953283,2022000.0000000002,24847992.882689025,24468464.717197005,3.725290298461914e-08
80940.0,45.26740796085959,49.22862484416756,1,0.0,0.0,505.3481592171919,58.457249688335125,-496.7365971668193,88006317.33209448,66004737.999070816,37848737.00232259,3341859.507611282,27776989.877335362,2023500.0000000002,24814141.48913698,24435130.369724084,3.725290298461914e-08
81000.0,45.23298518172561,49.18880554418401,1,0.0,0.0,504.6597036345122,58.37761108836801,-496.05987345228294,88006317.33209448,66004737.999070816,37879037.23351539,3345364.5528917396,27747205.98782957,2025000.0000000002,24780336.212663714,24401841.43493783,2.60770320892334e-08
81060.0,45.19860929809136,49.149040491591826,1,0.0,0.0,503.9721859618272,58.29808098318365,-495.3840716649581,88006317.33209448,66004737.999070816,37909296.18551692,3348864.8231117823,27717462.674082547,2026500.0000000002,24746576.99044214,24368597.850970767,2.9802322387695312e-08
81120.0,45.16428024606929,49.10932961248767,1,0.0,0.0,503.2856049213858,58.21865922497534,-494.70919054886497,88006317.33209448,66004737.999070816,37939513.91456345,3352360.324776661,27687759.88081635,2028000.0000000002,24712863.75973073,24335399.55603969,2.2351741790771484e-08
81180.0,45.12999796185885,49.06967283306887,1,0.0,0.0,502.59995923717696,58.13934566613774,-494.0352288497369,88006317.33209448,66004737.999070816,37969690.47681461,3355851.0643827664,27658097.552828345,2029500.0000000002,24679196.45787346,24302246.488445576,2.2351741790771484e-08
81240.0,45.09576238174638,49.030070079633326,1,0.0,0.0,501.91524763492765,58.06014015926665,-493.36218531502266,88006317.33209448,66004737.999070816,37999825.92835355,3359337.0484176367,27628475.6349911,2031000.0000000002,24645575.022299655,24269138.58657346,2.2351741790771484e-08
81300.0,45.06157344210512,48.99052127857931,1,0.0,0.0,501.23146884210246,57.98104255715862,-492.69005869386297,88006317.33209448,66004737.999070816,38029920.32518699,3362818.283359973,27598894.072252274,2032500.0000000002,24611999.39052388,24236075.788892303,2.9802322387695312e-08
81360.0,45.02743107939489,48.95102635640538,1,0.0,0.0,500.54862158789774,57.90205271281076,-492.0188477371156,88006317.33209448,66004737.999070816,38059973.723245375,3366294.7756796507,27569352.809634548,2034000.0000000002,24578469.50014582,24203058.033954896,2.9802322387695312e-08
81420.0,44.993335230162096,48.91158523971023,1,0.0,0.0,499.86670460324194,57.823170479420455,-491.34855119733567,88006317.33209448,66004737.999070816,38089986.17838293,3369766.5318377297,27539851.792235482,2035500.0000000002,24544985.28885018,24170085.26039775,2.9802322387695312e-08
81480.0,44.95928583103962,48.87219785519255,1,0.0,0.0,499.18571662079245,57.744395710385106,-490.67916782877745,88006317.33209448,66004737.999070816,38119957.7463778,3373233.558286468,27510390.965227444,2037000.0000000002,24511546.69440657,24137157.406940974,2.60770320892334e-08
81540.0,44.925282818746716,48.83286412965089,1,0.0,0.0,498.50565637493435,57.66572825930179,-490.0106963873838,88006317.33209448,66004737.999070816,38149888.48293215,3376695.861469335,27480970.273857486,2038500.0000000002,24478153.65466935,24104274.412388146,1.862645149230957e-08
81600.0,44.89132613008873,48.79358398998354,1,0.0,0.0,497.82652260177457,57.58716797996708,-489.3431356308092,88006317.33209448,66004737.999070816,38179778.44367225,3380153.447821019,27451589.66344726,2040000.0000000002,24444806.10757757,24071436.21562624,2.2351741790771484e-08
81660.0,44.85741570195718,48.75435736318835,1,0.0,0.0,497.1483140391436,57.508714726376695,-488.67648431838836,88006317.33209448,66004737.999070816,38209627.68414857,3383606.3237674455,27422249.07939291,2041500.0000000002,24411503.99115482,24038642.75562546,2.2351741790771484e-08
81720.0,44.823551471329516,48.71518417636265,1,0.0,0.0,496.47102942659035,57.430368352725296,-488.0107412111547,88006317.33209448,66004737.999070816,38239436.25983594,3387054.495725783,27392948.467164956,2043000.0000000002,24378247.243509118,24005893.971439175,2.9802322387695312e-08
81780.0,44.78973337526908,48.67606435670306,1,0.0,0.0,495.7946675053816,57.35212871340612,-487.3459050718209,88006317.33209448,66004737.999070816,38269204.22613359,3390497.9701044587,27363687.772308215,2044500.0000000002,24345035.802832793,23973189.802203756,2.9802322387695312e-08
81840.0,44.75596135092497,48.63699783150541,1,0.0,0.0,495.1192270184994,57.27399566301082,-486.6819746647873,88006317.33209448,66004737.999070816,38298931.638365276,3393936.7533031697,27334466.940441694,2046000.0000000002,24311869.6074024,23940530.187138524,2.9802322387695312e-08
81900.0,44.72223533553187,48.59798452816457,1,0.0,0.0,494.44470671063743,57.19596905632913,-486.0189487561401,88006317.33209448,66004737.999070816,38328618.5517794,3397370.851712894,27305285.917258475,2047500.0000000002,24278748.595578555,23907915.065545578,2.9802322387695312e-08
81960.0,44.68855526640998,48.55902437417432,1,0.0,0.0,493.77110532819955,57.11804874834864,-485.3568261136486,88006317.33209448,66004737.999070816,38358265.02154906,3400800.271715903,27276144.648525633,2049000.0000000002,24245672.70580588,23875344.37680973,2.60770320892334e-08
82020.0,44.6549210809649,48.520117297127214,1,0.0,0.0,493.09842161929794,57.04023459425443,-484.6956055067546,88006317.33209448,66004737.999070816,38387871.10277225,3404225.0196857736,27247043.080084126,2050500.0000000002,24212641.876612823,23842818.06039835,3.3527612686157227e-08
82080.0,44.621332716687455,48.48126322471447,1,0.0,0.0,492.42665433374907,56.962526449428935,-484.0352857065874,88006317.33209448,66004737.999070816,38417436.85047185,3407645.101987399,27217981.15784869,2052000.0000000002,24179656.046611607,23810336.055861294,3.725290298461914e-08
82140.0,44.58779011115375,48.442462084725776,1,0.0,0.0,491.755802223075,56.88492416945155,-483.37586548593185,88006317.33209448,66004737.999070816,38446962.31959579,3411060.524977002,27188958.827807747,2053500.0000000002,24146715.154498056,23777898.30283075,3.3527612686157227e-08
82200.0,44.55429320202482,48.40371380504923,1,0.0,0.0,491.08586404049646,56.80742761009846,-482.7173436192605,88006317.33209448,66004737.999070816,38476447.56501717,3414471.295002145,27159976.0360233,2055000.0000000002,24113819.139051527,23745504.741021156,2.60770320892334e-08
82260.0,44.52084192704667,48.365018313671165,1,0.0,0.0,490.4168385409333,56.73003662734233,-482.0597188827119,88006317.33209448,66004737.999070816,38505892.641534306,3417877.4184017456,27131032.728630837,2056500.0000000002,24080967.93913479,23713155.310229093,2.60770320892334e-08
82320.0,44.487436224050114,48.326375538676004,1,0.0,0.0,489.7487244810023,56.65275107735201,-481.40299005408656,88006317.33209448,66004737.999070816,38535297.603870876,3421278.9015060817,27102128.85183922,2058000.0000000002,24048161.493693892,23680849.95033314,3.3527612686157227e-08
82380.0,44.45407603095063,48.28778540824616,1,0.0,0.0,489.0815206190126,56.575570816492316,-480.74715591285906,88006317.33209448,66004737.999070816,38564662.50667599,3424675.75063681,27073264.3519306,2059500.0000000002,24015399.74175805,23648588.601293787,2.9802322387695312e-08
82440.0,44.420761285748334,48.24924785066188,1,0.0,0.0,488.4152257149667,56.49849570132376,-480.09221524015874,88006317.33209448,66004737.999070816,38593987.40452431,3428067.9721069746,27044439.17526031,2061000.0000000002,23982682.622439556,23616371.20315333,2.60770320892334e-08
82500.0,44.38749192652776,48.21076279430112,1,0.0,0.0,487.74983853055517,56.421525588602236,-479.4381668187793,88006317.33209448,66004737.999070816,38623272.35191617,3431455.572221018,27015653.268256757,2062500.0000000002,23950010.07493365,23584197.696035735,2.60770320892334e-08
82560.0,44.35426789145781,48.17233016763941,1,0.0,0.0,487.0853578291562,56.34466033527882,-478.78500943317255,88006317.33209448,66004737.999070816,38652517.40327764,3434838.5572747947,26986906.57742134,2064000.0000000002,23917382.038518414,23552068.020146545,3.725290298461914e-08
82620.0,44.32108911879163,48.13394989924971,1,0.0,0.0,486.42178237583266,56.267899798499414,-478.13274186944244,88006317.33209448,66004737.999070816,38681722.61296063,3438216.933555582,26958199.04932834,2065500.0000000002,23884798.45255463,23519982.115772754,2.2351741790771484e-08
82680.0,44.28795554686648,48.0956219178023,1,0.0,0.0,485.7591109373295,56.191243835604595,-477.4813629153518,88006317.33209448,66004737.999070816,38710888.035243034,3441590.7073420924,26929530.630624816,2067000.0000000002,23852259.256485716,23487939.92328272,2.60770320892334e-08
82740.0,44.25486711410359,48.05734615206463,1,0.0,0.0,485.0973422820718,56.114692304129264,-476.8308713603147,88006317.33209448,66004737.999070816,38740013.72432878,3444959.8849044833,26900901.268030517,2068500.0000000002,23819764.389837585,23455941.38312603,2.9802322387695312e-08
82800.0,44.221823759008124,48.0191225309012,1,0.0,0.0,484.43647518016246,56.0382450618024,-476.1812659953916,88006317.33209448,66004737.999070816,38769099.734347954,3448324.472504371,26872310.908337776,2070000.0000000002,23787313.792218525,23423986.435833402,3.3527612686157227e-08
82860.0,44.18882542016901,47.98095098327341,1,0.0,0.0,483.7765084033802,55.96190196654682,-475.53254561329163,88006317.33209448,66004737.999070816,38798146.1193569,3451684.476394841,26843759.498411413,2071500.0000000002,23754907.403319106,23392075.02201657,2.9802322387695312e-08
82920.0,44.15587203625885,47.942831438239445,1,0.0,0.0,483.11744072517695,55.88566287647889,-474.8847090083667,88006317.33209448,66004737.999070816,38827152.93333832,3455039.90282046,26815246.985188637,2073000.0000000002,23722545.16291206,23360207.082368176,2.60770320892334e-08
82980.0,44.12296354603379,47.90476382495414,1,0.0,0.0,482.45927092067575,55.809527649908276,-474.23775497661194,88006317.33209448,66004737.999070816,38856120.230201386,3458390.758017288,26786773.315678947,2074500.0000000002,23690227.010852166,23328382.55766166,2.2351741790771484e-08
83040.0,44.0900998883334,47.866748072668834,1,0.0,0.0,481.80199776666797,55.73349614533767,-473.5916823156636,88006317.33209448,66004737.999070816,38885048.06378181,3461737.048212889,26758338.436964028,2076000.0000000002,23657952.887076147,23296601.388751145,3.3527612686157227e-08
83100.0,44.05728100208059,47.82878411073125,1,0.0,0.0,481.1456200416119,55.6575682214625,-472.9464898247922,88006317.33209448,66004737.999070816,38913936.48784197,3465078.7796263425,26729942.296197668,2077500.0000000002,23625722.731602535,23264863.516571324,3.3527612686157227e-08
83160.0,44.02450682628143,47.790871868585384,1,0.0,0.0,480.4901365256286,55.58174373717077,-472.30217630491563,88006317.33209448,66004737.999070816,38942785.55607099,3468415.958468256,26701584.840605635,2079000.0000000002,23593536.484531604,23233168.88213738,3.3527612686157227e-08
83220.0,43.991777300025134,47.753011275771335,1,0.0,0.0,479.8355460005027,55.50602255154267,-471.6587405585736,88006317.33209448,66004737.999070816,38971595.32208486,3471748.5909407763,26673266.017485607,2080500.0000000002,23561394.086045213,23201517.426544838,3.3527612686157227e-08
83280.0,43.959092362483894,47.715202261925185,1,0.0,0.0,479.18184724967784,55.43040452385037,-471.0161813899379,88006317.33209448,66004737.999070816,39000365.83942654,3475076.6832375997,26644985.77420705,2082000.0000000002,23529295.476406712,23169909.090969454,3.725290298461914e-08
83340.0,43.92645195291272,47.677444756778904,1,0.0,0.0,478.5290390582544,55.35488951355781,-470.3744976048193,88006317.33209448,66004737.999070816,39029097.16156601,3478400.241543986,26616744.058211144,2083500.0000000002,23497240.59596085,23138343.816667162,3.3527612686157227e-08
83400.0,43.89385601064945,47.63973869016016,1,0.0,0.0,477.877120212989,55.279477380320316,-469.73368801064265,88006317.33209448,66004737.999070816,39057789.341900446,3481719.2720367676,26588540.817010656,2085000.0000000002,23465229.38513363,23106821.54497389,2.9802322387695312e-08
83460.0,43.86130447511453,47.60208399199224,1,0.0,0.0,477.2260895022906,55.204167983984476,-469.0937514164646,88006317.33209448,66004737.999070816,39086442.43375426,3485033.7808843623,26560375.998189867,2086500.0000000002,23433261.78443223,23075342.21730551,3.3527612686157227e-08
83520.0,43.82879728581092,47.56448059229388,1,0.0,0.0,476.5759457162184,55.128961184587766,-468.45468663296333,88006317.33209448,66004737.999070816,39115056.490379214,3488343.7742467844,26532249.549404465,2088000.0000000002,23401337.73444485,23043905.775157686,3.3527612686157227e-08
83580.0,43.79633438232403,47.52692842117919,1,0.0,0.0,475.92668764648056,55.053856842358385,-467.8164924724378,88006317.33209448,66004737.999070816,39143631.564954534,3491649.258275656,26504161.418381453,2089500.0000000002,23369457.175840665,23012512.160105806,4.0978193283081055e-08
83640.0,43.76391570432154,47.489427408857445,1,0.0,0.0,475.2783140864308,54.97885481771489,-467.17916774880234,88006317.33209448,66004737.999070816,39172167.71058699,3494950.239114219,26476111.552919038,2091000.0000000002,23337620.049369648,22981161.313804824,3.725290298461914e-08
83700.0,43.73154119155333,47.45197748563302,1,0.0,0.0,474.63082383106666,54.903954971266046,-466.54271127759307,88006317.33209448,66004737.999070816,39200664.98031099,3498246.7228973457,26448099.900886547,2092500.0000000002,23305826.295862507,22949853.177989207,2.9802322387695312e-08
83760.0,43.69921078385141,47.41457858190525,1,0.0,0.0,473.98421567702826,54.82915716381051,-465.90712187595153,88006317.33209448,66004737.999070816,39229123.42708874,3501538.7157515506,26420126.410224333,2094000.0000000002,23274075.856230564,22918587.694472793,3.725290298461914e-08
83820.0,43.66692442112969,47.37723062816827,1,0.0,0.0,473.33848842259385,54.75446125633654,-465.2723983626376,88006317.33209448,66004737.999070816,39257543.10381022,3504826.2237950023,26392191.028943665,2095500.0000000002,23242368.671465617,22887364.805148672,2.60770320892334e-08
83880.0,43.634682043384,47.339933555010916,1,0.0,0.0,472.69364086767996,54.67986711002183,-464.6385395580156,88006317.33209448,66004737.999070816,39285924.06329343,3508109.253137534,26364293.705126643,2097000.0000000002,23210704.682639886,22856184.451989125,2.9802322387695312e-08
83940.0,43.60248359069185,47.30268729311657,1,0.0,0.0,472.04967181383694,54.60537458623314,-464.00554428406025,88006317.33209448,66004737.999070816,39314266.35828436,3511387.8098806553,26336434.386926092,2098500.0000000005,23179083.83090583,22825046.57704545,2.9802322387695312e-08
84000.0,43.57032900321246,47.26549177326307,1,0.0,0.0,471.40658006424917,54.530983546526144,-463.3734113643471,88006317.33209448,66004737.999070816,39342570.041457176,3514661.900117563,26308613.022565473,2100000.0000000005,23147506.05749611,22793951.122447927,3.3527612686157227e-08
84060.0,43.53821822118647,47.228346926322544,1,0.0,0.0,470.7643644237294,54.45669385264509,-462.74213962406384,88006317.33209448,66004737.999070816,39370835.16541426,3517931.5299331546,26280829.56033878,2101500.0000000005,23115971.303723443,22762898.030405648,4.0978193283081055e-08
84120.0,43.506151184936044,47.1912526832613,1,0.0,0.0,470.1230236987209,54.382505366522594,-462.11172788998664,88006317.33209448,66004737.999070816,39399061.78268633,3521196.7054040357,26253083.948610462,2103000.0000000005,23084479.510980487,22731887.243206445,3.725290298461914e-08
84180.0,43.4741278348646,47.15420897513969,1,0.0,0.0,469.48255669729207,54.30841795027938,-461.48217499049565,88006317.33209448,66004737.999070816,39427249.94573257,3524457.432598535,26225376.135815293,2104500.0000000005,23053030.62073975,22700918.70321678,4.0978193283081055e-08
84240.0,43.442148111456724,47.11721573311198,1,0.0,0.0,468.8429622291345,54.23443146622397,-460.8534797555695,88006317.33209448,66004737.999070816,39455399.70694067,3527713.717576713,26197706.07045831,2106000.0000000005,23021624.574553467,22669992.352881618,3.725290298461914e-08
84300.0,43.41021195527813,47.08027288842625,1,0.0,0.0,468.2042391055626,54.1605457768525,-460.22564101677443,88006317.33209448,66004737.999070816,39483511.11862696,3530965.5663903756,26170073.701114703,2107500.0000000005,22990261.314053517,22639108.134724345,3.725290298461914e-08
84360.0,43.37831930697546,47.043380372424224,1,0.0,0.0,467.5663861395093,54.08676074484845,-459.59865760727456,88006317.33209448,66004737.999070816,39511584.23303649,3534212.9850830827,26142478.976429716,2109000.0000000005,22958940.78095128,22608265.99134665,3.3527612686157227e-08
84420.0,43.34647010727623,47.006538116541165,1,0.0,0.0,466.92940214552465,54.01307623308233,-458.9725283618225,88006317.33209448,66004737.999070816,39539619.10234314,3537455.9796901625,26114921.845118552,2110500.0000000005,22927662.917037558,22577465.865428414,4.842877388000488e-08
84480.0,43.314664296988695,46.96974605230574,1,0.0,0.0,466.2932859397739,53.939492104611475,-458.34725211675703,88006317.33209448,66004737.999070816,39567615.77864971,3540694.556238719,26087402.25596629,2112000.0000000005,22896427.664182425,22546707.699727595,3.725290298461914e-08
84540.0,43.2829018170018,46.93300411133989,1,0.0,0.0,465.658036340036,53.86600822267978,-457.72282770999647,88006317.33209448,66004737.999070816,39595574.31398803,3543928.7207476464,26059920.157827776,2113500.0000000005,22865234.964335177,22515991.43708015,3.725290298461914e-08
84600.0,43.25118260828495,46.89631222535875,1,0.0,0.0,465.023652165699,53.7926244507175,-457.09925398105435,88006317.33209448,66004737.999070816,39623494.760319024,3547158.4792276397,26032475.499627534,2115000.0000000005,22834084.75952419,22485317.020399913,3.725290298461914e-08
84660.0,43.219506611888,46.85967032617044,1,0.0,0.0,464.39013223776,53.719340652340875,-456.47652977101757,88006317.33209448,66004737.999070816,39651377.16953284,3550383.8376812045,26005068.230359674,2116500.0000000005,22802976.991856806,22454684.392678484,3.725290298461914e-08
84720.0,43.1878737689411,46.823078345675995,1,0.0,0.0,463.75747537882205,53.64615669135199,-455.8546539225555,88006317.33209448,66004737.999070816,39679221.59344894,3553604.802102668,25977698.299087785,2118000.0000000005,22771911.60351925,22424093.496985134,4.0978193283081055e-08
84780.0,43.156284020654645,46.78653621586923,1,0.0,0.0,463.12568041309294,53.57307243173847,-455.2336252799093,88006317.33209448,66004737.999070816,39707028.08381616,3556821.378478194,25950365.654944852,2119500.0000000005,22740888.536776498,22393544.27646668,4.0978193283081055e-08
84840.0,43.1247373083191,46.7500438688366,1,0.0,0.0,462.49474616638196,53.5000877376732,-454.6134426888946,88006317.33209448,66004737.999070816,39734796.69231289,3560033.5727857878,25923070.247133166,2121000.0000000005,22709907.733972184,22363036.674347397,4.470348358154297e-08
84900.0,43.09323357330488,46.71360123675707,1,0.0,0.0,461.86467146609755,53.42720247351414,-453.9941049969049,88006317.33209448,66004737.999070816,39762527.47054706,3563241.390995313,25895812.024924207,2122500.0000000005,22678969.137528483,22332570.63392891,3.725290298461914e-08
84960.0,43.06177275706231,46.67720825190203,1,0.0,0.0,461.2354551412461,53.35441650380406,-453.3756110529012,88006317.33209448,66004737.999070816,39790220.47005633,3566444.8390684985,25868590.93765858,2124000.0000000005,22648072.689946033,22302146.0985901,4.842877388000488e-08
85020.0,43.030354801121426,46.64086484663511,1,0.0,0.0,460.60709602242855,53.28172969327022,-452.75795970741603,88006317.33209448,66004737.999070816,39817875.74230813,3569643.9229589524,25841406.934745893,2125500.0000000005,22617218.333803773,22271763.011786953,4.0978193283081055e-08
85080.0,42.99897964709201,46.60457095341211,1,0.0,0.0,459.9795929418401,53.209141906824215,-452.14114981254056,88006317.33209448,66004737.999070816,39845493.33869979,3572838.6486121723,25814259.965664677,2127000.0000000005,22586406.0117589,22241421.31705252,4.470348358154297e-08
85140.0,42.96764723666334,46.56832650478081,1,0.0,0.0,459.3529447332668,53.13665300956163,-451.52518022193124,88006317.33209448,66004737.999070816,39873073.31055859,3576029.0219655554,25787149.9799623,2128500.0000000005,22555635.66654671,22211120.95799676,3.725290298461914e-08
85200.0,42.93635751160413,46.53213143338093,1,0.0,0.0,458.7271502320826,53.064262866761865,-450.9100497908112,88006317.33209448,66004737.999070816,39900615.709141925,3579215.0489484095,25760076.92725486,2130000.0000000005,22524907.24098052,22180861.87830646,4.0978193283081055e-08
85260.0,42.90511041376241,46.495985671943934,1,0.0,0.0,458.10220827524813,52.99197134388787,-450.2957573759634,88006317.33209448,66004737.999070816,39928120.58563732,3582396.7354819654,25733040.757227078,2131500.0000000005,22494220.677951567,22150644.02174513,4.0978193283081055e-08
85320.0,42.87390588506547,46.45988915329291,1,0.0,0.0,457.4781177013094,52.919778306585826,-449.6823018357215,88006317.33209448,66004737.999070816,39955587.99116261,3585574.0874793874,25706041.41963225,2133000.0000000005,22463575.920428857,22120467.332152877,4.0978193283081055e-08
85380.0,42.842743867519694,46.4238418103425,1,0.0,0.0,456.85487735039385,52.847683620685004,-449.0696820299801,88006317.33209448,66004737.999070816,39983017.976765946,3588747.1108457837,25679078.864292104,2134500.0000000005,22432972.91145913,22090331.753446333,4.0978193283081055e-08
85440.0,42.81162430321047,46.38784357609872,1,0.0,0.0,456.2324860642094,52.775687152197435,-448.45789682018597,88006317.33209448,66004737.999070816,40010410.59342595,3591915.811478218,25652153.041096736,2136000.0000000005,22402411.594166685,22060237.229618527,4.0978193283081055e-08
85500.0,42.7805471343021,46.35189438365885,1,0.0,0.0,455.61094268604194,52.703788767317704,-447.84694506933704,88006317.33209448,66004737.999070816,40037765.89205181,3595080.1952657197,25625263.900004506,2137500.0000000005,22371891.91175333,22030183.7047388,4.0978193283081055e-08
85560.0,42.74951230303767,46.31599416621132,1,0.0,0.0,454.9902460607534,52.63198833242264,-447.2368256419756,88006317.33209448,66004737.999070816,40065083.923483334,3598240.2680892954,25598411.39104195,2139000.0000000005,22341413.807498228,22000171.122952662,4.0978193283081055e-08
85620.0,42.71851975173893,46.280142857035585,1,0.0,0.0,454.37039503477865,52.56028571407117,-446.6275374042004,88006317.33209448,66004737.999070816,40092364.73849108,3601396.035821941,25571595.46430368,2140500.0000000005,22310977.224757835,21970199.42848175,4.0978193283081055e-08
85680.0,42.68756942280624,46.244340389501986,1,0.0,0.0,453.7513884561248,52.48868077900397,-446.01907922364626,88006317.33209448,66004737.999070816,40119608.38777645,3604547.5043286495,25544816.0699523,2142000.0000000005,22280582.106965754,21940268.56562366,3.725290298461914e-08
85740.0,42.65666125871843,46.20858669707165,1,0.0,0.0,453.1332251743686,52.417173394143305,-445.41144996949413,88006317.33209448,66004737.999070816,40146814.921971746,3607694.6794664254,25518073.158218317,2143500.0000000005,22250228.397632677,21910378.4787519,3.3527612686157227e-08
85800.0,42.62579520203268,46.17288171329634,1,0.0,0.0,452.51590404065354,52.34576342659268,-444.8046485124635,88006317.33209448,66004737.999070816,40173984.39164033,3610837.5670842924,25491366.679400023,2145000.0000000005,22219916.04034623,21880529.11231574,3.725290298461914e-08
85860.0,42.594971195384424,46.137225371818346,1,0.0,0.0,451.8994239076885,52.27445074363669,-444.1986737248137,88006317.33209448,66004737.999070816,40201116.84727664,3613976.173023308,25464696.583863433,2146500.0000000005,22189644.978770904,21850720.41084014,4.0978193283081055e-08
85920.0,42.56418918148724,46.10161760637037,1,0.0,0.0,451.28378362974473,52.203235212740736,-443.5935244803447,88006317.33209448,66004737.999070816,40228212.33930635,3617110.50311657,25438062.822042182,2148000.0000000005,22159415.156647936,21820952.318925627,3.725290298461914e-08
85980.0,42.53344910313275,46.066058350775364,1,0.0,0.0,450.66898206265506,52.13211670155073,-442.9891996543834,88006317.33209448,66004737.999070816,40255270.918086424,3620240.563189231,25411465.344437424,2149500.0000000005,22129226.517795194,21791224.781248204,3.3527612686157227e-08
86040.0,42.50275090319055,46.03054753894648,1,0.0,0.0,450.0550180638111,52.06109507789296,-442.38569812379313,88006317.33209448,66004737.999070816,40282292.633905225,3623366.359058507,25384904.10161775,2151000.0000000005,22099079.006107118,21761537.742559258,3.3527612686157227e-08
86100.0,42.47209452460804,45.99508510488686,1,0.0,0.0,449.4418904921608,51.99017020977372,-441.7830187669643,88006317.33209448,66004737.999070816,40309277.53698262,3626487.8965336885,25358379.04421909,2152500.0000000005,22068972.565554537,21731891.147685416,2.9802322387695312e-08
86160.0,42.44147991041031,45.959670982689595,1,0.0,0.0,448.82959820820616,51.91934196537919,-441.1811604638225,88006317.33209448,66004737.999070816,40336225.677470036,3629605.181416154,25331890.122944638,2154000.0000000005,22038907.140184656,21702284.941528503,2.9802322387695312e-08
86220.0,42.41090700370013,45.924305106537524,1,0.0,0.0,448.21814007400263,51.84861021307505,-440.580122095809,88006317.33209448,66004737.999070816,40363137.10545059,3632718.2194993757,25305437.28856473,2155500.0000000005,22008882.674120873,21672719.06906537,2.60770320892334e-08
86280.0,42.38037574765775,45.88898741070318,1,0.0,0.0,447.60751495315503,51.77797482140636,-439.9799025458967,88006317.33209448,66004737.999070816,40390011.87093918,3635827.0165689355,25279020.49191678,2157000.0000000005,21978899.111562725,21643193.475347858,2.60770320892334e-08
86340.0,42.34988608554083,45.853717829548636,1,0.0,0.0,446.9977217108166,51.70743565909727,-439.38050069857866,88006317.33209448,66004737.999070816,40416850.023882546,3638931.578402532,25252639.683905173,2158500.0000000005,21948956.39678577,21613708.105502658,2.9802322387695312e-08
86400.0,42.31943796068437,45.818496297525364,1,0.0,0.0,446.38875921368736,51.63699259505073,-438.7819154398608,88006317.33209448,66004737.999070816,40443651.61415938,3642031.910769992,25226294.815501183,2160000.0000000005,21919054.474141467,21584262.904731203,2.60770320892334e-08
