time_s,collector_c,tank_c,pump_on,irradiance_w_m2,solar_absorbed_w,collector_loss_w,tank_loss_w,transfer_w,incident_energy_j,absorbed_energy_j,collector_loss_energy_j,tank_loss_energy_j,transfer_energy_j,pump_electric_energy_j,stored_energy_change_j,tank_energy_change_j,balance_residual_j
0.0,20.0,20.0,1,0.0,0.0,0.0,0.0,0.0,0.0,0.0,0.0,0.0,0.0,0.0,0.0,0.0,0.0
60.0,20.0,20.0,1,0.0,0.0,0.0,0.0,0.0,0.0,0.0,0.0,0.0,0.0,1500.0000000000005,0.0,0.0,0.0
120.0,20.0,20.0,1,0.0,0.0,0.0,0.0,0.0,0.0,0.0,0.0,0.0,0.0,3000.000000000002,0.0,0.0,0.0
180.0,20.0,20.0,1,0.0,0.0,0.0,0.0,0.0,0.0,0.0,0.0,0.0,0.0,4500.000000000003,0.0,0.0,0.0
240.0,20.0,20.0,1,0.0,0.0,0.0,0.0,0.0,0.0,0.0,0.0,0.0,0.0,6000.000000000004,0.0,0.0,0.0
300.0,20.0,20.0,1,0.0,0.0,0.0,0.0,0.0,0.0,0.0,0.0,0.0,0.0,7500.0000000000055,0.0,0.0,0.0
360.0,20.0,20.0,1,0.0,0.0,0.0,0.0,0.0,0.0,0.0,0.0,0.0,0.0,9000.000000000007,0.0,0.0,0.0
420.0,20.0,20.0,1,0.0,0.0,0.0,0.0,0.0,0.0,0.0,0.0,0.0,0.0,10500.00000000001,0.0,0.0,0.0
480.0,20.0,20.0,1,0.0,0.0,0.0,0.0,0.0,0.0,0.0,0.0,0.0,0.0,12000.000000000011,0.0,0.0,0.0
540.0,20.0,20.0,1,0.0,0.0,0.0,0.0,0.0,0.0,0.0,0.0,0.0,0.0,13500.000000000013,0.0,0.0,0.0
600.0,20.0,20.0,1,0.0,0.0,0.0,0.0,0.0,0.0,0.0,0.0,0.0,0.0,15000.000000000015,0.0,0.0,0.0
660.0,20.0,20.0,1,0.0,0.0,0.0,0.0,0.0,0.0,0.0,0.0,0.0,0.0,16500.00000000002,0.0,0.0,0.0
720.0,20.0,20.0,1,0.0,0.0,0.0,0.0,0.0,0.0,0.0,0.0,0.0,0.0,18000.00000000002,0.0,0.0,0.0
780.0,20.0,20.0,1,0.0,0.0,0.0,0.0,0.0,0.0,0.0,0.0,0.0,0.0,19500.00000000002,0.0,0.0,0.0
840.0,20.0,20.0,1,0.0,0.0,0.0,0.0,0.0,0.0,0.0,0.0,0.0,0.0,21000.00000000002,0.0,0.0,0.0
900.0,20.0,20.0,1,0.0,0.0,0.0,0.0,0.0,0.0,0.0,0.0,0.0,0.0,22500.00000000002,0.0,0.0,0.0
960.0,20.0,20.0,1,0.0,0.0,0.0,0.0,0.0,0.0,0.0,0.0,0.0,0.0,24000.00000000002,0.0,0.0,0.0
1020.0,20.0,20.0,1,0.0,0.0,0.0,0.0,0.0,0.0,0.0,0.0,0.0,0.0,25500.00000000002,0.0,0.0,0.0
1080.0,20.0,20.0,1,0.0,0.0,0.0,0.0,0.0,0.0,0.0,0.0,0.0,0.0,27000.00000000002,0.0,0.0,0.0
1140.0,20.0,20.0,1,0.0,0.0,0.0,0.0,0.0,0.0,0.0,0.0,0.0,0.0,28500.00000000002,0.0,0.0,0.0
1200.0,20.0,20.0,1,0.0,0.0,0.0,0.0,0.0,0.0,0.0,0.0,0.0,0.0,30000.00000000002,0.0,0.0,0.0
1260.0,20.0,20.0,1,0.0,0.0,0.0,0.0,0.0,0.0,0.0,0.0,0.0,0.0,31500.00000000002,0.0,0.0,0.0
1320.0,20.0,20.0,1,0.0,0.0,0.0,0.0,0.0,0.0,0.0,0.0,0.0,0.0,33000.00000000002,0.0,0.0,0.0
1380.0,20.0,20.0,1,0.0,0.0,0.0,0.0,0.0,0.0,0.0,0.0,0.0,0.0,34500.00000000002,0.0,0.0,0.0
1440.0,20.0,20.0,1,0.0,0.0,0.0,0.0,0.0,0.0,0.0,0.0,0.0,0.0,36000.00000000002,0.0,0.0,0.0
1500.0,20.0,20.0,1,0.0,0.0,0.0,0.0,0.0,0.0,0.0,0.0,0.0,0.0,37500.00000000002,0.0,0.0,0.0
1560.0,20.0,20.0,1,0.0,0.0,0.0,0.0,0.0,0.0,0.0,0.0,0.0,0.0,39000.00000000002,0.0,0.0,0.0
1620.0,20.0,20.0,1,0.0,0.0,0.0,0.0,0.0,0.0,0.0,0.0,0.0,0.0,40500.00000000002,0.0,0.0,0.0
1680.0,20.0,20.0,1,0.0,0.0,0.0,0.0,0.0,0.0,0.0,0.0,0.0,0.0,42000.00000000002,0.0,0.0,0.0
1740.0,20.0,20.0,1,0.0,0.0,0.0,0.0,0.0,0.0,0.0,0.0,0.0,0.0,43500.00000000002,0.0,0.0,0.0
1800.0,20.0,20.0,1,0.0,0.0,0.0,0.0,0.0,0.0,0.0,0.0,0.0,0.0,45000.00000000002,0.0,0.0,0.0
1860.0,20.0,20.0,1,0.0,0.0,0.0,0.0,0.0,0.0,0.0,0.0,0.0,0.0,46500.00000000002,0.0,0.0,0.0
1920.0,20.0,20.0,1,0.0,0.0,0.0,0.0,0.0,0.0,0.0,0.0,0.0,0.0,48000.00000000002,0.0,0.0,0.0
1980.0,20.0,20.0,1,0.0,0.0,0.0,0.0,0.0,0.0,0.0,0.0,0.0,0.0,49500.00000000002,0.0,0.0,0.0
2040.0,20.0,20.0,1,0.0,0.0,0.0,0.0,0.0,0.0,0.0,0.0,0.0,0.0,51000.00000000002,0.0,0.0,0.0
2100.0,20.0,20.0,1,0.0,0.0,0.0,0.0,0.0,0.0,0.0,0.0,0.0,0.0,52500.00000000002,0.0,0.0,0.0
2160.0,20.0,20.0,1,0.0,0.0,0.0,0.0,0.0,0.0,0.0,0.0,0.0,0.0,54000.00000000002,0.0,0.0,0.0
2220.0,20.0,20.0,1,0.0,0.0,0.0,0.0,0.0,0.0,0.0,0.0,0.0,0.0,55500.00000000002,0.0,0.0,0.0
2280.0,20.0,20.0,1,0.0,0.0,0.0,0.0,0.0,0.0,0.0,0.0,0.0,0.0,57000.00000000002,0.0,0.0,0.0
2340.0,20.0,20.0,1,0.0,0.0,0.0,0.0,0.0,0.0,0.0,0.0,0.0,0.0,58500.00000000002,0.0,0.0,0.0
2400.0,20.0,20.0,1,0.0,0.0,0.0,0.0,0.0,0.0,0.0,0.0,0.0,0.0,60000.00000000002,0.0,0.0,0.0
2460.0,20.0,20.0,1,0.0,0.0,0.0,0.0,0.0,0.0,0.0,0.0,0.0,0.0,61500.00000000002,0.0,0.0,0.0
2520.0,20.0,20.0,1,0.0,0.0,0.0,0.0,0.0,0.0,0.0,0.0,0.0,0.0,63000.00000000002,0.0,0.0,0.0
2580.0,20.0,20.0,1,0.0,0.0,0.0,0.0,0.0,0.0,0.0,0.0,0.0,0.0,64500.00000000002,0.0,0.0,0.0
2640.0,20.0,20.0,1,0.0,0.0,0.0,0.0,0.0,0.0,0.0,0.0,0.0,0.0,66000.00000000003,0.0,0.0,0.0
2700.0,20.0,20.0,1,0.0,0.0,0.0,0.0,0.0,0.0,0.0,0.0,0.0,0.0,67500.00000000003,0.0,0.0,0.0
2760.0,20.0,20.0,1,0.0,0.0,0.0,0.0,0.0,0.0,0.0,0.0,0.0,0.0,69000.00000000003,0.0,0.0,0.0
2820.0,20.0,20.0,1,0.0,0.0,0.0,0.0,0.0,0.0,0.0,0.0,0.0,0.0,70500.00000000003,0.0,0.0,0.0
2880.0,20.0,20.0,1,0.0,0.0,0.0,0.0,0.0,0.0,0.0,0.0,0.0,0.0,72000.00000000003,0.0,0.0,0.0
2940.0,20.0,20.0,1,0.0,0.0,0.0,0.0,0.0,0.0,0.0,0.0,0.0,0.0,73500.00000000003,0.0,0.0,0.0
3000.0,20.0,20.0,1,0.0,0.0,0.0,0.0,0.0,0.0,0.0,0.0,0.0,0.0,75000.00000000003,0.0,0.0,0.0
3060.0,20.0,20.0,1,0.0,0.0,0.0,0.0,0.0,0.0,0.0,0.0,0.0,0.0,76500.00000000003,0.0,0.0,0.0
3120.0,20.0,20.0,1,0.0,0.0,0.0,0.0,0.0,0.0,0.0,0.0,0.0,0.0,78000.00000000003,0.0,0.0,0.0
3180.0,20.0,20.0,1,0.0,0.0,0.0,0.0,0.0,0.0,0.0,0.0,0.0,0.0,79500.00000000003,0.0,0.0,0.0
3240.0,20.0,20.0,1,0.0,0.0,0.0,0.0,0.0,0.0,0.0,0.0,0.0,0.0,81000.00000000003,0.0,0.0,0.0
3300.0,20.0,20.0,1,0.0,0.0,0.0,0.0,0.0,0.0,0.0,0.0,0.0,0.0,82500.00000000003,0.0,0.0,0.0
3360.0,20.0,20.0,1,0.0,0.0,0.0,0.0,0.0,0.0,0.0,0.0,0.0,0.0,84000.00000000003,0.0,0.0,0.0
3420.0,20.0,20.0,1,0.0,0.0,0.0,0.0,0.0,0.0,0.0,0.0,0.0,0.0,85500.00000000003,0.0,0.0,0.0
3480.0,20.0,20.0,1,0.0,0.0,0.0,0.0,0.0,0.0,0.0,0.0,0.0,0.0,87000.00000000003,0.0,0.0,0.0
3540.0,20.0,20.0,1,0.0,0.0,0.0,0.0,0.0,0.0,0.0,0.0,0.0,0.0,88500.00000000003,0.0,0.0,0.0
3600.0,20.0,20.0,1,0.0,0.0,0.0,0.0,0.0,0.0,0.0,0.0,0.0,0.0,90000.00000000003,0.0,0.0,0.0
3660.0,20.0,20.0,1,0.0,0.0,0.0,0.0,0.0,0.0,0.0,0.0,0.0,0.0,91500.00000000003,0.0,0.0,0.0
3720.0,20.0,20.0,1,0.0,0.0,0.0,0.0,0.0,0.0,0.0,0.0,0.0,0.0,93000.00000000003,0.0,0.0,0.0
3780.0,20.0,20.0,1,0.0,0.0,0.0,0.0,0.0,0.0,0.0,0.0,0.0,0.0,94500.00000000003,0.0,0.0,0.0
3840.0,20.0,20.0,1,0.0,0.0,0.0,0.0,0.0,0.0,0.0,0.0,0.0,0.0,96000.00000000003,0.0,0.0,0.0
3900.0,20.0,20.0,1,0.0,0.0,0.0,0.0,0.0,0.0,0.0,0.0,0.0,0.0,97500.00000000003,0.0,0.0,0.0
3960.0,20.0,20.0,1,0.0,0.0,0.0,0.0,0.0,0.0,0.0,0.0,0.0,0.0,99000.00000000003,0.0,0.0,0.0
4020.0,20.0,20.0,1,0.0,0.0,0.0,0.0,0.0,0.0,0.0,0.0,0.0,0.0,100500.00000000003,0.0,0.0,0.0
4080.0,20.0,20.0,1,0.0,0.0,0.0,0.0,0.0,0.0,0.0,0.0,0.0,0.0,102000.00000000003,0.0,0.0,0.0
4140.0,20.0,20.0,1,0.0,0.0,0.0,0.0,0.0,0.0,0.0,0.0,0.0,0.0,103500.00000000003,0.0,0.0,0.0
4200.0,20.0,20.0,1,0.0,0.0,0.0,0.0,0.0,0.0,0.0,0.0,0.0,0.0,105000.00000000003,0.0,0.0,0.0
4260.0,20.0,20.0,1,0.0,0.0,0.0,0.0,0.0,0.0,0.0,0.0,0.0,0.0,106500.00000000003,0.0,0.0,0.0
4320.0,20.0,20.0,1,0.0,0.0,0.0,0.0,0.0,0.0,0.0,0.0,0.0,0.0,108000.00000000003,0.0,0.0,0.0
4380.0,20.0,20.0,1,0.0,0.0,0.0,0.0,0.0,0.0,0.0,0.0,0.0,0.0,109500.00000000003,0.0,0.0,0.0
4440.0,20.0,20.0,1,0.0,0.0,0.0,0.0,0.0,0.0,0.0,0.0,0.0,0.0,111000.00000000003,0.0,0.0,0.0
4500.0,20.0,20.0,1,0.0,0.0,0.0,0.0,0.0,0.0,0.0,0.0,0.0,0.0,112500.00000000003,0.0,0.0,0.0
4560.0,20.0,20.0,1,0.0,0.0,0.0,0.0,0.0,0.0,0.0,0.0,0.0,0.0,114000.00000000003,0.0,0.0,0.0
4620.0,20.0,20.0,1,0.0,0.0,0.0,0.0,0.0,0.0,0.0,0.0,0.0,0.0,115500.00000000003,0.0,0.0,0.0
4680.0,20.0,20.0,1,0.0,0.0,0.0,0.0,0.0,0.0,0.0,0.0,0.0,0.0,117000.00000000003,0.0,0.0,0.0
4740.0,20.0,20.0,1,0.0,0.0,0.0,0.0,0.0,0.0,0.0,0.0,0.0,0.0,118500.00000000003,0.0,0.0,0.0
4800.0,20.0,20.0,1,0.0,0.0,0.0,0.0,0.0,0.0,0.0,0.0,0.0,0.0,120000.00000000003,0.0,0.0,0.0
4860.0,20.0,20.0,1,0.0,0.0,0.0,0.0,0.0,0.0,0.0,0.0,0.0,0.0,121500.00000000003,0.0,0.0,0.0
4920.0,20.0,20.0,1,0.0,0.0,0.0,0.0,0.0,0.0,0.0,0.0,0.0,0.0,123000.00000000003,0.0,0.0,0.0
4980.0,20.0,20.0,1,0.0,0.0,0.0,0.0,0.0,0.0,0.0,0.0,0.0,0.0,124500.00000000003,0.0,0.0,0.0
5040.0,20.0,20.0,1,0.0,0.0,0.0,0.0,0.0,0.0,0.0,0.0,0.0,0.0,126000.00000000003,0.0,0.0,0.0
5100.0,20.0,20.0,1,0.0,0.0,0.0,0.0,0.0,0.0,0.0,0.0,0.0,0.0,127500.00000000003,0.0,0.0,0.0
5160.0,20.0,20.0,1,0.0,0.0,0.0,0.0,0.0,0.0,0.0,0.0,0.0,0.0,129000.00000000003,0.0,0.0,0.0
5220.0,20.0,20.0,1,0.0,0.0,0.0,0.0,0.0,0.0,0.0,0.0,0.0,0.0,130500.00000000003,0.0,0.0,0.0
5280.0,20.0,20.0,1,0.0,0.0,0.0,0.0,0.0,0.0,0.0,0.0,0.0,0.0,132000.00000000003,0.0,0.0,0.0
5340.0,20.0,20.0,1,0.0,0.0,0.0,0.0,0.0,0.0,0.0,0.0,0.0,0.0,133500.00000000003,0.0,0.0,0.0
5400.0,20.0,20.0,1,0.0,0.0,0.0,0.0,0.0,0.0,0.0,0.0,0.0,0.0,135000.00000000003,0.0,0.0,0.0
5460.0,20.0,20.0,1,0.0,0.0,0.0,0.0,0.0,0.0,0.0,0.0,0.0,0.0,136500.00000000003,0.0,0.0,0.0
5520.0,20.0,20.0,1,0.0,0.0,0.0,0.0,0.0,0.0,0.0,0.0,0.0,0.0,138000.00000000003,0.0,0.0,0.0
5580.0,20.0,20.0,1,0.0,0.0,0.0,0.0,0.0,0.0,0.0,0.0,0.0,0.0,139500.00000000003,0.0,0.0,0.0
5640.0,20.0,20.0,1,0.0,0.0,0.0,0.0,0.0,0.0,0.0,0.0,0.0,0.0,141000.00000000003,0.0,0.0,0.0
5700.0,20.0,20.0,1,0.0,0.0,0.0,0.0,0.0,0.0,0.0,0.0,0.0,0.0,142500.00000000003,0.0,0.0,0.0
5760.0,20.0,20.0,1,0.0,0.0,0.0,0.0,0.0,0.0,0.0,0.0,0.0,0.0,144000.00000000003,0.0,0.0,0.0
5820.0,20.0,20.0,1,0.0,0.0,0.0,0.0,0.0,0.0,0.0,0.0,0.0,0.0,145500.00000000003,0.0,0.0,0.0
5880.0,20.0,20.0,1,0.0,0.0,0.0,0.0,0.0,0.0,0.0,0.0,0.0,0.0,147000.00000000003,0.0,0.0,0.0
5940.0,20.0,20.0,1,0.0,0.0,0.0,0.0,0.0,0.0,0.0,0.0,0.0,0.0,148500.00000000003,0.0,0.0,0.0
6000.0,20.0,20.0,1,0.0,0.0,0.0,0.0,0.0,0.0,0.0,0.0,0.0,0.0,150000.00000000003,0.0,0.0,0.0
6060.0,20.0,20.0,1,0.0,0.0,0.0,0.0,0.0,0.0,0.0,0.0,0.0,0.0,151500.00000000003,0.0,0.0,0.0
6120.0,20.0,20.0,1,0.0,0.0,0.0,0.0,0.0,0.0,0.0,0.0,0.0,0.0,153000.00000000003,0.0,0.0,0.0
6180.0,20.0,20.0,1,0.0,0.0,0.0,0.0,0.0,0.0,0.0,0.0,0.0,0.0,154500.00000000003,0.0,0.0,0.0
6240.0,20.0,20.0,1,0.0,0.0,0.0,0.0,0.0,0.0,0.0,0.0,0.0,0.0,156000.00000000003,0.0,0.0,0.0
6300.0,20.0,20.0,1,0.0,0.0,0.0,0.0,0.0,0.0,0.0,0.0,0.0,0.0,157500.00000000003,0.0,0.0,0.0
6360.0,20.0,20.0,1,0.0,0.0,0.0,0.0,0.0,0.0,0.0,0.0,0.0,0.0,159000.00000000003,0.0,0.0,0.0
6420.0,20.0,20.0,1,0.0,0.0,0.0,0.0,0.0,0.0,0.0,0.0,0.0,0.0,160500.00000000003,0.0,0.0,0.0
6480.0,20.0,20.0,1,0.0,0.0,0.0,0.0,0.0,0.0,0.0,0.0,0.0,0.0,162000.00000000003,0.0,0.0,0.0
6540.0,20.0,20.0,1,0.0,0.0,0.0,0.0,0.0,0.0,0.0,0.0,0.0,0.0,163500.00000000003,0.0,0.0,0.0
6600.0,20.0,20.0,1,0.0,0.0,0.0,0.0,0.0,0.0,0.0,0.0,0.0,0.0,165000.00000000003,0.0,0.0,0.0
6660.0,20.0,20.0,1,0.0,0.0,0.0,0.0,0.0,0.0,0.0,0.0,0.0,0.0,166500.00000000003,0.0,0.0,0.0
6720.0,20.0,20.0,1,0.0,0.0,0.0,0.0,0.0,0.0,0.0,0.0,0.0,0.0,168000.00000000003,0.0,0.0,0.0
6780.0,20.0,20.0,1,0.0,0.0,0.0,0.0,0.0,0.0,0.0,0.0,0.0,0.0,169500.00000000003,0.0,0.0,0.0
6840.0,20.0,20.0,1,0.0,0.0,0.0,0.0,0.0,0.0,0.0,0.0,0.0,0.0,171000.00000000003,0.0,0.0,0.0
6900.0,20.0,20.0,1,0.0,0.0,0.0,0.0,0.0,0.0,0.0,0.0,0.0,0.0,172500.00000000003,0.0,0.0,0.0
6960.0,20.0,20.0,1,0.0,0.0,0.0,0.0,0.0,0.0,0.0,0.0,0.0,0.0,174000.00000000003,0.0,0.0,0.0
7020.0,20.0,20.0,1,0.0,0.0,0.0,0.0,0.0,0.0,0.0,0.0,0.0,0.0,175500.00000000003,0.0,0.0,0.0
7080.0,20.0,20.0,1,0.0,0.0,0.0,0.0,0.0,0.0,0.0,0.0,0.0,0.0,177000.00000000003,0.0,0.0,0.0
7140.0,20.0,20.0,1,0.0,0.0,0.0,0.0,0.0,0.0,0.0,0.0,0.0,0.0,178500.00000000003,0.0,0.0,0.0
7200.0,20.0,20.0,1,0.0,0.0,0.0,0.0,0.0,0.0,0.0,0.0,0.0,0.0,180000.00000000003,0.0,0.0,0.0
7260.0,20.0,20.0,1,0.0,0.0,0.0,0.0,0.0,0.0,0.0,0.0,0.0,0.0,181500.00000000003,0.0,0.0,0.0
7320.0,20.0,20.0,1,0.0,0.0,0.0,0.0,0.0,0.0,0.0,0.0,0.0,0.0,183000.00000000003,0.0,0.0,0.0
7380.0,20.0,20.0,1,0.0,0.0,0.0,0.0,0.0,0.0,0.0,0.0,0.0,0.0,184500.00000000003,0.0,0.0,0.0
7440.0,20.0,20.0,1,0.0,0.0,0.0,0.0,0.0,0.0,0.0,0.0,0.0,0.0,186000.00000000003,0.0,0.0,0.0
7500.0,20.0,20.0,1,0.0,0.0,0.0,0.0,0.0,0.0,0.0,0.0,0.0,0.0,187500.00000000003,0.0,0.0,0.0
7560.0,20.0,20.0,1,0.0,0.0,0.0,0.0,0.0,0.0,0.0,0.0,0.0,0.0,189000.00000000003,0.0,0.0,0.0
7620.0,20.0,20.0,1,0.0,0.0,0.0,0.0,0.0,0.0,0.0,0.0,0.0,0.0,190500.00000000003,0.0,0.0,0.0
7680.0,20.0,20.0,1,0.0,0.0,0.0,0.0,0.0,0.0,0.0,0.0,0.0,0.0,192000.00000000003,0.0,0.0,0.0
7740.0,20.0,20.0,1,0.0,0.0,0.0,0.0,0.0,0.0,0.0,0.0,0.0,0.0,193500.00000000003,0.0,0.0,0.0
7800.0,20.0,20.0,1,0.0,0.0,0.0,0.0,0.0,0.0,0.0,0.0,0.0,0.0,195000.00000000003,0.0,0.0,0.0
7860.0,20.0,20.0,1,0.0,0.0,0.0,0.0,0.0,0.0,0.0,0.0,0.0,0.0,196500.00000000003,0.0,0.0,0.0
7920.0,20.0,20.0,1,0.0,0.0,0.0,0.0,0.0,0.0,0.0,0.0,0.0,0.0,198000.00000000003,0.0,0.0,0.0
7980.0,20.0,20.0,1,0.0,0.0,0.0,0.0,0.0,0.0,0.0,0.0,0.0,0.0,199500.00000000003,0.0,0.0,0.0
8040.0,20.0,20.0,1,0.0,0.0,0.0,0.0,0.0,0.0,0.0,0.0,0.0,0.0,201000.00000000003,0.0,0.0,0.0
8100.0,20.0,20.0,1,0.0,0.0,0.0,0.0,0.0,0.0,0.0,0.0,0.0,0.0,202500.00000000003,0.0,0.0,0.0
8160.0,20.0,20.0,1,0.0,0.0,0.0,0.0,0.0,0.0,0.0,0.0,0.0,0.0,204000.00000000003,0.0,0.0,0.0
8220.0,20.0,20.0,1,0.0,0.0,0.0,0.0,0.0,0.0,0.0,0.0,0.0,0.0,205500.00000000003,0.0,0.0,0.0
8280.0,20.0,20.0,1,0.0,0.0,0.0,0.0,0.0,0.0,0.0,0.0,0.0,0.0,207000.00000000003,0.0,0.0,0.0
8340.0,20.0,20.0,1,0.0,0.0,0.0,0.0,0.0,0.0,0.0,0.0,0.0,0.0,208500.00000000003,0.0,0.0,0.0
8400.0,20.0,20.0,1,0.0,0.0,0.0,0.0,0.0,0.0,0.0,0.0,0.0,0.0,210000.00000000003,0.0,0.0,0.0
8460.0,20.0,20.0,1,0.0,0.0,0.0,0.0,0.0,0.0,0.0,0.0,0.0,0.0,211500.00000000003,0.0,0.0,0.0
8520.0,20.0,20.0,1,0.0,0.0,0.0,0.0,0.0,0.0,0.0,0.0,0.0,0.0,213000.00000000003,0.0,0.0,0.0
8580.0,20.0,20.0,1,0.0,0.0,0.0,0.0,0.0,0.0,0.0,0.0,0.0,0.0,214500.00000000003,0.0,0.0,0.0
8640.0,20.0,20.0,1,0.0,0.0,0.0,0.0,0.0,0.0,0.0,0.0,0.0,0.0,216000.00000000003,0.0,0.0,0.0
8700.0,20.0,20.0,1,0.0,0.0,0.0,0.0,0.0,0.0,0.0,0.0,0.0,0.0,217500.00000000003,0.0,0.0,0.0
8760.0,20.0,20.0,1,0.0,0.0,0.0,0.0,0.0,0.0,0.0,0.0,0.0,0.0,219000.00000000003,0.0,0.0,0.0
8820.0,20.0,20.0,1,0.0,0.0,0.0,0.0,0.0,0.0,0.0,0.0,0.0,0.0,220500.00000000003,0.0,0.0,0.0
8880.0,20.0,20.0,1,0.0,0.0,0.0,0.0,0.0,0.0,0.0,0.0,0.0,0.0,222000.00000000003,0.0,0.0,0.0
8940.0,20.0,20.0,1,0.0,0.0,0.0,0.0,0.0,0.0,0.0,0.0,0.0,0.0,223500.00000000003,0.0,0.0,0.0
9000.0,20.0,20.0,1,0.0,0.0,0.0,0.0,0.0,0.0,0.0,0.0,0.0,0.0,225000.00000000003,0.0,0.0,0.0
9060.0,20.0,20.0,1,0.0,0.0,0.0,0.0,0.0,0.0,0.0,0.0,0.0,0.0,226500.00000000003,0.0,0.0,0.0
9120.0,20.0,20.0,1,0.0,0.0,0.0,0.0,0.0,0.0,0.0,0.0,0.0,0.0,228000.00000000003,0.0,0.0,0.0
9180.0,20.0,20.0,1,0.0,0.0,0.0,0.0,0.0,0.0,0.0,0.0,0.0,0.0,229500.00000000003,0.0,0.0,0.0
9240.0,20.0,20.0,1,0.0,0.0,0.0,0.0,0.0,0.0,0.0,0.0,0.0,0.0,231000.00000000003,0.0,0.0,0.0
9300.0,20.0,20.0,1,0.0,0.0,0.0,0.0,0.0,0.0,0.0,0.0,0.0,0.0,232500.00000000003,0.0,0.0,0.0
9360.0,20.0,20.0,1,0.0,0.0,0.0,0.0,0.0,0.0,0.0,0.0,0.0,0.0,234000.00000000003,0.0,0.0,0.0
9420.0,20.0,20.0,1,0.0,0.0,0.0,0.0,0.0,0.0,0.0,0.0,0.0,0.0,235500.00000000003,0.0,0.0,0.0
9480.0,20.0,20.0,1,0.0,0.0,0.0,0.0,0.0,0.0,0.0,0.0,0.0,0.0,237000.00000000003,0.0,0.0,0.0
9540.0,20.0,20.0,1,0.0,0.0,0.0,0.0,0.0,0.0,0.0,0.0,0.0,0.0,238500.00000000003,0.0,0.0,0.0
9600.0,20.0,20.0,1,0.0,0.0,0.0,0.0,0.0,0.0,0.0,0.0,0.0,0.0,240000.00000000003,0.0,0.0,0.0
9660.0,20.0,20.0,1,0.0,0.0,0.0,0.0,0.0,0.0,0.0,0.0,0.0,0.0,241500.00000000003,0.0,0.0,0.0
9720.0,20.0,20.0,1,0.0,0.0,0.0,0.0,0.0,0.0,0.0,0.0,0.0,0.0,243000.00000000003,0.0,0.0,0.0
9780.0,20.0,20.0,1,0.0,0.0,0.0,0.0,0.0,0.0,0.0,0.0,0.0,0.0,244500.00000000003,0.0,0.0,0.0
9840.0,20.0,20.0,1,0.0,0.0,0.0,0.0,0.0,0.0,0.0,0.0,0.0,0.0,246000.00000000003,0.0,0.0,0.0
9900.0,20.0,20.0,1,0.0,0.0,0.0,0.0,0.0,0.0,0.0,0.0,0.0,0.0,247500.00000000003,0.0,0.0,0.0
9960.0,20.0,20.0,1,0.0,0.0,0.0,0.0,0.0,0.0,0.0,0.0,0.0,0.0,249000.00000000003,0.0,0.0,0.0
10020.0,20.0,20.0,1,0.0,0.0,0.0,0.0,0.0,0.0,0.0,0.0,0.0,0.0,250500.00000000003,0.0,0.0,0.0
10080.0,20.0,20.0,1,0.0,0.0,0.0,0.0,0.0,0.0,0.0,0.0,0.0,0.0,252000.00000000003,0.0,0.0,0.0
10140.0,20.0,20.0,1,0.0,0.0,0.0,0.0,0.0,0.0,0.0,0.0,0.0,0.0,253500.00000000003,0.0,0.0,0.0
10200.0,20.0,20.0,1,0.0,0.0,0.0,0.0,0.0,0.0,0.0,0.0,0.0,0.0,255000.00000000003,0.0,0.0,0.0
10260.0,20.0,20.0,1,0.0,0.0,0.0,0.0,0.0,0.0,0.0,0.0,0.0,0.0,256500.00000000003,0.0,0.0,0.0
10320.0,20.0,20.0,1,0.0,0.0,0.0,0.0,0.0,0.0,0.0,0.0,0.0,0.0,258000.00000000003,0.0,0.0,0.0
10380.0,20.0,20.0,1,0.0,0.0,0.0,0.0,0.0,0.0,0.0,0.0,0.0,0.0,259500.00000000003,0.0,0.0,0.0
10440.0,20.0,20.0,1,0.0,0.0,0.0,0.0,0.0,0.0,0.0,0.0,0.0,0.0,261000.00000000003,0.0,0.0,0.0
10500.0,20.0,20.0,1,0.0,0.0,0.0,0.0,0.0,0.0,0.0,0.0,0.0,0.0,262500.00000000006,0.0,0.0,0.0
10560.0,20.0,20.0,1,0.0,0.0,0.0,0.0,0.0,0.0,0.0,0.0,0.0,0.0,264000.00000000006,0.0,0.0,0.0
10620.0,20.0,20.0,1,0.0,0.0,0.0,0.0,0.0,0.0,0.0,0.0,0.0,0.0,265500.00000000006,0.0,0.0,0.0
10680.0,20.0,20.0,1,0.0,0.0,0.0,0.0,0.0,0.0,0.0,0.0,0.0,0.0,267000.00000000006,0.0,0.0,0.0
10740.0,20.0,20.0,1,0.0,0.0,0.0,0.0,0.0,0.0,0.0,0.0,0.0,0.0,268500.00000000006,0.0,0.0,0.0
10800.0,20.0,20.0,1,0.0,0.0,0.0,0.0,0.0,0.0,0.0,0.0,0.0,0.0,270000.00000000006,0.0,0.0,0.0
10860.0,20.0,20.0,1,0.0,0.0,0.0,0.0,0.0,0.0,0.0,0.0,0.0,0.0,271500.00000000006,0.0,0.0,0.0
10920.0,20.0,20.0,1,0.0,0.0,0.0,0.0,0.0,0.0,0.0,0.0,0.0,0.0,273000.00000000006,0.0,0.0,0.0
10980.0,20.0,20.0,1,0.0,0.0,0.0,0.0,0.0,0.0,0.0,0.0,0.0,0.0,274500.00000000006,0.0,0.0,0.0
11040.0,20.0,20.0,1,0.0,0.0,0.0,0.0,0.0,0.0,0.0,0.0,0.0,0.0,276000.00000000006,0.0,0.0,0.0
11100.0,20.0,20.0,1,0.0,0.0,0.0,0.0,0.0,0.0,0.0,0.0,0.0,0.0,277500.00000000006,0.0,0.0,0.0
11160.0,20.0,20.0,1,0.0,0.0,0.0,0.0,0.0,0.0,0.0,0.0,0.0,0.0,279000.00000000006,0.0,0.0,0.0
11220.0,20.0,20.0,1,0.0,0.0,0.0,0.0,0.0,0.0,0.0,0.0,0.0,0.0,280500.00000000006,0.0,0.0,0.0
11280.0,20.0,20.0,1,0.0,0.0,0.0,0.0,0.0,0.0,0.0,0.0,0.0,0.0,282000.00000000006,0.0,0.0,0.0
11340.0,20.0,20.0,1,0.0,0.0,0.0,0.0,0.0,0.0,0.0,0.0,0.0,0.0,283500.00000000006,0.0,0.0,0.0
11400.0,20.0,20.0,1,0.0,0.0,0.0,0.0,0.0,0.0,0.0,0.0,0.0,0.0,285000.00000000006,0.0,0.0,0.0
11460.0,20.0,20.0,1,0.0,0.0,0.0,0.0,0.0,0.0,0.0,0.0,0.0,0.0,286500.00000000006,0.0,0.0,0.0
11520.0,20.0,20.0,1,0.0,0.0,0.0,0.0,0.0,0.0,0.0,0.0,0.0,0.0,288000.00000000006,0.0,0.0,0.0
11580.0,20.0,20.0,1,0.0,0.0,0.0,0.0,0.0,0.0,0.0,0.0,0.0,0.0,289500.00000000006,0.0,0.0,0.0
11640.0,20.0,20.0,1,0.0,0.0,0.0,0.0,0.0,0.0,0.0,0.0,0.0,0.0,291000.00000000006,0.0,0.0,0.0
11700.0,20.0,20.0,1,0.0,0.0,0.0,0.0,0.0,0.0,0.0,0.0,0.0,0.0,292500.00000000006,0.0,0.0,0.0
11760.0,20.0,20.0,1,0.0,0.0,0.0,0.0,0.0,0.0,0.0,0.0,0.0,0.0,294000.00000000006,0.0,0.0,0.0
11820.0,20.0,20.0,1,0.0,0.0,0.0,0.0,0.0,0.0,0.0,0.0,0.0,0.0,295500.00000000006,0.0,0.0,0.0
11880.0,20.0,20.0,1,0.0,0.0,0.0,0.0,0.0,0.0,0.0,0.0,0.0,0.0,297000.00000000006,0.0,0.0,0.0
11940.0,20.0,20.0,1,0.0,0.0,0.0,0.0,0.0,0.0,0.0,0.0,0.0,0.0,298500.00000000006,0.0,0.0,0.0
12000.0,20.0,20.0,1,0.0,0.0,0.0,0.0,0.0,0.0,0.0,0.0,0.0,0.0,300000.00000000006,0.0,0.0,0.0
12060.0,20.0,20.0,1,0.0,0.0,0.0,0.0,0.0,0.0,0.0,0.0,0.0,0.0,301500.00000000006,0.0,0.0,0.0
12120.0,20.0,20.0,1,0.0,0.0,0.0,0.0,0.0,0.0,0.0,0.0,0.0,0.0,303000.00000000006,0.0,0.0,0.0
12180.0,20.0,20.0,1,0.0,0.0,0.0,0.0,0.0,0.0,0.0,0.0,0.0,0.0,304500.00000000006,0.0,0.0,0.0
12240.0,20.0,20.0,1,0.0,0.0,0.0,0.0,0.0,0.0,0.0,0.0,0.0,0.0,306000.00000000006,0.0,0.0,0.0
12300.0,20.0,20.0,1,0.0,0.0,0.0,0.0,0.0,0.0,0.0,0.0,0.0,0.0,307500.00000000006,0.0,0.0,0.0
12360.0,20.0,20.0,1,0.0,0.0,0.0,0.0,0.0,0.0,0.0,0.0,0.0,0.0,309000.00000000006,0.0,0.0,0.0
12420.0,20.0,20.0,1,0.0,0.0,0.0,0.0,0.0,0.0,0.0,0.0,0.0,0.0,310500.00000000006,0.0,0.0,0.0
12480.0,20.0,20.0,1,0.0,0.0,0.0,0.0,0.0,0.0,0.0,0.0,0.0,0.0,312000.00000000006,0.0,0.0,0.0
12540.0,20.0,20.0,1,0.0,0.0,0.0,0.0,0.0,0.0,0.0,0.0,0.0,0.0,313500.00000000006,0.0,0.0,0.0
12600.0,20.0,20.0,1,0.0,0.0,0.0,0.0,0.0,0.0,0.0,0.0,0.0,0.0,315000.00000000006,0.0,0.0,0.0
12660.0,20.0,20.0,1,0.0,0.0,0.0,0.0,0.0,0.0,0.0,0.0,0.0,0.0,316500.00000000006,0.0,0.0,0.0
12720.0,20.0,20.0,1,0.0,0.0,0.0,0.0,0.0,0.0,0.0,0.0,0.0,0.0,318000.00000000006,0.0,0.0,0.0
12780.0,20.0,20.0,1,0.0,0.0,0.0,0.0,0.0,0.0,0.0,0.0,0.0,0.0,319500.00000000006,0.0,0.0,0.0
12840.0,20.0,20.0,1,0.0,0.0,0.0,0.0,0.0,0.0,0.0,0.0,0.0,0.0,321000.00000000006,0.0,0.0,0.0
12900.0,20.0,20.0,1,0.0,0.0,0.0,0.0,0.0,0.0,0.0,0.0,0.0,0.0,322500.00000000006,0.0,0.0,0.0
12960.0,20.0,20.0,1,0.0,0.0,0.0,0.0,0.0,0.0,0.0,0.0,0.0,0.0,324000.00000000006,0.0,0.0,0.0
13020.0,20.0,20.0,1,0.0,0.0,0.0,0.0,0.0,0.0,0.0,0.0,0.0,0.0,325500.00000000006,0.0,0.0,0.0
13080.0,20.0,20.0,1,0.0,0.0,0.0,0.0,0.0,0.0,0.0,0.0,0.0,0.0,327000.00000000006,0.0,0.0,0.0
13140.0,20.0,20.0,1,0.0,0.0,0.0,0.0,0.0,0.0,0.0,0.0,0.0,0.0,328500.00000000006,0.0,0.0,0.0
13200.0,20.0,20.0,1,0.0,0.0,0.0,0.0,0.0,0.0,0.0,0.0,0.0,0.0,330000.00000000006,0.0,0.0,0.0
13260.0,20.0,20.0,1,0.0,0.0,0.0,0.0,0.0,0.0,0.0,0.0,0.0,0.0,331500.00000000006,0.0,0.0,0.0
13320.0,20.0,20.0,1,0.0,0.0,0.0,0.0,0.0,0.0,0.0,0.0,0.0,0.0,333000.00000000006,0.0,0.0,0.0
13380.0,20.0,20.0,1,0.0,0.0,0.0,0.0,0.0,0.0,0.0,0.0,0.0,0.0,334500.00000000006,0.0,0.0,0.0
13440.0,20.0,20.0,1,0.0,0.0,0.0,0.0,0.0,0.0,0.0,0.0,0.0,0.0,336000.00000000006,0.0,0.0,0.0
13500.0,20.0,20.0,1,0.0,0.0,0.0,0.0,0.0,0.0,0.0,0.0,0.0,0.0,337500.00000000006,0.0,0.0,0.0
13560.0,20.0,20.0,1,0.0,0.0,0.0,0.0,0.0,0.0,0.0,0.0,0.0,0.0,339000.00000000006,0.0,0.0,0.0
13620.0,20.0,20.0,1,0.0,0.0,0.0,0.0,0.0,0.0,0.0,0.0,0.0,0.0,340500.00000000006,0.0,0.0,0.0
13680.0,20.0,20.0,1,0.0,0.0,0.0,0.0,0.0,0.0,0.0,0.0,0.0,0.0,342000.00000000006,0.0,0.0,0.0
13740.0,20.0,20.0,1,0.0,0.0,0.0,0.0,0.0,0.0,0.0,0.0,0.0,0.0,343500.00000000006,0.0,0.0,0.0
13800.0,20.0,20.0,1,0.0,0.0,0.0,0.0,0.0,0.0,0.0,0.0,0.0,0.0,345000.00000000006,0.0,0.0,0.0
13860.0,20.0,20.0,1,0.0,0.0,0.0,0.0,0.0,0.0,0.0,0.0,0.0,0.0,346500.00000000006,0.0,0.0,0.0
13920.0,20.0,20.0,1,0.0,0.0,0.0,0.0,0.0,0.0,0.0,0.0,0.0,0.0,348000.00000000006,0.0,0.0,0.0
13980.0,20.0,20.0,1,0.0,0.0,0.0,0.0,0.0,0.0,0.0,0.0,0.0,0.0,349500.00000000006,0.0,0.0,0.0
14040.0,20.0,20.0,1,0.0,0.0,0.0,0.0,0.0,0.0,0.0,0.0,0.0,0.0,351000.00000000006,0.0,0.0,0.0
14100.0,20.0,20.0,1,0.0,0.0,0.0,0.0,0.0,0.0,0.0,0.0,0.0,0.0,352500.00000000006,0.0,0.0,0.0
14160.0,20.0,20.0,1,0.0,0.0,0.0,0.0,0.0,0.0,0.0,0.0,0.0,0.0,354000.00000000006,0.0,0.0,0.0
14220.0,20.0,20.0,1,0.0,0.0,0.0,0.0,0.0,0.0,0.0,0.0,0.0,0.0,355500.00000000006,0.0,0.0,0.0
14280.0,20.0,20.0,1,0.0,0.0,0.0,0.0,0.0,0.0,0.0,0.0,0.0,0.0,357000.00000000006,0.0,0.0,0.0
14340.0,20.0,20.0,1,0.0,0.0,0.0,0.0,0.0,0.0,0.0,0.0,0.0,0.0,358500.00000000006,0.0,0.0,0.0
14400.0,20.0,20.0,1,0.0,0.0,0.0,0.0,0.0,0.0,0.0,0.0,0.0,0.0,360000.00000000006,0.0,0.0,0.0
14460.0,20.0,20.0,1,0.0,0.0,0.0,0.0,0.0,0.0,0.0,0.0,0.0,0.0,361500.00000000006,0.0,0.0,0.0
14520.0,20.0,20.0,1,0.0,0.0,0.0,0.0,0.0,0.0,0.0,0.0,0.0,0.0,363000.00000000006,0.0,0.0,0.0
14580.0,20.0,20.0,1,0.0,0.0,0.0,0.0,0.0,0.0,0.0,0.0,0.0,0.0,364500.00000000006,0.0,0.0,0.0
14640.0,20.0,20.0,1,0.0,0.0,0.0,0.0,0.0,0.0,0.0,0.0,0.0,0.0,366000.00000000006,0.0,0.0,0.0
14700.0,20.0,20.0,1,0.0,0.0,0.0,0.0,0.0,0.0,0.0,0.0,0.0,0.0,367500.00000000006,0.0,0.0,0.0
14760.0,20.0,20.0,1,0.0,0.0,0.0,0.0,0.0,0.0,0.0,0.0,0.0,0.0,369000.00000000006,0.0,0.0,0.0
14820.0,20.0,20.0,1,0.0,0.0,0.0,0.0,0.0,0.0,0.0,0.0,0.0,0.0,370500.00000000006,0.0,0.0,0.0
14880.0,20.0,20.0,1,0.0,0.0,0.0,0.0,0.0,0.0,0.0,0.0,0.0,0.0,372000.00000000006,0.0,0.0,0.0
14940.0,20.0,20.0,1,0.0,0.0,0.0,0.0,0.0,0.0,0.0,0.0,0.0,0.0,373500.00000000006,0.0,0.0,0.0
15000.0,20.0,20.0,1,0.0,0.0,0.0,0.0,0.0,0.0,0.0,0.0,0.0,0.0,375000.00000000006,0.0,0.0,0.0
15060.0,20.0,20.0,1,0.0,0.0,0.0,0.0,0.0,0.0,0.0,0.0,0.0,0.0,376500.00000000006,0.0,0.0,0.0
15120.0,20.0,20.0,1,0.0,0.0,0.0,0.0,0.0,0.0,0.0,0.0,0.0,0.0,378000.00000000006,0.0,0.0,0.0
15180.0,20.0,20.0,1,0.0,0.0,0.0,0.0,0.0,0.0,0.0,0.0,0.0,0.0,379500.00000000006,0.0,0.0,0.0
15240.0,20.0,20.0,1,0.0,0.0,0.0,0.0,0.0,0.0,0.0,0.0,0.0,0.0,381000.00000000006,0.0,0.0,0.0
15300.0,20.0,20.0,1,0.0,0.0,0.0,0.0,0.0,0.0,0.0,0.0,0.0,0.0,382500.00000000006,0.0,0.0,0.0
15360.0,20.0,20.0,1,0.0,0.0,0.0,0.0,0.0,0.0,0.0,0.0,0.0,0.0,384000.00000000006,0.0,0.0,0.0
15420.0,20.0,20.0,1,0.0,0.0,0.0,0.0,0.0,0.0,0.0,0.0,0.0,0.0,385500.00000000006,0.0,0.0,0.0
15480.0,20.0,20.0,1,0.0,0.0,0.0,0.0,0.0,0.0,0.0,0.0,0.0,0.0,387000.00000000006,0.0,0.0,0.0
15540.0,20.0,20.0,1,0.0,0.0,0.0,0.0,0.0,0.0,0.0,0.0,0.0,0.0,388500.00000000006,0.0,0.0,0.0
15600.0,20.0,20.0,1,0.0,0.0,0.0,0.0,0.0,0.0,0.0,0.0,0.0,0.0,390000.00000000006,0.0,0.0,0.0
15660.0,20.0,20.0,1,0.0,0.0,0.0,0.0,0.0,0.0,0.0,0.0,0.0,0.0,391500.00000000006,0.0,0.0,0.0
15720.0,20.0,20.0,1,0.0,0.0,0.0,0.0,0.0,0.0,0.0,0.0,0.0,0.0,393000.00000000006,0.0,0.0,0.0
15780.0,20.0,20.0,1,0.0,0.0,0.0,0.0,0.0,0.0,0.0,0.0,0.0,0.0,394500.00000000006,0.0,0.0,0.0
15840.0,20.0,20.0,1,0.0,0.0,0.0,0.0,0.0,0.0,0.0,0.0,0.0,0.0,396000.00000000006,0.0,0.0,0.0
15900.0,20.0,20.0,1,0.0,0.0,0.0,0.0,0.0,0.0,0.0,0.0,0.0,0.0,397500.00000000006,0.0,0.0,0.0
15960.0,20.0,20.0,1,0.0,0.0,0.0,0.0,0.0,0.0,0.0,0.0,0.0,0.0,399000.00000000006,0.0,0.0,0.0
16020.0,20.0,20.0,1,0.0,0.0,0.0,0.0,0.0,0.0,0.0,0.0,0.0,0.0,400500.00000000006,0.0,0.0,0.0
16080.0,20.0,20.0,1,0.0,0.0,0.0,0.0,0.0,0.0,0.0,0.0,0.0,0.0,402000.00000000006,0.0,0.0,0.0
16140.0,20.0,20.0,1,0.0,0.0,0.0,0.0,0.0,0.0,0.0,0.0,0.0,0.0,403500.00000000006,0.0,0.0,0.0
16200.0,20.0,20.0,1,0.0,0.0,0.0,0.0,0.0,0.0,0.0,0.0,0.0,0.0,405000.00000000006,0.0,0.0,0.0
16260.0,20.0,20.0,1,0.0,0.0,0.0,0.0,0.0,0.0,0.0,0.0,0.0,0.0,406500.00000000006,0.0,0.0,0.0
16320.0,20.0,20.0,1,0.0,0.0,0.0,0.0,0.0,0.0,0.0,0.0,0.0,0.0,408000.00000000006,0.0,0.0,0.0
16380.0,20.0,20.0,1,0.0,0.0,0.0,0.0,0.0,0.0,0.0,0.0,0.0,0.0,409500.00000000006,0.0,0.0,0.0
16440.0,20.0,20.0,1,0.0,0.0,0.0,0.0,0.0,0.0,0.0,0.0,0.0,0.0,411000.00000000006,0.0,0.0,0.0
16500.0,20.0,20.0,1,0.0,0.0,0.0,0.0,0.0,0.0,0.0,0.0,0.0,0.0,412500.00000000006,0.0,0.0,0.0
16560.0,20.0,20.0,1,0.0,0.0,0.0,0.0,0.0,0.0,0.0,0.0,0.0,0.0,414000.00000000006,0.0,0.0,0.0
16620.0,20.0,20.0,1,0.0,0.0,0.0,0.0,0.0,0.0,0.0,0.0,0.0,0.0,415500.00000000006,0.0,0.0,0.0
16680.0,20.0,20.0,1,0.0,0.0,0.0,0.0,0.0,0.0,0.0,0.0,0.0,0.0,417000.00000000006,0.0,0.0,0.0
16740.0,20.0,20.0,1,0.0,0.0,0.0,0.0,0.0,0.0,0.0,0.0,0.0,0.0,418500.00000000006,0.0,0.0,0.0
16800.0,20.0,20.0,1,0.0,0.0,0.0,0.0,0.0,0.0,0.0,0.0,0.0,0.0,420000.00000000006,0.0,0.0,0.0
16860.0,20.0,20.0,1,0.0,0.0,0.0,0.0,0.0,0.0,0.0,0.0,0.0,0.0,421500.00000000006,0.0,0.0,0.0
16920.0,20.0,20.0,1,0.0,0.0,0.0,0.0,0.0,0.0,0.0,0.0,0.0,0.0,423000.00000000006,0.0,0.0,0.0
16980.0,20.0,20.0,1,0.0,0.0,0.0,0.0,0.0,0.0,0.0,0.0,0.0,0.0,424500.00000000006,0.0,0.0,0.0
17040.0,20.0,20.0,1,0.0,0.0,0.0,0.0,0.0,0.0,0.0,0.0,0.0,0.0,426000.00000000006,0.0,0.0,0.0
17100.0,20.0,20.0,1,0.0,0.0,0.0,0.0,0.0,0.0,0.0,0.0,0.0,0.0,427500.00000000006,0.0,0.0,0.0
17160.0,20.0,20.0,1,0.0,0.0,0.0,0.0,0.0,0.0,0.0,0.0,0.0,0.0,429000.00000000006,0.0,0.0,0.0
17220.0,20.0,20.0,1,0.0,0.0,0.0,0.0,0.0,0.0,0.0,0.0,0.0,0.0,430500.00000000006,0.0,0.0,0.0
17280.0,20.0,20.0,1,0.0,0.0,0.0,0.0,0.0,0.0,0.0,0.0,0.0,0.0,432000.00000000006,0.0,0.0,0.0
17340.0,20.0,20.0,1,0.0,0.0,0.0,0.0,0.0,0.0,0.0,0.0,0.0,0.0,433500.00000000006,0.0,0.0,0.0
17400.0,20.0,20.0,1,0.0,0.0,0.0,0.0,0.0,0.0,0.0,0.0,0.0,0.0,435000.00000000006,0.0,0.0,0.0
17460.0,20.0,20.0,1,0.0,0.0,0.0,0.0,0.0,0.0,0.0,0.0,0.0,0.0,436500.00000000006,0.0,0.0,0.0
17520.0,20.0,20.0,1,0.0,0.0,0.0,0.0,0.0,0.0,0.0,0.0,0.0,0.0,438000.00000000006,0.0,0.0,0.0
17580.0,20.0,20.0,1,0.0,0.0,0.0,0.0,0.0,0.0,0.0,0.0,0.0,0.0,439500.00000000006,0.0,0.0,0.0
17640.0,20.0,20.0,1,0.0,0.0,0.0,0.0,0.0,0.0,0.0,0.0,0.0,0.0,441000.00000000006,0.0,0.0,0.0
17700.0,20.0,20.0,1,0.0,0.0,0.0,0.0,0.0,0.0,0.0,0.0,0.0,0.0,442500.00000000006,0.0,0.0,0.0
17760.0,20.0,20.0,1,0.0,0.0,0.0,0.0,0.0,0.0,0.0,0.0,0.0,0.0,444000.00000000006,0.0,0.0,0.0
17820.0,20.0,20.0,1,0.0,0.0,0.0,0.0,0.0,0.0,0.0,0.0,0.0,0.0,445500.00000000006,0.0,0.0,0.0
17880.0,20.0,20.0,1,0.0,0.0,0.0,0.0,0.0,0.0,0.0,0.0,0.0,0.0,447000.00000000006,0.0,0.0,0.0
17940.0,20.0,20.0,1,0.0,0.0,0.0,0.0,0.0,0.0,0.0,0.0,0.0,0.0,448500.00000000006,0.0,0.0,0.0
18000.0,20.0,20.0,1,0.0,0.0,0.0,0.0,0.0,0.0,0.0,0.0,0.0,0.0,450000.00000000006,0.0,0.0,0.0
18060.0,20.0,20.0,1,0.0,0.0,0.0,0.0,0.0,0.0,0.0,0.0,0.0,0.0,451500.00000000006,0.0,0.0,0.0
18120.0,20.0,20.0,1,0.0,0.0,0.0,0.0,0.0,0.0,0.0,0.0,0.0,0.0,453000.00000000006,0.0,0.0,0.0
18180.0,20.0,20.0,1,0.0,0.0,0.0,0.0,0.0,0.0,0.0,0.0,0.0,0.0,454500.00000000006,0.0,0.0,0.0
18240.0,20.0,20.0,1,0.0,0.0,0.0,0.0,0.0,0.0,0.0,0.0,0.0,0.0,456000.00000000006,0.0,0.0,0.0
18300.0,20.0,20.0,1,0.0,0.0,0.0,0.0,0.0,0.0,0.0,0.0,0.0,0.0,457500.00000000006,0.0,0.0,0.0
18360.0,20.0,20.0,1,0.0,0.0,0.0,0.0,0.0,0.0,0.0,0.0,0.0,0.0,459000.00000000006,0.0,0.0,0.0
18420.0,20.0,20.0,1,0.0,0.0,0.0,0.0,0.0,0.0,0.0,0.0,0.0,0.0,460500.00000000006,0.0,0.0,0.0
18480.0,20.0,20.0,1,0.0,0.0,0.0,0.0,0.0,0.0,0.0,0.0,0.0,0.0,462000.00000000006,0.0,0.0,0.0
18540.0,20.0,20.0,1,0.0,0.0,0.0,0.0,0.0,0.0,0.0,0.0,0.0,0.0,463500.00000000006,0.0,0.0,0.0
18600.0,20.0,20.0,1,0.0,0.0,0.0,0.0,0.0,0.0,0.0,0.0,0.0,0.0,465000.00000000006,0.0,0.0,0.0
18660.0,20.0,20.0,1,0.0,0.0,0.0,0.0,0.0,0.0,0.0,0.0,0.0,0.0,466500.00000000006,0.0,0.0,0.0
18720.0,20.0,20.0,1,0.0,0.0,0.0,0.0,0.0,0.0,0.0,0.0,0.0,0.0,468000.00000000006,0.0,0.0,0.0
18780.0,20.0,20.0,1,0.0,0.0,0.0,0.0,0.0,0.0,0.0,0.0,0.0,0.0,469500.00000000006,0.0,0.0,0.0
18840.0,20.0,20.0,1,0.0,0.0,0.0,0.0,0.0,0.0,0.0,0.0,0.0,0.0,471000.00000000006,0.0,0.0,0.0
18900.0,20.0,20.0,1,0.0,0.0,0.0,0.0,0.0,0.0,0.0,0.0,0.0,0.0,472500.00000000006,0.0,0.0,0.0
18960.0,20.0,20.0,1,0.0,0.0,0.0,0.0,0.0,0.0,0.0,0.0,0.0,0.0,474000.00000000006,0.0,0.0,0.0
19020.0,20.0,20.0,1,0.0,0.0,0.0,0.0,0.0,0.0,0.0,0.0,0.0,0.0,475500.00000000006,0.0,0.0,0.0
19080.0,20.0,20.0,1,0.0,0.0,0.0,0.0,0.0,0.0,0.0,0.0,0.0,0.0,477000.00000000006,0.0,0.0,0.0
19140.0,20.0,20.0,1,0.0,0.0,0.0,0.0,0.0,0.0,0.0,0.0,0.0,0.0,478500.00000000006,0.0,0.0,0.0
19200.0,20.0,20.0,1,0.0,0.0,0.0,0.0,0.0,0.0,0.0,0.0,0.0,0.0,480000.00000000006,0.0,0.0,0.0
19260.0,20.0,20.0,1,0.0,0.0,0.0,0.0,0.0,0.0,0.0,0.0,0.0,0.0,481500.00000000006,0.0,0.0,0.0
19320.0,20.0,20.0,1,0.0,0.0,0.0,0.0,0.0,0.0,0.0,0.0,0.0,0.0,483000.00000000006,0.0,0.0,0.0
19380.0,20.0,20.0,1,0.0,0.0,0.0,0.0,0.0,0.0,0.0,0.0,0.0,0.0,484500.00000000006,0.0,0.0,0.0
19440.0,20.0,20.0,1,0.0,0.0,0.0,0.0,0.0,0.0,0.0,0.0,0.0,0.0,486000.00000000006,0.0,0.0,0.0
19500.0,20.0,20.0,1,0.0,0.0,0.0,0.0,0.0,0.0,0.0,0.0,0.0,0.0,487500.00000000006,0.0,0.0,0.0
19560.0,20.0,20.0,1,0.0,0.0,0.0,0.0,0.0,0.0,0.0,0.0,0.0,0.0,489000.00000000006,0.0,0.0,0.0
19620.0,20.0,20.0,1,0.0,0.0,0.0,0.0,0.0,0.0,0.0,0.0,0.0,0.0,490500.00000000006,0.0,0.0,0.0
19680.0,20.0,20.0,1,0.0,0.0,0.0,0.0,0.0,0.0,0.0,0.0,0.0,0.0,492000.00000000006,0.0,0.0,0.0
19740.0,20.0,20.0,1,0.0,0.0,0.0,0.0,0.0,0.0,0.0,0.0,0.0,0.0,493500.00000000006,0.0,0.0,0.0
19800.0,20.0,20.0,1,0.0,0.0,0.0,0.0,0.0,0.0,0.0,0.0,0.0,0.0,495000.00000000006,0.0,0.0,0.0
19860.0,20.0,20.0,1,0.0,0.0,0.0,0.0,0.0,0.0,0.0,0.0,0.0,0.0,496500.00000000006,0.0,0.0,0.0
19920.0,20.0,20.0,1,0.0,0.0,0.0,0.0,0.0,0.0,0.0,0.0,0.0,0.0,498000.00000000006,0.0,0.0,0.0
19980.0,20.0,20.0,1,0.0,0.0,0.0,0.0,0.0,0.0,0.0,0.0,0.0,0.0,499500.00000000006,0.0,0.0,0.0
20040.0,20.0,20.0,1,0.0,0.0,0.0,0.0,0.0,0.0,0.0,0.0,0.0,0.0,501000.00000000006,0.0,0.0,0.0
20100.0,20.0,20.0,1,0.0,0.0,0.0,0.0,0.0,0.0,0.0,0.0,0.0,0.0,502500.00000000006,0.0,0.0,0.0
20160.0,20.0,20.0,1,0.0,0.0,0.0,0.0,0.0,0.0,0.0,0.0,0.0,0.0,504000.00000000006,0.0,0.0,0.0
20220.0,20.0,20.0,1,0.0,0.0,0.0,0.0,0.0,0.0,0.0,0.0,0.0,0.0,505500.00000000006,0.0,0.0,0.0
20280.0,20.0,20.0,1,0.0,0.0,0.0,0.0,0.0,0.0,0.0,0.0,0.0,0.0,507000.00000000006,0.0,0.0,0.0
20340.0,20.0,20.0,1,0.0,0.0,0.0,0.0,0.0,0.0,0.0,0.0,0.0,0.0,508500.00000000006,0.0,0.0,0.0
20400.0,20.0,20.0,1,0.0,0.0,0.0,0.0,0.0,0.0,0.0,0.0,0.0,0.0,510000.00000000006,0.0,0.0,0.0
20460.0,20.0,20.0,1,0.0,0.0,0.0,0.0,0.0,0.0,0.0,0.0,0.0,0.0,511500.00000000006,0.0,0.0,0.0
20520.0,20.0,20.0,1,0.0,0.0,0.0,0.0,0.0,0.0,0.0,0.0,0.0,0.0,513000.00000000006,0.0,0.0,0.0
20580.0,20.0,20.0,1,0.0,0.0,0.0,0.0,0.0,0.0,0.0,0.0,0.0,0.0,514500.00000000006,0.0,0.0,0.0
20640.0,20.0,20.0,1,0.0,0.0,0.0,0.0,0.0,0.0,0.0,0.0,0.0,0.0,516000.00000000006,0.0,0.0,0.0
20700.0,20.0,20.0,1,0.0,0.0,0.0,0.0,0.0,0.0,0.0,0.0,0.0,0.0,517500.00000000006,0.0,0.0,0.0
20760.0,20.0,20.0,1,0.0,0.0,0.0,0.0,0.0,0.0,0.0,0.0,0.0,0.0,519000.00000000006,0.0,0.0,0.0
20820.0,20.0,20.0,1,0.0,0.0,0.0,0.0,0.0,0.0,0.0,0.0,0.0,0.0,520500.00000000006,0.0,0.0,0.0
20880.0,20.0,20.0,1,0.0,0.0,0.0,0.0,0.0,0.0,0.0,0.0,0.0,0.0,522000.00000000006,0.0,0.0,0.0
20940.0,20.0,20.0,1,0.0,0.0,0.0,0.0,0.0,0.0,0.0,0.0,0.0,0.0,523500.00000000006,0.0,0.0,0.0
21000.0,20.0,20.0,1,0.0,0.0,0.0,0.0,0.0,0.0,0.0,0.0,0.0,0.0,525000.0000000001,0.0,0.0,0.0
21060.0,20.0,20.0,1,0.0,0.0,0.0,0.0,0.0,0.0,0.0,0.0,0.0,0.0,526500.0000000001,0.0,0.0,0.0
21120.0,20.0,20.0,1,0.0,0.0,0.0,0.0,0.0,0.0,0.0,0.0,0.0,0.0,528000.0000000001,0.0,0.0,0.0
21180.0,20.0,20.0,1,0.0,0.0,0.0,0.0,0.0,0.0,0.0,0.0,0.0,0.0,529500.0000000001,0.0,0.0,0.0
21240.0,20.0,20.0,1,0.0,0.0,0.0,0.0,0.0,0.0,0.0,0.0,0.0,0.0,531000.0000000001,0.0,0.0,0.0
21300.0,20.0,20.0,1,0.0,0.0,0.0,0.0,0.0,0.0,0.0,0.0,0.0,0.0,532500.0000000001,0.0,0.0,0.0
21360.0,20.0,20.0,1,0.0,0.0,0.0,0.0,0.0,0.0,0.0,0.0,0.0,0.0,534000.0000000001,0.0,0.0,0.0
21420.0,20.0,20.0,1,0.0,0.0,0.0,0.0,0.0,0.0,0.0,0.0,0.0,0.0,535500.0000000001,0.0,0.0,0.0
21480.0,20.0,20.0,1,0.0,0.0,0.0,0.0,0.0,0.0,0.0,0.0,0.0,0.0,537000.0000000001,0.0,0.0,0.0
21540.0,20.0,20.0,1,0.0,0.0,0.0,0.0,0.0,0.0,0.0,0.0,0.0,0.0,538500.0000000001,0.0,0.0,0.0
21600.0,20.0,20.0,1,0.0,0.0,0.0,0.0,0.0,0.0,0.0,0.0,0.0,0.0,540000.0000000001,0.0,0.0,0.0
21660.0,20.017417703672344,20.000054547218358,1,3.4906474277972444,10.471942283391733,0.3483540734468704,0.00010909443671636154,2.1773398193297613,418.8783559070097,314.1587669302571,7.290054887117834,0.001682411231420082,45.603156958018815,541500.0000000001,306.86702963259194,45.601474547439125,6.840537025709637e-10
21720.0,20.05898649913356,20.00038331626334,1,6.981228398699122,20.943685196097366,1.1797299826712049,0.0007666325266768581,7.348839131925815,1675.505448787813,1256.6290865908607,51.35497577495183,0.02422766022993651,320.47662381253076,543000.0000000001,1205.2498831543303,320.4523961509267,-1.3487806427292526e-09
21780.0,20.114195990091943,20.001148430484836,1,10.471676457075516,31.415029371226545,2.283919801838863,0.0022968609696718545,14.176163974731244,3769.8573542740123,2827.3930157055097,154.25405399151435,0.11122501103580293,960.1991103348503,544500.0000000001,2673.027736701982,960.0878853228352,-9.772520570550114e-10
21840.0,20.1772154180244,20.002439416658948,1,13.96192514982676,41.88577544948028,3.544308360487989,0.004878833317896181,21.916910571227596,6701.894198924062,5026.420649193046,328.5161145595103,0.3209373846987608,2039.67326426752,546000.0000000001,4697.583597246596,2039.3523268806034,-2.241904439870268e-09
21900.0,20.24480968010395,20.00430552946309,1,17.451908027648834,52.3557240829465,4.8961936020789665,0.008611058926177861,30.159220490363765,10471.560160983028,7853.670120737269,581.3825693709895,0.719718662664705,3600.142349807028,547500.0000000001,7271.567832701571,3599.4226311423463,-2.0436345948837698e-09
21960.0,20.315183403443708,20.00677368095285,1,20.941558646298446,62.82467593889534,6.30366806887416,0.013547361905700939,38.67457920035353,15078.783471444835,11309.087603583623,917.1609134771177,1.3783618668359527,5664.1756384509135,549000.0000000001,10390.548328238612,5662.797276582993,-1.0568328434601426e-09
22020.0,20.387339787501077,20.00985838551625,1,24.43081056785804,73.29243170357412,7.746795750021533,0.019716771032499025,47.33616780889732,20523.476415418845,15392.60731156414,1338.5301344417103,2.3700730198289532,8243.980364606243,550500.0000000001,14051.707104100744,8241.610291584593,-1.8553691916167736e-09
22080.0,20.460724972459424,20.01356727606032,1,27.91959736200086,83.75879208600259,9.21449944918848,0.027134552120642752,56.073575128447466,26805.535333799737,20104.151500349803,1847.2647803081254,3.769346720600246,11346.012133150305,552000.0000000001,18253.11737332003,11342.242786428671,-1.0477378964424133e-09
22140.0,20.535030780727652,20.01790416368665,1,31.407852607254963,94.22355782176489,10.700615614553044,0.03580832737330297,64.84767777694148,33924.840625241115,25443.630468930838,2444.6365740973724,5.651341876743973,14973.532183918678,553500.0000000001,22993.342552955426,14967.880842040642,-1.2987584341317415e-09
22200.0,20.610085303403515,20.02287073481178,1,34.89550989226886,104.68652967680659,12.201706068070308,0.04574146962355741,73.63670690140378,41881.25674843248,31410.94256132436,3131.6371727641363,8.09153486002585,19128.025837507514,555000.0000000001,28271.21385369973,19119.934302646998,-4.656612873077393e-10
22260.0,20.685792211783998,20.028467492517944,1,38.3825028170752,115.1475084512256,13.715844235679953,0.056934985035887564,82.42851979596314,50674.63222467978,38005.97416850981,3909.1017202056955,11.165526541396098,23809.989271544193,556500.0000000001,34085.70692176097,23798.823745001002,-1.7535057850182056e-09
22320.0,20.762097095242762,20.034694278700517,1,41.8687649943551,125.60629498306528,15.241941904855238,0.06938855740103378,91.21631319439751,60304.79964078929,45228.59973059196,4777.777373637989,14.948934679388456,29019.365928312545,558000.0000000001,40435.87342227355,29004.41699363212,-1.0331859812140465e-09
22380.0,20.838968789847602,20.04155056369558,1,45.354230050702014,136.06269015210603,16.77937579695204,0.08310112739115993,99.99624555946355,70771.57565225504,53078.68173919125,5738.361308319979,19.517333652456394,34755.78858315726,559500.0000000001,47320.803097218886,34736.271249504854,7.275957614183426e-11
22440.0,20.916389021905495,20.049035606935643,1,48.83883162788548,146.51649488365643,18.327780438109897,0.09807121387128603,108.76611823721942,82074.76098674927,61556.07074006194,6791.521792827149,24.946220452533105,41018.71361865241,561000.0000000001,54739.60272677998,40993.76739819756,-2.2846506908535957e-09
22500.0,20.99434666355644,20.057148546068504,1,52.32250338411441,156.96751015234324,19.88693327112877,0.1142970921370079,117.52464393298698,94214.14044791646,70660.60533593733,7937.909874072439,31.310995245867197,47807.49550851833,562500.0000000001,62691.38446661588,47776.1845132693,-3.1504896469414234e-09
22560.0,21.072834546536622,20.065888446396755,1,55.80517899530018,167.41553698590053,21.45669093073245,0.13177689279351057,126.27104095753934,107189.48291946996,80392.11218960243,9178.165853849147,38.68695001483521,55121.428137704,564000.0000000001,71175.25938573675,55082.74118768742,-1.7025740817189217e-09
22620.0,21.15184769488386,20.075254328308432,1,59.286792156319294,177.8603764689579,23.03695389767718,0.1505086566168643,135.00480816855853,121000.5413695929,90750.4060271947,10512.92287640447,47.14926168299324,62959.76772753235,565500.0000000001,80190.33388910716,62912.61846584928,-7.275957614183426e-11
22680.0,21.231382344689113,20.085245182500067,1,62.76727658227581,188.30182974682742,24.627646893782256,0.17049036500013415,143.7256001385063,135647.05285564074,101735.28964173055,11942.808913607656,56.772987727811596,71321.74555778623,567000.0000000001,89735.70774039275,71264.97257005607,-2.3137545213103294e-09
22740.0,21.311435400399624,20.095859978428656,1,66.24656600976327,198.7396980292898,26.22870800799248,0.19171995685731247,152.43315791515934,151128.73852914706,113346.55389686032,13468.447861332921,67.63306317423206,80206.57502953308,568500.0000000001,99810.47297235097,80138.94196635661,-2.1973391994833946e-09
22800.0,21.39200413326471,20.107097669007945,1,69.72459419812627,209.1737825943788,27.84008266529419,0.21419533801589097,161.1272706177982,167445.3036411331,125583.97773084982,15090.460142881004,79.80429835511454,89613.45558899824,570000.0000000001,110413.71328961306,89533.65129064242,-6.402842700481415e-10
22860.0,21.47308601409104,20.11895719322169,1,73.20129493072155,219.60388479216465,29.46172028182083,0.2379143864433786,169.80775413701676,184596.43754771884,138447.32816078915,16809.46303899189,93.36137709804538,99541.5749104317,571500.0000000001,121544.50374469787,99448.21353333225,-1.3533281162381172e-09
22920.0,21.554678620495583,20.131437477581596,1,76.67660201617869,230.02980604853607,31.09357240991166,0.26287495516319126,178.474439321414,202581.81371603764,151936.36028702822,18626.07086622799,108.37885514964759,109990.1101133666,573000.0000000001,133201.91056564767,109881.73125821394,-2.9103830456733704e-09
22980.0,21.636779585480294,20.14453743694453,1,80.15044928966054,240.45134786898163,32.735591709605885,0.2890748738890565,187.12716542638503,221401.0897304525,166050.81729783938,20540.895071275325,124.9311587326407,120958.22844435969,574500.0000000001,145384.99106783004,120833.29728562562,-1.367880031466484e-09
23040.0,21.719386568926897,20.158255974974395,1,83.62277061412205,250.86831184236615,34.387731378537936,0.31651194994879006,195.7657764816437,241053.90729907557,180790.43047430663,22554.544278629517,143.0925831775643,132445.08766177372,576000.0000000001,158092.7936124977,132301.99507859425,-1.8335413187742233e-09
23100.0,21.8024972418048,20.172591984407084,1,87.09349988157061,261.2804996447118,36.04994483609602,0.3451839688141689,204.39011927767362,261539.89226058917,196154.91919544185,24667.624312448334,162.9372915969599,144449.8362559216,577500.0000000001,171324.35759139463,144286.8989643226,-1.9208528101444244e-09
23160.0,21.886109277430727,20.1875443472062,1,90.56257101432386,271.6877130429716,37.72218554861453,0.37508869441239767,213.0000422501558,282858.6545913696,212143.99094352717,26880.738204098016,184.53931358414968,156971.6135779683,579000.0000000001,185078.7134258431,156787.07426438222,-1.8917489796876907e-09
23220.0,21.970220346639785,20.203111934658338,1,94.02991796626799,282.08975389880396,39.404406932795695,0.4062238693166762,221.5953948624734,305009.78841291234,228757.3413096842,29194.48619178716,207.97254392671655,170009.54991830027,580500.0000000001,199354.88257396742,169801.57737437065,-2.9103830456733704e-09
23280.0,22.05482811512614,20.219293607434942,1,97.495474724115,292.486424172345,41.09656230252277,0.4385872148698837,230.17602726447603,327992.8719995596,245994.65399966962,31609.465715834907,233.31074132922063,183562.76655694263,582000.0000000001,214151.87754250347,183329.4558156114,-2.0372681319713593e-09
23340.0,22.139930241987244,20.23608821563565,1,100.95917530865965,302.87752592597894,42.79860483974488,0.4721764312713006,238.74179010448984,351807.46778652904,263855.60083989677,34126.271411540416,260.62752714211524,197630.37579854773,583500.0000000001,229468.70190121233,197369.74827140366,-1.8917489796876907e-09
23400.0,22.225524378935663,20.25349459882154,1,104.42095377603553,313.2628613281066,44.51048757871327,0.5069891976430796,247.29253442631108,376453.122378245,282339.84178368375,36745.49510074522,289.9963840951975,212211.48099890357,585000.0000000001,245304.3502988422,211921.48461480727,-1.1059455573558807e-09
23460.0,22.31160816988127,20.271511586042795,1,107.88074421897049,323.64223265691146,46.23216339762543,0.54302317208559,255.82811161334493,401929.36655696965,301447.0249177272,39467.72578269363,321.49065503468,227305.17658681452,586500.0000000001,261657.8084799957,226983.68593177662,-3.2014213502407074e-09
23520.0,22.398179250719007,20.29013799586343,1,111.3384807680415,334.0154423041245,47.96358501438014,0.5802759917268574,264.34837335888955,428235.7152917372,321176.7864688028,42293.549624527164,355.18354166339185,242910.54808349052,588000.0000000001,278528.0533026115,242555.3645418264,-6.984919309616089e-10
23580.0,22.485235249230637,20.30937263638439,1,114.79409759292857,344.3822927787857,49.704704984612746,0.618745272768777,272.8531716509196,455371.6677475871,341528.7508106902,45223.54995159932,391.1481032838325,259026.67212063138,589500.0000000001,295914.05275580834,258635.5240173488,1.280568540096283e-09
23640.0,22.57277378504988,20.329214305265932,1,118.24752890366814,354.74258671100444,51.45547570099758,0.658428610531864,281.3423587649069,483336.70729510003,362502.53047132486,48258.30723771429,429.45725554395545,275652.61645786255,591000.0000000001,313814.76597806736,275223.15920231916,7.566995918750763e-10
23700.0,22.660792469662734,20.349661789749643,1,121.69870895190559,365.09612685571676,53.215849393254686,0.6993235794992856,289.81578726110166,512130.3015202334,384097.72614017484,51398.39909534681,470.1837691856029,292787.4399998871,592500.0000000001,332229.1432756424,292317.2562307014,0.0
23760.0,22.749288906427388,20.370713866680337,1,125.14757203214691,375.44271609644073,54.985778128547764,0.7414277333606734,298.2733099842802,541751.9022344574,406313.9266758429,54644.40026587554,513.400268795581,310430.19281355664,594000.0000000001,351156.12614117225,309916.79254476144,5.238689482212067e-10
23820.0,22.838260690605114,20.392369302528003,1,128.5940524830096,385.7821574490288,56.76521381210229,0.7847386050560061,306.71478006486973,572200.9454851926,429150.70911389426,57996.88260984731,559.1792315593647,328579.91614497046,595500.0000000001,370594.6472724873,328020.73691341054,-2.9103830456733704e-10
23880.0,22.927705409397227,20.414626853409867,1,132.0380846884728,396.1142540654184,58.554108187944536,0.8292537068197348,315.1400509208149,603476.8515665457,452607.63867490913,61456.4150972826,607.5929860174409,347235.64243666833,597000.0000000001,390543.63059160754,346628.0494506491,-1.5133991837501526e-09
23940.0,23.017620641985555,20.43748526511259,1,135.47960307912587,406.4388092373776,60.35241283971111,0.8749705302251769,323.54897625987,635579.025030347,476684.2687727601,65023.56379802765,658.7137108243068,366396.3953449493,598500.0000000001,411001.9912639073,365737.68163412396,-8.731149137020111e-10
24000.0,23.108003959574937,20.460943273114623,1,138.91854213341753,416.7556264002526,62.16007919149874,0.9218865462292456,331.94141008212335,668506.8546974864,501380.14102311444,68698.89187215635,712.6134335101439,386061.1897573343,600000.0000000001,431968.6357174487,385348.57632382464,7.566995918750763e-10
24060.0,23.198852925436807,20.48499960260878,1,142.35483637890266,427.064509136708,63.977058508736135,0.9699992052175617,340.31720668263443,702259.7136695486,526694.7852521612,72482.95956042397,769.3640292451814,406229.0318101853,601500.0000000001,453442.4616624929,405459.66778094077,8.149072527885437e-10
24120.0,23.29016509495358,20.509652968524975,1,145.78842039348837,437.3652611804651,65.80330189907158,1.0193059370499498,348.67622065414696,736836.9593407499,552627.7195055621,76376.32417477359,829.0372196067821,426898.9189064851,603000.0000000001,475422.3581111827,426069.881686879,9.89530235528946e-10
24180.0,23.38193801566347,20.534902075553145,1,149.21922880667952,447.65768642003854,67.63876031326937,1.0698041511062897,357.0183068898346,772237.9334101705,579178.4500576275,80379.54008889619,891.7045713492731,448069.8397337796,604500.0000000001,497907.2053973811,447178.13516242907,-9.89530235528946e-10
24240.0,23.474169227305598,20.5607456181664,1,152.64719630082303,457.9415889024691,69.48338454611196,1.1214912363328011,365.34332058605537,808461.9618942878,606346.4714207157,84493.15872884463,957.4374951765293,469740.77428228734,606000.0000000001,520895.87519669486,468783.3367871109,2.9103830456733704e-10
24300.0,23.566856261865418,20.587182280644324,1,156.07225761235068,468.2167728370521,71.33712523730836,1.1743645612886482,373.65111724512514,845508.3551398086,634131.2663548562,88717.72856370195,1026.307244517352,491910.69386317325,607500.0000000001,544387.2305466362,490884.38661865494,-6.984919309616089e-10
24360.0,23.65999664362029,20.614210737096514,1,159.49434753302123,478.48304259906365,73.19993287240578,1.228421474193027,381.94155267808145,883376.4078367966,662532.3058775973,93053.79509630437,1098.3849143036612,514578.56112698873,609000.0000000001,568380.1258669896,513480.1762126853,3.4924596548080444e-10
24420.0,23.753587889185262,20.641829651486276,1,162.91340091116098,488.74020273348293,75.07175778370524,1.283659302972552,390.2144830074528,922065.3990321019,691549.0492740761,97501.90085401888,1173.7414397515104,537743.3300822786,610500.0000000001,592873.4069803057,536569.5886425268,-1.1641532182693481e-10
24480.0,23.84762750755897,20.670037677654552,1,166.32935265290322,498.98805795870965,76.95255015117937,1.3400753553091036,398.46976467001383,961574.5921430845,721180.9441073132,102062.58537957614,1252.447595144969,561403.9461143527,612000.0000000001,617865.9111325898,560151.4985192053,-2.3283064365386963e-09
24540.0,23.94211300016971,20.69883345934402,1,169.74213772342614,509.2264131702784,78.84226000339417,1.3976669186880386,406.7072544195414,1001903.234971637,751427.4262287276,106736.3852219583,1334.5739926228798,585559.3460042239,613500.0000000001,643356.4670141457,584224.7720116001,-6.984919309616089e-10
24600.0,24.037041860921683,20.728215630223374,1,173.15169114818937,519.4550734445681,80.74083721843365,1.4564312604467489,414.92680932956785,1043050.5597185042,782287.9197888778,111523.83392734244,1420.1910809685246,610208.4579477105,615000.0000000001,669343.8947805662,608788.266866741,-6.984919309616089e-10
24660.0,24.132411576241356,20.75818281391184,1,176.55794801416877,529.6738440425063,82.64823152482712,1.5163656278236815,423.12828679612124,1085015.7829978978,813761.8372484231,116425.46203009934,1509.369144402216,635350.2015747038,616500.0000000001,695827.0060739191,633840.8324302988,-2.444721758365631e-09
24720.0,24.22821962512392,20.788733624003854,1,179.9608434710895,539.8825304132686,84.5643925024784,1.5774672480077072,431.3115445404563,1127798.1058524097,845848.5793893071,121441.79704384819,1602.178301376836,660983.4879686005,618000.0000000001,722804.6040440805,659381.3096672216,-1.5133991837501526e-09
24780.0,24.32446347918,20.819866664093922,1,183.3603127326573,550.0809381979718,86.4892695836,1.6397333281878446,439.47644061179415,1171396.7137682186,878547.5353261638,126573.36345256693,1698.6885033763572,687107.2196858971,619500.0000000001,750275.483370219,685408.531182519,-1.5133991837501526e-09
24840.0,24.421140602682343,20.851580527801715,1,186.75629107778653,560.2688732333596,88.42281205364685,1.703161055603431,447.6228333900306,1215810.7766905932,911858.0825179444,131820.68270175892,1798.9695337173475,713720.2907759508,621000.0000000001,778238.4302824693,711921.3212422341,1.1641532182693481e-09
24900.0,24.518248452612735,20.883873798797307,1,190.14871385182778,570.4461415554833,90.3649690522547,1.7677475975946138,455.7505815884546,1261039.4490396888,945779.5867797663,137184.27318967547,1903.091006353509,740821.5868009002,622500.0000000001,806692.2225837396,738918.4957945485,2.3283064365386963e-09
24960.0,24.615784478708985,20.916745050826638,1,193.53751646779048,580.6125494033714,92.3156895741797,1.8334901016532754,463.8595442564463,1307081.8697266406,980311.4022949799,142664.65025859492,2011.1223646832448,768409.9848557507,624000.0000000001,835635.6296717039,766398.8624910691,2.0954757928848267e-09
25020.0,24.713746123512028,20.950192847737156,1,196.92263440756338,590.7679032226902,94.27492247024055,1.9003856954743128,471.9495807821688,1353937.1621699461,1015452.8716274592,148262.32618615826,2123.132880360308,796484.353588621,625500.0000000001,865067.4125609432,794361.2207082628,2.561137080192566e-09
25080.0,24.812130822413184,20.98421574350364,1,200.30400322313088,600.9120096693927,96.24261644826369,1.9684314870072797,480.02055089525686,1401604.4343121443,1051203.3257341078,153977.81017676098,2239.1916521075254,825043.5532211496,627000.0000000001,894986.3239052406,822804.3615690429,1.3969838619232178e-09
25140.0,24.91093600370138,21.018812282254224,1,203.68155853778455,611.0446756133537,98.2187200740276,2.037624564508448,488.0723146694733,1450082.7786367824,1087562.0839775864,159811.60835300208,2359.3676045336365,854086.4355690641,628500.0000000001,925391.108020052,851727.0679645312,1.3969838619232178e-09
25200.0,25.010159088610596,21.0539809982966,1,207.05523604733023,621.1657081419906,100.20318177221192,2.107961996593197,496.10473252537525,1499371.2721856756,1124528.4541392562,165764.2237471895,2483.7294869532675,883611.8440629084,630000.0000000001,956280.5009051152,881128.1145759562,1.7462298274040222e-09
25260.0,25.109797491367228,21.089720416144402,1,210.42497152128723,631.2749145638617,102.19594982734456,2.1794408322888046,504.11766523294233,1549468.9765764538,1162101.7324323398,171836.15629290268,2612.3458722100568,913618.6137689294,631500.0000000001,987653.2302672288,911006.2678967203,1.7462298274040222e-09
25320.0,25.209848619237654,21.126029050543803,1,213.7907008040811,641.3721024122433,104.19697238475308,2.2520581010876057,512.1109739142089,1600374.938020397,1200281.2035152973,178027.902816612,2745.2851555029706,944105.5714101212,633000.0000000001,1019508.015543184,941360.2862546192,1.7462298274040222e-09
25380.0,25.310309872575644,21.162905406500254,1,217.15235981622675,651.4570794486802,106.20619745151288,2.3258108130005084,520.0845200458539,1652088.1873405548,1239066.1405054154,184339.95702935517,2882.615553215799,975071.5353874264,634500.0000000001,1051843.567922847,972188.9198342125,2.7939677238464355e-09
25440.0,25.411178644869846,21.200347979305437,1,220.50988455549955,661.5296536664987,108.22357289739692,2.400695958610875,528.0381654617768,1704607.739990147,1278455.8049926097,190772.80951847055,3024.405101749891,1006515.3158010922,636000.0000000001,1084658.5903723934,1003490.9106993458,3.958120942115784e-09
25500.0,25.512452322791226,21.238355254564382,1,223.86321109809413,671.5896332942824,110.24904645582453,2.4767105091287647,535.9717723556462,1757932.596071248,1318449.4470534355,197326.94773938757,3170.721656360128,1038435.7144721801,637500.0000000001,1117951.777657692,1035264.9928158236,4.423782229423523e-09
25560.0,25.614128286240376,21.276925708222773,1,227.21227559976495,681.6368267992948,112.28256572480753,2.5538514164455464,543.8852032834073,1812061.740353743,1359046.305265307,204002.85600747392,3321.6328899941577,1070831.5249642278,639000.0000000001,1151721.816367844,1067509.8920742383,5.122274160385132e-09
25620.0,25.716203908394643,21.31605780659441,1,230.55701429694778,691.6710428908434,114.32407816789286,2.632115613188823,551.778321165749,1866994.142294558,1400245.606720918,210801.01548993928,3477.206292134922,1103701.5326050597,640500.0000000001,1185967.3849388477,1100224.326312928,3.958120942115784e-09
25680.0,25.818676555755093,21.35575000638888,1,233.89736350785589,701.6920905235677,116.37353111510187,2.711500012777762,559.6509892905231,1922728.756057155,1442046.567042866,217721.90419779572,3637.5091676464913,1137044.5145087442,642000.0000000001,1220687.153677431,1133407.0053411045,7.2177499532699585e-09
25740.0,25.921543588193092,21.39600075473933,1,237.23325963354452,711.6997789006335,118.43087176386184,2.792001509478659,567.5030713151018,1979264.5205312876,1484448.3903984653,224765.99697787414,3802.6086356232177,1170859.2395976954,643500.0000000001,1255879.784784976,1167056.6309620796,7.916241884231567e-09
25800.0,26.02480235899648,21.436808489230472,1,240.56463915894125,721.6939174768238,120.49604717992963,2.8736169784609444,575.3344312686576,2036600.3593530068,1527450.2695147549,231933.76550489635,3972.571628242247,1205144.4686249117,645000.0000000001,1291543.932381622,1201171.8969966748,5.820766091346741e-09
25860.0,26.12845021491523,21.478171637926717,1,243.89143865382766,731.674315961483,122.56900429830459,2.9563432758534347,583.1449335543593,2094735.1809249097,1571051.3856936821,239225.67827360236,4147.464889619387,1239898.9541963518,646500.0000000001,1327678.2425304642,1235751.4893067358,3.958120942115784e-09
25920.0,26.232484496206332,21.520088619400447,1,247.21359477376788,741.6407843213036,124.64968992412665,3.0401772388008936,590.934442951458,2153667.878436617,1615250.9088274627,246642.20059093187,4327.354974668371,1275121.4407934363,648000.0000000001,1364281.3532618685,1270794.0858187736,6.05359673500061e-09
25980.0,26.336902536677822,21.562557842760423,1,250.53104426096775,751.5931327829032,126.73805073355645,3.1251156855208464,598.7028246172418,2213397.3298854656,1660047.9974140993,254183.7945682592,4512.308247963518,1310810.6647956732,649500.0000000001,1401351.894597881,1306298.3565477137,4.423782229423523e-09
26040.0,26.44170166373163,21.605577707680375,1,253.84372394505266,761.5311718351579,128.83403327463265,3.21115541536075,606.4499440888276,2273922.398097397,1705441.798573048,261850.91911368055,4702.390882605808,1346965.3545033936,651000.0000000001,1438888.488576768,1342262.9636207935,6.28642737865448e-09
26100.0,26.54687919840502,21.64914660442764,1,257.15157074374446,771.4547122312333,130.9375839681004,3.298293208855277,614.1756672847634,2335241.9307480226,1751431.4480610173,269644.02992435143,4897.668859092399,1383584.230160591,652500.0000000001,1476889.7492775812,1378686.561301506,7.683411240577698e-09
26160.0,26.652432455410235,21.693262913891946,1,260.45452166341556,781.3635649902467,133.0486491082047,3.386525827783892,621.8798605063934,2397354.7603838346,1798016.0702878763,277563.57947887335,5098.207964189582,1420666.00397785,654000.0000000001,1515354.2828448203,1415567.7960136668,6.984919309616089e-09
26220.0,26.75835874317196,21.737925007614287,1,263.7525137994949,791.2575413984848,135.16717486343921,3.4758500152285734,629.5623904389323,2460259.7044435362,1845194.7783326523,285610.01702972624,5304.073789809207,1458209.3801553473,655500.0000000001,1554280.6875131233,1452905.3063655437,6.28642737865448e-09
26280.0,26.864655363862074,21.78313124781582,1,267.04548433669373,801.1364530100811,137.29310727724146,3.5662624956316407,637.2231241522002,2523955.5652794437,1892966.6739595828,293783.7885957447,5515.331731888559,1496213.0549059075,657000.0000000001,1593667.553631957,1490697.7231740258,7.2177499532699585e-09
26340.0,26.97131961343104,21.828879987426824,1,270.33337054901153,811.0001116470346,139.42639226862076,3.657759974853647,644.8619291009285,2588441.1301789214,1941330.8476341912,302085.3369546337,5732.046989273723,1534675.7164780921,658500.0000000001,1633513.46369029,1528943.6694888244,6.28642737865448e-09
26400.0,27.078348781635313,21.875169570115656,1,273.6161097994797,820.8483293984391,141.56697563270626,3.7503391402313113,652.478673124565,2653715.1713857856,1990286.378539339,310515.10163552,5954.284562606414,1573596.0451792898,660000.0000000001,1673816.9923412178,1567641.760616688,5.3551048040390015e-09
26460.0,27.185740152059697,21.921998330317667,1,276.89363953958434,830.680918618753,143.71480304119393,3.8439966606353337,660.0732244464506,2719776.4461216093,2039832.3345912069,319073.51891153306,6182.109253214274,1612972.7133987786,661500.0000000001,1714576.706426465,1606790.6041455695,5.3551048040390015e-09
26520.0,27.293491002133774,21.969364593264018,1,280.16589730830486,840.4976919249145,145.86982004267549,3.938729186528036,667.6454516722673,2786623.6966068456,2089967.772455134,327761.02179240965,6415.585662004653,1652804.385630718,663000.0000000001,1755791.1650007255,1646388.799968719,5.820766091346741e-09
26580.0,27.401598603141007,22.01726667501036,1,283.43282073068974,850.2984621920692,148.03197206282016,4.034533350020723,675.1952237875829,2854255.6500816643,2140691.737561248,336578.0400171139,6654.778188361824,1693089.7184970193,664500.0000000001,1797458.9193557776,1686434.9403086624,5.587935447692871e-09
26640.0,27.510060220219053,22.06570288246531,1,286.6943475158744,860.0830425476233,150.20120440438106,4.131405764930619,682.7224101543194,2922671.018826383,2192003.2641197867,345525.00004646316,6899.751029047633,1733827.3607700386,666000.0000000001,1839578.5130442847,1726927.6097409988,8.847564458847046e-09
26700.0,27.618873112349352,22.114671513418568,1,289.9504154544346,869.8512463633039,152.37746224698702,4.229343026837135,690.2268805059202,2991868.500181346,2243901.3751360085,354602.32505574764,7150.568177105543,1775015.9533950216,667500.0000000001,1882148.4819031628,1767865.3852179225,7.683411240577698e-09
26760.0,27.72803453233408,22.164170856568717,1,293.20096241493735,879.6028872448121,154.56069064668162,4.3283417131374335,697.7085049409767,3061846.776566071,2296385.0824245517,363810.4349273311,7407.293420768041,1816654.1295122106,669000.0000000001,1925167.3540764584,1809246.8360914472,5.820766091346741e-09
26820.0,27.837541726757678,22.214199191550428,1,296.4459263395396,889.3377790186188,156.75083453515356,4.4283983831008555,705.1671539149892,3132604.5154974624,2349453.3866230953,373149.74624321354,7669.99034236734,1858740.5144785177,670500.0000000001,1968633.650037523,1851070.5241361577,8.614733815193176e-09
26880.0,27.947391935929883,22.264754788960996,1,299.6852452384467,899.0557357153402,158.94783871859767,4.529509577921992,712.6026982298984,3204140.3696068306,2403105.2772051217,382620.6722775386,7938.722317249308,1901273.725888636,672000.0000000001,2012545.882610341,1893335.0035713927,7.2177499532699585e-09
26940.0,28.05758239380695,22.31583591038608,1,302.91885718301523,908.7565715490457,161.151647876139,4.631671820772162,720.0150090209769,3276452.9766554283,2457339.73249157,392223.62298901833,8213.552512690538,1944252.3735954487,673500.0000000001,2056902.5569898682,1936038.8210827638,6.984919309616089e-09
27000.0,28.16811032788649,22.367440808424334,1,306.14670029724454,918.4401008917337,163.36220655772985,4.734881616848668,727.4039577405546,3349540.9595481376,2512155.719661102,401959.0050132491,8494.54388681844,1987675.0597295566,675000.0000000001,2101702.1707610404,1979180.5158427432,6.05359673500061e-09
27060.0,28.278972959071126,22.41956772671076,1,309.36871274735563,928.1061382420669,165.57945918142252,4.83913545342152,734.7694161379899,3423402.9263448967,2567552.1947586713,411827.2216548831,8781.759187534219,2031540.3787177221,676500.0000000001,2146943.213916262,2022758.6195301951,7.916241884231567e-09
27120.0,28.39016750149504,22.472214899938457,1,312.58483272910854,937.7544981873257,167.8033500299008,4.9444297998769144,742.1112562351954,3498037.4702693606,2623528.1027020193,421828.67287961376,9075.260951438562,2075846.9172999808,678000.0000000001,2192624.1688709757,2066771.6563485502,8.847564458847046e-09
27180.0,28.501691162306418,22.525380553878442,1,315.7949984524435,947.3849953573306,170.03382324612835,5.050761107756884,749.4293502968682,3573443.169714206,2680082.377285653,431963.75530592806,9375.111502759806,2120593.2545451294,679500.0000000001,2238743.510476974,2111218.1430423777,8.847564458847046e-09
27240.0,28.61354114139787,22.579062905397095,1,318.9991481229696,956.9974443689088,172.27082282795743,5.158125810794189,756.7235707944973,3649618.5882423786,2737213.941181782,442232.8621965675,9681.372952284379,2165777.9618642475,681000.0000000001,2285299.7060329393,2156096.588911971,8.847564458847046e-09
27300.0,28.725714631075235,22.63326016247077,1,322.1972199197397,966.5916597592192,174.5142926215047,5.266520324941538,763.9937903629999,3726562.274583471,2794921.7059376016,452636.38344962907,9994.10719628914,2211399.6030218448,682500.0000000001,2332291.2152916915,2201405.495825563,7.916241884231567e-09
27360.0,28.838208815653907,22.68797052419699,1,325.3891519686636,976.1674559059909,176.76417631307814,5.375941048393983,771.2398817486971,3804272.7626242507,2853204.571968186,463174.7055892268,10313.375915475286,2257456.7341441517,684000.0000000001,2379716.4904634934,2247143.358228685,9.313225746154785e-09
27420.0,28.951020870969753,22.74319218080155,1,328.57488231080697,985.7246469324209,179.02041741939507,5.4863843616031005,778.4617177470926,3882748.571392212,2912061.4285441567,473848.2117556194,10639.240573903367,2303947.9037239924,685500.0000000001,2427573.976214642,2293308.663150096,8.381903171539307e-09
27480.0,29.06414796378988,22.798923313640735,1,331.75434886470623,995.2630465941187,181.28295927579757,5.59784662728147,785.6591711287025,3961988.2050308217,2971491.1537731146,484657.2816946915,10971.762417928863,2350871.6526215756,687000.0000000001,2475862.1096605025,2339899.8902036543,8.381903171539307e-09
27540.0,29.17758725110589,22.855162095197723,1,334.9274893816919,1004.7824681450757,183.5517450221178,5.710324190395447,792.8321145508842,4041990.1527649015,3031492.6145736743,495602.2917466603,11311.002475137691,2398226.5140604265,688500.0000000001,2524579.320351885,2386915.5115852966,8.847564458847046e-09
27600.0,29.291335879289925,22.9119066890721,1,338.0942413930685,1014.2827241792055,185.8267175857985,5.823813378144202,799.980420453315,4122752.8888543346,3092064.6666407487,506683.6148338531,11657.021553280874,2446011.0136175477,690000.0000000001,2573724.030253625,2434353.9920642762,1.0244548320770264e-08
27660.0,29.40539098309038,22.969155249961194,1,341.2545421478167,1023.7636264434502,188.10781966180764,5.9383104999223875,807.1039609344001,4204274.872533988,3153206.1544004893,517901.6204473788,12009.880239207483,2494223.6692067557,691500.0000000001,2623294.653713914,2482213.788967558,1.0710209608078003e-08
27720.0,29.519749684440953,23.026905923631777,1,344.4083285392971,1033.2249856178912,190.39499368881906,6.053811847263553,814.2026076054707,4286554.547937398,3214915.9109530468,529256.6746324849,12369.63889779477,2542862.991053948,693000.0000000001,2673289.5974227795,2530493.352156165,1.257285475730896e-08
27780.0,29.634409091052827,23.085156846880395,1,347.55553701921167,1042.666611057635,192.68818182105656,6.170313693760789,821.276231419223,4369590.344001367,3277192.758001023,540749.1399723587,12736.35767087425,2591927.481662873,694500.0000000001,2723707.2603578023,2579191.12399201,1.257285475730896e-08
27840.0,29.749366294755088,23.14390614748036,1,350.69610349683694,1052.0883104905108,194.98732589510178,6.287812294960723,828.3247024682506,4453380.67434819,3340035.505761141,552379.375570091,13110.09647615223,2641415.6357697253,696000.0000000001,2774546.033714908,2628305.539293582,1.0244548320770264e-08
27900.0,29.86461836954387,23.203151944113078,1,353.8299632212634,1061.4898896637903,197.2923673908774,6.406303888226155,835.3478897490212,4537923.937141712,3403442.9528562822,564147.737028479,13490.915006123072,2691325.9402846466,697500.0000000001,2825804.300821691,2677835.025278533,1.0710209608078003e-08
27960.0,29.980162369294995,23.262892346281014,1,356.9570506440755,1070.8711519322264,199.6032473858999,6.525784692562027,842.3456608859532,4623218.514912812,3467413.8861846076,576054.5764272903,13878.872726973146,2741656.874217894,699000.0000000001,2877480.437030352,2727778.0014909273,7.916241884231567e-09
28020.0,30.095995325088616,23.323125454199328,1,360.07729925956045,1080.2318977786813,201.91990650177232,6.646250908398656,849.3178818095166,4709262.77434932,3531947.080761988,588100.2422975547,14274.02887747308,2792406.908588106,700500.0000000001,2929572.809586968,2778132.8797106384,7.450580596923828e-09
28080.0,30.212114242087633,23.38384935866251,1,363.1906414191614,1089.5719242574842,204.24228484175268,6.767698717325018,856.2644163815105,4796055.06604454,3597041.299533404,600285.0795923843,14676.442467855546,2843574.5063097067,702000.0000000001,2982079.777473172,2828898.0638418575,8.381903171539307e-09
28140.0,30.328516095903804,23.445062140882033,1,366.29700811647035,1098.891024349411,206.5703219180761,6.890124281764066,863.18512595973,4883593.724197805,3662695.2931483523,612609.4296537472,15086.172278675358,2895158.12205605,703500.0000000001,3034999.6912159366,2880071.9497773796,6.984919309616089e-09
28200.0,30.445197828377072,23.50676187229039,1,369.3963287386016,1108.1889862158048,208.90395656754146,7.01352374458078,870.0798688932698,4971877.066259467,3728907.799694599,625073.6301745367,15503.276859648122,2947156.202094408,705000.0000000001,3088330.8926604223,2931652.925234766,7.916241884231567e-09
28260.0,30.56215634268423,23.568946614306096,1,372.48853077927765,1117.465592337833,211.2431268536846,7.137893228612192,876.9484999386178,5060903.392511732,3795677.5443837973,637678.0151551814,15927.814528463052,2999567.1840883545,706500.0000000001,3142071.7147001596,2983639.369559896,6.51925802230835e-09
28320.0,30.679388497682616,23.631614418053715,1,375.57353950841855,1126.7206185252558,213.58776995365233,7.26322883610743,883.7908695854642,5150670.985575523,3863003.2391816406,650422.9148539379,16359.843369565007,3052389.496862465,708000.0000000001,3196220.480958145,3036029.6534929057,7.450580596923828e-09
28380.0,30.79689110138345,23.694763324031882,1,378.6512775924205,1135.9538327772616,215.93782202766903,7.3895266480637645,890.6068232798867,5241178.109832247,3930883.582374183,663308.6557298834,16799.421232899836,3105621.56012355,709500.0000000001,3250775.505411405,3088822.1388906534,5.122274160385132e-09
28440.0,30.9146609034368,23.758391361721586,1,381.7216646586649,1145.1649939759948,218.293218068736,7.516782723443171,897.3962005310879,5332423.010747875,3999317.258060904,676335.5603774969,17246.605732616405,3159261.784131857,711000.0000000001,3305735.091950798,3142015.1783992457,6.984919309616089e-09
28500.0,31.0326945864969,23.822496549125717,1,384.78461679710324,1154.3538503913096,220.65389172993798,7.644993098251433,904.1588338863461,5424403.914085107,4068302.935563828,689503.9474515639,17701.454245717592,3213308.569314813,712500.0000000001,3361097.5338665526,3195607.1150690992,6.51925802230835e-09
28560.0,31.150988756322036,23.887076892229935,1,387.8400459910044,1163.520137973013,223.01977512644072,7.77415378445987,910.8945477571494,5517119.024987574,4137839.2687406787,702814.1315809758,18164.023910651413,3267760.3058148744,714000.0000000001,3416861.113249056,3249596.2819042257,4.6566128730773926e-09
28620.0,31.269539930447444,23.952130384373444,1,390.88785946815926,1172.663578404478,225.39079860894887,7.904260768746887,917.6031570776795,5610566.526918066,4207924.895188548,716266.4232698095,18634.371625832155,3322615.3729620287,715500.0000000001,3473024.1002929104,3303981.0013361988,4.190951585769653e-09
28680.0,31.388344525252705,24.017655005516954,1,393.9279589629748,1181.7838768889244,227.7668905050541,8.035310011033907,924.2844657748632,5704744.58043055,4278558.435322911,729861.1287838703,19112.55404807998,3377872.138660252,717000.0000000001,3529584.752490964,3358759.584612173,3.725290298461914e-09
28740.0,31.50739884122748,24.08364872139353,1,396.9602398789954,1190.8807196369862,230.14797682454963,8.16729744278706,930.9382650271774,5799651.321753362,4349738.49131502,743598.5500206555,19598.627590965792,3433528.958675955,718500.0000000001,3586541.313703403,3413930.331084991,4.190951585769653e-09
28800.0,31.62669904621994,24.150109482526265,1,399.98459034043555,1199.9537710213067,232.5339809243988,8.30021896505253,937.5643312871869,5895284.861158327,4421463.645868744,757478.9843604482,20092.648423046427,3489584.1758149993,720000.0000000001,3643892.0130852563,3469491.527391957,6.984919309616089e-09
28860.0,31.74624115643229,24.217035223094896,1,403.00089012032424,1209.0026703609728,234.9248231286458,8.434070446189793,944.1624240405092,5991643.281087693,4493732.460815768,771502.7244959828,20594.67246597302,3546036.1189733027,721500.0000000001,3701635.0638538175,3525441.4465073333,5.587935447692871e-09
28920.0,31.866021014906487,24.284423859631445,1,406.0090094318294,1218.0270282954882,237.32042029812973,8.568847719262891,950.7322832714901,6088724.634007679,4566543.475505758,785670.0582378254,21104.7553924534,3602883.102044337,723000.0000000001,3759768.661875486,3581778.3466518885,6.984919309616089e-09
28980.0,31.986034267220877,24.35227328952264,1,409.00880756828656,1227.0264227048597,239.72068534441752,8.704546579045278,957.2736266033589,6186526.939954099,4639895.204965573,799981.2682922942,21622.95262404652,3660123.422664968,724500.0000000001,3818290.984049239,3638500.4700409262,7.450580596923828e-09
29040.0,32.106276334096044,24.42058138929464,1,412.00013137636813,1236.0003941291043,242.1255266819209,8.841162778589279,963.7861460780961,6285048.183731874,4713786.137798904,814436.6320083902,22149.31932876444,3717755.360779076,726000.0000000001,3877200.1864617593,3695606.0414503184,9.313225746154785e-09
29100.0,32.22674238058384,24.489346012652852,1,414.9828135457666,1244.9484406372999,244.53484761167687,8.978692025305705,970.2695045385462,6384286.311726441,4788214.733794829,829036.4210898407,22683.91041845403,3775777.176996233,727500.0000000001,3936494.402286542,3753093.2665777844,7.916241884231567e-09
29160.0,32.34742728149025,24.558564988246953,1,417.956670697669,1253.870012093007,246.94854562980495,9.117129976493906,976.7233315727091,6484239.2282809,4863179.421210674,843780.9012679454,23226.780545927293,3834187.1107203765,729000.0000000001,3996171.739396807,3810960.330174453,5.587935447692871e-09
29220.0,32.468325582657826,24.62823611712816,1,420.92150125326503,1262.7645037597952,249.36651165315652,9.256472234256321,983.1472189774199,6584904.791588391,4938678.593691291,858670.3319304846,23777.984101805356,3892983.378020942,730500.0000000001,4056230.2776590097,3869205.3939191424,8.381903171539307e-09
29280.0,32.58943145771008,24.698357169862728,1,423.8770830624929,1271.6312491874787,251.78862915420154,9.396714339725456,989.5407156960575,6686280.809044543,5014710.606783405,873704.9657014833,24337.57521103711,3952164.169216273,732000.0000000001,4116668.065870892,3927826.5940052406,6.984919309616089e-09
29340.0,32.710738659835386,24.76892588326229,1,426.82317077229476,1280.4695123168842,254.2147731967077,9.537851766524582,995.9033221822659,6788365.031999982,5091273.773999984,888885.0479661375,24905.607729048857,4011727.6461363183,733500.0000000001,4177483.1183048063,3986822.0384072755,8.381903171539307e-09
29400.0,32.832240468166574,24.839939956688053,1,429.75949291275793,1289.2784787382739,256.6448093633315,9.679879913376105,1002.2344841394066,6891155.14984782,5168366.362385863,904210.8163346827,25482.135237476505,4071671.9390286836,735000.0000000001,4238673.410813711,4046189.803791212,6.51925802230835e-09
29460.0,32.95392962828938,24.911397047882282,1,432.68574867877993,1298.0572460363398,259.07859256578763,9.822794095764564,1008.53358558305,6994648.783375721,5245986.587531789,919682.5000384435,26067.211039426373,4131995.1430690074,736500.0000000001,4300236.876453929,4105927.9320295877,9.313225746154785e-09
29520.0,33.075798286394075,24.98329476827658,1,435.6016043842511,1306.8048131527535,261.5159657278815,9.966589536553158,1014.7999411719339,7098843.477306746,5324132.607980057,935300.3192507285,26660.888154204917,4192695.3144334196,738000.0000000001,4362171.400575131,4166034.4262792203,7.450580596923828e-09
29580.0,33.19783791656729,25.055630677722565,1,438.50668956532667,1315.52006869598,263.9567583313458,10.11126135544513,1021.0327877511281,7203736.69194755,5402802.51896066,951064.4843246425,27263.219311451343,4253770.465887509,739500.0000000001,4424474.815324574,4226507.246576064,7.450580596923828e-09
29640.0,33.32003924070601,25.128402278586382,1,441.400592709092,1324.201778127276,266.4007848141202,10.256804557172764,1027.2312750498013,7309325.793856901,5481994.345392674,966975.1949392747,27874.25694460036,4315218.56184281,741000.0000000001,4487144.893508806,4287344.304898215,6.51925802230835e-09
29700.0,33.442392140526096,25.20160700914443,1,444.28285658396607,1332.8485697518981,268.8478428105219,10.403214018288857,1033.3944554752609,7415608.045441755,5561706.034081314,983032.6391450933,28494.053183594973,4377037.5128283305,742500.0000000001,4550179.341752633,4348543.459644742,7.450580596923828e-09
29760.0,33.56488556113107,25.275242236213394,1,447.15297314845066,1341.458919445352,271.2977112226214,10.550484472426788,1039.5212729446766,7522580.593382481,5641935.445036858,999236.9922987401,29122.659846761522,4439225.169321153,744000.0000000001,4613575.792891364,4410102.509474398,6.51925802230835e-09
29820.0,33.68750740560673,25.34930524694362,1,450.0103780154955,1350.0311340464866,273.75014811213464,10.698610493887237,1045.6105506963543,7630240.455783321,5722680.341837489,1015588.4158767767,29760.128431750847,4501779.314876612,745500.0000000001,4677331.797528966,4472019.186444866,4.6566128730773926e-09
29880.0,33.810244420112326,25.423793239700554,1,452.85444445073495,1358.5633333522048,276.2048884022465,10.847586479401109,1051.660978023636,7738584.507938775,5803938.380954079,1032087.0561572943,30406.510105440728,4564697.658495101,747000.0000000001,4741444.814691348,4534291.148389664,3.725290298461914e-09
29940.0,33.93308206895264,25.498703313955197,1,455.6844768842924,1367.053430652877,278.66164137905287,10.997406627910394,1057.6710958766798,7847609.466601583,5885707.099951186,1048733.042757672,31061.855692685454,4627977.826159225,748500.0000000001,4805912.201500835,4596915.970466545,6.51925802230835e-09
30000.0,34.056004399135375,25.57403245910048,1,458.4997039177702,1375.4991117533107,281.1200879827075,11.148064918200959,1063.6392812803758,7957311.872633306,5967983.904474977,1065526.4870161614,31726.21566378861,4691617.351471786,750000.0000000001,4870731.201795031,4659891.135808,4.6566128730773926e-09
30060.0,34.178993893949915,25.649777542107152,1,461.2992708104577,1383.897812431373,283.57987787899833,11.299555084214305,1069.5637305210823,8067688.071914383,6050766.053935786,1082467.480204398,32399.640120565145,4755613.66532214,751500.0000000001,4935898.933610829,4723214.02520158,5.587935447692871e-09
30120.0,34.302031315143,25.725935293929307,1,464.0822314318231,1392.2466942954693,286.04062630285995,11.451870587858615,1075.4424410601966,8178734.19438706,6134050.645790293,1099556.0915574029,33082.17878084797,4819964.084505746,753000.0000000001,5001412.375452045,4786881.905724901,3.725290298461914e-09
30180.0,34.42509553331967,25.802502294567194,1,466.84753967096594,1400.5426190128978,288.5019106663934,11.605004589134388,1081.2731921395605,8290446.1311018905,6217834.598326415,1116792.3661071674,33773.88096128365,4884665.799219454,754500.0000000001,5067268.35125797,4850891.918258174,6.51925802230835e-09
30240.0,34.54816334626228,25.87947495669249,1,469.5940402980349,1408.7821208941045,290.96326692524553,11.758949913384981,1087.0535240520512,8402819.5091368,6302114.631852597,1134176.3223054963,34474.7955582503,4949715.859353169,756000.0000000001,5133463.513988856,4915241.063794922,6.51925802230835e-09
30300.0,34.67120928493808,25.956849507739893,1,472.3204592776147,1416.9613778328442,293.42418569876156,11.913699015479786,1092.7807160606526,8515849.66425707,6386887.2481928,1151707.949421464,35184.97102671947,5015111.159497267,757500.0000000001,5199994.327744622,4979926.188470551,4.6566128730773926e-09
30360.0,34.79420540705907,26.034621970367933,1,475.025393539877,1425.076180619631,295.88410814118134,12.069243940735866,1098.4517629610682,8629531.611185288,6472148.708388964,1169387.20469862,35904.455356872175,5080848.42258446,759000.0000000001,5266857.048333478,5044943.967227592,6.51925802230835e-09
30420.0,34.91712107816539,26.112788141192134,1,477.7073002218386,1433.1219006655158,298.34242156330777,12.225576282384267,1104.0633502964458,8743860.011352466,6557895.008514347,1187214.0102569791,36633.29604826746,5146924.182084889,760500.0000000001,5334047.702209104,5110290.886036623,4.6566128730773926e-09
30480.0,35.03992274032864,26.191343567694837,1,480.3644853984717,1441.093456195415,300.79845480657286,12.382687135389673,1109.6118282482792,8858829.13800537,6644121.853504025,1205188.2497248668,37371.54008135059,5213334.762674232,762000.0000000001,5401562.063697813,5175963.222592884,4.6566128730773926e-09
30540.0,35.16257366871231,26.27028352321826,1,482.99509233160677,1448.9852769948202,303.25147337424625,12.540567046436522,1115.093184244954,8974432.838550815,6730824.628913111,1223309.7645858885,38119.233886076225,5280076.25929654,763500.0000000001,5469395.630441151,5241957.025410466,4.6566128730773926e-09
30600.0,35.28503371638675,26.34960297995117,1,485.59708927365824,1456.7912678209748,305.700674327735,12.699205959902343,1120.5030143490214,9090664.494025422,6817998.370519066,1241578.3502266794,38876.423307411314,5347144.514546588,765000.0000000001,5537543.596984981,5308268.0912391795,5.587935447692871e-09
30660.0,35.40725904797272,26.429296579824598,1,488.1682568730985,1464.5047706192956,308.1451809594545,12.858593159649196,1125.8364935057748,9207516.975589447,6905637.731692084,1259993.7516716614,39643.153567471774,5414535.094300834,766500.0000000001,5606000.826452955,5374891.940733364,3.725290298461914e-09
30720.0,35.5292018628845,26.509358603238866,1,490.70617523936716,1472.1185257181014,310.58403725768994,13.018717206477731,1131.0883447595622,9324982.597955784,6993736.9484668365,1278555.6589918437,40419.46922403717,5482243.261531728,768000.0000000001,5674761.820250959,5441823.792307692,3.725290298461914e-09
30780.0,35.65081010915642,26.589782935552737,1,493.2082107364426,1479.6246322093277,313.01620218312837,13.179565871105474,1136.2528075699015,9443053.069680488,7082289.802260364,1297263.7023757573,41205.41412517914,5550263.948247264,769500.0000000001,5743820.6857594345,5509058.534122088,6.51925802230835e-09
30840.0,35.77202718907073,26.670563031275954,1,495.6715025866189,1487.0145077598568,315.44054378141453,13.341126062551908,1141.3236053874643,9561719.440259214,7171289.580194411,1316117.446851925,42001.03135973112,5618591.725506428,771000.0000000001,5813171.101982758,5576590.694146697,3.725290298461914e-09
30900.0,35.89279165805291,26.751691875919065,1,498.0929493790457,1494.2788481371372,317.8558331610582,13.503383751838129,1146.2939126795839,9680972.043995118,7260729.032996338,1335116.3866538901,42806.363203321096,5687220.771471657,772500.0000000001,5882806.283139132,5644414.408268338,4.6566128730773926e-09
30960.0,36.01303691856828,26.833161945469012,1,500.4691955912087,1501.407586773626,320.2607383713656,13.666323890938024,1151.1563216266484,9800800.440628033,7350600.330471026,1354259.939220729,43621.45105968411,5756144.837471775,774000.0000000001,5952718.940190619,5712523.386412094,6.51925802230835e-09
31020.0,36.13269091103477,26.91496516347625,1,502.79661824568564,1508.3898547370568,322.6538182206954,13.8299303269525,1155.9028087438385,9921193.352742486,7440895.014556864,1373547.4388282353,44446.33539696849,5825357.21206311,775500.0000000001,6022901.240331666,5780910.8766661445,5.587935447692871e-09
31080.0,36.251675804062124,26.997092855758453,1,505.07131383904635,1515.2139415171391,325.0335160812425,13.994185711516906,1160.5247017172803,10042138.600003056,7531603.950002292,1392978.1298485498,45281.055678749486,5894850.683092813,777000.0000000001,6093344.764474998,5849569.627414066,5.587935447692871e-09
31140.0,36.36990768663473,27.079535702748025,1,507.28908569457565,1521.867257083727,327.39815373269465,14.15907140549605,1165.012646779393,10163623.030300392,7622717.272725294,1412551.1596389636,46125.650289465506,5964617.4977868125,778500.0000000001,6164040.46279687,5918491.847497349,4.6566128730773926e-09
31200.0,36.48729626517051,27.162283689535172,1,509.44543190536854,1528.3362957161057,329.7459253034101,14.324567379070345,1169.3565769846707,10285632.44792922,7714224.335946917,1432265.5710639595,46980.156453997195,6034649.320905401,780000.0000000001,6234978.6084289625,5987669.1644514045,1.862645149230957e-09
31260.0,36.60374456871003,27.24532605368556,1,511.535534049149,1534.6066021474471,332.07489137420055,14.490652107371119,1173.5456817840682,10408151.538961535,7806113.654221154,1452120.2946582604,47844.61015111717,6104937.191032245,781500.0000000001,6306148.7494117785,6057092.580881128,1.862645149230957e-09
31320.0,36.719148665813734,27.328651230941443,1,513.5542468706258,1540.6627406118773,334.3829733162747,14.657302461882885,1177.5683783329853,10531163.7940234,7898372.8455175515,1472114.1404427532,48719.0460205497,6175471.475087595,783000.0000000001,6377539.659054252,6126752.429067046,3.725290298461914e-09
31380.0,36.833397397066896,27.412246798947717,1,515.4960891411462,1546.4882674234386,336.66794794133796,14.824493597895433,1181.4122850041451,10654651.42873245,7990988.571549337,1492245.789409651,49603.49726339435,6246241.821183685,784500.0000000001,6449139.284876294,6196638.323920291,1.862645149230957e-09
31440.0,36.94637212740835,27.496099419179348,1,517.3552359185392,1552.0657077556175,338.92744254816705,14.992198838358696,1185.064197611917,10778595.302105147,8083946.4765788615,1512513.784698117,50497.995535686954,6317237.1099696215,786000.0000000001,6520934.69634506,6266739.114433935,2.7939677238464355e-09
31500.0,37.05794652280393,27.580194777284213,1,519.1255124421248,1557.3765373263743,341.1589304560786,15.160389554568425,1188.5100688881726,10902974.833297834,8177231.124973377,1532916.522486823,51402.57083489446,6388445.404644498,787500.0000000001,6592912.031651661,6337042.833809602,9.313225746154785e-10
31560.0,37.16798635607378,27.66451752209527,1,520.8003899085876,1562.4011697257629,343.35972712147566,15.32903504419054,1191.7349917809054,11027767.91710324,8270825.9378274325,1553452.242635513,52317.25137916829,6459853.899850815,789000.0000000001,6665056.443812753,6407536.648471646,1.862645149230957e-09
31620.0,37.27634934694985,27.749051203607912,1,522.3729833834815,1567.1189501504446,345.52698693899697,15.498102407215825,1194.723187175079,11152950.838684335,8364713.129013252,1574119.0191135793,53242.06347921394,6531448.869695428,790500.0000000001,6737352.046420462,6478206.806216215,2.7939677238464355e-09
31680.0,37.38288504167759,27.833778210262285,1,523.8360521102447,1571.5081563307342,347.65770083355176,15.66755642052457,1197.457996659479,11278498.188089324,8458873.641066993,1594914.7502598895,54177.03140267251,6603215.6151819425,792000.0000000001,6809781.8594044335,6549038.58377927,2.7939677238464355e-09
31740.0,37.48743473768011,27.918679705915793,1,525.1820024834111,1575.5460074502334,349.7486947536022,15.837359411831585,1199.9218809832455,11404382.775155162,8553287.081366371,1615837.1489246152,55122.17723095345,6675138.411376557,793500.0000000001,6882327.755210804,6620016.234145602,9.313225746154785e-10
31800.0,37.58983145896514,28.003735566937692,1,526.4028939549337,1579.208681864801,351.79662917930284,16.007471133875384,1202.0964248602422,11530575.545471223,8647931.659103418,1636883.7325505249,56077.520708506774,6747200.4546684185,795000.0000000001,6954970.405844388,6691122.933959911,1.862645149230957e-09
31860.0,37.68989998807029,28.088924319905193,1,527.4904481417981,1582.4713444253944,353.7979997614058,16.177848639810385,1203.9623487879028,11657045.498139303,8742784.123604478,1658051.8132581082,57043.07908457771,6819383.81052532,796500.0000000001,7027689.231261795,6762340.731440741,2.7939677238464355e-09
31920.0,37.787456960401,28.174223080428387,1,528.4360613991734,1585.30818419752,355.74913920802004,16.348446160856774,1205.4995285485659,11783759.606130097,8837819.704597572,1679338.4880058814,58018.86694754702,6891669.36218568,798000.0000000001,7100462.349644147,6833650.495238132,2.7939677238464355e-09
31980.0,37.88231102681492,28.259607493678985,1,529.2308211158362,1587.6924633475087,357.64622053629836,16.51921498735797,1206.6870230552458,11910682.74009886,8933012.055074142,1700740.6289042633,59004.89605202667,6964036.760767661,799500.0000000001,7173266.5301178545,6905031.864715631,2.7939677238464355e-09
32040.0,37.97426309023527,28.34505167724476,1,529.8655259773167,1589.59657793195,359.4852618047054,16.690103354489523,1207.5031111890096,12037777.596583331,9028333.197437497,1722254.8737683985,60001.17513895194,7036464.377315575,801000.0000000001,7246077.148530149,6976463.20217662,2.7939677238464355e-09
32100.0,38.06310662193217,28.430528166977236,1,530.3307104268271,1590.9921312804813,361.26213243864345,16.861056333954473,1207.9253382513486,12165004.631564135,9123753.4736731,1743877.6170021622,61007.70974898881,7108929.25734196,802500.0000000001,7318868.146921952,7047921.54759297,3.725290298461914e-09
32160.0,38.14862806288546,28.516007866543575,1,530.6166735343958,1591.8500206031872,362.9725612577091,17.03201573308715,1207.930572621272,12292322.000420788,9219241.50031559,1765605.000912224,62024.502029658004,7181407.07846009,804000.0000000001,7391611.99737371,7119382.576430429,2.7939677238464355e-09
32220.0,38.23060731533206,28.601460001434376,1,530.7135124604988,1592.1405373814964,364.6121463066412,17.20292000286875,1207.4950731627694,12419685.505364195,9314764.129023146,1787432.9075573664,63051.550536664865,7253872.111735802,805500.0000000001,7464279.670929119,7190820.561199138,4.6566128730773926e-09
32280.0,38.308818329199504,28.68685207821617,1,530.6111606717881,1591.833482015364,366.1763665839901,17.37370415643234,1206.59456787331,12547048.551467825,9410286.413600868,1809356.9512441452,64088.85003001687,7326297.187418735,807000.0000000001,7536840.6123267105,7262208.337388718,5.587935447692871e-09
32340.0,38.38302978763214,28.772149849850315,1,530.2994310331328,1590.8982930993984,367.6605957526428,17.54429969970063,1205.2043441978408,12674362.112453708,9505771.58434028,1831372.4717853311,65136.39126560696,7398653.665740471,808500.0000000001,7609262.721289346,7333517.274474864,3.725290298461914e-09
32400.0,38.45300589522365,28.85731728792745,1,529.7680638621474,1589.3041915864424,369.0601179044729,17.7146345758549,1203.299351354943,12801574.707414698,9601181.030561022,1853474.5286422798,66194.16078304155,7470911.413490392,810000.0000000001,7681512.341135704,7404717.252707349,2.7939677238464355e-09
32460.0,38.518507271878406,28.942316562688422,1,529.0067799896907,1587.0203399690722,370.3701454375681,17.884633125376844,1200.854314932424,12928632.389670124,9696474.292252593,1875657.8960763032,67262.14069059498,7543038.787098118,811500.0000000001,7753554.255485697,7475776.64640752,1.862645149230957e-09
32520.0,38.57929195443347,29.027108031717322,1,528.005338822643,1584.0160164679291,371.58583908866945,18.054216063434644,1197.843863908605,13055478.748956824,9791609.061717616,1897917.0594371594,68340.30844827803,7615002.62296396,813000.0000000001,7825351.693832183,7546662.314515681,4.6566128730773926e-09
32580.0,38.63511650728426,29.111650238199395,1,526.7536013537812,1580.2608040613436,372.7023301456852,18.22330047639879,1194.2426701432419,13182054.928150512,9886541.196112884,1920246.2127188158,69428.63665011432,7686768.235784809,814500.0000000001,7896866.346743959,7617339.599134695,4.6566128730773926e-09
32640.0,38.68573724227226,29.19589991963527,1,525.2415980080731,1575.7247940242191,373.71474484544524,18.39179983927054,1190.0256002586784,13308299.655692715,9981224.741769535,1942639.2575135452,70527.09280682646,7758299.425621911,816000.0000000001,7968058.391449169,7687772.332815086,5.587935447692871e-09
32700.0,38.730911547016944,29.279812027892348,1,523.4596011555581,1570.378803466674,374.6182309403389,18.559624055784695,1185.1678796982244,13434149.294864781,10075611.971148586,1965089.8034950935,71635.63913023919,7829558.494448242,817500.0000000001,8038886.528523257,7757922.855318002,3.725290298461914e-09
32760.0,38.77039931971161,29.363339761453773,1,521.3982020586504,1564.1946061759513,375.4079863942321,18.726679522907546,1179.6452686055325,13559537.911002427,10169653.43325182,1987591.1705599816,72754.2323208121,7900506.272896169,819000.0000000001,8109308.030371029,7827752.040575354,2.7939677238464355e-09
32820.0,38.80396450716227,29.446434610694237,1,519.0483919566827,1557.1451758700482,376.07929014324543,18.892869221388473,1173.4342490170914,13684397.3576807,10263298.018260526,2010136.3927528951,73882.82335981585,7971102.157900199,820500.0000000001,8179278.802147816,7897219.334540382,9.313225746154785e-10
32880.0,38.831376741539415,29.529046416969674,1,516.4016469235071,1549.2049407705213,376.6275348307883,19.058092833939348,1166.5122227010454,13808657.382819958,10356493.037114969,2032718.2240974682,75021.35730776262,8041304.161894411,822000.0000000001,8248753.455709739,7966282.804586647,9.313225746154785e-10
32940.0,38.85241306994427,29.611123446254105,1,513.4500160655933,1540.3500481967799,377.0482613988854,19.22224689250821,1158.8577188107465,13932245.755567877,10449184.316675907,2055329.1464475198,76169.77311079307,8111068.974179226,823500.0000000001,8317685.397117596,8034899.201068432,9.313225746154785e-10
33000.0,38.86685976947888,29.69261247799097,1,510.18621255920516,1530.5586376776155,377.3371953895776,19.38522495598194,1150.4506103525837,14055088.414700417,10541316.311025312,2077961.379465872,77328.00341680637,8180352.03501726,825000.0000000001,8386026.928142634,8103024.031600451,9.313225746154785e-10
33060.0,38.87451423906607,29.773458909748335,1,506.60370695664204,1519.811120869926,377.49028478132146,19.54691781949667,1141.2723382964443,14177109.639156062,10632832.229367048,2100606.892828252,78495.97440319516,8249107.622952806,826500.0000000001,8453729.362135598,8170611.648549608,-1.862645149230957e-09
33120.0,38.875186957808175,29.853606878176986,1,502.6968221242347,1508.0904663727042,377.50373915616353,19.707213756353973,1131.306141985751,14298232.24117279,10723674.180879593,2123257.4207383962,79673.60561811276,8317288.955774076,828000.0000000001,8520743.154523084,8237615.350155961,0.0
33180.0,38.86870349821893,29.932999396667913,1,498.46082910963867,1495.3824873289159,377.3740699643786,19.865998793335827,1120.5372943344971,14418377.782336345,10813783.33675226,2145904.4788273443,80860.8098372539,8384848.3054516325,829500.0000000001,8587018.04808766,8303987.495614376,-1.862645149230957e-09
33240.0,38.85490658123245,30.011578509991082,1,493.89204317411685,1481.6761295223505,377.098131624649,20.023157019982165,1108.9533401336673,14537466.812672356,10903100.109504268,2168539.3834950626,82057.49293817108,8451737.127290718,831000.0000000001,8652503.233071033,8369679.634352545,-1.862645149230957e-09
33300.0,38.83365815850345,30.089285466071242,1,488.9879191678684,1466.9637575036054,376.67316317006896,20.178570932142485,1096.5443356309984,14655419.132724332,10991564.349543251,2191153.273735964,83263.55379417483,8517906.203429736,832500.0000000001,8717147.522013111,8434642.649635559,0.0
33360.0,38.804841506189014,30.166060904919327,1,483.7471453742219,1451.2414361226656,376.09683012378025,20.332121809838654,1083.3030873992186,14772154.07835599,11079115.558766995,2213737.1354717263,84478.88418987703,8583305.800702434,834000.0000000001,8780899.539105391,8498826.916512556,0.0
33420.0,38.76836331316192,30.241845064590553,1,478.16973490261466,1434.509204707844,375.36726626323843,20.483690129181106,1069.2253883708495,14887590.827800835,11165693.120850628,2236281.8283950663,85703.36876042954,8647885.842758132,835500.0000000001,8843707.923695132,8562182.473997703,0.0
33480.0,38.724155745474185,30.31657800388363,1,472.257113671883,1416.771341015649,374.4831149094837,20.633156007767262,1054.3102487954554,15001648.730256414,11251236.547692312,2258778.1153069977,86936.88495648603,8711596.096203202,837000.0000000001,8905521.547428828,8624659.211246716,0.0
33540.0,38.6721784678868,30.390199841330467,1,466.0122039954053,1398.0366119862158,373.443569357736,20.780399682660935,1038.5601197701642,15114247.65508678,11335685.741315087,2281216.6939076427,88179.30303687048,8774386.370389141,838500.0000000001,8966289.744370572,8686207.06735227,-1.862645149230957e-09
33600.0,38.6124206024315,30.46265100985426,1,459.43950275907565,1378.318508277227,372.24841204863,20.925302019708518,1021.9811069091858,15225308.36045686,11418981.270342646,2303588.230977142,89430.48609087162,8836206.730329033,840000.0000000001,9025962.553274633,8746776.24423816,1.862645149230957e-09
33660.0,38.54490260329069,30.533872526296648,1,452.54515317283426,1357.6354595185028,370.8980520658138,21.067745052593295,1004.5831716550525,15334752.879978778,11501064.659984086,2325883.398858729,90690.29009199738,8897007.722075997,841500.0000000001,9084490.971033359,8806317.431983998,0.0
33720.0,38.46967802679683,30.603806274834152,1,445.33700907726296,1336.0110272317888,369.39356053593656,21.207612549668305,986.3803176961194,15442504.92570545,11581878.694279088,2348092.914130868,91958.56398491669,8956740.609746268,843000.0000000001,9141827.216163304,8864782.04576135,1.862645149230957e-09
33780.0,38.38683517507613,30.672395303121537,1,437.82469079937545,1313.4740723981263,367.7367035015226,21.344790606243073,967.3907599431059,15548490.305563558,11661367.72917267,2370207.578329735,93235.14980718738,9015357.623216793,844500.0000000001,9197925.001035746,8922122.473409604,-1.862645149230957e-09
33840.0,38.296498591814824,30.739584129817747,1,430.01963157658304,1290.0588947297492,365.9299718362965,21.479168259635493,947.6370735344335,15652637.35307942,11739478.014809566,2392218.320557489,94519.8828472186,9072812.215374853,846000.0000000001,9252739.811404858,8978292.332527636,-1.862645149230957e-09
33900.0,38.198830388819516,30.80531906196996,1,421.935113605506,1265.8053408165179,363.9766077763903,21.61063812393992,927.1463203869342,15754877.36701997,11816158.025264978,2414116.2417860557,95812.59183974392,9129059.32764663,847500.0000000001,9306229.191639181,9033246.735806888,1.862645149230957e-09
33960.0,38.094031382491885,30.869548520556084,1,413.5862928228645,1240.7588784685936,361.8806276498377,21.739097041112167,905.9501508867494,15855145.05835059,11891358.793762943,2435892.660640789,97113.09919988803,9184055.662384776,849000.0000000001,9358353.033922264,9086942.563184885,-1.862645149230957e-09
34020.0,37.98234202004908,30.932223372317306,1,404.99021158943236,1214.970634768297,359.64684040098166,21.864446744634613,884.0848784255645,15953379.001704566,11965034.251278425,2457539.160423724,98421.22129669522,9237759.960553965,850500.0000000001,9409073.869558005,9139338.739257269,0.0
34080.0,37.864043076299566,30.993297265852878,1,396.1657985246354,1188.4973955739063,357.2808615259913,21.986594531705755,861.5915246300148,16049522.088368986,12037141.56627674,2479047.637112485,99736.76876675474,9290133.283019762,852000.0000000001,9458357.1603975,9190396.514253005,0.0
34140.0,37.73945610303626,31.052726969801242,1,387.13385482877055,1161.4015644863116,354.7891220607252,22.105453939602484,838.5158333076713,16143521.977621745,12107641.48321631,2500410.3480486227,101059.54686830504,9341139.293622144,853500.0000000001,9506171.588299382,9240079.746753838,0.0
34200.0,37.60894361462599,31.11047271079729,1,377.9170265312795,1133.7510795938383,352.1788722925198,22.22094542159458,814.9082513401194,16235331.543107133,12176498.657330351,2521619.961008497,102389.35587593012,9390744.542102464,855000.0000000001,9552489.340445925,9288355.186226534,0.0
34260.0,37.47290899515971,31.166498508777327,1,368.539762216588,1105.619286649764,349.45817990319426,22.332997017554653,790.8238749923512,16324909.310816111,12243681.983112086,2542669.603331168,103725.99151567637,9438918.744853523,856500.0000000001,9597286.388265241,9335192.753337845,-1.862645149230957e-09
34320.0,37.33179611456335,31.220772507103174,1,359.02825590259647,1077.0847677077895,346.6359222912671,22.441545014206348,766.3223603755065,16412219.885144293,12309164.91385822,2563552.910761396,105069.24544012097,9485635.061378375,858000.0000000001,9640542.757656703,9380565.815938253,0.0
34380.0,37.18608864334993,31.273267294897078,1,349.41037488008965,1048.231124640269,343.72177286699866,22.546534589794156,741.467797095988,16497234.359438516,12372925.769578889,2584264.075652068,106418.90574261408,9530870.364276571,859500.0000000001,9682242.788184207,9424451.458533958,0.0
34440.0,37.03630905819245,31.32396021892144,1,339.7155724627506,1019.1467173882518,340.726181163849,22.647920437842878,716.3285444445848,16579930.70741371,12434948.030560287,2604797.894159474,107774.75750960101,9574605.500527924,861000.0000000001,9722375.378891211,9466830.743018324,-1.862645149230957e-09
34500.0,36.88301733320331,31.37283368230354,1,329.97478574564815,989.9243572369444,337.66034666406625,22.74566736460708,690.9770298228315,16660294.151827298,12495220.613870477,2625149.812057058,109136.58340960754,9616825.541815367,862500.0000000001,9760934.218403809,9507688.95840576,-3.725290298461914e-09
34560.0,36.726809314682455,31.419875427397024,1,320.2203186235582,960.6609558706747,334.5361862936491,22.839750854794048,665.4895094655931,16738317.506840218,12553738.130130166,2645315.968788868,110504.16431714753,9657520.021621058,864000.0000000001,9797917.997024149,9547015.857303912,-1.862645149230957e-09
34620.0,36.56831478012563,31.46507880008994,1,310.48571047729905,931.4571314318971,331.36629560251265,22.930157600179882,639.9457918964756,16814001.490572773,12610501.117929583,2665293.23938302,111877.2799694875,9696683.156844676,865500.0000000001,9833330.598577075,9584805.87687519,-1.862645149230957e-09
34680.0,36.40819518542346,31.5084429929148,1,300.80559109480765,902.416773284423,328.1639037084692,23.016885985829603,614.4289249405856,16887355.004480455,12665516.253360346,2685079.2738483357,113255.7096538823,9734314.051730651,867000.0000000001,9867181.269858127,9621058.342076775,0.0
34740.0,36.24714110740415,31.54997326438973,1,291.21552255170974,873.6465676551293,324.94282214808294,23.099946528779462,589.0248475140077,16958395.376329873,12718796.53224741,2704672.5336839478,114639.23292258316,9770416.881952392,868500.0000000001,9899484.765640877,9655777.649029816,0.0
34800.0,36.08586939213448,31.589681132121946,1,281.75182893188605,845.2554867956582,321.7173878426895,23.179362264243892,563.8220078055713,17027148.563747704,12770361.422810784,2724072.3251422024,116027.63033261657,9805001.056786556,870000.0000000001,9930261.467335964,9688973.426453946,0.0
34860.0,35.925120022657744,31.6275845373352,1,272.45141491965353,817.3542447589606,318.5024004531549,23.2551690746704,538.9109498594471,17093649.315545063,12820236.986658802,2743278.8288996625,117420.68420704348,9838081.357419264,871500.0000000001,9959537.473552093,9720660.673212226,-3.725290298461914e-09
34920.0,35.76565272307251,31.663707978641188,1,263.35157443984815,790.0547233195445,315.3130544614503,23.327415957282376,514.3838709516881,17157941.2882848,12868455.966213606,2762293.1258093435,118818.1794141376,9869678.049558163,873000.0000000001,9987344.66099012,9750859.870144034,-3.725290298461914e-09
34980.0,35.60824331899706,31.698082613060343,1,254.4897906579833,763.4693719739498,312.16486637994126,23.396165226120686,490.33415252446446,17220077.115858123,12915057.8368936,2781117.2184295226,120219.90416066993,9899816.968679108,874500.0000000001,10013720.714303402,9779597.064518446,-5.587935447692871e-09
35040.0,35.45367987748467,31.73074632250887,1,245.90352877801504,737.7105863340452,309.0735975496933,23.461492645017742,466.8558677939648,17280118.430167016,12960088.82262527,2799754.0480503193,121625.65079526059,9928529.576412668,876000.0000000001,10038709.123779686,9806903.925617415,-3.725290298461914e-09
35100.0,35.30275865230349,31.76174374420466,1,237.63002318789677,712.8900695636903,306.05517304606974,23.523487488409323,444.04326947559287,17338135.83136783,13003601.87352588,2818207.506968669,123035.21661755846,9955852.986772647,877500.0000000001,10062359.149939649,9832817.770155096,-3.725290298461914e-09
35160.0,35.156279863141066,31.791126263702953,1,229.70606060149544,689.1181818044863,303.1255972628213,23.582252527405906,421.9902613695393,17394208.8065155,13045656.604886632,2836482.4457950047,124448.40468883872,9981829.961144498,879000.0000000001,10084725.754402785,9857381.556455668,-3.725290298461914e-09
35220.0,35.01504333968687,31.81895196955125,1,222.16776092769035,666.5032827830711,300.3008667937374,23.6379039391025,400.7898578150066,17448425.595853757,13086319.196890326,2854584.6756107034,125865.02463947065,10006508.871184308,880500.0000000001,10105869.496640148,9880643.846544845,-3.725290298461914e-09
35280.0,34.8798440636608,31.84528556884913,1,215.0503576623153,645.1510729869459,297.59688127321596,23.690571137698257,380.53363524938334,17500883.00642024,13125662.25481519,2872520.964833799,127284.89346860377,10029943.629026467,882000.0000000001,10125856.396512782,9902658.735557871,-5.587935447692871e-09
35340.0,34.75146764364643,31.87019826330966,1,208.3879796446585,625.1639389339755,295.0293528729286,23.74039652661932,361.31118029423067,17551686.17307222,13163764.629804173,2890299.030691244,128707.83633135383,10052193.58445822,883500.0000000001,10144757.762781572,9923485.748126876,-3.725290298461914e-09
35400.0,34.630685759034364,31.893767585741898,1,202.2134360464903,606.6403081394709,292.6137151806873,23.787535171483796,343.2095389308752,17600948.267484304,13200711.20061324,2907927.525238753,130133.68730874044,10073323.388988959,885000.0000000001,10162649.988065742,9943189.701680226,-5.587935447692871e-09
35460.0,34.518251610448424,31.916077197204935,1,196.55800646738453,589.6740194021536,290.3650322089685,23.83215439440987,326.3126714207335,17648790.156118885,13236592.617089171,2925416.0159134786,131562.29015563888,10093402.827018956,886500.0000000001,10179614.311020052,9961840.536863325,-1.862645149230957e-09
35520.0,34.4148954147017,31.93721664541991,1,191.45123799477204,574.3537139843161,288.29790829403396,23.874433290839818,310.70091766793615,17695340.0086183,13271505.006463733,2942774.9606501022,132993.49902205827,10112506.614593094,888000.0000000001,10195736.54679157,9979513.115571044,-1.862645149230957e-09
35580.0,34.321319982586765,31.957281085363356,1,186.92075105070992,560.7622531521298,286.4263996517353,23.91456217072671,296.4504777118155,17740732.858509928,13305549.643882453,2960015.677636737,134427.17914314897,10130714.166506905,889500.0000000001,10211106.787102567,9996286.987363765,0.0
35640.0,34.23819641764086,31.97637096329961,1,182.99205578965825,548.9761673689748,284.7639283528172,23.952741926599217,283.6329119743926,17785110.11854603,13338832.58890953,2977150.3098329706,135863.2074934736,10148109.332811937,891000.0000000001,10225819.071583087,10012246.125318473,1.862645149230957e-09
35700.0,34.166159973430794,31.994591665837877,1,179.68838073321106,539.0651421996332,283.3231994686159,23.989183331675754,272.3146657721518,17828619.053414658,13371464.290061,2994191.784417832,137301.47340124575,10164780.1060417,892500.0000000001,10239971.032241927,10027478.632640466,5.587935447692871e-09
35760.0,34.10580610587942,32.012053135917306,1,177.0305152292436,531.0915456877308,282.11612211758836,24.02410627183461,262.55662243324866,17871412.212951243,13403559.159713438,3011153.7673799307,138741.87911845077,10180818.300745307,894000.0000000001,10253663.51321506,10042076.421626868,1.862645149230957e-09
35820.0,34.05768675570899,32.028869457927,1,175.0366672054484,525.1100016163452,281.1537351141799,24.057738915854003,254.41368914186168,17913646.82934754,13435235.122010661,3028050.6135050454,140184.34034300904,10196319.20716997,895500.0000000001,10267000.168162609,10056134.866826974,1.862645149230957e-09
35880.0,34.02230689422148,32.04515841445409,1,173.72233755186966,521.1670126556089,280.4461378844296,24.090316828908186,247.93441936283023,17955484.182191707,13466613.136643788,3044897.3120574183,141628.78668942547,10211381.221173037,897000.0000000001,10280087.037896944,10069752.434483621,0.0
35940.0,34.000121363389084,32.061041017418134,1,173.100212315446,519.3006369463379,280.0024272677817,24.122082034836268,243.16067538475716,17997088.93547558,13497816.701606693,3061709.428489609,143075.16210468285,10226105.452666236,898500.0000000001,10293032.111012397,10083030.29056156,-3.725290298461914e-09
36000.0,33.99153203861477,32.07664101659097,1,173.18007372341395,519.5402211702419,279.8306407722954,24.153282033181938,240.12733416178477,18038628.450969476,13528971.338227116,3078503.0425513596,144523.4252264833,10240595.315096525,900000.0000000001,10305944.870449271,10096071.88987005,-1.862645149230957e-09
36060.0,33.99688533957209,32.09208438871498,1,173.9687308737669,521.9061926213008,279.93770679144177,24.18416877742996,238.86203923748138,18080272.082587805,13560204.061940862,3095294.683200236,145973.54968131494,10254956.098647036,901500.0000000001,10318935.829059305,10108982.548965724,-5.587935447692871e-09
36120.0,34.01647011128022,32.1074988106168,1,175.4699707419387,526.4099122258161,280.32940222560444,24.214997621233593,239.38500110319336,18122190.456547253,13591642.842410449,3112101.2607453777,147425.52432021793,10269294.529995857,903000.0000000001,10332116.057344845,10121869.005675642,-7.450580596923828e-09
36180.0,34.050515894053284,32.123013119865206,1,177.68452995585093,533.0535898675528,281.0103178810657,24.246026239730412,241.70884788318492,18164554.74225177,13623416.056688838,3128939.996680178,148879.3533905402,10283718.321597848,904500.0000000001,10345596.706618112,10134838.968207313,-7.450580596923828e-09
36240.0,34.09919159722537,32.13875676664045,1,180.6100875888639,541.8302627665917,281.9838319445074,24.277513533280896,245.8385277553493,18207535.918922767,13655651.939192085,3145828.3516798737,150335.0566424082,10298335.71355382,906000.0000000001,10359488.530869795,10148000.656911414,-7.450580596923828e-09
36300.0,34.162604587640665,32.154859260564486,1,184.2412790145685,552.7238370437055,283.25209175281327,24.30971852112897,251.77126401535287,18251304.04302822,13688478.032271177,3162783.9522555633,151792.6693690812,10313255.011200992,907500.0000000001,10373901.410646519,10161462.34183191,-1.30385160446167e-08
36360.0,34.24080019985994,32.171449616288264,1,188.56973066130263,565.7091919839079,284.8160039971988,24.342899232576528,259.4965631798882,18296027.52155021,13722020.641162666,3179824.516566953,153252.24238081338,10328584.121597804,909000.0000000001,10388943.882214889,10175331.87921699,-1.1175870895385742e-08
36420.0,34.333761670921525,32.188655801641175,1,193.58411530041474,580.7523459012442,286.6752334184305,24.37731160328235,268.99627600775585,18341872.396066878,13756404.297050169,3196967.7799020107,154713.8419123012,10344430.092084326,910500.0000000001,10404722.675235845,10189716.250172023,-1.1175870895385742e-08
36480.0,34.44141049835792,32.20660419212034,1,199.27022730310992,597.8106819093298,288.8282099671584,24.413208384240676,280.2447108021925,18389001.64251312,13791751.231884852,3214231.420332613,156177.54946425246,10360898.65407686,912000.0000000001,10421342.262087971,10204721.104612602,-1.6763806343078613e-08
36540.0,34.56360721606012,32.225419035432644,1,205.61107710878917,616.8332313263675,291.2721443212024,24.450838070865288,293.2087978506855,18437574.491325244,13828180.868493943,3231632.985051276,157643.4615800598,10378093.775201755,913500.0000000001,10438904.421862593,10220450.31362169,-1.30385160446167e-08
36600.0,34.700152578552455,32.24522192970218,1,212.58700396537233,637.761011896117,294.0030515710491,24.490443859404365,307.8483033658241,18487745.772471238,13865809.329353437,3249189.8178851046,159111.68955900436,10396117.222790036,915000.0000000001,10457507.821909312,10237005.533231026,-1.4901161193847656e-08
36660.0,34.850789140340495,32.26613131882068,1,220.17580583155683,660.5274174946705,297.0157828068099,24.532262637641367,324.11609081858444,18539665.289621975,13904748.967216492,3266918.988469439,160582.35910783816,10415068.141641933,916500.0000000001,10477247.619639197,10254485.78253409,-1.6763806343078613e-08
36720.0,35.01520321327101,32.28826200825047,1,228.35288517417877,685.0586555225364,300.30406426542015,24.57652401650094,341.9584271095754,18593477.22743317,13945107.920574889,3284837.223545416,162055.60993300425,10435042.648830395,918000.0000000001,10498215.087096458,10272987.038897393,-1.1175870895385742e-08
36780.0,35.19302718134347,32.31172470439072,1,237.09140925283523,711.2742277585057,303.86054362686934,24.62344940878144,361.3153306098745,18649319.59558664,13986989.69668999,3302960.8408230506,163531.59527613645,10456133.448146775,919500.0000000001,10520497.260590794,10292601.852870641,-9.313225746154785e-09
36840.0,35.38384214917341,32.33662558039049,1,246.3624833600863,739.0874500802588,307.6768429834682,24.67325116078098,382.1209577253784,18707323.71288629,14030492.784664728,3321305.6858248203,165010.48139584262,10478429.466602296,921000.0000000001,10544176.617444051,10313418.98520645,-1.30385160446167e-08
36900.0,35.587180897374644,32.36306587103908,1,256.1353353804377,768.4060061413131,311.7436179474929,24.726131742078167,404.30402430247926,18767613.734323684,14075710.300742771,3339887.0720943627,166492.44699910487,10502015.51518778,922500.0000000001,10569330.781649293,10335523.068188673,-1.1175870895385742e-08
36960.0,35.802531115523195,32.391141499088945,1,266.3775099457457,799.1325298372371,316.0506223104639,24.78228299817789,427.78825790085483,18830306.223624494,14122729.66771838,3358719.7251212336,167977.6826259306,10526971.975864291,924000.0000000001,10596032.259971207,10358994.293238359,-9.313225746154785e-09
37020.0,36.02933888112888,32.42094273507182,1,277.05507039968353,831.1652111990506,320.5867776225776,24.841885470143637,452.4928767155554,18895509.773365628,14171632.330024231,3377817.7302960893,169466.38999115286,10553374.516511202,925500.0000000001,10624348.209736973,10383908.12652004,-1.4901161193847656e-08
37080.0,36.26701235118209,32.45255389235848,1,288.1328067397419,864.3984202192257,325.3402470236418,24.90510778471696,478.3330907364805,18963324.674318034,14222493.505738536,3397194.4851715937,170958.78128750715,10581293.835299203,927000.0000000001,10654340.239279421,10410335.05401169,-1.30385160446167e-08
37140.0,36.51492563139289,32.48605305889009,1,299.5744476822007,898.723343046602,330.2985126278578,24.972106117780186,505.22062059185095,19033842.635227565,14275381.976420684,3416862.6562633547,172455.07845430326,10610795.435686426,928500.0000000001,10686064.241703011,10438340.357232118,-1.4901161193847656e-08
37200.0,36.77242278719405,32.52151186667894,1,311.34287499349966,934.028624980499,335.448455743881,25.043023733357884,533.0642294325949,19107146.5538004,14330359.91535031,3436834.1405826295,173955.51241616163,10641939.432959761,930000.0000000001,10719570.262351507,10467983.920543596,-1.30385160446167e-08
37260.0,37.038821959957964,32.558995299841015,1,323.40033824990076,970.2010147497023,340.7764391991593,25.11799059968203,561.7702631786653,19183310.339215863,14387482.75441191,3457120.0320490417,175460.32229639567,10674780.39296349,931500.0000000001,10754902.400066458,10499320.070667088,-1.4901161193847656e-08
37320.0,37.31341955166647,32.59856154158751,1,335.7086682258344,1007.1260046775033,346.2683910333294,25.197123083175015,591.2431944639019,19262398.786052465,14446799.08953936,3477730.592887498,176969.7546096932,10709367.203376856,933000.0000000001,10792098.742042152,10532397.448767155,-1.6763806343078613e-08
37380.0,37.595494441475886,32.640261860269554,1,348.22948716862413,1044.6884615058725,351.90988882951774,25.280523720539108,621.3861656832739,19344467.499087676,14508350.62431577,3498675.230069484,178484.0624387805,10745742.977624137,934500.0000000001,10831191.331807485,10567258.915185347,-2.0489096641540527e-08
37440.0,37.88431219821684,32.684140534244605,1,360.9244142925264,1082.7732428775794,357.68624396433677,25.36828106848921,652.1015266621182,19429562.868022457,14572172.151016854,3519962.4768153494,180003.50459974498,10783944.991228243,936000.0000000001,10872206.169601742,10603941.48662849,-1.6763806343078613e-08
37500.0,38.179129253849595,32.73023481501681,1,373.75526491648054,1121.2657947494417,363.5825850769919,25.460469630033614,683.2913626296315,19517722.090792064,14638291.568094058,3541599.9791316045,181528.3448006455,10824004.6501547,937500.0000000001,10915163.244161796,10642476.305354051,-1.30385160446167e-08
37560.0,38.47919700423302,32.778574927801266,1,386.68424177640077,1160.0527253292023,369.5839400846604,25.557149855602532,714.8580083845421,19608973.24375913,14706729.932819359,3563594.4873160366,183058.85079795448,10865947.490439815,939000.0000000001,10960076.594705354,10682888.639641859,-1.30385160446167e-08
37620.0,38.78376580523539,32.8291841083755,1,399.67411716216674,1199.0223514865002,375.6753161047078,25.658368216751,746.7045447862301,19703335.396746363,14777501.547559785,3585951.852324062,184595.29355525837,10909793.208157182,940500.0000000001,11006954.401680449,10725197.914601918,-1.4901161193847656e-08
37680.0,39.092088834189326,32.88207867481404,1,412.6884046601738,1238.0652139805213,381.8417766837865,25.76415734962808,778.7352739856609,19800818.77055783,14850614.077918382,3608677.026852505,186137.94640848786,10955555.718553029,942000.0000000001,11055799.104657378,10769417.772144537,-1.1175870895385742e-08
37740.0,39.403425788932005,32.93726813245596,1,425.6915194220784,1277.0745582662353,388.06851577864006,25.874536264911924,810.8561701220957,19901424.93436169,14926068.70077128,3631774.0709623327,187687.0842417684,11003243.242974957,943500.0000000001,11106607.545567164,10815556.158733184,-1.4901161193847656e-08
37800.0,39.71704639914951,32.99475531023253,1,438.64892602754054,1315.9467780826217,394.3409279829902,25.989510620465055,842.9753025501896,20005147.040065907,15003860.280049441,3655246.162030018,189242.98267776798,11052858.422032172,945000.0000000001,11159371.135341637,10863615.439354394,-1.862645149230957e-08
37860.0,40.03223372740957,33.05453652628436,1,451.52727316093666,1354.58181948281,400.64467454819135,26.109073052568718,875.0032290211012,20111970.090612683,15083977.567959523,3679095.608788452,190805.91728618322,11104398.453259919,946500.0000000001,11214076.041884867,10913592.535973724,-2.0489096641540527e-08
37920.0,40.34828724009621,33.116601780626425,1,464.2945144774905,1392.8835434324715,406.96574480192425,26.23320356125285,906.8533566175113,20221871.238949016,15166403.429211771,3703323.869192869,192376.1628137456,11157855.251417449,948000.0000000001,11270703.397205135,10965479.088603692,-2.2351741790771484e-08
37980.0,40.6645256313961,33.1809349724755,1,476.92001519071584,1430.7600455721476,413.29051262792206,26.361869944950996,938.4422686286438,20334820.114299446,15251115.085724594,3727931.5718252603,193953.99243885186,11213215.629428381,949500.0000000001,11329229.521460459,11019261.636989517,-2.2351741790771484e-08
38040.0,40.98028938650705,33.24751413973877,1,489.3746440687718,1468.1239322063152,419.60578773014106,26.495028279477538,969.6900159447428,20450779.172273584,15338084.379205199,3752918.540532335,195539.67705362843,11270461.497875249,951000.0000000001,11389626.161619216,11074921.820821611,-1.862645149230957e-08
38100.0,41.29494307328831,33.316311718075,1,501.63085068037003,1504.89255204111,425.8988614657662,26.63262343615,1000.520371943749,20569704.065284394,15427278.048963306,3778283.821977322,197133.48457593578,11329570.080886649,952500.0000000001,11451860.742410025,11132436.5963107,-2.2351741790771484e-08
38160.0,41.60787735462547,33.38729481688034,1,513.6627278794001,1540.9881836382003,432.15754709250945,26.774589633760684,1030.8610502332392,20691544.029732883,15518658.022299673,3804025.715774802,198735.67929350148,11390514.14620548,954000.0000000001,11515896.627231348,11191778.466911966,-2.0489096641540527e-08
38220.0,41.91851071679216,33.46042550951907,1,525.4460596600832,1576.3381789802495,438.37021433584323,26.92085101903814,1060.6438849920457,20816242.286429577,15612181.714822192,3830141.8068702975,200346.5212420538,11453262.247200003,955500.0000000001,11581693.386709824,11252915.725957941,-1.6763806343078613e-08
38280.0,42.22629091203118,33.535661135115255,1,536.9583546494798,1610.8750639484394,444.5258182406236,27.07132227023051,1089.804974025257,20943736.450771056,15707802.338078303,3856628.999822463,201966.26561900304,11517778.974575365,957000.0000000001,11649207.07263682,11315812.708956353,-1.862645149230957e-08
38340.0,42.5306961164077,33.61295460924244,1,548.1788656306044,1644.5365968918131,450.61392232815393,27.225909218484887,1118.2847849985226,21073958.94926933,15805469.211952008,3883483.5546452953,203595.16223389833,11584025.215560589,958500.0000000001,11718390.495072799,11380430.053326683,-1.4901161193847656e-08
38400.0,42.8312358066874,33.692254740894285,1,559.0885956058008,1677.2657868174024,456.62471613374805,27.38450948178857,1146.028225650457,21206837.43914024,15905128.079355195,3910701.1238706727,205233.45499656984,11651958.418384204,960000.0000000001,11789193.500487933,11446724.963387622,-2.0489096641540527e-08
38460.0,43.12745136252842,33.77350655318821,1,569.6702910158406,1709.0108730475217,462.5490272505684,27.547013106376426,1172.9846790912618,21342295.227792565,16006721.420844438,3938276.7904975913,206881.38144355654,11721532.859908912,961500.0000000001,11861563.248903273,11514651.478465347,-1.6763806343078613e-08
38520.0,43.418916402629776,33.856651605344226,1,579.908422824347,1739.725268473041,468.3783280525955,27.71330321068845,1199.1080055796078,21480251.689218353,16110188.766913781,3966205.106503423,208539.17230311915,11792699.914370904,963000.0000000001,11935444.48810722,11584160.742067773,-1.862645149230957e-08
38580.0,43.705236865632955,33.94162831359076,1,589.7891562594311,1769.3674687782934,474.1047373126591,27.883256627181524,1224.3565124260908,21620622.67446594,16215467.00584947,3994480.1316042314,210207.0510988486,11865408.321260735,964500.0000000001,12010779.823146371,11655201.270161876,-1.862645149230957e-08
38640.0,43.986050848505336,34.02837226877627,1,599.3003100741863,1797.900930222559,479.7210169701067,28.056744537552547,1248.6928938980243,21763320.91357526,16322490.685181461,4023095.4719652906,211885.23379160766,11939604.450488582,966000.0000000001,12087509.979424544,11727719.216696965,-1.862645149230957e-08
38700.0,44.26102821684326,34.11681654860747,1,608.4313062450581,1825.2939187351742,485.22056433686515,28.233633097214934,1272.084143196768,21908256.40656943,16431192.304927085,4052044.3185792933,213573.92845928305,12015232.563095134,967500.0000000001,12165574.057888493,11801658.634635843,-1.4901161193847656e-08
38760.0,44.52987000299927,34.206892022590026,1,617.173111071837,1851.5193332155109,490.5974000599854,28.41378404518005,1294.5014387433189,22055336.801322415,16541502.600991825,4081319.485047967,215273.3350135871,12092235.06589886,969000.0000000001,12244909.78093025,11876961.730885262,-1.862645149230957e-08
38820.0,44.79230760916896,34.29852764791345,1,625.5181686755209,1876.5545060265626,495.84615218337916,28.597055295826905,1315.9200071414402,22204467.756358344,16653350.81726877,4110913.444522645,216983.6449529253,12170552.758608581,970500.0000000001,12325453.727793181,11953569.113655647,-1.862645149230957e-08
38880.0,45.04810183355692,34.39165075469569,1,633.4603279107102,1900.3809837321307,500.96203667113843,28.78330150939138,1336.3189652891983,22355553.286879517,16766664.96515965,4140818.3655805364,218705.04115014718,12250125.07207575,972000.0000000001,12407141.55842895,12031420.030925596,-1.6763806343078613e-08
38940.0,45.297041738491245,34.486187319183564,1,640.9947637180812,1922.9842911542437,505.9408347698249,28.97237463836713,1355.681144181183,22508496.092565734,16881372.069424313,4171026.1468356536,220437.69767381626,12330890.296511283,973500.0000000001,12489908.224914828,12110452.59883746,-1.4901161193847656e-08
39000.0,45.53894337986604,34.58206222368933,1,648.1178939404614,1944.3536818213843,510.7788675973208,29.164124447378654,1373.9928969845598,22663197.86593341,16997398.39945007,4201528.450106308,222181.77964148004,12412785.798645765,975000.0000000001,12573688.16970227,12190604.019004278,-1.4901161193847656e-08
39060.0,45.77364841758074,34.67919950222976,1,654.8272926136272,1964.4818778408815,515.4729683516148,29.358399004459514,1391.2438939850128,22819559.580287527,17114669.68521566,4232316.731984569,223937.44310328376,12495748.22696737,976500.0000000001,12658415.510127788,12271810.783864077,-1.862645149230957e-08
39120.0,46.00102262671325,34.77752257102039,1,661.1216007211634,1983.3648021634904,520.020452534265,29.555045142040782,1407.4269069838845,22977481.756539498,17233111.317404635,4263382.273676715,225704.83495415954,12579713.704327213,978000.0000000001,12744024.208773747,12354008.869373048,-1.30385160446167e-08
39180.0,46.2209543290338,34.87695444316153,1,667.000435372166,2001.0013061164977,524.4190865806761,29.75390888632306,1422.5375856883827,23136864.70839818,17352648.531298645,4294716.209007351,227484.09287273244,12664618.00735578,979500.0000000001,12830448.229418546,12437133.914483039,-1.4901161193847656e-08
39240.0,46.4333527641424,34.977417927033095,1,672.4642983223557,2017.3928949670671,528.667055282848,29.95483585406619,1436.5742285735066,23297608.76566671,17473206.574250042,4326309.550503206,229275.3452850149,12750396.732284691,981000.0000000001,12917621.678461803,12521121.386999667,-1.862645149230957e-08
39300.0,46.63814641901911,35.07883580809037,1,677.5144847140201,2032.5434541420605,532.7629283803822,30.157671616180735,1449.537550610464,23459614.475593686,17594710.856695272,4358153.213495507,231078.71135091508,12836985.446914474,982500.0000000001,13005478.931848835,12605906.735563548,-1.30385160446167e-08
39360.0,46.83528133412329,35.18113101392107,1,682.1529928592523,2046.458978577757,536.7056266824658,30.362262027842135,1461.4304501533584,23622782.782431155,17717087.086823374,4390238.038201942,232894.300971557,12924319.828609576,984000.0000000001,13093954.747649861,12691425.527638013,-1.30385160446167e-08
39420.0,47.02471940338667,35.28422676258444,1,686.382435834979,2059.147307504937,540.4943880677333,30.568453525168877,1472.2577771565996,23787015.185543228,17840261.38915743,4422554.809770617,234722.21481540325,13012335.788336005,985500.0000000001,13182984.36457139,12777613.573520591,-1.862645149230957e-08
39480.0,47.20643668453256,35.388046694404345,1,690.2059555983737,2070.6178667951212,544.1287336906512,30.77609338880869,1482.0261047620784,23952213.876586385,17964160.407439798,4455094.276288581,236562.54436118336,13100969.580883224,987000.0000000001,13272503.586790022,12864407.036522033,-1.30385160446167e-08
39540.0,47.38042173513608,35.49251498752924,1,693.6271402681912,2080.8814208045733,547.6084347027216,30.98502997505848,1490.7435061498977,24118281.856445145,18088711.39233387,4487847.164776705,238415.37195565942,13190157.901530115,988500.0000000001,13362448.855601486,12951742.529574445,-1.862645149230957e-08
39600.0,47.546673988740075,35.5975564577027,1,696.6499451523633,2089.94983545709,550.9334797748015,31.195112915405403,1498.4193383920865,24285123.032753825,18213842.274565376,4520804.195210492,240280.7708843066,13279837.969523778,990000.0000000001,13452757.308470558,13039557.198639458,-1.862645149230957e-08
39660.0,47.7052021841701,35.70309664280674,1,699.2786180355694,2097.835854106708,554.104043683402,31.406193285613483,1505.0640348869647,24452642.298966564,18339481.724224932,4553956.092622884,242158.8054530464,13369947.59883949,991500.0000000001,13543366.826148987,13127788.793386435,-1.4901161193847656e-08
39720.0,47.8560228599729,35.8090618728476,1,701.5176291733321,2104.552887519996,557.1204571994581,31.6181237456952,1510.6889077855128,24620745.596052848,18465559.19703964,4587293.597360196,244049.53107924404,13460425.256779846,993000.0000000001,13634216.068600189,13216375.725700594,-1.30385160446167e-08
39780.0,47.99915892464631,35.91537932614886,1,703.3716063721433,2110.11481911643,559.9831784929262,31.830758652297718,1515.3059616515802,24789339.957995027,18592004.968496278,4620807.47357585,245952.99439026904,13551210.11105073,994500.0000000001,13725244.50053014,13305257.116660446,-1.862645149230957e-08
39840.0,48.13463831205529,36.02197707259939,1,704.84527546888,2114.53582640664,562.6927662411058,32.04395414519878,1518.9277194277693,24958333.54234741,18718750.156760566,4654488.516058615,247869.23332801307,13642242.066021115,996000.0000000001,13816392.40737392,13394372.83269309,-1.6763806343078613e-08
39900.0,48.26249273014845,36.128784104874526,1,705.943406457953,2117.830219373859,565.249854602969,32.25756820974905,1521.56706160935,25127635.647183724,18845726.735387802,4688327.555502583,249798.2772578665,13733461.788932987,997500.0000000001,13907600.902627332,13483663.511675104,-2.0489096641540527e-08
39960.0,48.38275650981835,36.23573035860758,1,706.6707654517089,2120.0122963551266,567.655130196367,32.471460717215166,1523.23707936183,25297156.715812083,18972867.536859073,4722315.46233507,251740.14708076854,13824810.726876723,999000.0000000001,13998811.927443216,13573070.57979594,-2.0489096641540527e-08
40020.0,48.49546555949658,36.342746722535274,1,707.0320725991007,2121.0962177973024,569.9093111899316,32.68549344507055,1523.9509421549476,25466808.330673467,19100106.248005114,4756443.14922609,253694.85534706598,13916231.11538657,1000500.0000000001,14089968.243431939,13662536.26003949,-2.0489096641540527e-08
40080.0,48.60065642985379,36.44976503967626,1,707.0319660298869,2121.0958980896607,572.0131285970758,32.899530079352516,1523.7217803282626,25636503.197862994,19227377.39839726,4790701.572409032,255662.40637104053,14007665.979540411,1002000.0000000001,14181013.41961716,13752003.573169352,-2.7939677238464355e-08
40140.0,48.69836549179243,36.55671810062593,1,706.6749718369838,2120.0249155109514,573.9673098358486,33.11343620125186,1522.562582852279,25806155.123722613,19354616.342791975,4825081.73194669,257642.79634509378,14099059.128468389,1003500.0000000001,14271891.814500162,13841416.332123276,-2.7939677238464355e-08
40200.0,48.78862822978583,36.663539630064186,1,705.9654800583006,2117.8964401749017,575.7725645957166,33.32707926012837,1520.486110405094,25975678.98495081,19481759.238713127,4859574.671079942,259636.01345270922,14190355.144186387,1005000.0000000001,14362548.554180447,13930719.13073366,-2.9802322387695312e-08
40260.0,48.8714786515371,36.770164267576654,1,704.9077265716454,2114.723179714936,577.4295730307421,33.54032853515331,1517.5048237486403,26144990.693659693,19608743.020244785,4894171.47479818,261642.03797944292,14281499.36567354,1006500.0000000001,14452929.50746714,14019857.327694083,-2.2351741790771484e-08
40320.0,48.94694881391087,36.876527543883554,1,703.5057807722407,2110.517342316722,578.9389762782174,33.75305508776711,1513.6308272614256,26314007.15878375,19735505.369087826,4928863.267771158,263660.8424213267,14372437.869107997,1008000.0000000001,14542981.258895315,14108777.026686652,-2.60770320892334e-08
40380.0,49.015068464133684,36.9825658535561,1,701.7635388621054,2105.290616586316,580.3013692826737,33.96513170711221,1508.8758273664284,26482646.245208483,19861984.683906376,4963641.211781249,265692.39159019676,14463117.445163114,1009500.0000000001,14632651.080534907,14197425.053572902,-2.421438694000244e-08
40440.0,49.07586479437034,37.088216425277,1,699.6847225440847,2099.054167632254,581.5172958874068,34.176432850553994,1503.251105484305,26650826.73194153,19988120.04895616,4998496.502793415,267736.642715591,14553485.57424718,1011000.0000000001,14721886.903447123,14285748.931531569,-2.7939677238464355e-08
40500.0,49.1293623069617,37.19341729067176,1,697.2728828806404,2091.8186486419213,582.587246139234,34.38683458134352,1496.7675050427586,26818468.27059517,20113851.202946395,5033420.367797368,269793.5455429814,14643490.400544588,1012500.0000000001,14810637.289606016,14373696.855001591,-2.9802322387695312e-08
40560.0,49.175582786860424,37.29810725270009,1,694.5314090485892,2083.594227145768,583.5116557372085,34.596214505400184,1489.4354319837055,26985491.345388185,20239118.509041153,5068404.061552718,271863.04242823034,14733080.70568552,1014000.0000000001,14898851.405060183,14461217.663257277,-2.0489096641540527e-08
40620.0,49.214545377120864,37.40222585455373,1,691.463541695731,2074.3906250871933,584.2909075424172,34.804451709107454,1481.2648681299188,27151817.235807113,20363862.92685535,5103438.863363322,273945.06842827494,14822205.882835206,1015500.0000000001,14986478.99506373,14548260.814406916,-2.60770320892334e-08
40680.0,49.24626675269079,37.50571334995844,1,688.0723905836206,2064.217171750862,584.9253350538157,35.01142669991688,1472.265396702636,27317367.982993986,20488025.987245504,5138516.074001706,276039.55138815456,14910815.911953425,1017000.0000000001,15073470.361855619,14634776.360565256,-2.421438694000244e-08
40740.0,49.27076138721173,37.60851067572472,1,684.360956182494,2053.0828685474817,585.4152277442346,35.217021351449446,1462.4462392204703,27482066.36084941,20611549.77063707,5173627.012898401,278146.41202460136,14998861.336930485,1018500.0000000001,15159776.345714044,14720714.924905868,-2.2351741790771484e-08
40800.0,49.2880419070629,37.71055942733447,1,680.3321548693702,2040.9964646081107,585.760838141258,35.42111885466895,1451.8163029579443,27645835.852757942,20734376.88956847,5208763.015704373,280265.5640065118,15086293.245258147,1020000.0000000001,15245348.309857562,14806027.681251619,-2.421438694000244e-08
40860.0,49.298119526475745,37.81180183829019,1,675.988847368517,2027.966542105551,585.9623905295149,35.62360367658037,1440.3842380984688,27808600.63475739,20856450.476068053,5243915.432327595,282396.9140327068,15173063.250843316,1021500.0000000001,15330138.129707733,14890666.336810596,-1.862645149230957e-08
40920.0,49.30100455720216,37.91218076388976,1,671.3338700645207,2014.001610193562,586.0200911440432,35.824361527779516,1428.1585036813754,27970285.565886,20977714.17441451,5279075.625537145,284540.36190747353,15259123.480519326,1023000.0000000001,15414098.186969869,14974583.118611837,-2.421438694000244e-08
40980.0,49.29670698593463,38.0116396700242,1,666.3700688120774,1999.1102064362321,585.9341397186926,36.023279340048404,1415.1474414151671,28130816.186351974,21098112.139763992,5314234.970220264,286695.8006144557,15344426.564754702,1024500.0000000001,15497181.368929252,15057730.764140233,-2.0489096641540527e-08
41040.0,49.28523711244931,38.11012262752815,1,661.1003348629929,1983.3010045889787,585.7047422489861,36.2202452550563,1401.3593564091134,28290118.724078998,21217589.043059263,5349384.8533694465,288863.1163895277,15428925.63300307,1026000.0000000001,15579341.073300272,15140062.516613532,-1.6763806343078613e-08
41100.0,49.266606241269415,38.20757431254441,1,655.5276425297184,1966.5829275891551,585.3321248253883,36.41514862508882,1386.8026038621156,28448120.110090237,21336090.08256769,5384516.674868158,291042.1887933475,15512574.314080484,1027500.0000000001,15660531.218906168,15221532.125287127,-1.6763806343078613e-08
41160.0,49.24082741952302,38.30394001329463,1,649.6550882057116,1948.9652646171348,584.8165483904604,36.60788002658926,1371.4856807410404,28604748.00310198,21453561.002326496,5419621.849134991,293232.8907843343,15595326.741898654,1029000.0000000001,15740706.262407154,15302093.851114308,-1.6763806343078613e-08
41220.0,49.20791621359365,38.39916564357826,1,643.4859303659824,1930.4577910979474,584.158324271873,36.798331287156515,1355.41732147993,28759930.82360729,21569948.11770548,5454691.807677276,295435.0887928589,15677137.566824293,1030500.0000000001,15819821.221235327,15381702.478031423,-1.6763806343078613e-08
41280.0,49.16789151712956,38.493197763252944,1,637.0236301760259,1911.0708905280776,583.3578303425912,36.98639552650589,1338.6065967361278,28913597.79764015,21685198.348230124,5489718.00259623,297648.64279747114,15757961.972876946,1032000.0000000001,15897831.702836404,15460313.33007946,-1.862645149230957e-08
41340.0,49.12077638298776,38.585983605880365,1,630.2718923439699,1890.8156770319097,582.4155276597553,37.17196721176073,1321.0630142492676,29065679.010322183,21799259.25774165,5524691.911076817,299873.40640401357,15837755.700920012,1033500.0000000001,15974693.940260803,15537882.294515986,-1.4901161193847656e-08
41400.0,49.066598871733476,38.67747111365353,1,623.2347058588402,1869.7041175765207,581.3319774346695,37.35494222730706,1302.796620863225,29216105.46920727,21912079.10190546,5559605.040886606,302109.2269284878,15916475.07794285,1035000.0000000001,16050364.834090356,15614365.851014353,-1.1175870895385742e-08
41460.0,49.00539290939949,38.76760897965483,1,615.916384267418,1847.7491528022542,580.1078581879898,37.53521795930966,1283.81810478998,29364809.1773548,22023606.883016113,5594448.936899115,304355.945484553,15994077.052476002,1036500.0000000001,16124802.000632431,15689721.106991438,-1.4901161193847656e-08
41520.0,48.937199147320925,38.85634669742875,1,608.3216051529125,1824.9648154587376,578.7439829464186,37.712693394857496,1264.1388972164789,29511723.21598028,22133792.411985222,5629215.188648424,306613.3970765336,16070519.236126978,1038000.0000000001,16197963.826260246,15763905.839050433,-1.6763806343078613e-08
41580.0,48.86206581700633,38.94363461778953,1,600.4554484906482,1801.3663454719447,577.2413163401267,37.887269235579055,1243.7712723817872,29656781.836452328,22242586.37733926,5663895.438913293,308881.4106988119,16145759.951170865,1039500.0000000001,16269809.52772714,15836878.540472046,-1.30385160446167e-08
41640.0,48.78004957317375,39.02942401272249,1,592.3234335689567,1776.9703007068701,575.600991463475,38.05884802544497,1222.7284452805882,29799920.56132906,22349940.420996804,5698481.393320725,311159.80944246403,16219758.28407847,1041000.0000000001,16340299.218233606,15908598.474636,-9.313225746154785e-09
41700.0,48.69121631827795,39.113667146178386,1,583.9315541773669,1751.7946625321008,573.824326365559,38.22733429235677,1201.0246661812855,29941076.294053312,22455807.220539995,5732964.830950703,313448.4106099809,16292474.144815119,1042500.0000000001,16409393.9789793,15979025.73420513,-9.313225746154785e-09
41760.0,48.595642002070896,39.19631735150303,1,575.2863117790507,1725.8589353371522,571.9128400414179,38.39263470300607,1178.67531118121,30080187.436856687,22560140.577642523,5767337.615916026,315747.02583888464,16363868.33169543,1044000.0000000001,16477055.9358876,16048121.305856535,-1.30385160446167e-08
41820.0,48.493413389978976,39.27732911519006,1,566.3947464000023,1699.184239200007,569.8682677995795,38.55465823038011,1155.6969680585303,30217194.01635614,22662895.512267116,5801591.709883513,318055.46123501955,16433902.601533914,1045500.0000000001,16543248.341148572,16115847.140298888,-9.313225746154785e-09
41880.0,48.38462879433814,39.35665816659292,1,557.2644649838165,1671.7933949514495,567.6925758867628,38.713316333185844,1132.1075167192505,30352037.81626476,22764028.36219858,5835719.185495555,320373.51751625526,16502539.744787946,1047000.0000000001,16607935.659186756,16182166.227271684,-1.30385160446167e-08
41940.0,48.269398762807285,39.43426157318362,1,547.9036669778345,1643.7110009335036,565.3879752561456,38.86852314636724,1107.9262035788076,30484662.5165799,22863496.887434937,5869712.240644017,322700.99016729183,16569743.665348802,1048500.0000000001,16671083.656623615,16247042.675181506,-1.4901161193847656e-08
42000.0,48.14784671857347,39.51009784089934,1,538.3211669340959,1614.9635008022879,562.9569343714694,39.02019568179868,1083.1737092603355,30615013.838557974,22961260.37891849,5903563.213541821,325037.66960620676,16635479.464598062,1050000.0000000002,16732659.49577045,16310441.794991849,-1.30385160446167e-08
42060.0,48.02010954727496,39.58412701907611,1,528.5264139266219,1585.5792417798657,560.4021909454992,39.16825403815221,1057.8722090361366,30743039.69473518,23057279.771051396,5937264.5985313095,327383.3413633232,16699713.529310953,1051500.0000000002,16792631.83115675,16372330.187947625,-1.4901161193847656e-08
42120.0,47.88633812589351,39.656310809428554,1,518.5295076053216,1555.5885228159646,557.7267625178702,39.31262161885711,1032.0454254847052,30868690.3432082,23151517.75740616,5970809.062562554,329737.78627291915,16762413.622955196,1053000.0000000002,16850970.908570673,16432675.836682271,-1.1175870895385742e-08
42180.0,47.746697789207616,39.7266126784992,1,508.3412107259208,1525.0236321777625,554.9339557841523,39.4532253569984,1005.7186728828351,30991918.545347963,23243938.90901098,6004189.462269291,332100.78067822807,16823548.97990357,1054500.0000000002,16907648.666063447,16491448.199225333,-1.4901161193847656e-08
42240.0,47.60136872975416,39.79499797296776,1,497.9729580150334,1493.9188740451002,552.0273745950831,39.58999594593551,978.9188929010145,31112679.72608342,23334509.794562574,6037398.861565093,334472.0966501113,16883090.402051166,1056000.0000000002,16962638.836347356,16548618.305401044,-1.1175870895385742e-08
42300.0,47.45054632761087,39.86143403718188,1,487.4368612494771,1462.3105837484313,549.0109265522175,39.72286807436376,951.6746812197956,31230932.135860894,23423199.10189568,6070430.549677741,336851.5022197077,16941010.357303772,1057500.0000000002,17015917.049998216,16604158.855084052,-1.4901161193847656e-08
42360.0,47.29444140669383,39.92589033224541,1,476.7457104494669,1430.2371313484007,545.8888281338766,39.85178066449082,924.0163047358317,31346637.013357878,23509977.76001842,6103278.059535552,339238.7616252864,16997283.079382457,1059000.0000000002,17067460.93885757,16658044.317757161,-1.1175870895385742e-08
42420.0,47.13328041465281,39.98833855597801,1,465.9129711060516,1397.7389133181548,542.6656082930562,39.97667711195602,895.9757090778196,31459758.748008743,23594819.06100657,6135935.1864156965,341633.6355734506,17051884.668371078,1060500.0000000002,17117250.23901741,16710251.032797618,-1.4901161193847656e-08
42480.0,46.96730552385211,40.04875276304244,1,454.9527773843096,1364.8583321529288,539.3461104770422,40.09750552608487,867.5865162055331,31570265.041383047,23677698.781037293,6168396.006761273,344035.8815147521,17104793.191418238,1062000.0000000002,17165266.892761257,16760757.309903476,-1.1175870895385742e-08
42540.0,46.79677465133287,40.10710948452095,1,443.8799212651976,1331.639763795593,535.9354930266574,40.214218969041895,838.8840119182148,31678127.066445783,23758595.299834345,6200654.897071135,346445.2539336972,17155988.782993216,1063500.0000000002,17211495.148829505,16809543.52905951,-7.450580596923828e-09
42600.0,46.62196139607811,40.16338784621233,1,432.70983761049774,1298.1295128314932,532.4392279215623,40.32677569242466,809.905123153169,31783319.623722546,23837489.71779192,6232706.552764201,348861.5046530304,17205453.74408654,1065000.0000000002,17255921.66037468,16856592.23943351,-1.1175870895385742e-08
42660.0,46.443154892328096,40.217569684914295,1,421.4585851571221,1264.3757554713663,528.8630978465619,40.43513936982859,780.6883850096905,31885821.293391455,23914365.9700436,6264546.006918218,351284.38315210183,17253172.639740456,1066500.0000000002,17298535.579973273,16901888.25658835,-7.450580596923828e-09
42720.0,46.26065957813295,40.26963966195351,1,410.14282346881856,1230.4284704064557,525.2131915626591,40.539279323907024,751.2738974889016,31985614.582327828,23989210.93674588,6296168.64878171,353713.6368990298,17299132.394292172,1068000.0000000002,17339328.65106513,16945418.757393137,-1.1175870895385742e-08
42780.0,46.07479487877089,40.31958537322694,1,398.77978589526975,1196.3393576858093,521.4958975754178,40.639170746453885,721.7032719952107,32082686.06513692,24062014.548852697,6327570.241957112,356149.01169628534,17343322.38371402,1069500.0000000002,17378295.295199286,16987173.372017723,-1.1175870895385742e-08
42840.0,45.885894805110105,40.36739745502355,1,387.38724861035024,1162.1617458310507,517.7178961022021,40.7347949100471,692.0195677008539,32177026.51822471,24132769.888668537,6358746.942152952,358590.25203923584,17385734.524438933,1071000.0000000002,17415432.694476336,17027144.272399686,-1.4901161193847656e-08
42900.0,45.69430746744249,40.41306968490472,1,375.983495823085,1127.950487469255,513.8861493488498,40.82613936980944,662.2672179302366,32268631.045976475,24201473.284482364,6389695.314403268,361037.10148709797,17426363.358067457,1072500.0000000002,17450740.868591983,17065326.256580345,-1.4901161193847656e-08
42960.0,45.50039450577123,40.45659907693531,1,364.58728127627774,1093.7618438288332,510.00789011542463,40.913198153870624,632.4919467760244,32357499.198138054,24268124.398603547,6420412.349653384,363489.303045664,17465206.131363593,1074000.0000000002,17484222.74590449,17101716.82831792,-1.1175870895385742e-08
43020.0,45.30453043798802,40.49798597057416,1,353.21778616903595,1059.653358507108,506.0906087597604,40.995971941148326,602.7406762136977,32443635.077524666,24332726.308143504,6450895.480612593,365946.59956108255,17502262.87096109,1075500.0000000002,17515884.22796982,17136316.2714,-7.450580596923828e-09
43080.0,45.10710192782631,40.53723411255445,1,341.894573660113,1025.6837209803389,502.14203855652613,41.0744682251089,573.0614240350907,32527047.437217504,24395285.577913128,6481142.596776309,368408.73412389215,17537536.452219427,1077000.0000000002,17545734.247012917,17169127.718095522,-7.450580596923828e-09
43140.0,44.90850697492643,40.57435073110906,1,330.63754012931463,991.9126203879439,498.17013949852867,41.14870146221811,543.5031929746988,32607749.766448375,24455812.32483628,6511152.058522776,370875.4504824273,17571032.661689613,1078500.0000000002,17573784.815831065,17200157.21120717,-1.1175870895385742e-08
43200.0,44.709154029787854,40.60934660192486,1,319.46686339375884,958.4005901812766,494.1830805957571,41.218693203849725,514.1158514540191,32685760.364417505,24514320.27331313,6540922.710192479,373346.4934646414,17602760.25267384,1080000.0000000002,17600051.069656003,17229413.759209186,-7.450580596923828e-09
43260.0,44.509461036820156,40.64223610524255,1,308.4029480947163,925.2088442841489,490.1892207364031,41.284472210485106,484.95000641983137,32761102.401339248,24570826.801004436,6570453.892062034,375821.6094073183,17632730.993390102,1081500.0000000002,17624551.299535077,17256909.383982774,-7.450580596923828e-09
43320.0,44.309854409124206,40.67303727355428,1,297.4663684886994,892.3991054660983,486.1970881824841,41.34607454710856,456.05686880046886,32833803.966064256,24625352.97454819,6599745.45112837,378300.5465915778,17660959.707282964,1083000.0000000002,17647306.97682824,17282659.160691377,-3.725290298461914e-09
43380.0,44.11076793904788,40.7017718293909,1,286.67780889351906,860.0334266805571,482.2153587809577,41.4035436587818,427.48811215098556,32903898.099684976,24677923.57476373,6628797.750623707,380783.0556835142,17687464.30505431,1084500.0000000002,17668342.768456507,17306681.24937079,0.0
43440.0,43.9126416489515,40.728465212733354,1,276.05800205593624,828.1740061678088,478.25283297903,41.45693042546671,399.29572510175535,32971422.814593278,24728567.110944957,6657611.678186851,383268.8901787516,17712265.80802384,1086000.0000000002,17687686.542579357,17328996.917845085,0.0
43500.0,43.71592058699711,40.75314659762817,1,265.62766572217805,796.8829971665341,474.3184117399421,41.50629319525633,371.5318582668652,33036421.098524906,24777315.823893674,6686188.652621931,385757.80684964475,17735388.362466794,1087500.0000000002,17705369.3644221,17349630.555617146,3.725290298461914e-09
43560.0,43.52105357312821,40.77584889763578,1,255.4074377059926,766.2223131179778,470.42107146256427,41.551697795271565,344.2486663067508,33098940.903194543,24824205.677395903,6714530.6291816635,388249.5661938073,17756859.244617324,1089000.0000000002,17721425.482020438,17368609.678423513,7.450580596923828e-09
43620.0,43.32849190074047,40.79660875979157,1,245.41780976073207,736.2534292821962,466.5698380148093,41.593217519583135,317.49814587499196,33159035.117197458,24869276.33789809,6742640.103318633,390743.9328826074,17776708.856068354,1090500.0000000002,17735892.30169686,17385964.92318575,7.450580596923828e-09
43680.0,43.13868799984761,40.81546654681286,1,235.6790605723532,707.0371817170596,462.7737599969522,41.630933093625714,291.3319702105582,33216761.522928517,24912571.142196383,6770520.112854889,393240.67620823573,17794970.709343784,1092000.0000000002,17748810.35313326,17401730.03313555,0.0
43740.0,42.952094067826614,40.83246630734126,1,226.21118819882525,678.6335645964757,459.04188135653226,41.66493261468251,265.80132116486385,33272182.737346504,24954137.05300988,6798174.2385272635,395739.5705279225,17811681.403465215,1093500.0000000002,17760223.24395469,17415941.83293729,-3.725290298461914e-09
43800.0,42.76916067407131,40.84765573406674,1,217.03384228841685,651.1015268652505,455.3832134814262,41.69531146813348,240.95671947657272,33325366.13649068,24994024.60236801,6825606.602873285,398240.39570385736,17826880.589383654,1095000.0000000002,17770177.603790864,17428640.193679795,-3.725290298461914e-09
43860.0,42.59033534509874,40.86108610963939,1,208.16625641436156,624.4987692430847,451.80670690197474,41.722172219278775,216.84785412660236,33376383.763736863,25032287.822802648,6852821.867430284,400742.9375373527,17840610.92519588,1096500.0000000002,17778723.017835006,17439867.987658527,-3.725290298461914e-09
43920.0,42.416061136831765,40.872812240334824,1,199.62718086664557,598.8815425999367,448.32122273663526,41.74562448066965,193.52341162071636,33425312.22186189,25068984.16639642,6879825.2282282505,403246.9881957808,17852918.02111569,1098000.0000000002,17785911.94997239,17449671.032919914,3.725290298461914e-09
43980.0,42.24677520092337,40.88289237750062,1,191.4348162428259,574.3044487284776,444.93550401846744,41.765784755001235,171.0309060572136,33472232.549067132,25104174.41180035,6906622.409565167,405752.34663081786,17863850.37422133,1099500.0000000002,17791799.655604366,17458098.027590517,0.0
44040.0,42.08290735209384,40.891388126872734,1,183.60674817906897,550.8202445372069,441.6581470418768,41.78277625374547,149.4165108427268,33517230.07919383,25137922.559395373,6933219.656061832,408258.81898653216,17873459.293052133,1101000.0000000002,17796444.084347013,17465200.474065606,3.725290298461914e-09
44100.0,41.9248786435145,40.898364345912974,1,176.1598835597203,528.4796506791608,438.49757287029007,41.79672869182595,128.72489291923182,33560394.2864446,25170295.71483345,6959623.723001615,410766.2189958697,17881798.81217911,1102500.0000000002,17799905.772835962,17471032.593183246,-3.725290298461914e-09
44160.0,41.77309995729797,40.90388902938027,1,169.11038853890435,507.33116561671306,435.46199914595945,41.80777805876053,108.99905036088033,33601818.615006015,25201363.96125451,6985841.864969029,413274.368364112,17888925.596926007,1104000.0000000002,17802247.727921374,17475651.228561904,3.725290298461914e-09
44220.0,41.62797061713442,40.908033183409785,1,162.4736287006784,487.4208861020352,432.55941234268846,41.81606636681957,90.28015418906963,33641600.29404663,25231200.220534977,7011881.822809476,415783.0971379099,17894898.838468477,1105500.0000000002,17803535.300587595,17479115.74133058,3.725290298461914e-09
44280.0,41.48987703005585,40.91087068843433,1,156.2641116753307,468.7923350259921,429.797540601117,41.82174137686866,72.60739523933884,33679840.13864187,25259880.10398141,7037751.808940939,418292.24405853375,17899780.139589626,1107000.0000000002,17803836.05098194,17481487.8955311,3.725290298461914e-09
44340.0,41.359191364205216,40.91247815134147,1,150.49543251843852,451.48629755531556,427.1838272841043,41.824956302682935,56.017836893114094,33716642.33725236,25287481.752939276,7063460.491056711,420801.656898024,17903633.39141948,1108500.0000000002,17803219.604984544,17482831.734521467,3.725290298461914e-09
44400.0,41.23627026934512,40.91293474731715,1,145.1802221463399,435.5406664390197,424.72540538690237,41.825869494634304,40.546274462307146,33752114.2264543,25314085.669840727,7089016.974266438,423311.1927769771,17906524.64153411,1110000.0000000002,17801757.502797313,17483213.448757138,0.0
44460.0,41.1214536466516,40.91232205188233,1,140.33009910688097,420.99029732064287,422.42907293303205,41.824644103764655,26.22510198406707,33786366.05368911,25339774.540266834,7114430.781730678,425820.71846275876,17908521.953836378,1111500.0000000002,17799523.040073402,17482701.235373627,3.725290298461914e-09
44520.0,41.01506347411251,40.91072386368171,1,135.95562494760182,407.8668748428055,420.3012694822502,41.82144772736342,13.084187148022163,33819510.72886475,25364633.04664857,7139711.8338519735,428330.11064700125,17909695.2606849,1113000.0000000002,17796591.1021496,17481365.15003791,3.725290298461914e-09
44580.0,40.917402693580534,40.90822601863447,1,132.06626342518862,396.1987902755659,418.34805387161066,41.816452037268945,1.150755038236147,33851663.56570164,25388747.674276233,7164870.426092801,430839.25620131014,17910116.20777972,1114500.0000000002,17793037.99198213,17479276.95157842,7.450580596923828e-09
44640.0,40.82875416522544,40.90491619610389,1,128.67034377998417,386.0110313399525,416.5750833045088,41.80983239220778,-9.55071867215764,33882942.01377236,25412206.510329276,7189917.205497857,433348.05241018406,17909857.99235303,1116000.0000000002,17788941.252421234,17476509.93994285,0.0
44700.0,40.749379694785766,40.900883717786854,1,125.77502827789614,377.32508483368844,414.98759389571535,41.80176743557371,-18.99860448433646,33913465.382235564,25435099.036676683,7214863.146004861,435856.4071802305,17908995.19525003,1117500.0000000002,17784379.483491596,17473138.78806981,7.450580596923828e-09
44760.0,40.679519138641695,40.8962193400645,1,123.38628419916712,370.1588525975014,413.5903827728339,41.792438680128996,-27.174205258419523,33943354.55631017,25457515.917232636,7239719.522634249,438364.2392248482,17907603.607518755,1119000.0000000002,17779432.155373544,17469239.36829392,3.725290298461914e-09
44820.0,40.61938959132043,40.89101504059184,1,121.50886042944262,364.52658128832786,412.38779182640855,41.78203008118368,-34.06183133863499,33972731.707576275,25479548.780682217,7264497.884653996,440871.4782236387,17905760.052158408,1120500.0000000002,17774179.417804584,17464888.57393478,3.725290298461914e-09
44880.0,40.56918465960349,40.88536379993624,1,120.14626878344824,360.4388063503447,411.38369319206987,41.77072759987249,-39.64886419772683,34001719.99922352,25501289.99941765,7289210.027821002,443378.0649559025,17903542.20170259,1122000.0000000002,17768701.906640753,17460164.1367467,3.725290298461914e-09
44940.0,40.5290738269382,40.87935937910265,1,119.30077016562336,357.9023104968701,410.58147653876404,41.758718758205305,-43.9258082414221,34030443.28739572,25522832.4655468,7313867.965805237,445883.951407677,17901028.392337486,1123500.0000000002,17763080.54833389,17455144.44092982,3.725290298461914e-09
45000.0,40.49920191136245,40.87309609380693,1,118.9733656453541,356.9200969360623,409.98403822724896,41.74619218761386,-46.88633047853789,34059025.81980252,25544269.364851907,7338483.900907007,448389.1008518737,17898297.435274456,1125000.0000000002,17757396.36309303,17449908.334422592,3.725290298461914e-09
45060.0,40.47968861964043,40.86666858637703,1,119.16379249725405,357.49137749176214,409.59377239280855,41.73333717275406,-48.52728782877012,34087591.93278422,25565693.94958818,7363070.194181202,450893.48790117656,17895428.426112365,1126500.0000000002,17751730.267505806,17444534.9382112,7.450580596923828e-09
45120.0,40.47062819977589,40.8601715961758,1,119.87052522939277,359.6115756881783,409.41256399551776,41.720343192351606,-48.84874190854938,34116265.748024546,25587199.311018426,7387639.335085343,453397.0985334716,17892500.552936435,1128000.0000000002,17746162.87739961,17439103.454402972,-3.725290298461914e-09
45180.0,40.47208919352687,40.85369972944785,1,121.09078159469453,363.2723447840836,409.4417838705374,41.707399458895694,-47.85396120449053,34145170.87010866,25608878.152581505,7412203.91077052,455899.9300896825,17889592.903908074,1129500.0000000002,17740774.311721303,17433692.9738184,0.0
45240.0,40.484114289992185,40.84734722949682,1,122.82053355309978,368.46160065929934,409.6822857998437,41.69469445899364,-45.549410613881115,34174430.08611882,25630822.564589128,7436776.575135903,458401.99124399986,17886784.27510333,1131000.0000000002,17735643.998209227,17428382.283859342,0.0
45300.0,40.50672028078105,40.841207748098434,1,125.05452312470264,375.1635693741079,410.13440561562106,41.68241549619687,-41.94472840159952,34204165.06844944,25653123.801337097,7461370.017768488,460903.30194659566,17884152.97935688,1132500.0000000002,17730850.481622007,17423249.67741029,-7.450580596923828e-09
45360.0,40.539898116716124,40.83537411904815,1,127.78628304712474,383.3588491413742,410.7979623343225,41.670748238096294,-37.05269069243572,34234496.082005344,25675872.06150402,7485996.932889996,463403.89333902724,17881776.656863272,1134000.0000000002,17726471.235274993,17418372.76352425,-3.725290298461914e-09
45420.0,40.58361306546054,40.82993813473137,1,131.0081621240768,393.0244863722304,411.6722613092108,41.65987626946274,-30.88916368656226,34265541.69692323,25699156.272692446,7510669.988432462,465903.8076426392,17879732.088278063,1135500.0000000002,17722582.476617336,17413828.280635428,-7.450580596923828e-09
45480.0,40.63780496890659,40.82499032658821,1,134.71135512653194,404.1340653795958,412.75609937813186,41.649980653176414,-23.473043853274344,34297418.507926255,25723063.880944706,7535401.795362978,468403.0980203789,17878095.011048116,1137000.0000000002,17719258.98756134,17409691.91302774,-7.450580596923828e-09
45540.0,40.70238859861944,40.82061975032361,1,138.88593708342393,416.6578112502718,414.0477719723889,41.64123950064722,-14.826186423702344,34330240.86138493,25747680.646038715,7560204.877376328,470901.8284125438,17876939.93968308,1138500.0000000002,17716573.940249827,17406038.111270536,-1.4901161193847656e-08
45600.0,40.777254107099,40.816913776688736,1,143.52090177538625,430.5627053261587,415.54508214197995,41.63382755337747,-4.973322566553227,34364120.591116324,25773090.443337265,7585091.641071901,473400.0733470806,17876339.99065886,1140000.0000000002,17714598.72891827,17402939.917311784,-1.4901161193847656e-08
45660.0,40.862267572109516,40.81395788862916,1,148.6042042230066,445.8126126690198,417.2453514421903,41.62791577725832,6.058034308436478,34399166.76390537,25799375.072929047,7610074.346728256,475897.91772515205,17876366.71261913,1141500.0000000002,17713402.80847562,17400468.79489398,-1.4901161193847656e-08
45720.0,40.957271630833795,40.81183548556166,1,154.12280694043238,462.36842082129715,419.14543261667586,41.62367097112332,18.237692617125823,34435485.43567995,25826614.076759983,7635165.079785127,478395.4565827818,17877089.92251233,1143000.0000000002,17713053.540392052,17398694.465929545,-2.2351741790771484e-08
45780.0,41.06208620013981,40.81062769550307,1,160.06272970618159,480.18818911854476,421.2417240027962,41.621255391006144,31.532896481446848,34473179.41921415,25854884.564410634,7660375.723138476,480892.7948294769,17878577.548270043,1144500.0000000002,17713616.04644267,17397684.75344057,-1.4901161193847656e-08
45840.0,41.176509278805185,40.810413195732934,1,166.40910258567195,499.22730775701586,423.5301855761037,41.62082639146587,45.908448817260165,34512348.06417211,25884261.048129108,7685717.93034947,483390.04696481075,17880895.478597544,1146000.0000000002,17715153.070814814,17397505.431632735,-1.4901161193847656e-08
45900.0,41.3003178271337,40.81126804262632,1,173.1462219245404,519.4386657736212,426.0063565426741,41.622536085252634,61.326842977226285,34553087.05023958,25914815.287679706,7711203.099863048,485887.33677402994,17884107.42040963,1147500.0000000002,17717724.851042606,17398220.083635602,-2.2351741790771484e-08
45960.0,41.43326871901694,40.81326551124479,1,180.2576090182154,540.7728270546462,428.66537438033873,41.62653102248959,77.74840225462674,34595488.19402096,25946616.14551574,7736842.350326003,488384.7970038209,17888274.764404465,1149000.0000000002,17721388.998185903,17399889.967400648,-1.4901161193847656e-08
46020.0,41.57509976115101,40.81647594522224,1,187.72607115166275,563.1782134549883,431.5019952230202,41.632951890444474,95.13142651746797,34639639.270307824,25979729.45273089,7762646.497088374,490882.5690194397,17893456.459225234,1150500.0000000002,17726200.386623055,17402573.89020579,-2.2351741790771484e-08
46080.0,41.72553077380856,40.82096661742863,1,195.53376469367154,586.6012940810147,434.51061547617115,41.64193323485726,113.43234521004277,34685623.84824979,26014217.886187367,7788626.029965411,493380.80244447093,17899708.894614812,1152000.0000000002,17732211.053777464,17406328.092170335,-2.2351741790771484e-08
46140.0,41.88426472729872,40.826801601838866,1,203.66225992260698,610.986779767821,437.68529454597444,41.65360320367773,132.60587593266573,34733521.14288238,26050140.857161805,7814791.092330476,495879.6547845337,17907085.793921836,1153500.0000000002,17739470.110046774,17411206.139137294,-1.862645149230957e-08
46200.0,42.05098892801661,40.83404165697654,1,212.0926072552628,636.2778217657884,441.01977856033216,41.668083313953076,152.60518778842473,34783405.882388,26087554.411791027,7841151.461602064,498379.29103630385,17915638.116268698,1155000.0000000002,17748023.659152634,17417258.825232387,-2.60770320892334e-08
46260.0,42.22537624779754,40.842744121243356,1,220.80540454720676,662.4162136416203,444.5075249559508,41.68548824248671,173.38206866989478,34835348.19138716,26126511.1435404,7867716.531180709,500879.8832832592,17925413.96864271,1156500.0000000002,17757914.72907641,17424534.085359447,-2.2351741790771484e-08
46320.0,42.40708639014313,40.8529628203853,1,229.7808651319879,689.3425953959637,448.14172780286253,41.7059256407706,194.88709564763153,34889413.49047698,26167060.11785776,7894495.293883891,503381.61027959007,17936458.528121706,1158000.0000000002,17769183.21369426,17433076.917842112,-2.2351741790771484e-08
46380.0,42.59576718678428,40.86474798728614,1,238.99888626753477,716.9966588026043,451.9153437356856,41.729495974572274,217.06980761706703,34945662.41215464,26209246.809116002,7921496.326919261,505884.65702374507,17948813.974394962,1159500.0000000002,17781865.825172976,17442929.317371212,-1.862645149230957e-08
46440.0,42.79105591798267,40.87814619421824,1,248.4391176611977,745.3173529835931,455.8211183596534,41.75629238843648,239.87887936005936,35004150.73318392,26253113.049887966,7948727.778428661,508389.21432309673,17962519.43268955,1161000.0000000002,17795996.05713619,17454130.218366448,-1.862645149230957e-08
46500.0,42.992580649954014,40.89320029762039,1,258.08102974989436,774.2430892496831,459.8516129990803,41.78640059524078,263.2622961826366,35064929.32338481,26298696.992538627,7976197.355627429,510895.47835122986,17977610.927161876,1162500.0000000002,17811604.158559956,17466715.448810644,-1.1175870895385742e-08
46560.0,43.19996158281788,40.90994939541225,1,267.9039814188551,803.7119442565653,463.99923165635755,41.819898790824496,287.16752830066594,35128044.110749125,26346033.083061866,8003912.31455559,513403.6501993551,17994121.344763994,1164000.0000000002,17828717.11830691,17480717.69456464,-1.4901161193847656e-08
46620.0,43.412812402540695,40.92842879679641,1,277.88728685122857,833.6618605536858,468.2562480508139,41.85685759359282,311.5417041603332,35193536.062710516,26395152.04703291,8031879.451449633,515913.9354233501,18012080.409545153,1165500.0000000002,17847358.66015991,17496166.474121798,-1.862645149230957e-08
46680.0,43.63074163044182,40.948670004441134,1,288.0102812114175,864.0308436342525,472.61483260883637,41.89734000888227,336.33178190048585,35261441.18332416,26446080.88749314,8060105.095735788,518426.54358792165,18031514.667300712,1167000.0000000002,17867549.248169415,17513088.12371279,-1.4901161193847656e-08
46740.0,43.85335396396954,40.97070070888088,1,298.25238487712505,894.7571546313752,477.0670792793908,41.94140141776175,361.4847181881183,35331790.52604188,26498842.894531436,8088595.104638102,520941.6878093641,18052447.480433777,1168500.0000000002,17889306.10208396,17531505.792624414,-1.1175870895385742e-08
46800.0,44.08025160263227,40.994544794917736,1,308.59316594882813,925.7794978464844,481.60503205264547,41.98908958983547,386.9476336874029,35404610.22170161,26553457.666276228,8117354.859387134,523459.58429836907,18074899.032849602,1170000.0000000002,17912643.22259071,17551439.448551226,-1.4901161193847656e-08
46860.0,44.311035553176055,41.02022235975482,1,319.0124007803591,957.0372023410773,486.2207110635211,42.04044471950964,412.667974455023,35479921.521286495,26609941.14096489,8146389.263007897,525980.451904309,18098886.344659343,1171500.0000000002,17937571.426052667,17572905.892755028,-1.862645149230957e-08
46920.0,44.54530690834349,41.04774974254319,1,329.49013229058045,988.4703968717413,490.9061381668698,42.09549948508638,438.5936685913578,35557740.85294981,26668305.63971238,8175702.739658714,528504.5116623867,18124423.296428505,1173000.0000000002,17964098.38839126,17595918.784766108,-1.862645149230957e-08
46980.0,44.78266809381544,41.07713956497751,1,340.0067258334168,1020.0201775002504,495.65336187630874,42.154279129955015,464.6732775162765,35638079.89274593,26728559.919559464,8205299.235486027,531031.9863449953,18151520.662666198,1174500.0000000002,17992228.69772843,17620488.676321197,-1.1175870895385742e-08
47040.0,45.02272407823566,41.10840078253147,1,350.5429224217221,1051.6287672651663,500.4544815647132,42.21680156506294,490.8561412813058,35720945.6484564,26790709.23634232,8235182.220953867,533563.1000185941,18180186.15421491,1176000.0000000002,18021963.915369846,17646623.05419631,-1.1175870895385742e-08
47100.0,45.26508354153463,41.14153874588399,1,361.0798891194561,1083.2396673583683,505.3016708306926,42.28307749176798,517.09251737459,35806340.55585358,26854755.416890208,8265354.694600808,536098.0776073477,18210424.469166372,1177500.0000000002,18053302.644682035,17674326.391559016,-1.4901161193847656e-08
47160.0,45.509359997110295,41.17655527204934,1,371.59926643611504,1114.797799308345,510.1871999422059,42.35311054409868,543.3337125226435,35894262.58670169,26920696.940026287,8295819.188171643,538637.1444647246,18242237.35189798,1179000.0000000002,18086240.607389905,17703600.20743325,-1.4901161193847656e-08
47220.0,45.75517286377698,41.21344872469108,1,382.08321257736003,1146.2496377320801,515.1034572755395,42.42689744938215,569.5322070413719,35984705.367758006,26988529.025818527,8326577.773065929,541180.5259541859,18275623.659795936,1180500.0000000002,18120770.726798397,17734443.13384174,-1.4901161193847656e-08
47280.0,46.00214848376568,41.25221410306912,1,392.5144444258748,1177.5433332776242,520.0429696753135,42.50442820613824,595.6417713393483,36077658.31000421,27058243.732503183,8357632.068040857,543728.4470400375,18310579.437205836,1182000.0000000002,18156883.21742227,17766850.990165785,-2.2351741790771484e-08
47340.0,46.24992108343594,41.29284313904286,1,402.87627514676865,1208.628825440306,524.9984216687188,42.58568627808572,621.6175742268928,36173106.74730995,27129830.06048249,8388983.248101665,546281.1318894444,18347097.99612928,1183500.0000000002,18194565.68049137,17800816.86423983,-1.4901161193847656e-08
47400.0,46.49813367374804,41.335324401530066,1,413.1526483318663,1239.457944995599,529.9626734749609,42.67064880306013,647.4162827361343,36271032.08370788,27203274.062780935,8420632.054509029,548838.803486538,18385170.003165677,1185000.0000000002,18233803.20478536,17836331.199679136,-1.1175870895385742e-08
47460.0,46.74643888793242,41.37964340780248,1,423.3281686171013,1269.984505851304,534.9287777586484,42.759286815604966,672.9961532082941,36371411.94844121,27278558.961330935,8452578.805829585,551401.683259476,18424783.57218236,1186500.0000000002,18274578.472241864,17873381.888922878,-1.1175870895385742e-08
47520.0,46.99449975418288,41.42578274098296,1,433.38812872652665,1300.1643861795799,539.8899950836576,42.85156548196592,698.3171134552703,36474220.35793145,27355665.268448617,8484823.409952866,553969.9907212356,18465924.362183,1188000.0000000002,18316871.8677745,17911954.371461757,-1.1175870895385742e-08
47580.0,47.2419904015866,41.4737221730974,1,443.31853291525476,1329.9555987457643,544.839808031732,42.9474443461948,723.3408358525454,36579427.88380484,27434570.91285366,8517365.376995567,556543.9431248473,18508575.679834288,1189500.0000000002,18360661.592733227,17952031.736709427,-1.862645149230957e-08
47640.0,47.48859669788045,41.52343879302616,1,453.1061168015627,1359.318350404688,549.771933957609,43.04687758605232,748.0308012687284,36687001.82611187,27515251.369583927,8550203.833012145,559123.7551336932,18552718.586103577,1191000.0000000002,18405923.781438075,17993594.83096987,-1.4901161193847656e-08
47700.0,47.73401681799471,41.574907138694634,1,462.7383635955186,1388.2150907865557,554.6803363598941,43.14981427738927,772.3523537842291,36796906.390873775,27597679.793155357,8583337.534429284,561709.6385074236,18598332.00645615,1192500.0000000002,18452632.620218635,18036622.367948715,-1.862645149230957e-08
47760.0,47.97796174269612,41.628099332841046,1,472.2035167474439,1416.6105502423318,559.5592348539224,43.25619866568209,796.2727461958258,36909102.87109366,27681827.153320268,8616764.88312074,564301.8018039545,18645392.844059087,1194000.0000000002,18500760.468395557,18081091.042255115,-1.862645149230957e-08
47820.0,48.22015568698448,41.682985221700804,1,481.49058905441854,1444.4717671632557,564.4031137396895,43.36597044340161,819.7611763465725,37023549.830377296,27767662.372782994,8650483.942038398,566900.4500979414,18693876.095439833,1195500.0000000002,18550277.98064664,18126975.645341873,-1.4901161193847656e-08
47880.0,48.4603364582125,41.739532515951154,1,490.58936827655714,1471.7681048296713,569.2067291642501,43.47906503190231,842.788814359573,37140203.28831952,27855152.466239665,8684492.451315256,569505.7847160357,18743754.96805122,1197000.0000000002,18601154.230208352,18174249.183335166,-1.862645149230957e-08
47940.0,48.69825574419827,41.79770693326705,1,499.49041932695025,1498.4712579808506,573.9651148839654,43.5954138665341,865.3288208907749,37259016.90682596,27944262.68011949,8718787.844756084,572118.0029891582,18795000.999200433,1198500.0000000002,18653356.832374226,18222882.996211253,-1.862645149230957e-08
48000.0,48.933679331870316,41.85747234184848,1,508.18508310989256,1524.5552493296777,578.6735866374063,43.714944683696956,887.3563565487384,37379942.17655656,28034956.632417437,8753367.26663209,574737.2980219441,18847584.175807297,1200000.0000000002,18706852.067763384,18272846.87778533,-1.862645149230957e-08
48060.0,49.166387257233346,41.918790904291505,1,516.6654720911293,1549.9964162733881,583.3277451446669,43.83758180858301,908.8485826589068,37502928.60269638,28127196.452022303,8788227.588696644,577363.8584794383,18901473.054467164,1201500.0000000002,18761605.004846197,18324109.195987698,-2.60770320892334e-08
48120.0,49.396173887658726,41.981623221188904,1,524.9244626914909,1574.7733880744727,587.9234777531746,43.96324644237781,929.7846535753156,37627923.88928017,28220942.916960143,8823365.427340267,579997.8683910441,18956634.881305,1203000.0000000002,18817579.621228803,18376637.012913924,-2.60770320892334e-08
48180.0,49.622847937694615,42.045928473861814,1,532.9556846011938,1598.8670538035813,592.4569587538923,44.09185694772363,950.1457007646333,37754874.12131985,28316155.590989903,8858777.160804328,582639.5069716582,19013035.711120162,1204500.0000000002,18874738.923213895,18430396.204148475,-2.2351741790771484e-08
48240.0,49.846232419745846,42.11166456564059,1,540.7535071165215,1622.2605213495644,596.9246483949169,44.223329131281176,969.9148089047993,37883723.94400813,28412792.95800611,8894458.946374513,585288.9484598528,19070640.525335416,1206000.0000000002,18933045.06317172,18485351.57687553,-2.60770320892334e-08
48300.0,50.06616453110278,42.178788261131295,1,548.3130226033177,1644.939067809953,601.3232906220555,44.35757652226259,989.0769842544239,38014416.73829595,28510812.55372197,8930406.737476753,587946.3619728956,19129413.348278683,1207500.0000000002,18992459.454272304,18541466.986305762,-2.2351741790771484e-08
48360.0,50.282495478892386,42.247255322922655,1,555.6300271930436,1666.8900815791308,605.6499095778477,44.49451064584531,1007.6191155586042,38146894.792167015,28610171.09412527,8966616.300600192,590611.9113783332,19189317.3613417,1209000.0000000002,19052942.882146724,18598705.44996334,-2.2351741790771484e-08
48420.0,50.49509024459015,42.3170206452082,1,562.7009988169125,1688.1029964507375,609.9018048918031,44.634041290416405,1025.5299277624963,38281099.46695782,28710824.600218378,9003083.231973648,593285.7551818003,19250315.014575884,1210500.0000000002,19114455.61306291,18657029.259394057,-1.862645149230957e-08
48480.0,50.7038272897671,42.3880383838175,1,569.5230726821554,1708.5692180464662,614.076545795342,44.776076767635004,1042.7999288060792,38416971.358096905,28812728.518572688,9039802.97392408,595968.0464306517,19312368.135302108,1212000.0000000002,19176957.498217937,18716400.08887143,-2.2351741790771484e-08
48540.0,50.908598204752366,42.46026208217031,1,576.0940142917271,1728.2820428751816,618.1719640950473,44.92052416434062,1059.4213497717897,38554450.44966154,28915837.83724616,9076770.83084752,598658.9326329598,19375438.033327363,1213500.0000000002,19240408.073765665,18776779.10069438,-1.4901161193847656e-08
48600.0,51.109307301876015,42.53364479268686,1,582.4121901051376,1747.2365703154128,622.1861460375203,45.067289585373715,1075.3880786523202,38693476.26217428,29020107.196630716,9113981.984724993,601358.5556913574,19439485.602377594,1215000.0000000002,19304766.656214353,18838127.046686213,-1.4901161193847656e-08
48660.0,51.305871154913916,42.60813919320636,1,588.4765359336,1765.4296078007999,626.1174230982783,45.216278386412725,1090.6955879981272,38833987.993084356,29125490.99481328,9151431.510117881,604067.0518511549,19504471.417371694,1216500.0000000002,19369992.432844225,18900404.36552052,-1.862645149230957e-08
48720.0,51.498218086300376,42.683697697984364,1,594.2865231577731,1782.8595694733194,629.9643617260075,45.36739539596873,1105.3408566948278,38975924.649400905,29231943.48705069,9189114.388579136,606784.5516621072,19570355.82717706,1218000.0000000002,19436044.54680943,18963571.275514927,-1.4901161193847656e-08
48780.0,51.686287603600114,42.760272562857,1,599.8421228512022,1799.5263685536067,633.7257520720023,45.520545125713994,1119.3222861091867,39119225.17196555,29339418.878974166,9227025.522418551,609511.179953153,19637099.042501625,1219500.0000000002,19502882.17660245,19027587.86254845,-1.1175870895385742e-08
48840.0,51.87002978665225,42.837815984177084,1,605.1437678875424,1815.4313036626272,637.4005957330451,45.67563196835417,1132.6396108303861,39263828.55087109,29447871.41315332,9265159.747762075,612247.0558194056,19704661.218591474,1221000.0000000002,19570464.609571826,19092414.16277204,-1.1175870895385742e-08
48900.0,52.04940462671579,42.916280191142924,1,610.1923131051587,1830.5769393154762,640.9880925343158,45.83256038228585,1145.2938042208375,39409673.93155148,29557255.448663615,9303511.846846754,614992.2926206223,19773002.532416135,1222500.0000000002,19638751.30919622,19158010.239795484,-2.2351741790771484e-08
48960.0,52.22438131886997,42.99561753115544,1,614.9889935990814,1844.966980797244,644.4876263773995,45.99123506231088,1157.2869789794024,39556700.71108513,29667525.53331385,9342076.559494503,617746.9979903386,19842083.254036315,1224000.0000000002,19707701.975828998,19224336.25604595,-1.1175870895385742e-08
49020.0,52.3949375088589,43.07578054785384,1,619.5353812080923,1858.606143624277,647.898750177178,46.15156109570768,1168.622282910035,39704848.6242704,29778636.468202803,9380848.593709286,620511.2738548099,19911863.811860647,1225500.0000000002,19777276.600638695,19291352.53800581,-1.1175870895385742e-08
49080.0,52.56105849552817,43.15672205149343,1,623.8333392642878,1871.5000177928634,651.2211699105635,46.313444102986864,1179.3037900819563,39854057.81904809,29890543.36428607,9419822.63534376,623285.2164608608,19982304.851509403,1227000.0000000002,19847435.512481432,19359019.63504851,-1.4901161193847656e-08
49140.0,52.722736389990324,43.23839518134253,1,627.8849756743875,1883.6549270231626,654.4547277998065,46.476790362685065,1189.336387564433,40004268.92086226,30003201.690646697,9458993.356782768,626068.9164117043,20053367.28801409,1228500.0000000002,19918139.417452212,19427298.371602356,-1.1175870895385742e-08
49200.0,52.879969232685895,43.3207534597886,1,631.6925944067511,1895.0777832202534,657.5993846537178,46.641506919577196,1198.7256579213208,40155423.08556769,30116567.314175773,9498355.424592443,628862.4587097537,20125012.351093058,1230000.0000000002,19989349.430873554,19496149.892383266,-2.2351741790771484e-08
49260.0,53.032760069587596,43.40375083785747,1,635.2586454660785,1905.7759363982354,660.6552013917519,46.807501675714946,1207.4777576589574,40307462.040511,30230596.530383248,9537903.506085154,631665.9228054163,20197201.6232543,1231500.0000000002,20061027.101492662,19565535.70044885,-1.4901161193847656e-08
49320.0,53.18111598893679,43.48734173186378,1,638.5856734495416,1915.7570203486248,663.6223197787358,46.97468346372756,1215.5992918369552,40460328.1134334,30345246.085075047,9577632.27475204,634479.3826508182,20269897.070488974,1233000.0000000002,20133134.42767217,19635417.68783812,-1.862645149230957e-08
49380.0,53.32504712011461,43.57148105092679,1,641.6762647941356,1925.0287943824069,666.5009424022923,47.142962101853584,1223.0971850761525,40613964.248867586,30460473.18665069,9617536.414516767,637302.9067573828,20343061.06533222,1234500.0000000002,20205633.865376517,19705758.158574797,-2.2351741790771484e-08
49440.0,53.4645655965444,43.6561242151038,1,644.5329938456961,1933.598981537088,669.291311930888,47.3122484302076,1229.9785492326514,40768314.01172966,30576235.508797243,9657610.622766128,640136.5582561507,20416656.402082965,1236000.0000000002,20278488.327774946,19776519.84382678,-1.862645149230957e-08
49500.0,53.599684484906895,43.7412271639141,1,647.1583679057381,1941.4751037172146,671.9936896981379,47.482454327828194,1236.2505480524967,40923321.57784156,30692491.183381166,9697849.612115653,642980.3949597003,20490646.30399193,1237500.0000000002,20351661.17630579,19847665.909032185,-2.2351741790771484e-08
49560.0,53.73041668343343,43.826746355051284,1,649.5547714432521,1948.6643143297563,674.6083336686686,47.65349271010257,1241.9202591791213,41078931.71116045,30809198.78337034,9738248.110871438,645834.4694245053,20564994.422247417,1239000.0000000002,20425116.203074377,19919159.952822875,-1.862645149230957e-08
49620.0,53.85677379263264,43.91263875311063,1,651.7244096950664,1955.1732290851992,677.1354758526527,47.825277506221255,1246.99453395606,41235089.727540724,30926317.29565554,9778800.862153005,648698.8290125402,20639664.826613065,1240500.0000000002,20498817.604489975,19990965.997600485,-2.2351741790771484e-08
49680.0,53.978764962507476,43.99886180819319,1,653.6692519204144,1961.007755761243,679.5752992501496,47.99772361638638,1251.4798555510113,41391741.444912754,31043806.083684564,9819502.621646494,651573.5159509256,20714621.98760047,1242000.0000000002,20572729.946087122,20063048.47164951,-2.2351741790771484e-08
49740.0,54.09639572113564,44.085373424289294,1,655.3909746228329,1966.1729238684989,681.9279144227129,48.17074684857859,1255.382196024532,41548833.11983212,31161624.839874092,9860348.153962791,654458.5673883958,20789830.750094283,1243500.0000000002,20646818.118522882,20135372.18270585,-2.2351741790771484e-08
49800.0,54.20966679041957,44.17213191739277,1,656.8909051052947,1970.672715315884,684.1933358083913,48.34426383478554,1258.7068730775607,41706311.37043421,31279733.527825657,9901332.227581631,657354.0154473537,20865256.298387747,1245000.0000000002,20721047.284796648,20207902.282940354,-2.60770320892334e-08
49860.0,54.31857289585728,44.25909596335445,1,658.169965782053,1974.509897346159,686.3714579171456,48.518191926708894,1261.458407335855,41864123.08592367,31398092.314442754,9942449.608370267,660259.8872702857,20940864.112634644,1246500.0000000002,20795382.818802174,20280604.225364316,-2.60770320892334e-08
49920.0,54.42310157833956,44.346224535549666,1,659.2286197325357,1977.685859197607,688.4620315667912,48.69244907109933,1263.640381165853,42022215.32283756,31516661.492128167,9983695.051674223,663176.205059306,21016619.91677887,1248000.0000000002,20869790.235394612,20353443.71171952,-2.9802322387695312e-08
49980.0,54.52323201723257,44.4334768325113,1,660.0668180478488,1980.2004541435463,690.4646403446515,48.866953665022606,1265.2553001640472,42180535.18844474,31635401.39133355,10025063.29298798,666102.9861076159,21092489.6180871,1249500.0000000002,20944235.112237938,20426386.63197945,-1.4901161193847656e-08
50040.0,54.61893387534189,44.520812195767164,1,660.6839495881003,1982.0518487643008,692.3786775068378,49.04162439153433,1266.3044586186704,42339029.71178474,31754272.283838555,10066549.03722537,669040.2428216903,21168439.238483075,1251000.0000000002,21018683.003791478,20499398.995661348,-1.862645149230957e-08
50100.0,54.710166177760485,44.608190018219894,1,661.0787938374388,1983.2363815123163,694.2033235552096,49.21638003643979,1266.78781040639,42497645.70300569,31873234.277254257,10108146.946622968,671987.982733032,21244434.8379649,1252500.0000000002,21093099.34789824,20572446.855231833,-1.4901161193847656e-08
50160.0,54.796876238052704,44.695569643518105,1,661.2494776119933,1983.7484328359797,695.9375247610541,49.39113928703621,1266.7038469546385,42656329.601833925,31992247.201375436,10149851.627325103,674946.2084983864,21320442.43047956,1254000.0000000002,21167449.365551926,20645496.221981134,-2.2351741790771484e-08
50220.0,54.878998646693475,44.782910256990775,1,661.1934364419865,1983.5803093259594,697.5799729338695,49.56582051398155,1266.0494840687186,42815027.31619753,32111270.48714814,10191657.614716062,677914.9178873687,21396427.892731693,1255500.0000000002,21241697.95454469,20718512.974844288,-1.862645149230957e-08
50280.0,54.95645433813353,44.870170768851736,1,660.9073815112221,1982.7221445336663,699.1290867626707,49.74034153770347,1264.8199595879373,42973684.052230015,32230263.039172508,10233559.357583903,680894.1037565302,21472356.86651662,1257000.0000000002,21315809.577832054,20791462.76276005,-1.862645149230957e-08
50340.0,55.02914975426034,44.95730969052785,1,660.3872730927224,1981.161819278167,700.5829950852068,49.9146193810557,1263.008743992054,43132244.13709991,32349183.102824926,10275551.201220723,683883.7540089891,21548194.655290317,1258500.0000000002,21389748.147595186,20864310.901281282,-2.9802322387695312e-08
50400.0,55.09697612332765,45.04428500512155,1,659.6283014661495,1978.8849043984487,701.939522466553,50.0885700102431,1260.6074662230446,43290650.83634243,32467988.127256826,10317627.36958641,686883.8515388562,21623906.115820516,1260000.0000000002,21463476.906131532,20937022.264281616,-2.9802322387695312e-08
50460.0,55.15980887459091,45.1310540331857,1,658.6248763382873,1975.874629014862,703.1961774918182,50.2621080663714,1257.6058571122132,43448846.167611204,32586634.6257084,10359781.946686447,689894.3741598233,21699455.545903105,1261500.0000000002,21536958.304862108,21009561.171743244,-2.2351741790771484e-08
50520.0,55.21750720985731,45.2175732951637,1,657.3706258096473,1972.111877428942,704.3501441971462,50.435146590327406,1253.9917129025782,43606770.71301523,32705078.03476142,10402008.857339257,692915.2945174297,21774806.56927432,1263000.0000000002,21610153.882904716,21081891.274756856,-1.862645149230957e-08
50580.0,55.269913853890024,45.303798372029036,1,655.8584059356028,1967.5752178068085,705.3982770778005,50.60759674405807,1249.7508814253679,43764363.43245849,32823272.574343868,10444301.847534524,695946.5799846966,21849922.01900101,1264500.0000000002,21683024.146824624,21153975.439016275,-2.60770320892334e-08
50640.0,55.31685500603811,45.38968376584304,1,654.080321916642,1962.240965749926,706.3371001207622,50.77936753168608,1244.867273520462,43921561.480649136,32941171.11048685,10486654.464610457,698988.1925410168,21924763.82078584,1266000.0000000002,21755528.453335352,21225775.62824478,-2.2351741790771484e-08
50700.0,55.35814051554517,45.47518276213534,1,652.0277619169007,1956.083285750702,707.1628103109035,50.95036552427068,1239.3229022775931,44078300.030690335,33058725.023017745,10529060.037505005,702040.0886343989,21999292.877779588,1267500.0000000002,21827624.896878324,21297252.789145146,-1.862645149230957e-08
50760.0,55.393564302663805,45.56024729619394,1,649.691444450681,1949.0743333520431,707.8712860532761,51.120494592387885,1233.0979526113206,44234512.10739766,33175884.08054824,10571511.65736272,705102.2190274113,22073468.958645586,1269000.0000000002,21899270.204158094,21368366.739618137,-1.4901161193847656e-08
50820.0,55.422905046920064,45.64482782552805,1,647.061480191094,1941.184440573282,708.4581009384012,51.289655651056094,1226.1708835625589,44390128.433703855,33292596.325277887,10614002.158805193,708174.528627427,22147250.59076892,1270500.0000000002,21970419.637845248,21439076.06214145,-2.2351741790771484e-08
50880.0,55.44592716258231,45.728873210932036,1,644.12744894155,1932.38234682465,708.9185432516462,51.45774642186407,1218.518565536944,44545077.293703705,33408807.97027777,10656524.102197787,711256.9563020553,22220594.960641276,1272000.0000000002,22041026.911777917,21509338.00433918,-1.1175870895385742e-08
50940.0,55.46238207955162,45.81233060872854,1,640.8784923682267,1922.6354771046801,709.2476415910323,51.624661217457074,1210.116454441214,44699284.416053034,33524463.31203977,10699069.757268477,714349.4346809463,22293457.823578045,1273500.0000000002,22111044.120090332,21579108.388897058,-1.4901161193847656e-08
51000.0,55.47200984546956,45.8951453768982,1,637.3034229191445,1911.9102687574336,709.4401969093911,51.7902907537964,1200.9388043588483,44852672.88155931,33639504.66116948,10741631.088455064,717451.8899454685,22365793.4250324,1275000.0000000002,22180421.68276894,21648341.535086896,0.0
51060.0,55.47454106181103,45.977260997907116,1,633.3908491528927,1900.1725474586779,709.4908212362207,51.95452199581423,1190.9589200135508,45005163.05887974,33753872.2941598,10784199.742374178,720564.241608096,22437554.435858488,1276500.0000000002,22249108.310177516,21716990.19425035,-1.1175870895385742e-08
51120.0,55.46969916307789,46.058619021116144,1,629.1293174680062,1887.3879524040185,709.3939832615579,52.11723804223229,1180.1494498020031,45156672.57226897,33867504.429201715,10826767.037818767,723686.402283682,22508691.90393682,1278000.0000000002,22317050.989099264,21785005.501653098,0.0
51180.0,55.45720304393599,46.13915902769265,1,624.5074699637903,1873.522409891371,709.1440608787198,52.2783180553853,1168.482719636915,45307116.30528583,33980337.22896436,10869323.95869912,726818.2774551398,22579155.224606235,1279500.0000000002,22384194.992810093,21852336.947151054,-3.725290298461914e-09
51240.0,55.43677003425607,46.21881862094099,1,619.5142178772983,1858.5426536318948,708.7354006851215,52.43763724188199,1155.9311072297107,45456406.44426989,34092304.83320241,10911861.150345476,729959.7652364118,22648892.132343125,1281000.0000000002,22450483.917620514,21918932.367106672,-7.450580596923828e-09
51300.0,55.408119216557985,46.2975334449167,1,614.138929732217,1842.4167891966508,708.1623843311597,52.595066889833404,1142.4674557638168,45604452.56522885,34203339.42392163,10954368.919586943,733110.7561359457,22717848.71608635,1282500.0000000002,22515859.748198733,21984737.95995036,-1.1175870895385742e-08
51360.0,55.370975074368225,46.37523723408765,1,608.371633007673,1825.114899023019,707.4195014873645,52.7504744681753,1128.0655251711842,45751161.76753126,34313371.325648434,10996837.239011385,736271.1328242399,22785969.46052156,1284000.0000000002,22580262.953812797,22049698.327697273,-1.4901161193847656e-08
51420.0,55.32507145354524,46.45186189664878,1,602.2032277932778,1806.6096833798335,706.5014290709048,52.90372379329756,1112.7004784348162,45896438.85747222,34422329.14310415,11039255.755793238,739440.7699093437,22853197.315507766,1285500.0000000002,22643632.61740156,22113756.54559838,-1.1175870895385742e-08
51480.0,55.27015581179417,46.52733763388194,1,595.6257105469499,1786.8771316408497,705.4031162358833,53.05467526776388,1096.3493995101933,46040186.58436986,34530139.93827738,11081613.805450657,742619.5337244942,22919473.795649845,1287000.0000000002,22705906.599102214,22176854.261925302,-1.4901161193847656e-08
51540.0,55.20599372448185,46.60159309767706,1,588.6324057207738,1765.8972171623213,704.119874489637,53.20318619535412,1078.9918386013205,46182305.93135604,34636729.44851702,11123900.430859415,745807.2821323465,22984739.111790415,1288500.0000000002,22767021.73552525,22238931.829658024,-3.725290298461914e-09
51600.0,55.13237360759886,46.67455558799312,1,581.2182026747015,1743.6546080241046,702.6474721519771,53.34911117598624,1060.6103796585596,46322696.46244679,34742022.34683508,11166104.40680835,749003.864350488,23048932.335912783,1290000.0000000002,22826914.07567623,22299928.471562248,-1.1175870895385742e-08
51660.0,55.04911161143141,46.74615129163813,1,573.3797949663873,1720.139384899162,700.9822322286282,53.492302583276256,1041.191224102077,46461256.72681851,34845942.54511387,11208214.2703298,752209.1208031137,23111991.600612633,1291500.0000000002,22885519.153980944,22359782.479809474,-1.1175870895385742e-08
51720.0,54.95605663135987,46.816305563286065,1,565.1159187961608,1695.3477563884826,699.1211326271974,53.63261112657213,1020.7247839364553,46597884.72047982,34948413.54035986,11250218.356978415,755422.8830038853,23173854.33391108,1293000.0000000002,22942772.300377548,22418431.45090715,-1.1175870895385742e-08
51780.0,54.85309537535013,46.88494324912963,1,556.4275871080778,1669.2827613242334,697.0619075070026,53.769886498259254,999.2062766280509,46732478.404721394,35049358.803541034,11292104.843163334,758644.973475066,23234457.529747482,1294500.0000000002,22998608.98690262,22475812.55627237,-1.4901161193847656e-08
51840.0,54.740157421330814,46.95198905299343,1,547.318315609803,1641.954946829409,694.8031484266163,53.903978105986866,976.6363133895074,46864936.279857054,35148702.20989279,11333861.794562245,761875.2057080491,23293738.054010607,1296000.0000000002,23052965.209622473,22531862.84830251,-2.2351741790771484e-08
51900.0,54.61722019192541,47.01736794410915,1,537.7943367847879,1613.3830103543637,692.3444038385082,54.03473588821829,953.0214718761596,46995158.011848964,35246368.50888671,11375477.220562238,765113.3841703288,23351632.985445622,1297500.0000000002,23105777.90415413,22586519.601275247,-1.4901161193847656e-08
51960.0,54.48431376912031,47.08100560508893,1,527.8647978379718,1583.5943935139153,689.6862753824063,54.162011210177866,928.3748437695349,47123045.10844969,35342283.83133726,11416939.134582253,768359.3043638356,23408079.99021823,1299000.0000000002,23156985.392391153,22639720.68585435,-1.862645149230957e-08
52020.0,54.34152546757292,47.142828917935084,1,517.5419384491321,1552.6258153473964,686.8305093514584,54.28565783587017,902.7165473245848,47248501.64051105,35436376.23038328,11458235.620036593,771612.7529393352,23463017.72833312,1300500.0000000002,23206527.857407324,22691404.97539373,-2.2351741790771484e-08
52080.0,54.189004082567344,47.20276648520202,1,506.84124421270695,1520.523732638121,683.7800816513469,54.40553297040404,876.0741947096116,47371435.00311789,35528576.2523384,11499354.901599696,774873.5078712897,23516386.289500225,1302000.0000000002,23254347.842867397,22741512.781628888,-1.862645149230957e-08
52140.0,54.02696372727144,47.26074918269337,1,495.78157172553364,1487.3447151766009,680.5392745454288,54.521498365386734,848.4833038900907,47491756.710224725,35618817.53266852,11540285.42133059,778141.3386971914,23568127.655428894,1303500.0000000002,23300390.772640727,22789986.316731654,-1.4901161193847656e-08
52200.0,53.855687174065956,47.3167107393448,1,484.38524144862737,1453.1557243458822,677.1137434813191,54.6334214786896,819.987644914033,47609383.21552152,35707037.41164112,11581015.919112964,781416.0068248977,23618186.1849172,1305000.0000000002,23344605.48570324,22836770.178092252,-1.4901161193847656e-08
52260.0,53.67552861643462,47.37058833922546,1,472.67809471907356,1418.0342841572206,673.5105723286924,54.74117667845093,790.6395107620281,47724236.75135383,35793177.56351535,11621535.516765388,784697.2659109331,23666509.117503475,1306500.0000000002,23386944.780839007,22881811.85159249,-2.2351741790771484e-08
52320.0,53.48691577129443,47.422323239902965,1,460.6895116240735,1382.0685348722204,669.7383154258886,54.84464647980593,760.4999034364893,47836246.17669101,35877184.63251824,11661833.805077847,787984.8623120746,23713047.09087101,1308000.0000000002,23427365.965128295,22925062.22855888,-2.2351741790771484e-08
52380.0,53.29035124677759,47.47186140077301,1,448.45238687056997,1345.3571606117098,665.8070249355518,54.943722801546016,729.6386266889745,47945347.824396364,35959010.86829726,11701900.932937529,791278.5356118056,23757754.666658092,1309500.0000000002,23465831.3997479,22966476.131046236,-2.2351741790771484e-08
52440.0,53.08641310735493,47.51915411437092,1,436.0030612875696,1308.0091838627088,661.7282621470986,55.03830822874184,698.1342777201946,48051486.33742355,36038614.75306764,11741727.697620785,794578.0192224204,23800590.858836565,1311000.0000000002,23502309.036224414,23006012.83961409,-2.2351741790771484e-08
52500.0,52.8757545768076,47.56415863317292,1,423.3812071791883,1270.143621537565,657.515091536152,55.128317266345846,666.0741313317886,48154615.48306506,36115961.61229878,11781305.635251386,797883.0410626936,23841519.658395305,1312500.0000000002,23536772.93598468,23043636.617332563,-1.862645149230957e-08
52560.0,52.65910282983043,47.60683878397504,1,410.6296663974733,1231.8889991924198,653.1820565966086,55.213677567950086,633.5539113502656,48254698.93402749,36191024.20052061,11820627.110359894,801193.3243100997,23880510.547713283,1314000.0000000002,23569203.765850592,23079317.223403137,-2.60770320892334e-08
52620.0,52.43725683489627,47.64716556162089,1,397.79424071557315,1193.3827221467195,648.7451366979253,55.294331123241776,600.6774456687325,48351711.00492129,36263783.25369096,11859685.403426817,804508.5882256048,23917538.997740716,1315500.0000000002,23599589.262038503,23113030.40951506,-3.3527612686157227e-08
52680.0,52.2110842242591,47.68511769364784,1,384.92343484278786,1154.7703045283636,644.2216844851821,55.37023538729568,567.5562029386524,48445637.332742326,36334227.999556735,11898474.795255186,807828.5490480436,23952586.940937683,1317000.0000000002,23627924.65525348,23144758.391889594,-2.60770320892334e-08
52740.0,51.981517181448886,47.72068216734598,1,372.06815321989296,1116.2044596596788,639.6303436289777,55.441364334691954,534.3087107685047,48536475.49009991,36402356.61757492,11936990.64699784,811152.9209540843,23985643.21285537,1318500.0000000002,23654213.04962297,23174490.29190124,-2.60770320892334e-08
52800.0,51.74954735206643,47.75385471078397,1,359.2813525514383,1077.8440576543148,634.9909470413286,55.50770942156794,501.05985721682043,48624235.52031667,36468176.64023749,11975229.474662304,814481.417078763,24016703.955294203,1320000.0000000002,23678465.748496395,23202222.5382154,-2.60770320892334e-08
52860.0,51.5162197998642,47.78464021955679,1,346.6176528550493,1039.852958565148,630.324395997284,55.569280439113584,467.9400793705493,48708940.38409443,36531705.28807081,12013189.016932782,817813.7505905654,24045772.97414009,1321500.0000000002,23700702.520547442,23227959.223549478,-2.2351741790771484e-08
52920.0,51.28262604669473,47.813053121356916,1,334.1329106193413,1002.3987318580239,625.6525209338946,55.62610624271383,435.08444483736196,48790626.30820526,36592969.731153935,12050868.295185046,821149.6358140631,24072862.045268487,1323000.0000000002,23720951.800154805,23251712.409454383,-2.2351741790771484e-08
52980.0,51.04989625159583,47.83911767096259,1,321.88375844398917,965.6512753319676,620.9979250319167,55.67823534192517,402.631634011409,48869343.027623095,36652007.27071731,12088267.664626421,824488.7893921962,24097991.162316967,1324500.0000000002,23739250.81669866,23273502.372924723,-3.3527612686157227e-08
53040.0,50.81919060072402,47.862868168873916,1,309.9271162702704,929.7813488108112,616.3838120144804,55.72573633774783,370.722832954003,48945153.91365081,36708865.4352381,12125388.855569182,827830.9314794368,24121188.720658075,1326000.0000000002,23755645.648189455,23293357.789178595,-2.60770320892334e-08
53100.0,50.59168999568065,47.88434909760275,1,298.3196799802956,894.9590399408867,611.8337999136131,55.7686981952055,339.5005486189689,49018135.98190512,36763601.98642883,12162235.003941383,831175.7869563034,24142491.63255225,1327500.0000000002,23770191.19553111,23311315.8455959,-2.9802322387695312e-08
53160.0,50.36858614265554,47.9036151705292,1,287.1173937317171,861.3521811951512,607.3717228531108,55.8072303410584,309.10735990464275,49088379.775480755,36816284.83161055,12198810.670253254,834523.0866550306,24161945.36921749,1329000.0000000002,23782951.074702244,23327422.282562412,-2.2351741790771484e-08
53220.0,50.15107115837832,47.9207312892632,1,276.374912886259,829.124738658777,603.0214231675665,55.841462578526404,279.684619587036,49155989.12020503,36866991.84015376,12235121.846368384,837872.5685856465,24179603.92640973,1330500.0000000002,23793997.42519971,23341731.357824035,-2.2351741790771484e-08
53280.0,49.94032682079979,47.935772406580774,1,266.14506477137076,798.4351943141123,598.8065364159958,55.87154481316155,251.3711235430645,49221080.75058723,36915810.56294041,12271175.949575575,841223.9791512918,24195529.71105286,1332000.0000000002,23803410.634213522,23354305.731901526,-2.2351741790771484e-08
53340.0,49.73751360240235,47.94882329322352,1,256.4783147728351,769.4349443185054,594.750272048047,55.89764658644704,224.3017647710256,49283783.806838855,36962837.85512913,12306981.80361688,844577.0743413335,24209793.347476233,1333500.0000000002,23811278.977170896,23365216.27313486,-1.862645149230957e-08
53400.0,49.54375963180149,47.95997820813752,1,247.42224538304168,742.2667361491251,590.8751926360299,55.91995641627504,198.60619052746202,49344239.205157876,37008179.40386839,12342549.606497686,847931.6208906986,24222473.402893703,1335000.0000000002,23817698.176479988,23374541.782002967,-1.862645149230957e-08
53460.0,49.36014973460488,47.969340473062445,1,239.02105581853078,717.0631674555923,587.2029946920976,55.93868094612489,174.40748139742152,49402598.885301605,37051949.16397619,12377890.885083014,851287.3973938816,24233656.032874126,1336500.0000000002,23822770.881499276,23382368.635480203,-2.2351741790771484e-08
53520.0,49.18771470717264,47.97702195373974,1,231.3150896676706,693.9452690030118,583.7542941434527,55.95404390747947,151.82087128048587,49459024.94128463,37094268.705963455,12413018.436667157,854644.1953622705,24243434.548688725,1338000.0000000002,23826606.07393401,23388790.35332642,-1.4901161193847656e-08
53580.0,49.02742097683455,47.98314245136643,1,224.340397734959,673.021193204877,580.548419536691,55.966284902732866,130.95252709370166,49513688.6427962,37135266.48209714,12447946.257888477,858001.8202137895,24251908.90955616,1339500.0000000002,23829318.403994855,23393907.089342337,-1.862645149230957e-08
53640.0,48.8801607992113,47.98782900925295,1,218.1283428152178,654.3850284456533,577.603215984226,55.9756580185059,111.89840646077774,49566769.35660253,37175077.01745188,12482689.461543854,861360.0921843715,24259185.143919874,1341000.0000000002,23831027.463723633,23397825.051735464,-2.2351741790771484e-08
53700.0,48.74674313754793,47.991215140923885,1,212.70525256542084,638.1157576962626,574.9348627509586,55.98243028184777,94.74321077665539,49618453.37874948,37213840.0340621,12517264.182035046,864718.8471514496,24265374.70496385,1342500.0000000002,23831857.004875585,23400655.857812367,-2.2351741790771484e-08
53760.0,48.62788536046412,47.993439987106306,1,208.09212595331604,624.2763778599481,572.5577072092824,55.98687997421261,79.55944981906981,49668932.68978198,37251699.51733647,12551687.470348148,868077.9373604709,24270593.766581375,1344000.0000000002,23831934.109627835,23402515.829220872,-1.862645149230957e-08
53820.0,48.52420588338562,47.99464741015629,1,204.3043979630582,612.9131938891746,570.4841176677123,55.98929482031258,66.40663254295788,49718403.64641675,37288802.73481256,12585977.179624688,871437.2320464068,24274962.466937095,1345500.0000000002,23831388.323141444,23403525.23489066,-1.862645149230957e-08
53880.0,48.43621786533046,47.99498503545944,1,201.3517663437443,604.0552990312328,568.7243573066092,55.989970070918886,55.33059686582582,49767065.62412347,37325299.2180926,12620151.842525216,874796.6179433123,24278604.107587434,1347000.0000000002,23830350.757624052,23403807.489644095,-1.862645149230957e-08
53940.0,48.36432405693537,47.994603250185726,1,199.23808321480465,597.7142496444139,567.2864811387074,55.98920650037145,46.362989166404915,49815119.62586211,37361339.71939657,12654230.541711066,878155.9996761867,24281644.316831484,1348500.0000000002,23828953.178009298,23403488.317155268,-1.862645149230957e-08
54000.0,48.30881287791924,47.99365417046536,1,197.96131331197063,593.8839399359119,566.1762575583848,55.987308340930724,39.520901914715964,49862766.8727774,37397075.154583044,12688232.774874516,881515.3000306775,24284210.186539747,1350000.0000000002,23827327.07967783,23402694.886509042,-1.862645149230957e-08
54060.0,48.269855782944674,47.99229058856698,1,197.51355959016848,592.5406787705055,565.3971156588934,55.98458117713396,34.80667537496277,49910207.3929517,37432655.544713765,12722178.315830054,884874.4600975262,24286429.39213955,1351500.0000000002,23825602.768786166,23401554.932041995,-2.2351741790771484e-08
54120.0,48.247505954436576,47.99066491199149,1,197.8811558169762,593.6434674509286,564.9501190887315,55.981329823982975,32.20786672261414,49957638.62435943,37468228.968269564,12756087.073238041,888233.4392900724,24288429.305714983,1353000.0000000002,23823908.45574143,23400195.866424885,-1.862645149230957e-08
54180.0,48.241698339766806,47.98892810653736,1,199.04482471466272,597.1344741439882,564.8339667953361,55.977856213074716,31.697387246972795,50005254.04794938,37503940.53596203,12789978.948565714,891592.2152345647,24290336.112299826,1354500.0000000002,23822369.37216173,23398743.89706523,-1.862645149230957e-08
54240.0,48.25225102874715,47.987228655343266,1,200.97989916241153,602.9396974872345,565.045020574943,55.97445731068653,33.233805624847484,50053241.8663082,37539931.39973114,12823873.694898466,894950.7835344801,24292273.939401474,1356000.0000000002,23821106.921298176,23397323.15586697,-1.862645149230957e-08
54300.0,48.27886794602919,47.98571154567216,1,203.6566029746008,610.9698089238024,565.5773589205837,55.97142309134432,36.761812604771215,50101783.7426407,37576337.80698051,12857790.778196657,898309.157411477,24294364.009593435,1357500.0000000002,23820237.871372364,23396054.852181926,-1.4901161193847656e-08
54360.0,48.321142812226775,47.98451729477267,1,207.04038684614451,621.1211605384335,566.4228562445355,55.969034589545345,42.21283988874444,50151053.61385407,37613290.210390545,12891749.242550174,901667.3672269953,24296723.82565698,1359000.0000000002,23819873.600613356,23395056.458429955,-2.2351741790771484e-08
54420.0,48.37856430777449,47.98378102554673,1,211.09231422033653,633.2769426610096,567.5712861554898,55.967562051093466,49.50582359136062,50201216.59037211,37650912.44277907,12925767.580915522,905025.4598898464,24299466.397246946,1360500.0000000002,23820119.401973687,23394440.937357068,-1.4901161193847656e-08
54480.0,48.45052235511421,47.983631601979965,1,215.76949110458114,647.3084733137434,569.0104471022842,55.96726320395993,58.54810044303421,50252427.953957625,37689320.96546821,12959863.612729857,908383.4981563722,24302699.517411653,1362000.0000000002,23821073.854581963,23394316.01925525,-2.2351741790771484e-08
54540.0,48.536315418118946,47.984190833368146,1,221.02553324851763,663.0765997455529,570.7263083623789,55.96838166673629,69.2364229277503,50304832.26331111,37728624.19748332,12994054.369684858,911741.5598308989,24306525.096526697,1363500.0000000002,23822828.267967556,23394783.53669577,-7.450580596923828e-09
54600.0,48.6351587030422,47.98557275531788,1,226.81106361801207,680.4331908540362,572.703174060844,55.971145510635765,81.45807784462956,50358562.57557293,37768921.931679696,13028355.990813069,915099.7368752301,24311038.560321007,1365000.0000000002,23825466.203991383,23395938.82344575,-1.4901161193847656e-08
54660.0,48.74619313298633,47.98788299433351,1,233.07423275498493,699.2226982649548,574.9238626597265,55.97576598866702,95.09209138706325,50413739.79011633,37810304.84258725,13062783.627892805,918458.1344368139,24316328.31769966,1366500.0000000002,23829063.08025761,23397870.183262814,-1.862645149230957e-08
54720.0,48.86849495812781,47.991218221547584,1,239.76125441130242,719.2837632339073,577.3698991625563,55.98243644309517,110.01050276716059,50470472.11921301,37852854.08940975,13097351.36201808,921816.8698059585,24322475.303019766,1368000.0000000002,23833685.8575857,23400658.43321378,-1.862645149230957e-08
54780.0,49.00108585687081,47.99566569983377,1,246.81694878613706,740.4508463584111,580.0217171374162,55.991331399667544,126.0796876924444,50528854.68831636,37896641.01623727,13132072.132010087,925176.0713130642,24329552.596374124,1369500.0000000002,23839392.812914096,23404376.525061034,-1.862645149230957e-08
54840.0,49.14294337880704,48.00130292718368,1,254.18528577791977,762.5558573337594,582.8588675761408,56.00260585436736,143.16171263356932,50588969.26687354,37941726.95015515,13166957.675170204,928535.8771772621,24337625.12430285,1371000.0000000002,23846233.39780766,23409089.247125555,-1.862645149230957e-08
54900.0,49.293011578866185,48.00819737785793,1,261.8099208790542,785.4297626371625,585.8602315773237,56.016394755715865,161.11570080643486,50650884.12877955,37988163.09658466,13202018.480694303,931896.4343181165,24346749.442207374,1372500.0000000002,23854248.18157222,23414853.00788923,-2.2351741790771484e-08
54960.0,49.45021169329874,48.01640634146243,1,269.63471668550994,808.9041500565298,589.0042338659748,56.032812682924856,179.79919112027358,50714654.039856225,38035990.52989217,13237263.755887926,935257.8971421457,24356973.59860477,1374000.0000000002,23863468.87686207,23421715.70146259,-2.60770320892334e-08
55020.0,49.61345271204641,48.025976858777,1,277.604243453501,832.812730360503,592.2690542409282,56.051953717554,199.06947199998402,50780320.3681052,38085240.2760789,13272701.405144751,938620.4263158555,24368337.080253463,1375500.0000000002,23873918.444618266,23429716.65393757,-2.9802322387695312e-08
55080.0,49.78164170845834,48.03694575189791,1,285.6642526983904,856.9927580951712,595.6328341691667,56.07389150379582,218.78487295267757,50847911.310973495,38135933.48323012,13308338.021479812,941984.187536762,24380870.836123448,1377000.0000000002,23885611.27421353,23438886.648586653,-1.862645149230957e-08
55140.0,49.95369379600006,48.049339745069936,1,293.76211848174785,881.2863554452435,599.0738759200012,56.09867949013987,238.8059979866375,50917442.23250547,38188081.6743791,13344178.890247101,945349.3503135138,24394597.377192013,1378500.0000000002,23898553.433818467,23449248.026878465,-2.2351741790771484e-08
55200.0,50.12854159231609,48.06317567149531,1,301.84724175468784,905.5417252640635,602.5708318463218,56.12635134299062,258.996886470926,50988916.10205545,38241687.076541595,13380228.004521025,948716.0867657259,24409530.948135834,1380000.0000000002,23912742.98525482,23460814.86137008,-2.2351741790771484e-08
55260.0,50.305144083461045,48.0784607604326,1,309.8714139016217,929.614241704865,606.1028816692209,56.1569215208652,279.22608870776713,51062324.02521596,38296743.018911965,13416488.091484869,952084.5704535078,24425677.766175196,1381500.0000000002,23928170.35697357,23473593.195721652,-1.862645149230957e-08
55320.0,50.4824947949833,48.095192998051516,1,317.78913644063715,953.3674093219115,609.649895899666,56.19038599610303,299.3676453352461,51137645.85678776,38353234.39259082,13452960.649049044,955454.9752459404,24443036.32161704,1383000.0000000002,23944818.768295817,23487581.346371066,-1.862645149230957e-08
55380.0,50.65962919149907,48.113361554799226,1,325.5578946666195,976.6736839998586,613.1925838299815,56.22672310959845,319.30196164216056,51214850.8849872,38411138.1637404,13489645.991818814,958827.4742369194,24461597.73404911,1384500.0000000002,23962664.69768464,23502770.259812154,-2.2351741790771484e-08
55440.0,50.83563124207635,48.13294727146796,1,333.13838385363283,999.4151515608985,616.712624841527,56.265894542935925,338.91656991429215,51293898.57565429,38470423.931740716,13526543.305446446,962202.2387158864,24481346.157663137,1386000.0000000002,23981678.38757836,23519143.918947216,-2.2351741790771484e-08
55500.0,51.00963910481941,48.15392319573475,1,340.49468744694946,1021.4840623408484,620.1927820963883,56.307846391469496,358.106774999217,51374739.364991695,38531054.52374378,13563650.708337208,965579.4372000002,24502259.228834286,1387500.0000000002,24001824.37820654,23536679.79163425,-2.9802322387695312e-08
55560.0,51.18084990015476,48.17625516067422,1,347.5944074571559,1042.7832223714677,623.6169980030952,56.35251032134845,376.77618033085946,51457315.48932216,38592986.616991624,13600965.319632327,968959.2345332969,24524308.548856985,1389000.0000000002,24023062.062825974,23555349.314323653,-2.60770320892334e-08
55620.0,51.34852355815014,48.1999023966206,1,354.4087480046703,1063.226244014011,626.9704711630028,56.3998047932412,394.8370936558043,51541561.84049262,38656171.38036948,13638483.332365016,972341.7910573592,24547460.194632217,1390500.0000000002,24045346.256947078,23575118.403574824,-2.60770320892334e-08
55680.0,51.511985740443635,48.22481816777107,1,360.9125536407486,1082.7376609222458,630.2397148088727,56.44963633554214,412.2108136131397,51627406.83586332,38720555.1268975,13676200.090677228,975727.2618569791,24571675.25011363,1392000.0000000002,24068627.77436327,23595947.988256615,-2.2351741790771484e-08
55740.0,51.670629851747016,48.250950425071686,1,367.084304680143,1101.252914040429,633.4125970349403,56.50190085014337,428.82780010508634,51714773.29228501,38786079.96921377,13714110.169994332,979115.7960832729,24596910.351443242,1393500.0000000002,24092854.003136136,23617794.55535993,-2.9802322387695312e-08
55800.0,51.82391816917895,48.278242467198346,1,372.906072313059,1118.718216939177,636.4783633835791,56.55648493439669,444.62773302836797,51803579.29406936,38852684.47055203,13752207.459080787,982507.5363557091,24623118.238933567,1395000.0000000002,24117969.475115504,23640610.70257782,-2.9802322387695312e-08
55860.0,51.97138212967466,48.306633601827905,1,378.3634367137984,1135.0903101413953,639.4276425934931,56.61326720365581,459.55946539198294,51893739.04567752,38920304.28425816,13790485.242941327,985902.6182435469,24650248.309371717,1396500.0000000002,24143916.423073247,23664345.691128127,-3.725290298461914e-08
55920.0,52.11262182625365,48.33605979987465,1,383.445371726895,1150.336115180685,642.252436525073,56.672119599749294,473.5808781079271,51985163.700669415,38988872.77550208,13828936.285586767,989301.1698262759,24678247.162521515,1398000.0000000002,24170635.32008901,23688945.992695205,-2.60770320892334e-08
55980.0,52.24730477288198,48.36645433593014,1,388.1440999869497,1164.4322999608492,644.9460954576397,56.73290867186029,486.6586447937606,52077762.159350365,39058321.61951279,13867552.911750134,992703.3113318004,24707059.136169434,1399500.0000000002,24198065.396430828,23714355.8248376,-2.60770320892334e-08
56040.0,52.37516400497158,48.39774840877547,1,392.4549225162941,1177.3647675488824,647.5032800994315,56.79549681755094,498.7679157629922,52171441.82850161,39128581.37137622,13906327.086714989,996109.1548503396,24736626.82458667,1401000.0000000002,24226145.129810866,23740517.669736292,-1.862645149230957e-08
56100.0,52.49599558817437,48.429871736517455,1,396.37602694744334,1189.12808084233,649.9199117634873,56.85974347303491,509.8919309977766,52266109.33756585,39199582.00317439,13945250.493501842,999518.8041213173,24766891.575849947,1402500.0000000002,24254812.70555121,23767372.771728594,-1.862645149230957e-08
56160.0,52.60965561206616,48.46275312162022,1,399.9082785390913,1199.724835617274,652.1931122413232,56.925506243240434,520.0215723019215,52361671.20665821,39271253.40499367,13984314.606748244,1002932.3543899048,24797793.964064445,1404000.0000000002,24284006.443855494,23794861.609674502,-2.2351741790771484e-08
56220.0,52.71605674761008,48.49632098184394,1,403.0549981008156,1209.1649943024468,654.3211349522016,56.99264196368787,529.1548650270746,52458034.462768875,39343525.84707666,14023510.762711601,1006349.892329359,24829274.233150925,1405500.0000000002,24313665.192035682,23822924.34082153,-2.2351741790771484e-08
56280.0,52.81516444802229,48.530503843850305,1,405.8217308194704,1217.4651924584114,656.3032889604458,57.06100768770061,537.2964397631665,52555107.20149751,39416330.401123144,14062830.22491907,1009771.4960248612,24861272.709483758,1407000.0000000002,24343728.68017919,23851501.213458855,-2.2351741790771484e-08
56340.0,52.9069928719328,48.56523079697474,1,408.21600979733176,1224.6480293919954,658.139857438656,57.13046159394948,544.4569641997409,52652799.09259749,39489599.319448136,14102264.245084016,1013197.2350142207,24893730.18128514,1408500.0000000002,24374137.839349873,23880532.946270883,-2.2351741790771484e-08
56400.0,52.99160060567517,48.60043190538654,1,410.2471178769001,1230.7413536307004,659.8320121135033,57.200863810773086,550.6525550161934,52751021.82849477,39563266.37137109,14141804.11900224,1016627.170380547,24926588.243283737,1410000.0000000002,24404835.081988275,23909961.07290315,-2.9802322387695312e-08
56460.0,53.06908625829118,48.63603857754933,1,411.9258510489193,1235.7775531467578,661.3817251658236,57.27207715509866,555.904179165028,52849689.515771784,39637267.13682885,14181441.237231383,1020061.3548918286,24959789.60572311,1411500.0000000002,24435764.544705607,23939728.25083124,-2.9802322387695312e-08
56520.0,53.13958399856894,48.6719838925443,1,413.2642864277516,1239.7928592832548,662.7916799713787,57.343967785088594,560.2370532954899,52948719.010361,39711539.25777076,14221167.130442906,1023499.8331822595,24993278.367349334,1413000.0000000002,24466872.294145565,23969778.534167033,-2.9802322387695312e-08
56580.0,53.20325909830945,48.70820288342194,1,414.2755574409776,1242.8266723229328,664.065181966189,57.41640576684388,563.680049346894,53048030.19786881,39786022.64840162,14260973.50941607,1026942.6419701407,25027000.252510916,1414500.0000000002,24498106.497015383,24000057.61054074,-2.60770320892334e-08
56640.0,53.26030354021652,48.74463277829551,1,414.9736385267838,1244.9209155803514,665.2060708043304,57.48926555659102,566.2651135448943,53147546.22104356,39860659.66578268,14300852.299717117,1030389.8103072405,25060902.812962327,1416000.0000000002,24529417.555758297,24030513.002655048,-2.60770320892334e-08
56700.0,53.31093174249975,48.78121320037853,1,415.37314127185584,1246.1194238155676,666.2186348499949,57.56242640075706,568.0267051820005,53247193.6569088,39935395.24268162,14340795.671173034,1033841.3598546061,25094935.5953711,1417500.0000000002,24560758.211653948,24061094.23551645,-3.3527612686157227e-08
56760.0,53.35537644564085,48.817886328594376,1,415.4891235618907,1246.4673706856722,667.107528912817,57.63577265718875,569.0012606776278,53346902.64650331,40010176.9848775,14380796.062307956,1037297.3051799987,25129050.275884937,1419000.0000000002,24592083.61738951,24091752.9707049,-3.3527612686157227e-08
56820.0,53.39388479996177,48.854597020748294,1,415.3369129635807,1246.010738890742,667.8776959992354,57.70919404149659,569.2266875133696,53446606.98050397,40084955.235378,14420846.199960632,1040757.6540723315,25163200.763417948,1420500.0000000002,24623351.381345,24122443.109345574,-2.9802322387695312e-08
56880.0,53.426714685797805,48.89129290154926,1,414.9319452172385,1244.7958356517154,668.5342937159561,57.78258580309851,568.7418917447679,53546244.14425949,40159683.108194634,14460939.114343703,1044222.407868756,25197343.27356398,1422000.0000000002,24654521.585982144,24153120.86569518,-2.9802322387695312e-08
56940.0,53.454131291357974,48.92792441800293,1,414.2896183984384,1242.868855195315,669.0826258271595,57.85584883600586,567.5863419187224,53645755.32593437,40234316.4944508,14501068.149839617,1047691.5617903278,25231436.375240825,1423500.0000000002,24685556.78282082,24183744.813450452,-3.3527612686157227e-08
57000.0,53.476403966868226,48.96444486486958,1,413.42516300953855,1240.2754890286155,669.5280793373645,57.928889729739154,565.7996713906305,53745085.39156095,40308814.04367073,14541226.971854214,1051165.1052824943,25265441.012313504,1425000.0000000002,24716421.96653399,24214275.907030966,-3.3527612686157227e-08
57060.0,53.49380336744424,49.00081038299477,1,412.3535279911247,1237.060583973374,669.8760673488847,58.00162076598954,563.421320249963,53844182.83082645,40383137.12311985,14581409.570067545,1054643.0223569828,25299320.502540655,1426500.0000000002,24747084.53069529,24244677.480183627,-3.3527612686157227e-08
57120.0,53.5065988914146,49.03697993338093,1,411.0892824017741,1233.2678472053221,670.131977828292,58.073959866761854,560.4902173374222,53942999.6773903,40457249.758042745,14621610.258433037,1058125.291932003,25333040.516238503,1428000.0000000002,24777514.207677674,24274915.224306453,-3.3527612686157227e-08
57180.0,53.51505641558131,49.072915249877624,1,409.64653230364587,1228.9395969109376,670.3011283116263,58.14583049975525,557.0445021792425,54041491.40744043,40531118.55558035,14661823.672280872,1061611.8881680267,25366569.037065763,1429500.0000000002,24807682.99513141,24304957.148897693,-4.0978193283081055e-08
57240.0,53.51943632421057,49.1085807733346,1,408.03885221200494,1224.1165566360148,670.3887264842114,58.2171615466692,553.121286079846,54139616.82006419,40604712.61504816,14702044.7628805,1065102.7807967493,25399876.307304513,1431000.0000000002,24837565.071370885,24334773.526507728,-2.9802322387695312e-08
57300.0,53.519991824426356,49.143943569987584,1,406.27923031886417,1218.8376909565925,670.3998364885272,58.28788713997517,548.7564511066219,54237337.90283713,40678003.42712787,14742268.78981065,1068597.9354411787,25432934.759950835,1432500.0000000002,24867136.701876014,24364336.82450962,-2.60770320892334e-08
57360.0,53.51696753714966,49.17897323674012,1,404.38002658375694,1213.1400797512708,670.3393507429932,58.35794647348024,543.9844852713564,54334619.68582871,40750964.76437155,14782491.311474426,1072097.3139251152,25465718.93983989,1434000.0000000002,24896376.138971984,24393621.62591474,-2.60770320892334e-08
57420.0,53.51059834978769,49.213641795869265,1,402.3529426969717,1207.058828090915,670.2119669957539,58.42728359173853,538.8383518613707,54431430.08699492,40823572.56524622,14822708.174082058,1075600.8745706077,25498205.41591735,1435500.0000000002,24925263.516593523,24422604.541346706,-2.9802322387695312e-08
57480.0,53.501108514520574,49.24792358152562,1,400.20900286056127,1200.6270085816839,670.0221702904115,58.49584716305124,533.3493905975673,54527739.75168196,40895804.813761495,14862915.499405982,1079108.5724822606,25530372.68663771,1437000.0000000002,24953780.741873227,24451264.11415542,-2.60770320892334e-08
57540.0,53.488710974235445,49.28179512022312,1,397.9585442980062,1193.8756328940185,669.774219484709,58.563590240446246,527.5472480931452,54623521.888706535,40967641.41652992,14903109.671592295,1082620.3598175365,25562201.080324106,1438500.0000000002,24981911.38512006,24479580.72050653,-3.3527612686157227e-08
57600.0,53.4736068968865,49.31523500732761,1,395.61121639198035,1186.833649175941,669.47213793773,58.63047001465522,521.4598349506851,54718752.10521602,41039064.078912035,14943287.323290372,1086136.1860424594,25593672.65216838,1440000.0000000002,25009640.569579177,24507536.46612588,-2.9802322387695312e-08
57660.0,53.45598539827721,49.34822378135816,1,393.1759873587452,1179.5279620762356,669.1197079655442,58.696447562716315,515.1133067616487,54813408.24226762,41110056.18170074,14983445.321338784,1089655.9981723498,25624771.079387806,1441500.0000000002,25036954.862189576,24535115.08121542,-2.60770320892334e-08
57720.0,53.43602343292052,49.38074379771833,1,390.66115739437777,1171.9834721831332,668.7204686584105,58.76148759543666,508.5320662543546,54907470.21280695,41180602.659605235,15023580.75222145,1093179.7409974234,25655481.555889986,1443000.0000000002,25063842.166386336,24562301.814892527,-2.60770320892334e-08
57780.0,53.41388583268765,49.41277910327694,1,388.0743772696544,1164.2231318089632,668.2777166537529,58.82555820655388,501.73878386810276,55000919.8434755,41250689.88260664,15063690.907483496,1096707.3572932796,25685790.687632844,1444500.0000000002,25090291.617829837,24589083.33033952,-2.9802322387695312e-08
57840.0,53.38972547335301,49.444315313025044,1,385.42267140411934,1156.2680142123581,667.7945094670602,58.88863062605009,494.754434105127,55093740.7214372,41320305.54107792,15103773.269272206,1100238.7880164476,25715686.389705423,1446000.0000000002,25116293.48378923,24615447.601688936,-3.3527612686157227e-08
57900.0,53.36368354983074,49.47533948984927,1,382.7124645131144,1148.1373935393433,667.2736709966148,58.95067897969854,487.59834512167635,55185918.04718892,41389438.5353917,15143825.496144908,1103773.9724853137,25745157.785999347,1447500.0000000002,25141839.06676145,24641383.813513987,-3.3527612686157227e-08
57960.0,53.335889941825585,49.50584002828422,1,379.949610991735,1139.8488329752051,666.7177988365117,59.01168005656844,480.28825915808727,55277438.4941107,41458078.87058304,15183845.409263164,1107312.8485468496,25774195.112192504,1449000.0000000002,25166920.61277299,24666882.263645608,-4.0978193283081055e-08
58020.0,53.30646365273862,49.53580654293973,1,377.1394262745959,1131.4182788237877,666.1292730547724,59.07161308587946,472.84040156878075,55368290.07531967,41526217.556489766,15223830.979071366,1110855.3527296665,25802789.62262733,1450500.0000000002,25191531.224688694,24691934.269897614,-4.0978193283081055e-08
58080.0,53.275513305927,49.56522976214451,1,374.28671948775525,1122.8601584632656,665.51026611854,59.13045952428902,465.26955639032394,55458462.018218234,41593846.51366369,15263780.312537944,1114401.4203839875,25830933.50153685,1452000.0000000002,25215664.780741718,24716532.08115281,-3.725290298461914e-08
58140.0,53.24313768377486,49.59410142720623,1,371.39582678739623,1114.1874803621886,664.8627536754973,59.18820285441247,457.58914657370593,55547944.64697254,41660958.48522942,15303691.641019147,1117950.9858091923,25858619.778953657,1453500.0000000002,25239315.858401034,24740668.793144412,-4.470348358154297e-08
58200.0,53.20942629644968,49.62241419756045,1,368.4706448571776,1105.4119345715328,664.1885259289936,59.244828395120905,449.8113172007088,55636729.27302096,41727546.95476574,15343563.308788784,1121503.9823696238,25885842.25153022,1455000.0000000002,25262479.663607284,24764338.26916054,-4.470348358154297e-08
58260.0,53.17445996865837,49.6501615619673,1,365.5146641113117,1096.543992333935,663.4891993731674,59.300323123934604,441.9470201990597,55724808.09359506,41793606.07019631,15383393.762262344,1125060.3425993742,25912595.4084041,1456500.0000000002,25285151.96533454,24787535.065804664,-5.21540641784668e-08
58320.0,53.138311434148875,49.677337755815074,1,362.5310012221461,1087.593003666438,662.7662286829775,59.35467551163015,434.00609926305856,55812174.09813507,41859130.57360131,15423181.539930854,1128619.998296781,25938874.362158243,1458000.0000000002,25307329.035373636,24810254.3638614,-4.0978193283081055e-08
58380.0,53.10104592910073,49.703937684503714,1,359.52243065859676,1078.5672919757903,662.0209185820146,59.40787536900743,425.9973738724655,55898820.98239903,41924115.736799285,15462925.263008256,1132182.8806093652,25964674.78485453,1459500.0000000002,25329007.593181614,24832491.904245105,-4.842877388000488e-08
58440.0,53.06272177689112,49.7299568528083,1,356.49141498438274,1069.4742449531482,661.2544355378224,59.4599137056166,417.92872147998514,55984743.06999662,41988557.30249748,15502623.62678639,1135748.9201099349,25989992.84905773,1461000.0000000002,25350184.755601104,24854243.92894774,-4.842877388000488e-08
58500.0,53.02339095799036,49.75539130006184,1,353.4401337223386,1060.320401167016,660.4678191598072,59.510782600123676,409.8071571042364,56069935.24102598,42052451.430769496,15542275.392683337,1139318.046864564,26014825.173716314,1462500.0000000002,25370857.99122155,24875507.126851697,-4.470348358154297e-08
58560.0,52.98309965992272,49.78023754094762,1,350.3705106427405,1051.1115319282214,659.6619931984544,59.560475081895234,401.63890971947814,56154392.86745109,42115794.650588326,15581879.380964098,1142890.1904931336,26039168.774725396,1464000.0000000002,25391025.07913105,24896278.584232207,-4.470348358154297e-08
58620.0,52.94188880331541,49.80449251165288,1,347.28423937956256,1041.8527181386876,658.8377760663082,59.60898502330576,393.42949497448075,56238111.75482924,42178583.81612194,15621434.464107273,1146465.2802230883,26063021.019964952,1465500.0000000002,25410684.07179154,24916555.73974181,-4.0978193283081055e-08
58680.0,52.89979454104155,49.82815352110664,1,344.1828073188276,1032.5484219564828,657.995890820831,59.656307042213285,385.1837838998375,56321088.089979865,42240816.067484915,15660939.560787056,1150043.2449370427,26086379.588582247,1467000.0000000002,25429833.261760775,24936336.34364515,-4.0978193283081055e-08
58740.0,52.856848728343685,49.85121820700419,1,341.06751773792985,1023.2025532137895,657.1369745668737,59.702436414008375,376.906067375973,56403318.39417668,42302488.795632534,15700393.630437003,1153624.0132148266,26109242.43427038,1468500.0000000002,25448471.151980653,24955618.4210555,-5.21540641784668e-08
58800.0,52.81307936259788,49.87368449630826,1,337.9395102042219,1013.8185306126657,656.2615872519576,59.747368992616515,368.60011623271896,56484799.48144404,42363599.611083046,15739795.668359812,1157207.513370522,26131607.752284277,1470000.0000000002,25466596.42935267,24974400.238913704,-4.0978193283081055e-08
58860.0,52.76851099205144,49.89555056991062,1,334.79977926554193,1004.3993377966258,655.3702198410288,59.79110113982124,360.2692369364589,56565528.4215431,42424146.31615734,15779144.701346235,1160793.6734850165,26153473.949930344,1471500.0000000002,25484207.94132605,24992680.276445277,-4.0978193283081055e-08
58920.0,52.723165093439604,49.9168148311374,1,331.64919148514053,994.9475744554215,654.4633018687921,59.8336296622748,351.91632289269626,56645502.50724378,42484126.88043285,15818439.7837658,1164382.4214345468,26174839.62026547,1473000.0000000002,25501304.675232463,25010457.19883087,-4.0978193283081055e-08
58980.0,52.67706041886707,49.937475877785886,1,328.4885008889822,985.4655026669466,653.5412083773415,59.87495175557177,343.54390145158067,56724719.22549318,42543539.4191199,15857679.994092172,1167973.6849156804,26195703.518744737,1474500.0000000002,25517885.740112007,25027729.833829,-4.0978193283081055e-08
59040.0,52.630213312732074,49.957532477388305,1,325.31836290516594,975.9550887154978,652.6042662546415,59.91506495477661,335.1541767521086,56803176.2321086,42602382.17408147,15896864.431826685,1171567.3914671366,26216064.54256382,1476000.0000000002,25533950.350787606,25044497.151096623,-4.0978193283081055e-08
59100.0,52.58263799978401,49.976983545409794,1,322.1393468835268,966.4180406505805,651.6527599956803,59.95396709081959,326.7490685785269,56880871.329643935,42660653.497232966,15935992.21478476,1175163.468488819,26235921.712451465,1477500.0000000002,25549497.81395935,25060758.24396259,-3.725290298461914e-08
59160.0,52.53434684564651,49.99582812610081,1,318.9519472889189,956.8558418667567,650.6869369129302,59.99165625220162,318.33024743103067,56957802.44809962,42718351.83607473,15975062.476711322,1178761.8432583928,26255274.156678732,1479000.0000000002,25564527.516104974,25076512.313420277,-4.470348358154297e-08
59220.0,52.48535059131367,50.01406537573996,1,315.7565936645494,947.2697809936483,649.7070118262734,60.02813075147992,309.89916603294296,57033967.628169484,42775475.72112712,16014074.365193065,1182362.4429457113,26274121.097064376,1480500.0000000002,25579038.912988313,25091758.65411861,-3.3527612686157227e-08
59280.0,52.43565856324757,50.03169454801944,1,312.55365946249054,937.6609783874717,648.7131712649514,60.063389096038875,301.45708750960796,57109365.00674089,42832023.75505567,16053027.039837316,1185965.1946253632,26292461.836769667,1482000.0000000002,25593031.520592965,25106496.64214425,-2.9802322387695312e-08
59340.0,52.3852788607763,50.048714981342656,1,309.34346983746826,928.0304095124047,647.7055772155261,60.09742996268531,293.0051104809794,57183992.804387905,42887994.60329093,16091919.670689216,1189570.0252875797,26310295.749690097,1483500.0000000002,25606504.907314107,25120725.72440246,-2.60770320892334e-08
59400.0,52.33421852252181,50.06512608782103,1,306.1263084975817,918.3789254927451,646.6843704504362,60.130252175642056,284.5441913114779,57257849.31461997,42943386.98596498,16130751.436861025,1193176.8618477262,26327622.27126616,1485000.0000000002,25619458.687256206,25134445.409418378,-2.9802322387695312e-08
59460.0,52.282483673581226,50.080927343774235,1,302.90242370204663,908.7072711061398,645.6496734716245,60.16185468754847,276.0751637577966,57330932.89467065,42998199.67100299,16169521.525349425,1196785.6311545612,26344440.89054988,1486500.0000000002,25631892.51449898,25147655.25939526,-2.9802322387695312e-08
59520.0,52.23007965515397,50.09611828155564,1,299.672033491655,899.016100474965,644.6015931030795,60.19223656311128,267.5987562492308,57403241.957632035,43052431.46822403,16208229.130018743,1200396.2599974398,26360751.14337801,1488000.0000000002,25643806.078207824,25160354.883380514,-2.9802322387695312e-08
59580.0,52.17701113824971,50.11069848254073,1,296.4353302326209,889.3059906978627,643.5402227649943,60.22139696508145,259.11560702590657,57474774.96576056,43106081.22432043,16246873.450730002,1204008.6751126053,26376552.606516708,1489500.0000000002,25655199.098477792,25172543.931404047,-2.60770320892334e-08
59640.0,52.123282223041834,50.12466757113262,1,293.1924845490822,879.5774536472467,642.4656444608366,60.24933514226524,250.6262773494155,57545530.42479851,43159147.818598896,16285453.692597667,1207622.8031887033,26391844.892655626,1491000.0000000002,25666071.322812498,25184222.08946687,-2.9802322387695312e-08
59700.0,52.0688965253441,50.13802520965336,1,289.9436487139091,869.8309461417273,641.377930506882,60.27605041930671,242.13126298761932,57615506.87917302,43211630.15937978,16323969.065357754,1211238.5708716298,26406627.646141887,1492500.0000000002,25676422.523150366,25195389.075270206,-3.3527612686157227e-08
59760.0,52.0138572515962,50.150771094003886,1,286.6889595617783,860.0668786853348,640.277145031924,60.30154218800777,233.6310041620761,57684702.90795024,43263527.18096269,16362418.782832658,1214855.9047688134,26420900.539356112,1494000.0000000002,25686252.493361194,25206044.63458725,-2.2351741790771484e-08
59820.0,51.958167263643816,50.16290494998866,1,283.4285409828207,850.2856229484621,639.1633452728763,60.325809899977315,225.1258941323568,57753117.121437274,43314837.841077976,16400802.062479746,1218474.7314530201,26434663.26964359,1495500.0000000002,25695561.047145173,25216188.538190518,-3.725290298461914e-08
59880.0,51.9018291344984,50.174426530212706,1,280.1625060496561,840.4875181489683,638.036582689968,60.34885306042541,216.6162865774259,57820748.15833759,43365561.11875322,16439118.125012135,1222094.977465748,26447915.55672362,1497000.0000000002,25704348.016275298,25225820.579257824,-3.3527612686157227e-08
59940.0,51.84484519616009,50.18533561147014,1,276.89095882536253,830.6728764760876,636.8969039232018,60.370671222940274,208.10250192011966,57887594.68337768,43415696.012533285,16477366.19408153,1225716.5693202834,26460657.14050937,1498500.0000000002,25712613.249131437,25234940.571189035,-3.3527612686157227e-08
60000.0,51.78721758048835,50.19563199255297,1,273.61399589490884,820.8419876847265,635.744351609767,60.39126398510594,199.58483272709717,57953655.3853337,43465241.539000295,16515545.496014185,1229339.4335044671,26472887.779278804,1500000.0000000002,25720356.609481607,25243548.34577428,-3.725290298461914e-08
60060.0,51.72894825400929,50.205315492418215,1,270.3317076579063,810.9951229737189,634.5789650801858,60.41063098483643,191.06354830352066,58018928.97539625,43514196.731547214,16553655.259592187,1232963.4964832226,26484607.248144906,1501500.0000000002,25727577.97547177,25251643.75166163,-3.725290298461914e-08
60120.0,51.67003904745626,50.214385948659306,1,267.0441794161526,801.1325382484578,633.4007809491252,60.42877189731861,182.53889858913763,58083414.18582023,43562560.639365196,16591694.715873254,1236588.6847008795,26495815.337780114,1503000.0000000002,25734277.238791022,25259226.65307918,-3.725290298461914e-08
60180.0,51.610491680755175,50.22284321623516,1,263.75149228547525,791.2544768564258,632.2098336151034,60.445686432470325,174.0111174508095,58147109.76881398,43610332.32661051,16629663.098043218,1240214.9245833326,26506511.85335598,1504500.0000000002,25740454.303983923,25266296.928772595,-4.0978193283081055e-08
60240.0,51.5503077840855,50.230687166416594,1,260.4537239576867,781.3611718730601,631.00615568171,60.46137433283319,165.48042545568043,58210014.495628886,43657510.8717217,16667559.64129604,1243842.1425400598,26516696.61366439,1506000.0000000002,25746109.087885555,25272854.471124273,-4.470348358154297e-08
60300.0,51.48948891557402,50.23791768591552,1,257.1509493351767,771.4528480055301,629.7897783114804,60.47583537183104,156.94703219917616,58272127.15581609,43704095.3668621,16705383.582737051,1247470.2649660255,26526369.450391453,1507500.0000000002,25751241.519158985,25278899.185425375,-4.0978193283081055e-08
60360.0,51.4280365761096,50.244534676167326,1,253.84324105766825,761.5297231730048,628.560731522192,60.48906935233465,148.41113825276085,58333446.55662222,43750084.9174667,16743134.161305636,1251099.2182434904,26535530.207519427,1509000.0000000002,25755851.53791753,25284430.989275884,-4.470348358154297e-08
60420.0,51.365952221706735,50.250538052741234,1,250.53066993802724,751.5920098140817,627.3190444341346,60.50107610548247,139.87293678827376,58393971.5225003,43795478.64187526,16780810.6177142,1254728.9287437403,26544178.740835465,1510500.0000000002,25759939.095417272,25289449.81209167,-4.842877388000488e-08
60480.0,51.30323727378949,50.255927744857175,1,247.21330532162943,741.6399159648884,626.0647454757898,60.51185548971435,131.33261492811252,58453700.894715846,43840275.671036914,16818412.194400672,1258359.3228287522,26552314.917529408,1512000.0000000002,25763504.15380744,25293955.594700597,-5.21540641784668e-08
60540.0,51.23989312771736,50.26070369499112,1,243.8912153817082,731.6736461451246,624.7978625543471,60.521407389982244,122.7903548638701,58512633.531031266,43884475.14827348,16855938.135492288,1261990.3268528094,26559938.615865443,1513500.0000000002,25766546.685928337,25297948.289012577,-4.842877388000488e-08
60600.0,51.175921159830374,50.26486585855351,1,240.5644673612915,721.6934020838745,623.5184231966075,60.529731717107026,114.2463347801183,58570768.30545457,43928076.22909096,16893387.68677865,1265621.8671640705,26567049.72491486,1515000.0000000002,25769066.675148193,25301427.857750736,-4.470348358154297e-08
60660.0,51.111322733251534,50.268414203628026,1,237.23312777071055,711.6993833121317,622.2264546650307,60.53682840725605,105.7007296147878,58628104.10804059,43971078.08103047,16930760.09569252,1269253.8701061062,26573648.14433919,1516500.0000000002,25771064.1152318,25304394.27423303,-4.842877388000488e-08
60720.0,51.04609920264996,50.27134871075989,1,233.89726254830532,701.691787644916,620.9219840529993,60.542697421519776,97.15371168301533,58684639.84473514,44013479.88355138,16968054.611296907,1272886.2620194072,26579733.78421473,1518000.0000000002,25772539.010235015,25306847.522195265,-5.21540641784668e-08
60780.0,50.98025191813799,50.27366937278481,1,230.5569371907175,691.6708115721525,619.6050383627597,60.54733874556962,88.6054511872886,58740374.437253855,44055280.82794042,17005270.484277334,1276518.9692428682,26585306.56489102,1519500.0000000002,25773491.37442017,25308787.5956481,-4.842877388000488e-08
60840.0,50.91378222844863,50.27537619469098,1,227.21221685817434,681.6366505745231,618.2756445689727,60.550752389381955,80.05611663320984,58795306.82298935,44096480.11724204,17042406.966938354,1280151.918115255,26590366.416876964,1521000.0000000002,25773921.23218839,25310214.498761658,-4.0978193283081055e-08
60900.0,50.84669148351761,50.27646919350814,1,223.86316645923515,671.5894993777055,616.9338296703522,60.55293838701628,71.50587516718731,58849435.95494096,44137076.96620574,17079463.313203473,1283785.0349766547,26594913.28074951,1522500.0000000002,25773828.618025567,25311128.245772805,-4.470348358154297e-08
60960.0,50.77898103657413,50.27694839821846,1,220.50985071876522,661.5295521562957,615.5796207314826,60.553896796436916,62.95489284980128,58902760.80166281,44177070.601247124,17116438.778617926,1287418.2461699168,26598947.107080597,1524000.0000000002,25773213.576459244,25311528.86091063,-3.725290298461914e-08
61020.0,50.71065224582775,50.27681384968506,1,217.152334232226,651.457002696678,614.2130449165551,60.553627699370125,54.403334876293314,58955280.34722651,44216460.2604199,17153332.62035365,1291051.4780420817,26602467.856378846,1525500.0000000002,25772076.16202413,25311416.378336713,-3.725290298461914e-08
61080.0,50.64170647582393,50.276065600594855,1,213.79068150886465,641.372044526594,612.8341295164786,60.55213120118971,45.85136575372611,59006993.591195464,44255245.19339661,17190144.097216114,1294684.6569458034,26605475.499043155,1527000.0000000002,25770416.439234655,25310790.842097297,-4.0978193283081055e-08
61140.0,50.572145098529134,50.2747037154127,1,210.42495700590763,631.274871017723,611.4429019705826,60.5494074308254,37.29914944280101,59057899.54860845,44293424.66145636,17226872.469652604,1298317.709240765,26607970.015325833,1528500.0000000002,25768234.48256295,25309652.306085017,-4.0978193283081055e-08
61200.0,50.50196949419597,50.272728270344714,1,207.05522515550123,621.1656754665037,610.0393898839194,60.54545654068943,28.74684947094725,59107997.24997051,44330997.937477894,17263516.999761652,1301950.5612950914,26609951.395303324,1530000.0000000002,25765530.37642112,25308000.83400818,-2.9802322387695312e-08
61260.0,50.43118105204916,50.270139353308856,1,203.68155038580838,611.0446511574252,608.6236210409833,60.54027870661771,20.19462902203432,59157285.74124952,44367964.30593715,17300076.951303426,1305583.1394867536,26611419.638853006,1531500.0000000002,25762304.215146944,25305836.499366205,-2.60770320892334e-08
61320.0,50.35978117082717,50.266937063911236,1,200.30399713743222,600.9119914122966,607.1956234165434,60.53387412782247,11.642651007258044,59205764.08387733,44404323.062908016,17336551.589710813,1309215.3702049756,26612374.755634815,1533000.0000000002,25758556.1029922,25303159.385429792,-2.9802322387695312e-08
61380.0,50.287771259206686,50.26312151342692,1,196.92262987609575,590.7678896282873,605.7554251841337,60.526243026853834,3.091078120783001,59253431.35475435,44440073.51606578,17372940.18210112,1312847.1798516335,26612816.76507658,1534500.0000000002,25754286.154113006,25299969.585224904,-1.862645149230957e-08
61440.0,50.215152736133845,50.25869282478433,1,193.53751310233756,580.6125393070126,604.303054722677,60.517385649568666,-5.459927116771191,59300286.64625675,44475214.98469257,17409241.99728819,1316478.4948426562,26612745.696362402,1536000.0000000002,25749494.49256171,25296267.2015197,-1.862645149230957e-08
61500.0,50.14192703107973,50.253651132552385,1,190.14871135884368,570.446134076531,602.8385406215946,60.50730226510477,-14.010202324670699,59346329.066245764,44509746.79968434,17445456.30579491,1320109.2416094227,26612161.58842326,1537500.0000000002,25744181.25227999,25292052.346813794,-1.4901161193847656e-08
61560.0,50.06809558423587,50.24799658292972,1,186.75628923590526,560.2688677077158,601.3619116847174,60.495993165859446,-22.559585236209152,59391557.7380785,44543668.303558886,17481582.379865926,1323739.3466001577,26611064.48992945,1539000.0000000002,25738346.577092785,25287325.143329248,-1.862645149230957e-08
61620.0,49.99365984666178,50.241729333735634,1,183.36031137539393,550.0809341261818,599.8731969332356,60.48345866747127,-31.107913679061543,59435971.80061985,44576978.8504649,17517619.493480638,1327368.7362813274,26609454.45928436,1540500.0000000002,25731990.620702915,25282085.72300299,-2.2351741790771484e-08
61680.0,49.91862128039447,50.23484955440213,1,179.9608424735706,539.8825274207118,598.3724256078893,60.469699108804264,-39.655025560560986,59479570.408255234,44609677.80619144,17553566.92236629,1330997.3371390332,26607331.564619254,1542000.0000000002,25725113.546686098,25276334.22748018,-1.4901161193847656e-08
61740.0,49.84298135852759,50.22735742596699,1,176.55794728298497,529.6738418489549,596.8596271705518,60.454714851933986,-48.20075885690136,59522352.73090391,44641764.54817794,17589423.944011196,1334625.0756804044,26604695.883788854,1543500.0000000002,25717715.52848632,25270070.808108404,-2.2351741790771484e-08
61800.0,49.76674156526688,50.21925314106747,1,173.15169061365657,519.4550718409697,595.3348313053375,60.43850628213494,-56.744951605394284,59564317.954032615,44673238.46552447,17625189.83767805,1338251.8784349912,26601547.50436744,1545000.0000000002,25709796.749411408,25263295.625932403,-2.60770320892334e-08
61860.0,49.68990339596652,50.2105369039344,1,169.74213733370274,509.2264120011082,593.7980679193304,60.421073807868794,-65.28744189917208,59605465.27866946,44704098.95900211,17660863.884417273,1341877.671956156,26597886.523645356,1546500.0000000002,25701357.402628653,25256008.851689156,-2.60770320892334e-08
61920.0,49.61246835715098,50.201208930386684,1,166.32935236952534,498.988057108576,592.2493671430196,60.40241786077337,-73.82806788375726,59645793.9214179,44734345.441063434,17696445.367080417,1345502.3828224635,26593713.048625775,1548000.0000000002,25692397.691160534,25248210.66580327,-1.862645149230957e-08
61980.0,49.53443796652501,50.19126944782597,1,162.91340070566875,488.7402021170062,590.6887593305003,60.38253889565193,-82.36666775513976,59685303.114470705,44763977.33585303,17731933.570333563,1349125.9376390728,26589027.19602162,1549500.0000000002,25682917.827880383,25239901.258382507,-1.4901161193847656e-08
62040.0,49.45581375297461,50.180718695231334,1,159.4943473844149,478.4830421532447,589.1162750594923,60.36143739046267,-90.90307975899282,59723992.10562388,44792994.07921791,17767327.78067076,1352748.2630391251,26583829.09225256,1551000.0000000002,25672918.035508014,25231080.829213396,-1.4901161193847656e-08
62100.0,49.37659725656085,50.16955692315414,1,156.07225750517946,468.2167725155384,587.531945131217,60.33911384630828,-99.43714219079862,59761860.15829044,44821395.11871783,17802627.286427412,1356369.285685134,26578118.87344203,1552500.0000000002,25662398.546605274,25221749.58775686,-7.450580596923828e-09
62160.0,49.29679002850812,50.1577843937127,1,152.6471962237483,457.94158867124486,585.9358005701624,60.315568787425406,-107.96869339665469,59798906.55151404,44849179.91363553,17837831.377793703,1359988.9322703723,26571896.685414236,1554000.0000000002,25651359.60357144,25211907.75314382,-1.1175870895385742e-08
62220.0,49.216393631188026,50.14540138058701,1,149.219228751404,447.65768625421197,584.3278726237605,60.29080276117402,-116.4975717746326,59835130.57998242,44876347.93498681,17872939.34682798,1363607.1295202621,26565162.683691047,1555500.0000000002,25639801.45863856,25201555.55417074,-3.725290298461914e-09
62280.0,49.13540963809982,50.132408169013225,1,145.7884203539586,437.3652610618758,582.7081927619964,60.26481633802645,-125.02361577654057,59870531.554040566,44902898.66553042,17907950.4874701,1367223.8041937596,26557917.033488855,1557000.0000000002,25627724.373866554,25190693.229295056,-3.725290298461914e-09
62340.0,49.05383963384834,50.11880505577811,1,142.35483635071427,427.0645090521428,581.0767926769668,60.23761011155622,-133.54666390999316,59905108.79970372,44928831.59977778,17942864.09555481,1370838.8830847433,26550159.909715284,1558500.0000000002,25615128.621138226,25179321.026630502,0.0
62400.0,48.971685214119674,50.10459234921331,1,138.91854211337457,416.75562634012374,579.4337042823935,60.209184698426625,-142.0665547407423,59938861.65867005,44954146.24400253,17977679.468825005,1374452.293023398,26541891.496965766,1560000.0000000002,25602014.482154123,25167439.20394233,-3.725290298461914e-09
62460.0,48.88894798565532,50.0897703691894,1,135.4796030649155,406.43880919474645,577.7789597131064,60.179540738378805,-150.5831268951738,59971789.48833312,44978842.11624983,18012395.906945057,1378063.9608776008,26533111.989519976,1561500.0000000002,25588382.24842717,25155048.02864234,0.0
62520.0,48.80562956622485,50.0743394471098,1,132.03808467842777,396.1142540352833,576.1125913244971,60.1486788942196,-159.09621906297252,60003891.66179404,45002918.74634552,18047012.711514045,1381673.8135543058,26523821.591338135,1563000.0000000002,25574232.221277166,25142147.777783792,-3.725290298461914e-09
62580.0,48.72173158459789,50.05829992590447,1,128.59405247593045,385.7821574277914,574.4346316919577,60.11659985180894,-167.60566999984525,60035167.56787336,45026375.675905004,18081529.186078973,1385281.7780009268,26514020.516057096,1564500.0000000002,25559564.711825106,25128738.73805614,3.725290298461914e-09
62640.0,48.6372556805149,50.041652160023425,1,125.14757202717311,375.44271608151934,572.745113610298,60.08330432004685,-176.11131853036932,60065616.61112267,45049212.458341986,18115944.636147954,1388887.7812067205,26503708.98698634,1566000.0000000002,25544380.040987305,25114821.205779582,-7.450580596923828e-09
62700.0,48.552203504657335,50.02439651543004,1,121.69870894842113,365.09612684526337,571.0440700931467,60.04879303086008,-184.61300355089733,60095238.21183589,45071428.658876896,18150258.36920335,1392491.7502041687,26492887.237103716,1567500.0000000002,25528678.539469372,25100395.486899514,-3.725290298461914e-09
62760.0,48.466576718617524,50.006533369594116,1,118.24752890123473,354.7425867037042,569.3315343723505,60.01306673918823,-193.1105640324646,60124031.806060314,45093023.85454522,18184469.69471491,1396093.6120703588,26481555.509051073,1569000.0000000002,25512460.547759943,25085461.89698068,-7.450580596923828e-09
62820.0,48.38037699486787,49.9880631114848,1,114.79409759123514,344.38229277370544,567.6075398973575,59.9761262229696,-201.6038390237624,60151996.84560734,45113997.63420549,18218577.924152806,1399693.2939283652,26469714.055129692,1570500.0000000002,25495726.41612431,25070020.761201292,-7.450580596923828e-09
62880.0,48.2936060167295,49.96898614156322,1,111.33848076686681,334.0154423006004,565.8721203345899,59.93797228312644,-210.09266765414878,60179132.79806285,45134349.59854712,18252582.371000696,1403290.7229486275,26457363.13729551,1572000.0000000002,25478476.504597794,25054072.41434685,-3.725290298461914e-09
62940.0,48.20626547834072,49.949302871774954,1,107.8807442181578,323.6422326544734,564.1253095668144,59.89860574354991,-218.57688913665314,60205439.14679739,45154079.36009802,18286482.350768715,1406885.8263503304,26444503.027154222,1573500.0000000002,25460711.182978973,25037617.20080386,0.0
63000.0,48.11835708462535,49.92901372554227,1,104.42095377547525,313.26286132642576,562.3671416925071,59.85802745108454,-227.05634277098144,60230915.39097595,45173186.54323195,18320277.18100644,1410478.5314027804,26431134.005956147,1575000.0000000002,25442430.830822717,25020655.474553335,-1.1175870895385742e-08
63060.0,48.02988255126034,49.908119137756145,1,100.95917530827498,302.8775259248249,560.5976510252069,59.81623827551229,-235.5308679465736,60255561.04556756,45191670.78417565,18353966.181315813,1414068.7654267831,26417256.36459095,1576500.0000000002,25423635.83743304,25003187.599164136,-1.1175870895385742e-08
63120.0,47.94084360464352,49.88661955476808,1,97.49547472385125,292.4864241715537,558.8168720928704,59.77323910953616,-244.00030414562022,60279375.64135444,45209531.73101582,18387548.673364025,1417656.4557960185,26402870.403582163,1578000.0000000002,25404326.60185577,24985213.947786115,-3.725290298461914e-09
63180.0,47.85124198186072,49.86451543438167,1,94.02991796608818,282.0897538982645,557.0248396372143,59.729030868763346,-252.46449094612782,60302358.72494104,45226769.04370576,18421023.98089635,1421241.5299384163,26387976.433081523,1579500.0000000002,25384503.53287099,24966734.903143078,-7.450580596923828e-09
63240.0,47.76107943065309,49.841807245843995,1,90.56257101420185,271.68771304260554,555.2215886130618,59.68361449168799,-260.92326802493943,60324509.85876255,45243382.39407189,18454391.42974898,1424823.9153375288,26372574.77286314,1581000.0000000002,25364167.048985377,24947750.85752558,-7.450580596923828e-09
63300.0,47.670357709383914,49.81849546983677,1,87.09349988148824,261.2804996444647,553.4071541876783,59.63699093967354,-269.37647516078795,60345828.6210933,45259371.465819955,18487650.347861756,1428403.5395339048,26356665.75231747,1582500.0000000002,25343317.578424297,24928262.212783538,3.725290298461914e-09
63360.0,47.5790785870051,49.79458059846725,1,83.62277061406608,250.86831184219824,551.5815717401019,59.5891611969345,-277.8239522373535,60366314.6060548,45274735.95454109,18520800.065290917,1431980.33012646,26340249.710445113,1584000.0000000002,25321955.559123695,24908269.38031862,-1.4901161193847656e-08
63420.0,47.48724384302373,49.77006313525902,1,80.1504492896231,240.45134786886928,549.7448768604745,59.540126270518044,-286.26553924630605,60385967.423623405,45289475.567717545,18553839.914221786,1435554.2147738482,26323326.995850425,1585500.0000000002,25300081.4387219,24887772.781076543,-1.1175870895385742e-08
63480.0,47.39485526746835,49.74494359514244,1,76.6766020161537,230.02980604846107,547.897105349367,59.489887190284875,-294.70107629033043,60404786.699637815,45303590.02472835,18586769.228981405,1439125.1211958306,26305897.96673494,1587000.0000000002,25277695.674551103,24866772.845539078,-1.1175870895385742e-08
63540.0,47.30191466085492,49.71922250444493,1,73.20129493070546,219.6038847921164,546.0382932170984,59.43844500888986,-303.1304035861872,60422772.075806126,45317079.05685458,18619587.34605115,1442692.9771746441,26287962.990890633,1588500.0000000002,25254798.733628783,24845270.01371596,-7.450580596923828e-09
63600.0,47.20842383415253,49.692900400881065,1,69.7245941981153,209.17378259434588,544.1684766830507,59.38580080176213,-311.55336146775784,60439923.209712714,45329942.40728452,18652293.604079284,1446257.7105563676,26269522.44569297,1590000.0000000002,25231391.092648856,24823264.73513657,-1.1175870895385742e-08
63660.0,47.114384608749106,49.665977833542435,1,66.2465660097563,198.73969802926888,542.2876921749821,59.33195566708487,-319.96979038908347,60456239.774824694,45342179.83111851,18684887.343893494,1449819.2492522895,26250576.718093798,1591500.0000000002,25207473.23797271,24800757.468841475,-1.4901161193847656e-08
63720.0,47.019798816416866,49.63845536288724,1,62.76727658227117,188.30182974681352,540.3959763283374,59.276910725774485,-328.37953092738513,60471721.4604982,45353791.09537364,18717367.90851337,1453377.52124027,26231126.204614032,1593000.0000000002,25183045.665619988,24777748.683373734,-7.450580596923828e-09
63780.0,46.92466829927743,49.610333560729735,1,59.286792156316515,177.86037646894954,538.4933659855485,59.22066712145947,-336.7824237861193,60486367.971984245,45364775.97898818,18749734.643162835,1456932.4545661071,26211171.311336193,1594500.0000000002,25158108.881259218,24754238.856770057,-1.862645149230957e-08
63840.0,46.828994909766806,49.581613010229425,1,55.805178995298,167.415536985894,536.5798981953361,59.16322602045885,-345.1783097980125,60500179.03043437,45375134.27282577,18781986.89528255,1460483.9773448964,26190712.453896727,1596000.0000000002,25132663.400198303,24730228.4765518,-1.862645149230957e-08
63900.0,46.732780510600314,49.55229430588007,1,52.322503384113155,156.96751015233946,534.6556102120063,59.104588611760136,-353.5670299280811,60513154.372905925,45384865.77967943,18814124.014542274,1464032.017762393,26169750.057478163,1597500.0000000002,25106709.747374743,24705718.039715737,-2.2351741790771484e-08
63960.0,46.63602697473715,49.52237805349842,1,48.83883162788489,146.51649488365467,532.720539494743,59.04475610699684,-361.94842527666356,60525293.752367094,45393970.3142753,18846145.35285318,1467576.5040763712,26148284.556801084,1599000.0000000002,25080248.45734574,24680708.05272468,-1.1175870895385742e-08
64020.0,46.538736185344796,49.4918648702128,1,45.35423005070122,136.06269015210364,530.7747237068959,58.9837297404256,-370.32233708244786,60536596.93770159,45402447.70327617,18878050.2643801,1471117.3646179815,26126316.396115918,1600500.0000000002,25053280.074278075,24655199.031497903,-1.4901161193847656e-08
64080.0,46.440910035763174,49.46075538445144,1,41.868764994354706,125.60629498306412,528.8182007152635,58.92151076890288,-378.6886067255083,60547063.71371305,45410297.78528477,18909838.1055538,1474654.527793108,26103846.029194545,1602000.0000000002,25025805.15193785,24629191.501401402,-1.4901161193847656e-08
64140.0,46.34255042946886,49.42905023593058,1,38.382502817075135,115.1475084512254,526.8510085893772,58.858100471861164,-387.04707573030015,60556693.88112916,45417520.41084685,18941508.235083114,1478187.9220837243,26080873.919321727,1603500.0000000002,24997824.25368,24602685.997237965,-1.4901161193847656e-08
64200.0,46.24365928003874,49.396750075642416,1,34.895509892269075,104.68652967680723,524.8731856007748,58.79350015128483,-395.3975857687007,60565487.25660541,45424115.44245404,18973060.013967134,1481717.4760492458,26057400.539286345,1605000.0000000002,24969337.95243764,24575683.06323706,-2.2351741790771484e-08
64260.0,46.14423851111374,49.36385556584277,1,31.407852607254366,94.2235578217631,522.8847702222748,58.72771113168554,-403.73997866302005,60573443.6727286,45430082.75454643,19004492.805507276,1485243.1183278833,26033426.371372472,1606500.0000000002,24940346.830711264,24548183.253044557,-1.1175870895385742e-08
64320.0,46.044290056362264,49.33036738003855,1,27.919597362000864,83.75879208600259,520.8858011272453,58.660734760077105,-412.0740963890065,60580562.978020035,45435422.23351501,19035805.975319345,1488764.777637993,26008951.907350257,1608000.0000000002,24910851.480557665,24520187.12971223,-7.450580596923828e-09
64380.0,45.94381585944343,49.296286202975075,1,24.430810567858455,73.29243170357536,518.8763171888686,58.59257240595015,-420.39978107886793,60586845.03693842,45440133.77770379,19066998.891345546,1492282.382779427,25983977.648466624,1609500.0000000002,24880852.503578816,24491695.265687164,-3.725290298461914e-09
64440.0,45.842817873970226,49.261612730623064,1,20.94155864629872,62.82467593889616,516.8563574794046,58.52322546124613,-428.7168750242658,60592289.7298824,45444217.29741178,19098070.923866455,1495795.8626348805,25958504.105435796,1611000.0000000002,24850350.510910433,24462708.24280088,-1.1175870895385742e-08
64500.0,45.74129806347228,49.2263476701655,1,17.451908027648606,52.35572408294582,514.8259612694455,58.452695340331005,-437.02522067933023,60596896.95319285,45447672.71489462,19129021.445512936,1499305.1461712376,25932531.79842963,1612500.0000000002,24819346.12321044,24433226.65225836,-7.450580596923828e-09
64560.0,45.63925840135859,49.19049173998428,1,13.961925149826746,41.885775449480235,512.7851680271717,58.38098347996856,-445.32466066366186,60600666.61915491,45450499.96436617,19159849.83127801,1502810.1624409163,25906061.257067803,1614000.0000000002,24787839.97064724,24403251.09462686,-3.725290298461914e-09
64620.0,45.53670087088008,49.15404566964656,1,10.471676457076063,31.415029371228187,510.73401741760165,58.308091339293114,-453.61503776531583,60603598.65599956,45452698.991999656,19190555.45852872,1506310.8405832127,25879093.020407762,1615500.0000000002,24755832.69288772,24372782.17982452,-3.725290298461914e-09
64680.0,45.43362746509195,49.117010199891006,1,6.981228398699521,20.943685196098563,508.672549301839,58.23402039978201,-461.8961949438013,60605693.00790504,45454269.75592877,19221137.707017872,1509807.10982564,25851627.63693455,1617000.0000000002,24723324.93908526,24341820.52710888,3.725290298461914e-09
64740.0,45.33004018681559,49.07938608261377,1,3.490647427797137,10.47194228339141,506.6008037363117,58.158772165227546,-470.16797533309244,60606949.63499793,45455212.22624843,19251595.958895817,1513298.8994852707,25823665.66455041,1618500.0000000002,24690317.36786735,24310366.765065115,1.1175870895385742e-08
64800.0,45.22594104860081,49.04117408085425,1,0.0,0.0,504.5188209720162,58.082348161708495,-478.4302222445811,60607368.51335384,45455526.38501536,19281929.598722126,1516786.138970073,25795207.670564253,1620000.0000000002,24656810.64732316,24278421.53159415,0.0
64860.0,45.138749776880836,49.00242951599092,1,0.0,0.0,502.77499553761675,58.00485903198184,-484.50543928440436,60607368.51335384,45455526.38501536,19312145.303531073,1520268.759462661,25766299.8348311,1621500.0000000002,24623112.322021622,24246031.075368408,-3.725290298461914e-09
64920.0,45.07520179038054,48.96337284793433,1,0.0,0.0,501.50403580761076,57.92674569586866,-487.5766506172453,60607368.51335384,45455526.38501536,19342271.947549324,1523746.7097372254,25737126.41061035,1623000.0000000002,24589507.727728806,24213379.7008731,-3.725290298461914e-09
64980.0,45.02478873503001,48.92416699640489,1,0.0,0.0,500.4957747006001,57.848333992809785,-488.98203397641055,60607368.51335384,45455526.38501536,19372330.981923718,1527219.9630717007,25707823.572066214,1624500.0000000002,24555975.440019943,24180603.60899449,0.0
65040.0,44.98168190371665,48.884902295639435,1,0.0,0.0,499.63363807433296,57.76980459127887,-489.46383714711743,60607368.51335384,45455526.38501536,19402334.329791132,1530688.5075139077,25678466.826668505,1626000.0000000002,24522503.547710318,24147778.319154568,-3.725290298461914e-09
65100.0,44.94264825393904,48.84562881885466,1,0.0,0.0,498.8529650787808,57.69125763770931,-489.4337628404182,60607368.51335384,45455526.38501536,19432288.629343588,1534152.3393001868,25649098.03186271,1627500.0000000002,24489085.41637158,24114945.692562494,-7.450580596923828e-09
65160.0,44.90589448292066,48.80637430769439,1,0.0,0.0,498.11788965841316,57.61274861538878,-489.12017002662606,60607368.51335384,45455526.38501536,19462197.587334126,1537611.4592049066,25619740.38043745,1629000.0000000002,24455717.33847632,24082128.92123251,-1.1175870895385742e-08
65220.0,44.870425869685825,48.76715411717262,1,0.0,0.0,497.40851739371647,57.53430823434525,-488.6497222348445,60607368.51335384,45455526.38501536,19492063.284498103,1541065.87051565,25590406.71247199,1630500.0000000002,24422397.230001602,24049340.841956314,-7.450580596923828e-09
65280.0,44.83569064340194,48.72797673184416,1,0.0,0.0,496.71381286803876,57.45595346368832,-488.09267549065424,60607368.51335384,45455526.38501536,19521886.89963249,1544515.5779101118,25561104.12573186,1632000.0000000002,24389123.907472745,24016588.547821715,-1.4901161193847656e-08
65340.0,44.80138272483941,48.688846825464054,1,0.0,0.0,496.02765449678816,57.37769365092811,-487.4879982183308,60607368.51335384,45455526.38501536,19551669.111221656,1547960.5868331548,25531836.532921128,1633500.0000000002,24355896.68696054,23983875.94608795,-7.450580596923828e-09
65400.0,44.76733231279512,48.64976695809163,1,0.0,0.0,495.3466462559024,57.299533916183265,-486.8573045201827,60607368.51335384,45455526.38501536,19581410.320207536,1551400.9031512835,25502606.080115914,1635000.0000000002,24322715.16165653,23951205.176964603,-1.1175870895385742e-08
65460.0,44.73344519556276,48.61073851742474,1,0.0,0.0,494.66890391125514,57.221477034849485,-486.21258256149275,60607368.51335384,45455526.38501536,19611110.773553826,1554836.532960997,25473413.93352811,1636500.0000000002,24289579.078500524,23918577.400567085,-1.4901161193847656e-08
65520.0,44.699669088770115,48.57176224093039,1,0.0,0.0,493.9933817754023,57.14352448186078,-485.56048128089844,60607368.51335384,45455526.38501536,19640770.632783502,1558267.4824824939,25444260.715900324,1638000.0000000002,24256488.26974936,23885993.233417805,-7.450580596923828e-09
65580.0,44.665974963955975,48.53283850545536,1,0.0,0.0,493.3194992791195,57.06567701091072,-484.9046881040228,60607368.51335384,45455526.38501536,19670390.011994615,1561693.758000717,25415146.74856142,1639500.0000000002,24223442.61502002,23853452.99056068,-7.450580596923828e-09
65640.0,44.63234669207473,48.49396748786477,1,0.0,0.0,492.6469338414945,56.987934975729544,-484.2472477920717,60607368.51335384,45455526.38501536,19699968.99894662,1565115.3658326603,25386072.185687635,1641000.0000000002,24190442.02023607,23820956.81985495,-1.1175870895385742e-08
65700.0,44.5987752990494,48.45514925414356,1,0.0,0.0,491.97550598098803,56.91029850828711,-483.58929396880717,60607368.51335384,45455526.38501536,19729507.666756354,1568532.3123092381,25357037.088773277,1642500.0000000002,24157486.405949753,23788504.77646401,-1.4901161193847656e-08
65760.0,44.565255779493924,48.41638380881836,1,0.0,0.0,491.3051155898785,56.83276761763672,-482.9314548772842,60607368.51335384,45455526.38501536,19759006.08038556,1571944.6037652344,25328041.467937406,1644000.0000000002,24124575.700864557,23756096.86417215,-1.1175870895385742e-08
65820.0,44.53178532937741,48.37767112237041,1,0.0,0.0,490.63570658754827,56.75534224474082,-482.27407844132154,60607368.51335384,45455526.38501536,19788464.30023929,1575352.2465337336,25299085.304835416,1645500.0000000002,24091709.838242322,23723733.05830166,-1.4901161193847656e-08
65880.0,44.49836236573444,48.33901114644056,1,0.0,0.0,489.96724731468873,56.678022292881124,-481.6173571005481,60607368.51335384,45455526.38501536,19817882.384161983,1578755.246943037,25270168.56536737,1647000.0000000002,24058888.753910325,23691413.31842431,-1.4901161193847656e-08
65940.0,44.46498598292671,48.30040382226306,1,0.0,0.0,489.2997196585343,56.600807644526114,-480.9613970527775,60607368.51335384,45455526.38501536,19847260.388544578,1582153.6113149566,25241291.20672689,1648500.0000000002,24026112.385155816,23659137.595411915,-1.1175870895385742e-08
66000.0,44.4316556510473,48.26184908534337,1,0.0,0.0,488.633113020946,56.52369817068674,-480.30625666072723,60607368.51335384,45455526.38501536,19876598.368938707,1585547.3459638744,25212453.181310948,1650000.0000000002,23993380.67011277,23626905.83534706,-1.1175870895385742e-08
66060.0,44.398371048634054,48.223346868052886,1,0.0,0.0,487.9674209726811,56.44669373610577,-479.65196775512146,60607368.51335384,45455526.38501536,19905896.380397394,1588936.4571962263,25183654.438888457,1651500.0000000002,23960693.547421724,23594717.981692214,-1.4901161193847656e-08
66120.0,44.36513196988059,48.184897101067996,1,0.0,0.0,487.30263939761187,56.36979420213599,-478.9985474509003,60607368.51335384,45455526.38501536,19935154.477664072,1592320.9513102206,25154894.927803084,1653000.0000000002,23928050.956041053,23562573.976492845,-1.4901161193847656e-08
66180.0,44.331938273168895,48.14649971416825,1,0.0,0.0,486.6387654633779,56.2929994283365,-478.34600470131915,60607368.51335384,45455526.38501536,19964372.71527747,1595700.8345956865,25126174.59564036,1654500.0000000002,23895452.83514219,23530473.76104466,-1.1175870895385742e-08
66240.0,44.298789852521786,48.10815463667904,1,0.0,0.0,485.97579705043574,56.21630927335808,-477.69434393331954,60607368.51335384,45455526.38501536,19993551.14762985,1599076.1133339975,25097493.389597688,1656000.0000000002,23862899.124051504,23498417.276263677,-1.1175870895385742e-08
66300.0,44.2656866217684,48.06986179771705,1,0.0,0.0,485.313732435368,56.139723595434106,-477.0435670639607,60607368.51335384,45455526.38501536,20022689.828999337,1602446.7937980308,25068851.2566895,1657500.0000000002,23830389.762217984,23466404.462891456,-1.1175870895385742e-08
66360.0,44.23262850576115,48.0316211263264,1,0.0,0.0,484.65257011522294,56.0632422526528,-476.3936746188824,60607368.51335384,45455526.38501536,20051788.813567914,1605812.8822521525,25040248.143861033,1659000.0000000002,23797924.689195286,23434435.26160887,-7.450580596923828e-09
66420.0,44.19961543550398,47.993432551554015,1,0.0,0.0,483.99230871007956,55.98686510310803,-475.74466635267447,60607368.51335384,45455526.38501536,20080848.15543142,1609174.3849522138,25011683.998051383,1660500.0000000002,23765503.844631717,23402509.613099158,-1.1175870895385742e-08
66480.0,44.16664734545022,47.955296002491465,1,0.0,0.0,483.3329469090045,55.91059200498293,-475.09654159297185,60607368.51335384,45455526.38501536,20109867.90860518,1612531.3081455538,24983158.76622843,1662000.0000000002,23733127.16826462,23370627.458082866,-7.450580596923828e-09
66540.0,44.1337241720035,47.91721140829804,1,0.0,0.0,482.67448344006993,55.834422816596074,-474.44929943133536,60607368.51335384,45455526.38501536,20138848.12702713,1615883.6580710062,24954672.39540818,1663500.0000000002,23700794.599917214,23338788.73733716,-7.450580596923828e-09
66600.0,44.100845852686405,47.879178698213536,1,0.0,0.0,482.0169170537281,55.75835739642707,-473.8029388291023,60607368.51335384,45455526.38501536,20167788.86455963,1619231.4409589095,24926224.832665436,1665000.0000000002,23668506.079496812,23306993.391706515,-7.450580596923828e-09
66660.0,44.068012325679234,47.84119780156525,1,0.0,0.0,481.3602465135847,55.6823956031305,-473.15745867610644,60607368.51335384,45455526.38501536,20196690.174990498,1622574.663031115,24897816.02513968,1666500.0000000002,23636261.54699374,23275241.36210855,-7.450580596923828e-09
66720.0,44.03522352956409,47.80326864777186,1,0.0,0.0,480.70447059128185,55.60653729554372,-472.51285782325385,60607368.51335384,45455526.38501536,20225552.112033617,1625913.3305009992,24869445.92003829,1668000.0000000002,23604060.942480735,23243532.589537274,-1.1175870895385742e-08
66780.0,44.00247940318295,47.765391166345445,1,0.0,0.0,480.04958806365903,55.53078233269089,-471.8691351005765,60607368.51335384,45455526.38501536,20254374.729329344,1629247.4495734747,24841114.46463828,1669500.0000000002,23571904.206112534,23211867.01506479,-7.450580596923828e-09
66840.0,43.96977988555876,47.7275652868926,1,0.0,0.0,479.3955977111751,55.4551305737852,-471.2262893272636,60607368.51335384,45455526.38501536,20283158.080444757,1632577.026445001,24812821.60628723,1671000.0000000002,23539791.278125595,23180244.579842214,-7.450580596923828e-09
66900.0,43.93712491585175,47.689790939114985,1,0.0,0.0,478.7424983170349,55.37958187822997,-470.58431931721003,60607368.51335384,45455526.38501536,20311902.218873847,1635902.0673035958,24784567.292403743,1672500.0000000002,23507722.0988379,23148665.225100126,-1.862645149230957e-08
66960.0,43.90451443333512,47.65206805280957,1,0.0,0.0,478.09028866670246,55.304136105619136,-469.94322388209537,60607368.51335384,45455526.38501536,20340607.198037673,1639222.5783288474,24756351.470477667,1674000.0000000002,23475696.608648825,23117128.8921488,-1.4901161193847656e-08
67020.0,43.87194837738146,47.614396557868695,1,0.0,0.0,477.43896754762915,55.22879311573739,-469.30300183309953,60607368.51335384,45455526.38501536,20369273.071284477,1642538.5656919247,24728174.08807017,1675500.0000000002,23443714.74803895,23085635.52237823,-7.450580596923828e-09
67080.0,43.83942668745518,47.576776384280066,1,0.0,0.0,476.78853374910364,55.15355276856013,-468.66365198184064,60607368.51335384,45455526.38501536,20397899.8918898,1645850.03555559,24700035.09281374,1677000.0000000002,23411776.457569964,23054185.057258137,-7.450580596923828e-09
67140.0,43.806949303108354,47.5392074621267,1,0.0,0.0,476.1389860621671,55.078414924253394,-468.0251731409002,60607368.51335384,45455526.38501536,20426487.713056598,1649156.9940742091,24671934.432412144,1678500.0000000002,23379881.677884545,23022777.43833792,-7.450580596923828e-09
67200.0,43.77451616397819,47.50168972158681,1,0.0,0.0,475.4903232795638,55.003379443173614,-467.3875641241204,60607368.51335384,45455526.38501536,20455036.587915342,1652459.4473937647,24643872.054640353,1680000.0000000002,23348030.349706244,22991412.60724657,-1.1175870895385742e-08
67260.0,43.74212720978572,47.464223092933715,1,0.0,0.0,474.8425441957144,54.92844618586743,-466.75082374675833,60607368.51335384,45455526.38501536,20483546.56952412,1655757.4016518656,24615847.907344464,1681500.0000000002,23316222.413839374,22960090.505692586,0.0
67320.0,43.709782380335014,47.4268075065357,1,0.0,0.0,474.1956476067003,54.853615013071405,-466.1149508255663,60607368.51335384,45455526.38501536,20512017.710868724,1659050.862977759,24587861.93844162,1683000.0000000002,23284457.81116887,22928811.075463846,-7.450580596923828e-09
67380.0,43.67748161551257,47.389442892855925,1,0.0,0.0,473.54963231025135,54.77888578571185,-465.4799441788568,60607368.51335384,45455526.38501536,20540450.064862773,1662339.8374923428,24559914.09591991,1684500.0000000002,23252736.48266024,22897574.258427553,-3.725290298461914e-09
67440.0,43.64522485528711,47.35212918245226,1,0.0,0.0,472.9044971057422,54.70425836490452,-464.8458026265095,60607368.51335384,45455526.38501536,20568843.68434779,1665624.3313081753,24532004.32783827,1686000.0000000002,23221058.369359396,22866379.99653009,0.0
67500.0,43.61301203970925,47.314866305977176,1,0.0,0.0,472.26024079418494,54.62973261195435,-464.2125249899983,60607368.51335384,45455526.38501536,20597198.62209332,1668904.3505294884,24504132.582326412,1687500.0000000002,23189423.41239256,22835228.23179692,7.450580596923828e-09
67560.0,43.58084310891137,47.27765419417762,1,0.0,0.0,471.61686217822734,54.55530838835524,-463.58011009238834,60607368.51335384,45455526.38501536,20625514.930797007,1672179.9012521969,24476298.807584696,1689000.0000000002,23157831.552966163,22804118.906332493,3.725290298461914e-09
67620.0,43.54871800310746,47.2404927778949,1,0.0,0.0,470.97436006214923,54.4809855557898,-462.948556758345,60607368.51335384,45455526.38501536,20653792.663084704,1675450.9895639117,24448502.951884057,1690500.0000000002,23126282.73236675,22773051.962320138,3.725290298461914e-09
67680.0,43.516636662592994,47.20338198806452,1,0.0,0.0,470.33273325185985,54.40676397612904,-462.3178638141295,60607368.51335384,45455526.38501536,20682031.87151058,1678717.6215439497,24420744.9635659,1692000.0000000002,23094776.891960833,22742027.34202194,3.725290298461914e-09
67740.0,43.48459902774478,47.1663217557161,1,0.0,0.0,469.69198055489557,54.332643511432195,-461.6880300876034,60607368.51335384,45455526.38501536,20710232.608557194,1681979.8032633462,24393024.791042008,1693500.0000000002,23063313.973194826,22711044.987778656,7.450580596923828e-09
67800.0,43.45260503902087,47.12931201197318,1,0.0,0.0,469.05210078041733,54.25862402394635,-461.05905440821965,60607368.51335384,45455526.38501536,20738394.926635616,1685237.5407848654,24365342.382794447,1695000.0000000002,23031893.917594887,22680104.842009574,7.450580596923828e-09
67860.0,43.42065463696043,47.092352688053154,1,0.0,0.0,468.41309273920854,54.18470537610631,-460.4309356070278,60607368.51335384,45455526.38501536,20766518.87808551,1688490.8401630123,24337697.68737546,1696500.0000000002,23000516.666766845,22649206.847212438,3.725290298461914e-09
67920.0,43.388747762183655,47.055443715267145,1,0.0,0.0,467.7749552436731,54.11088743053429,-459.8036725166696,60607368.51335384,45455526.38501536,20794604.515175235,1691739.7074440434,24310090.653407387,1698000.0000000002,22969182.16239609,22618350.945963334,3.725290298461914e-09
67980.0,43.356884355391585,47.018585025019824,1,0.0,0.0,467.1376871078317,54.03717005003965,-459.17726397138114,60607368.51335384,45455526.38501536,20822651.890101943,1694984.1486659779,24282521.22958256,1699500.0000000002,22937890.346247446,22587537.080916572,7.450580596923828e-09
68040.0,43.325064357366124,46.981776548809314,1,0.0,0.0,466.5012871473225,53.96355309761863,-458.5517088069761,60607368.51335384,45455526.38501536,20850661.05499168,1698224.1698586093,24254989.364663206,1701000.0000000002,22906641.16016508,22556765.194804586,7.450580596923828e-09
68100.0,43.29328770896978,46.94501821822708,1,0.0,0.0,465.8657541793956,53.89003643645415,-457.92700586086517,60607368.51335384,45455526.38501536,20878632.061899472,1701459.777043517,24227495.007481355,1702500.0000000002,22875434.546072382,22526035.230437838,1.1175870895385742e-08
68160.0,43.26155435114564,46.908309964957745,1,0.0,0.0,465.2310870229128,53.81661992991549,-457.3031539720378,60607368.51335384,45455526.38501536,20906564.962809432,1704690.9762340763,24200038.106938757,1704000.0000000002,22844270.445971858,22495347.130704675,3.725290298461914e-09
68220.0,43.22986422491732,46.87165172077905,1,0.0,0.0,464.5972844983464,53.7433034415581,-456.6801519810606,60607368.51335384,45455526.38501536,20934459.809634857,1707917.7734354704,24172618.612006757,1705500.0000000002,22813148.801945046,22464700.838571284,1.1175870895385742e-08
68280.0,43.19821727138868,46.835043417561636,1,0.0,0.0,463.96434542777354,53.67008683512327,-456.05799873008885,60607368.51335384,45455526.38501536,20962316.654218312,1711140.1746447016,24145236.471726228,1707000.0000000002,22782069.556152355,22434096.297081526,7.450580596923828e-09
68340.0,43.16661343174389,46.798484987268985,1,0.0,0.0,463.3322686348778,53.59696997453797,-455.4366930628468,60607368.51335384,45455526.38501536,20990135.548331745,1714358.185850602,24117891.63520747,1708500.0000000002,22751032.65083303,22403533.449356873,1.4901161193847656e-08
68400.0,43.13505264724721,46.76197636195725,1,0.0,0.0,462.70105294494414,53.523952723914505,-454.81623382463965,60607368.51335384,45455526.38501536,21017916.543676555,1717571.8130338453,24090584.051630106,1710000.0000000002,22720038.02830497,22373012.238596264,1.1175870895385742e-08
68460.0,43.103534859242906,46.72551747377517,1,0.0,0.0,462.0706971848581,53.45103494755034,-454.1966198623459,60607368.51335384,45455526.38501536,21045659.69188373,1720781.062166957,24063313.670242995,1711500.0000000002,22689085.630964685,22342532.608076043,1.1175870895385742e-08
68520.0,43.07206000915516,46.68910825496389,1,0.0,0.0,461.4412001831032,53.37821650992778,-453.577850024415,60607368.51335384,45455526.38501536,21073365.044513904,1723985.939214326,24036080.440364137,1713000.0000000002,22658175.401287142,22312094.501149815,1.1175870895385742e-08
68580.0,43.040628038487995,46.652748637856895,1,0.0,0.0,460.8125607697599,53.30549727571379,-452.95992316086006,60607368.51335384,45455526.38501536,21101032.653057467,1727186.4501322163,24008884.31138058,1714500.0000000002,22627307.281825684,22281697.861248363,7.450580596923828e-09
68640.0,43.00923888882511,46.616438554879835,1,0.0,0.0,460.1847777765022,53.23287710975967,-452.34283812326254,60607368.51335384,45455526.38501536,21128662.568934675,1730382.600868777,23981725.23274832,1716000.0000000002,22596481.21521192,22251342.631879542,1.1175870895385742e-08
68700.0,42.977892501829764,46.58017793855043,1,0.0,0.0,459.55785003659526,53.160355877100855,-451.72659376477117,60607368.51335384,45455526.38501536,21156254.843495715,1733574.3973640534,23954603.15399221,1717500.0000000002,22565697.144155603,22221028.756628156,1.1175870895385742e-08
68760.0,42.94658881924468,46.54396672147832,1,0.0,0.0,458.9317763848936,53.08793344295664,-451.11118894009826,60607368.51335384,45455526.38501536,21183809.52802083,1736761.845549999,23927518.024705872,1719000.0000000002,22534955.011444546,22190756.179155875,1.4901161193847656e-08
68820.0,42.915327782891985,46.50780483636497,1,0.0,0.0,458.3065556578397,53.01560967272994,-450.49662250551205,60607368.51335384,45455526.38501536,21211326.673720393,1739944.9513504861,23900469.794551596,1720500.0000000002,22504254.75994449,22160524.843201112,1.1175870895385742e-08
68880.0,42.884109334673056,46.47169221600351,1,0.0,0.0,457.6821866934611,52.94338443200702,-449.882893318839,60607368.51335384,45455526.38501536,21238806.331735022,1743123.7206813167,23873458.413260248,1722000.0000000002,22473596.33259903,22130334.692578934,7.450580596923828e-09
68940.0,42.85293341656839,46.43562879327866,1,0.0,0.0,457.0586683313678,52.87125758655732,-449.2700002394678,60607368.51335384,45455526.38501536,21266248.553135652,1746298.1594502325,23846483.830631185,1723500.0000000002,22442979.672429487,22100185.67118096,1.1175870895385742e-08
69000.0,42.82179997063754,46.39961450116654,1,0.0,0.0,456.43599941275085,52.79922900233308,-448.6579421283362,60607368.51335384,45455526.38501536,21293653.388923652,1749468.273556928,23819545.99653215,1725000.0000000002,22412404.72253479,22070077.722975228,1.1175870895385742e-08
69060.0,42.79070893901904,46.3636492727346,1,0.0,0.0,455.8141787803808,52.727298545469196,-448.0467178479309,60607368.51335384,45455526.38501536,21321020.890030906,1752634.0688930596,23792644.860899173,1726500.0000000002,22381871.42609141,22040010.792006124,1.4901161193847656e-08
69120.0,42.75966026393017,46.32773304114146,1,0.0,0.0,455.19320527860344,52.65546608228291,-447.43632626229504,60607368.51335384,45455526.38501536,21348351.10731991,1755795.5513422578,23765780.3737365,1728000.0000000002,22351379.726353213,22009984.82239426,1.862645149230957e-08
69180.0,42.728653887667015,46.2918657396368,1,0.0,0.0,454.57307775334027,52.583731479273595,-446.8267662370107,60607368.51335384,45455526.38501536,21375644.091583867,1758952.726780137,23738952.485116493,1729500.0000000002,22320929.566651367,21979999.75833636,7.450580596923828e-09
69240.0,42.6976897526042,46.25604730156126,1,0.0,0.0,453.95379505208393,52.51209460312252,-446.21803663921554,60607368.51335384,45455526.38501536,21402899.893546786,1762105.6010743077,23712161.14517951,1731000.0000000002,22290520.890394278,21950055.544105213,1.1175870895385742e-08
69300.0,42.66676780119489,46.220277660346284,1,0.0,0.0,453.3353560238977,52.44055532069257,-445.6101363375852,60607368.51335384,45455526.38501536,21430118.563863575,1765254.1800843861,23685406.304133862,1732500.0000000002,22260153.641067415,21920152.124049492,1.4901161193847656e-08
69360.0,42.63588797597064,46.18455674951397,1,0.0,0.0,452.71775951941277,52.36911349902795,-445.003064202334,60607368.51335384,45455526.38501536,21457300.153120127,1768398.4696620058,23658687.912255675,1734000.0000000002,22229827.762233242,21890289.442593683,1.4901161193847656e-08
69420.0,42.605050219541276,46.148884502677035,1,0.0,0.0,452.10100439082555,52.29776900535407,-444.3968191052241,60607368.51335384,45455526.38501536,21484444.71183342,1771538.475650829,23632005.91988882,1735500.0000000002,22199543.19753112,21860467.444238,7.450580596923828e-09
69480.0,42.57425447459485,46.113260853538605,1,0.0,0.0,451.48508949189704,52.22652170707721,-443.7913999195466,60607368.51335384,45455526.38501536,21511552.29045162,1774674.203886556,23605360.27744482,1737000.0000000002,22169299.8906772,21830686.073558275,1.4901161193847656e-08
69540.0,42.54350068389752,46.07768573589213,1,0.0,0.0,450.8700136779504,52.155371471784264,-443.1868055201243,60607368.51335384,45455526.38501536,21538622.93935415,1777805.6601969379,23578750.935402755,1738500.0000000002,22139097.785464283,21800945.27520582,1.1175870895385742e-08
69600.0,42.51278879029331,46.042159083621264,1,0.0,0.0,450.25577580586616,52.08431816724253,-442.58303478332584,60607368.51335384,45455526.38501536,21565656.70885181,1780932.8504017852,23552177.844309155,1740000.0000000002,22108936.825761776,21771244.993907377,1.1175870895385742e-08
69660.0,42.48211873670418,46.00668083069973,1,0.0,0.0,449.6423747340836,52.01336166139946,-441.9800865870418,60607368.51335384,45455526.38501536,21592653.649186857,1784055.7803129808,23525640.954777945,1741500.0000000002,22078816.955515537,21741585.174464975,1.4901161193847656e-08
69720.0,42.45149046612984,45.971250911191184,1,0.0,0.0,449.0298093225968,51.94250182238237,-441.3779598106925,60607368.51335384,45455526.38501536,21619613.810533106,1787174.4557344895,23499140.21749031,1743000.0000000002,22048738.11874778,21711965.76175583,1.4901161193847656e-08
69780.0,42.42090392164765,45.935869259249145,1,0.0,0.0,448.418078432953,51.87173851849829,-440.7766533352275,60607368.51335384,45455526.38501536,21646537.242996003,1790288.882462369,23472675.583194647,1744500.0000000002,22018700.259557,21682386.700732287,1.1175870895385742e-08
69840.0,42.39035904641257,45.900535809116796,1,0.0,0.0,447.8071809282514,51.80107161823359,-440.17616604310996,60607368.51335384,45455526.38501536,21673423.996612757,1793399.0662847813,23446247.00270642,1746000.0000000002,21988703.322117828,21652847.93642164,7.450580596923828e-09
69900.0,42.35985578365688,45.86525049512694,1,0.0,0.0,447.19711567313766,51.73050099025389,-439.57649681834556,60607368.51335384,45455526.38501536,21700274.121352386,1796505.0129820027,23419854.426908128,1747500.0000000002,21958747.25068098,21623349.413926125,7.450580596923828e-09
69960.0,42.32939407669033,45.830013251701835,1,0.0,0.0,446.5878815338066,51.66002650340367,-438.97764454644306,60607368.51335384,45455526.38501536,21727087.66711585,1799606.7283264345,23393497.806749165,1749000.0000000002,21928831.989573088,21593891.078422733,1.1175870895385742e-08
70020.0,42.298973868899814,45.79482401335304,1,0.0,0.0,445.9794773779963,51.58964802670609,-438.37960811443486,60607368.51335384,45455526.38501536,21753864.683736112,1802704.218082614,23367177.093245756,1750500.0000000002,21898957.483196642,21564472.875163145,7.450580596923828e-09
70080.0,42.268595103749384,45.75968271468139,1,0.0,0.0,445.3719020749877,51.51936542936278,-437.78238641087347,60607368.51335384,45455526.38501536,21780605.220978264,1805797.4880072263,23340892.23748086,1752000.0000000002,21869123.676029883,21535094.749473643,1.1175870895385742e-08
70140.0,42.23825772478009,45.72458929037676,1,0.0,0.0,444.7651544956018,51.449178580753525,-437.1859783258226,60607368.51335384,45455526.38501536,21807309.328539584,1808886.5438491122,23314643.19060408,1753500.0000000002,21839330.512626674,21505756.646754973,7.450580596923828e-09
70200.0,42.20796167560995,45.68954367521805,1,0.0,0.0,444.159233512199,51.379087350436095,-436.5903827508552,60607368.51335384,45455526.38501536,21833977.056049652,1811971.391349282,23288429.90383156,1755000.0000000002,21809577.937616438,21476458.51248229,1.1175870895385742e-08
70260.0,42.177706899933746,45.65454580407296,1,0.0,0.0,443.55413799867495,51.30909160814592,-435.9955985790574,60607368.51335384,45455526.38501536,21860608.453070443,1815052.036240925,23262252.328445915,1756500.0000000002,21779865.895704,21447200.292204995,7.450580596923828e-09
70320.0,42.14749334152297,45.61959561189798,1,0.0,0.0,442.9498668304593,51.239191223795956,-435.40162470502634,60607368.51335384,45455526.38501536,21887203.5690964,1818128.4842494184,23236110.415796123,1758000.0000000002,21750194.331669554,21417981.93154671,1.1175870895385742e-08
70380.0,42.11732094422574,45.58469303373816,1,0.0,0.0,442.3464188845148,51.169386067476324,-434.8084600248579,60607368.51335384,45455526.38501536,21913762.453554545,1821200.741092341,23210004.117297437,1759500.0000000002,21720563.190368492,21388803.376205105,1.862645149230957e-08
70440.0,42.087189651966646,45.54983800472708,1,0.0,0.0,441.7437930393329,51.09967600945416,-434.21610343615816,60607368.51335384,45455526.38501536,21940285.155804556,1824268.8124794813,23183933.38443131,1761000.0000000002,21690972.416731335,21359664.571951836,1.1175870895385742e-08
70500.0,42.057099408746694,45.515030460086656,1,0.0,0.0,441.1419881749339,51.03006092017331,-433.6245538380312,60607368.51335384,45455526.38501536,21966771.725138877,1827332.7041128501,23157898.16874529,1762500.0000000002,21661421.955763645,21330565.464632444,1.1175870895385742e-08
70560.0,42.0270501586432,45.48027033512709,1,0.0,0.0,440.54100317286395,50.960540670254176,-433.03381013107963,60607368.51335384,45455526.38501536,21993222.210782792,1830392.4216866891,23131898.421852928,1764000.0000000002,21631911.752545893,21301506.000166245,1.4901161193847656e-08
70620.0,41.99704184580959,45.44555756524667,1,0.0,0.0,439.9408369161918,50.89111513049335,-432.44387121741016,60607368.51335384,45455526.38501536,22019636.66189453,1833447.9708874836,23105934.095433697,1765500.0000000002,21602441.752233364,21272486.12454622,1.4901161193847656e-08
70680.0,41.96707441447546,45.41089208593174,1,0.0,0.0,439.34148828950924,50.821784171863484,-431.8547360006175,60607368.51335384,45455526.38501536,22046015.127565335,1836499.357393971,23080005.1412329,1767000.0000000002,21573011.900056068,21243505.783838935,1.4901161193847656e-08
70740.0,41.937147808946314,45.37627383275651,1,0.0,0.0,438.7429561789263,50.75254766551302,-431.2664033857986,60607368.51335384,45455526.38501536,22072357.656819593,1839546.5868771528,23054111.511061583,1768500.0000000002,21543622.141318638,21214564.92418444,2.2351741790771484e-08
70800.0,41.90726197360355,45.341702741382946,1,0.0,0.0,438.14523947207107,50.68340548276589,-430.67887227953577,60607368.51335384,45455526.38501536,22098664.298614882,1842589.6650003046,23028253.156796437,1770000.0000000002,21514272.421400197,21185663.491796143,2.2351741790771484e-08
70860.0,41.877416852904375,45.307178747560684,1,0.0,0.0,437.5483370580875,50.61435749512137,-430.09214158990113,60607368.51335384,45455526.38501536,22124935.101842098,1845628.5974189867,23002430.03037971,1771500.0000000002,21484962.685754295,21156801.43296073,1.862645149230957e-08
70920.0,41.84761239138162,45.27270178712689,1,0.0,0.0,436.95224782763233,50.54540357425378,-429.5062102264574,60607368.51335384,45455526.38501536,22151170.115325525,1848663.3897810546,22976642.083819125,1773000.0000000002,21455692.879908808,21127978.694038082,2.60770320892334e-08
70980.0,41.81784853364369,45.23827179600614,1,0.0,0.0,436.3569706728738,50.47654359201228,-428.9210771002509,60607368.51335384,45455526.38501536,22177369.38782293,1851694.0477266696,22950889.26918779,1774500.0000000002,21426462.94946579,21099195.221461132,2.60770320892334e-08
71040.0,41.78812522437449,45.203888710210286,1,0.0,0.0,435.76250448748976,50.40777742042057,-428.33674112380885,60607368.51335384,45455526.38501536,22203532.96802566,1854720.5768883089,22925171.5386241,1776000.0000000002,21397272.840101417,21070450.9617358,2.2351741790771484e-08
71100.0,41.75844240833323,45.169552465838386,1,0.0,0.0,435.1688481666646,50.33910493167677,-427.7532012111464,60607368.51335384,45455526.38501536,22229660.904558722,1857742.9828907768,22899488.84433166,1777500.0000000002,21368122.497565888,21041745.86144089,2.60770320892334e-08
71160.0,41.7288000303544,45.135262999076524,1,0.0,0.0,434.57600060708796,50.27052599815305,-427.17045627775434,60607368.51335384,45455526.38501536,22255753.24598088,1860761.2713512145,22873841.13857918,1779000.0000000002,21339011.86768329,21013079.867227975,2.60770320892334e-08
71220.0,41.69919803534763,45.101020246197734,1,0.0,0.0,433.98396070695253,50.20204049239547,-426.5885052406033,60607368.51335384,45455526.38501536,22281810.040784758,1863775.4478791105,22848228.373700403,1780500.0000000002,21309940.89635152,20984452.925821304,2.60770320892334e-08
71280.0,41.66963636829766,45.06682414356186,1,0.0,0.0,433.3927273659532,50.13364828712372,-426.00734701813064,60607368.51335384,45455526.38501536,22307831.337396897,1866785.5180763116,22822650.50209401,1782000.0000000002,21280909.529542178,20955864.984017715,2.60770320892334e-08
71340.0,41.64011497426409,45.03267462761545,1,0.0,0.0,432.80229948528176,50.0653492552309,-425.42698053026083,60607368.51335384,45455526.38501536,22333817.184177876,1869791.4875370327,22797107.476223536,1783500.0000000002,21251917.713300478,20927315.988686517,2.60770320892334e-08
71400.0,41.61063379838144,44.99857163489163,1,0.0,0.0,432.21267596762885,49.997143269783265,-424.8474046983778,60607368.51335384,45455526.38501536,22359767.62942239,1872793.361847868,22771599.24861726,1785000.0000000002,21222965.393745128,20898805.886769406,2.2351741790771484e-08
71460.0,41.581192785858946,44.964515102010004,1,0.0,0.0,431.6238557171789,49.92903020402001,-424.2686184453427,60607368.51335384,45455526.38501536,22385682.721359335,1875791.1465878002,22746125.771868154,1786500.0000000002,21194052.51706825,20870334.625280365,2.2351741790771484e-08
71520.0,41.55179188198047,44.9305049656765,1,0.0,0.0,431.03583763960944,49.861009931352996,-423.6906206954818,60607368.51335384,45455526.38501536,22411562.508151907,1878784.847328212,22720686.99863376,1788000.0000000002,21165179.02953526,20841902.151305553,1.862645149230957e-08
71580.0,41.522431032104464,44.89654116268329,1,0.0,0.0,430.4486206420893,49.79308232536658,-423.113410374585,60607368.51335384,45455526.38501536,22437407.037897687,1881774.4696328961,22695282.88163612,1789500.0000000002,21136344.8774848,20813508.41200323,2.2351741790771484e-08
71640.0,41.49311018166378,44.86262362990865,1,0.0,0.0,429.8622036332756,49.725247259817294,-422.53698640990626,60607368.51335384,45455526.38501536,22463216.35862873,1884760.0190580648,22669913.37366169,1791000.0000000002,21107550.007328585,20785153.35460363,1.862645149230957e-08
71700.0,41.463829276165626,44.82875230431684,1,0.0,0.0,429.2765855233125,49.65750460863369,-421.96134773016263,60607368.51335384,45455526.38501536,22488990.518311657,1887741.5011523613,22644578.42756124,1792500.0000000002,21078794.365551364,20756836.92640888,2.2351741790771484e-08
71760.0,41.43458826119143,44.794927122958015,1,0.0,0.0,428.6917652238286,49.58985424591603,-421.3864932655298,60607368.51335384,45455526.38501536,22514729.564847738,1890718.92145687,22619277.99624977,1794000.0000000002,21050077.898710772,20728559.0747929,1.862645149230957e-08
71820.0,41.40538708239677,44.76114802296809,1,0.0,0.0,428.1077416479354,49.52229604593617,-420.81242194764286,60607368.51335384,45455526.38501536,22540433.546072986,1893692.285505126,22594012.03270644,1795500.0000000002,21021400.55343727,20700319.74720132,2.2351741790771484e-08
71880.0,41.376225685511265,44.72741494156859,1,0.0,0.0,427.5245137102253,49.45482988313718,-420.23913270958843,60607368.51335384,45455526.38501536,22566102.509758253,1896661.598823126,22568780.489974454,1797000.0000000002,20992762.27643401,20672118.891151343,2.9802322387695312e-08
71940.0,41.34710401633848,44.69372781606659,1,0.0,0.0,426.94208032676954,49.38745563213318,-419.66662448590546,60607368.51335384,45455526.38501536,22591736.5036093,1899626.8669293383,22543583.321161002,1798500.0000000002,20964163.01447675,20643956.454231672,2.60770320892334e-08
72000.0,41.31802202075577,44.660086583854586,1,0.0,0.0,426.36044041511536,49.32017316770917,-419.0948962125915,60607368.51335384,45455526.38501536,22617335.575266898,1902588.0953347133,22518420.47943714,1800000.0000000002,20935602.71441377,20615832.384102434,1.862645149230957e-08
72060.0,41.288979644714274,44.62649118241035,1,0.0,0.0,425.7795928942855,49.252982364820696,-418.52394682708757,60607368.51335384,45455526.38501536,22642899.772306927,1905545.2895426939,22493291.918037735,1801500.0000000002,20907081.323165767,20587746.628495052,2.60770320892334e-08
72120.0,41.25997683423873,44.59294154929682,1,0.0,0.0,425.19953668477456,49.185883098593635,-417.9537752682844,60607368.51335384,45455526.38501536,22668429.14224044,1908498.4550492251,22468197.590261355,1803000.0000000002,20878598.78772572,20559699.13521214,2.2351741790771484e-08
72180.0,41.23101353542739,44.559437622162015,1,0.0,0.0,424.62027070854776,49.11887524432403,-417.3843804765224,60607368.51335384,45455526.38501536,22693923.732513763,1911447.5973427643,22443137.4494702,1804500.0000000002,20850155.055158854,20531689.852127444,1.862645149230957e-08
72240.0,41.20208969445198,44.52597933873889,1,0.0,0.0,424.0417938890396,49.051958677477785,-416.81576139357907,60607368.51335384,45455526.38501536,22719383.5905086,1914392.7219042922,22418111.44909,1806000.0000000002,20821750.072602496,20503718.727185715,2.60770320892334e-08
72300.0,41.17320525755757,44.49256663684523,1,0.0,0.0,423.4641051511514,48.985133273690465,-416.24791696267295,60607368.51335384,45455526.38501536,22744808.76354208,1917333.8342073227,22393119.542609934,1807500.0000000002,20793383.78726598,20475785.708402615,1.862645149230957e-08
72360.0,41.144360171062424,44.459199454383544,1,0.0,0.0,422.8872034212485,48.91839890876709,-415.6808461284685,60607368.51335384,45455526.38501536,22770199.298866894,1920270.939717912,22368161.683582544,1809000.0000000002,20765056.14643058,20447890.743864644,2.60770320892334e-08
72420.0,41.11555438135797,44.425877729340904,1,0.0,0.0,422.31108762715934,48.85175545868181,-415.1145478370603,60607368.51335384,45455526.38501536,22795555.243671346,1923204.0438946711,22343237.82562366,1810500.0000000002,20736767.097449362,20420033.781728994,1.862645149230957e-08
72480.0,41.08678783490861,44.39260139978891,1,0.0,0.0,421.7357566981723,48.78520279957782,-414.5490210359891,60607368.51335384,45455526.38501536,22820876.645079453,1926133.1521887735,22318347.92241229,1812000.0000000002,20708516.587747157,20392214.77022353,2.2351741790771484e-08
72540.0,41.058060478251775,44.35937040388349,1,0.0,0.0,421.1612095650355,48.71874080776698,-413.98426467421683,60607368.51335384,45455526.38501536,22846163.55015104,1929058.2700439661,22293491.927690558,1813500.0000000002,20680304.56482037,20364433.657646596,1.4901161193847656e-08
72600.0,41.02937225799763,44.32618467986485,1,0.0,0.0,420.5874451599526,48.652369359729704,-413.42027770214975,60607368.51335384,45455526.38501536,22871416.005881816,1931979.4028965808,22268669.795263596,1815000.0000000002,20652130.97623698,20336690.392367017,1.4901161193847656e-08
72660.0,41.00072312082912,44.293044166057335,1,0.0,0.0,420.01446241658243,48.58608833211467,-412.8570590716179,60607368.51335384,45455526.38501536,22896634.05920347,1934896.556175542,22243881.478999473,1816500.0000000002,20623995.76963637,20308984.922823932,1.862645149230957e-08
72720.0,40.97211301350186,44.25994880086929,1,0.0,0.0,419.4422602700372,48.51989760173858,-412.2946077358754,60607368.51335384,45455526.38501536,22921817.756983746,1937809.7353023791,22219126.932829108,1818000.0000000002,20595898.892729256,20281317.197526727,1.862645149230957e-08
72780.0,40.94354188284395,44.22689852279299,1,0.0,0.0,418.8708376568791,48.453797045585986,-411.7329226496097,60607368.51335384,45455526.38501536,22946967.146026544,1940718.9456912351,22194406.11074618,1819500.0000000002,20567840.293297604,20253687.165054943,2.2351741790771484e-08
72840.0,40.915009675755954,44.19389327040451,1,0.0,0.0,418.3001935151191,48.38778654080902,-411.17200276892873,60607368.51335384,45455526.38501536,22972082.273071997,1943624.1927488768,22169718.966807045,1821000.0000000002,20539819.91919451,20226094.77405817,2.2351741790771484e-08
72900.0,40.886516339210786,44.16093298236356,1,0.0,0.0,417.7303267842157,48.321865964727124,-410.6118470513581,60607368.51335384,45455526.38501536,22997163.18479657,1946525.481874706,22145065.455130648,1822500.0000000002,20511837.718344096,20198539.973255936,1.1175870895385742e-08
72960.0,40.858061820253546,44.12801759741348,1,0.0,0.0,417.1612364050709,48.256035194826964,-410.0524544558559,60607368.51335384,45455526.38501536,23022209.92781314,1949422.8184607676,22120445.529898442,1824000.0000000002,20483893.638741475,20171022.711437672,1.862645149230957e-08
73020.0,40.82964606600151,44.09514705438102,1,0.0,0.0,416.5929213200302,48.190294108762046,-409.4938239427911,60607368.51335384,45455526.38501536,23047222.54867106,1952316.2078917618,22095859.145354297,1825500.0000000002,20455987.628452558,20143542.937462535,1.862645149230957e-08
73080.0,40.80126902364404,44.06232129217628,1,0.0,0.0,416.0253804728808,48.12464258435256,-408.9359544739428,60607368.51335384,45455526.38501536,23072201.093856297,1955205.6555450521,22071306.255804423,1827000.0000000002,20428119.635614026,20116100.600259367,1.4901161193847656e-08
73140.0,40.7729306404424,44.02954024979258,1,0.0,0.0,415.45861280884793,48.059080499585164,-408.37884501251324,60607368.51335384,45455526.38501536,23097145.60979147,1958091.1667906768,22046786.815617274,1828500.0000000002,20400289.608433235,20088695.6488266,1.862645149230957e-08
73200.0,40.744630863729704,43.996803866306365,1,0.0,0.0,414.89261727459404,47.99360773261273,-407.82249452311333,60607368.51335384,45455526.38501536,23122056.142835952,1960972.7469913582,22022300.77922348,1830000.0000000002,20372497.495188065,20061328.03223212,1.4901161193847656e-08
73260.0,40.716369640910806,43.964112080877065,1,0.0,0.0,414.32739281821614,47.92822416175413,-407.2669019717689,60607368.51335384,45455526.38501536,23146932.739285976,1963850.4015025124,21997848.10111574,1831500.0000000002,20344743.244226888,20033997.699613225,1.4901161193847656e-08
73320.0,40.68814691946223,43.93146483274701,1,0.0,0.0,413.76293838924454,47.86292966549402,-406.7120663259119,60607368.51335384,45455526.38501536,23171775.445374686,1966724.1356722603,21973428.73584876,1833000.0000000002,20317026.803968437,20006704.600176502,2.2351741790771484e-08
73380.0,40.65996264693207,43.89886206124128,1,0.0,0.0,413.19925293864145,47.79772412248256,-406.1579865543748,60607368.51335384,45455526.38501536,23196584.30727225,1969593.9548414366,21949042.638039146,1834500.0000000002,20289348.122901693,19979448.68319771,1.862645149230957e-08
73440.0,40.63181677093984,43.866303705767635,1,0.0,0.0,412.6363354187969,47.73260741153527,-405.60466162740516,60607368.51335384,45455526.38501536,23221359.371085938,1972459.8643435994,21924689.762365345,1836000.0000000002,20261707.14958584,19952229.898021743,1.4901161193847656e-08
73500.0,40.60370923917645,43.83378970581638,1,0.0,0.0,412.07418478352906,47.66757941163276,-405.0520905166467,60607368.51335384,45455526.38501536,23246100.6828602,1975321.8695050415,21900370.063567538,1837500.0000000002,20234103.83265014,19925048.194062494,1.862645149230957e-08
73560.0,40.575639999404046,43.801320000960246,1,0.0,0.0,411.5127999880809,47.60264000192049,-404.5002721951474,60607368.51335384,45455526.38501536,23270808.288576756,1978179.9756447992,21876083.496447563,1839000.0000000002,20206538.120793827,19897903.520802766,2.2351741790771484e-08
73620.0,40.547608999455946,43.76889453085428,1,0.0,0.0,410.9521799891189,47.537789061708565,-403.94920563735144,60607368.51335384,45455526.38501536,23295482.234154698,1981034.188074662,21851830.015868846,1840500.0000000002,20179009.96278602,19870795.82779418,1.862645149230957e-08
73680.0,40.51961618723655,43.73651323523577,1,0.0,0.0,410.392323744731,47.47302647047154,-403.39888981910195,60607368.51335384,45455526.38501536,23320122.565450545,1983884.5120991836,21827609.576756295,1842000.0000000002,20151519.30746565,19843725.064657103,1.862645149230957e-08
73740.0,40.49166151072119,43.70417605392407,1,0.0,0.0,409.83323021442374,47.408352107848145,-402.8493237176419,60607368.51335384,45455526.38501536,23344729.328258347,1986730.953015691,21803422.13409622,1843500.0000000002,20124066.10374134,19816691.181080524,1.862645149230957e-08
73800.0,40.463744917956156,43.67188292682054,1,0.0,0.0,409.2748983591231,47.343765853641074,-402.3005063115934,60607368.51335384,45455526.38501536,23369302.568309776,1989573.5161142936,21779267.642936267,1845000.0000000002,20096650.300591312,19789694.12682197,2.2351741790771484e-08
73860.0,40.435866357058416,43.639633793908395,1,0.0,0.0,408.7173271411683,47.27926758781679,-401.75243658098736,60607368.51335384,45455526.38501536,23393842.33127419,1992412.2066778953,21755146.05838532,1846500.0000000002,20069271.847063296,19762733.851707418,1.862645149230957e-08
73920.0,40.40802577621569,43.60742859525264,1,0.0,0.0,408.1605155243137,47.214857190505285,-401.2051135072341,60607368.51335384,45455526.38501536,23418348.662758738,1995247.0299822018,21731057.335613415,1848000.0000000002,20041930.692274444,19735810.30563121,2.2351741790771484e-08
73980.0,40.38022312368626,43.57526727099991,1,0.0,0.0,407.6044624737251,47.15053454199982,-400.6585360731319,60607368.51335384,45455526.38501536,23442821.60830843,1998077.9912957319,21707001.429851662,1849500.0000000002,20014626.785411216,19708923.438555922,1.862645149230957e-08
74040.0,40.352458347798894,43.54314976137839,1,0.0,0.0,407.04916695597785,47.086299522756775,-400.1127032628685,60607368.51335384,45455526.38501536,23467261.21340624,2000905.095879827,21682978.296392165,1851000.0000000002,19987360.075729314,19682073.20051233,1.862645149230957e-08
74100.0,40.32473139695279,43.511076006697685,1,0.0,0.0,406.4946279390558,47.02215201339537,-399.5676140620095,60607368.51335384,45455526.38501536,23491667.523473166,2003728.3489886601,21658987.89058793,1852500.0000000002,19960130.512553558,19655259.541599266,2.2351741790771484e-08
74160.0,40.2970422196174,43.47904594734874,1,0.0,0.0,405.940844392348,46.958091894697475,-399.02326745750935,60607368.51335384,45455526.38501536,23516040.58386833,2006547.7558692475,21635030.167852793,1854000.0000000002,19932938.045277808,19628482.411983546,2.2351741790771484e-08
74220.0,40.26939076433236,43.44705952380368,1,0.0,0.0,405.38781528664714,46.89411904760736,-398.47966243770395,60607368.51335384,45455526.38501536,23540380.439889066,2009363.3217614559,21611105.083661333,1855500.0000000002,19905782.623364862,19601741.761899877,2.2351741790771484e-08
74280.0,40.24177697970747,43.415116676615746,1,0.0,0.0,404.83553959414934,46.83023335323149,-397.9367979922982,60607368.51335384,45455526.38501536,23564687.13677099,2012175.0518980145,21587212.593548782,1857000.0000000002,19878664.196346376,19575037.541650765,1.862645149230957e-08
74340.0,40.21420081442248,43.383217346419165,1,0.0,0.0,404.28401628844966,46.76643469283833,-397.39467311238394,60607368.51335384,45455526.38501536,23588960.7196881,2014982.9515045234,21563352.653110947,1858500.0000000002,19851582.71382276,19548369.701606423,2.2351741790771484e-08
74400.0,40.186662217227145,43.35136147392903,1,0.0,0.0,403.73324434454287,46.702722947858064,-396.85328679041663,60607368.51335384,45455526.38501536,23613201.23375284,2017787.0257994633,21539525.218004137,1860000.0000000002,19824538.125463076,19521738.19220467,1.862645149230957e-08
74460.0,40.159161136940945,43.31954899994122,1,0.0,0.0,403.1832227388189,46.63909799988244,-396.3126380202343,60607368.51335384,45455526.38501536,23637408.724016204,2020587.2799942063,21515730.243945062,1861500.0000000002,19797530.38100497,19495142.963950858,1.862645149230957e-08
74520.0,40.13169752245316,43.28777986533223,1,0.0,0.0,402.63395044906315,46.575559730664466,-395.7727257970359,60607368.51335384,45455526.38501536,23661583.235467814,2023383.7192930244,21491967.68671077,1863000.0000000002,19770559.430254545,19468583.967417747,2.2351741790771484e-08
74580.0,40.10427132272262,43.25605401105915,1,0.0,0.0,402.0854264544523,46.5121080221183,-395.233549117401,60607368.51335384,45455526.38501536,23685724.81303599,2026176.3488930992,21468237.50213855,1864500.0000000002,19743625.22308629,19442061.15324545,1.862645149230957e-08
74640.0,40.07688248677776,43.224371378159475,1,0.0,0.0,401.53764973555525,46.44874275631895,-394.6951069792667,60607368.51335384,45455526.38501536,23709833.50158786,2028965.1739845332,21444539.646125857,1866000.0000000002,19716727.709442988,19415574.47214132,2.2351741790771484e-08
74700.0,40.04953096371647,43.19273190775103,1,0.0,0.0,400.99061927432945,46.385463815502064,-394.15739838193394,60607368.51335384,45455526.38501536,23733909.34592941,2031750.199750357,21420874.074630223,1867500.0000000002,19689866.83933561,19389123.874879863,1.4901161193847656e-08
74760.0,40.022216702705904,43.161135541031875,1,0.0,0.0,400.4443340541181,46.32227108206375,-393.6204223260767,60607368.51335384,45455526.38501536,23757952.3908056,2034531.431366541,21397240.743669197,1869000.0000000002,19663042.562843237,19362709.31230265,1.4901161193847656e-08
74820.0,39.994939652982495,43.12958221928017,1,0.0,0.0,399.8987930596499,46.25916443856033,-393.08417781372793,60607368.51335384,45455526.38501536,23781962.68090042,2037308.8740020033,21373639.609320227,1870500.0000000002,19636254.830112956,19336330.735318217,1.862645149230957e-08
74880.0,39.967699763851876,43.09807188385405,1,0.0,0.0,399.3539952770375,46.196143767708094,-392.54866384827227,60607368.51335384,45455526.38501536,23805940.260836992,2040082.5328186213,21350070.62772061,1872000.0000000002,19609503.59135976,19309988.094901983,1.4901161193847656e-08
74940.0,39.940496984688735,43.06660447619158,1,0.0,0.0,398.8099396937747,46.13320895238316,-392.0138794344565,60607368.51335384,45455526.38501536,23829885.175177652,2042852.412971239,21326533.7550674,1873500.0000000002,19582788.79686649,19283681.34209616,2.2351741790771484e-08
75000.0,39.91333126493669,43.035179937810575,1,0.0,0.0,398.26662529873374,46.07035987562115,-391.47982357838555,60607368.51335384,45455526.38501536,23853797.46842401,2045618.5196076785,21303028.947617322,1875000.0000000002,19556110.39698369,19257410.42800964,1.862645149230957e-08
75060.0,39.88620255410828,43.003798210308545,1,0.0,0.0,397.7240510821656,46.00759642061709,-390.94649528751324,60607368.51335384,45455526.38501536,23877677.185017068,2048380.8578687485,21279556.161686692,1876500.0000000002,19529468.342129566,19231175.303817943,2.2351741790771484e-08
75120.0,39.85911080178472,42.97245923536254,1,0.0,0.0,397.18221603569447,45.944918470725085,-390.4138935706585,60607368.51335384,45455526.38501536,23901524.369337272,2051139.4328882545,21256115.35365134,1878000.0000000002,19502862.582789857,19204975.920763087,2.2351741790771484e-08
75180.0,39.83205595761607,42.94116295472909,1,0.0,0.0,396.6411191523214,45.882325909458174,-389.88201743797225,60607368.51335384,45455526.38501536,23925339.065704614,2053894.2497930077,21232706.47994653,1879500.0000000002,19476293.069517758,19178812.230153516,1.862645149230957e-08
75240.0,39.80503797132088,42.90990931024405,1,0.0,0.0,396.10075942641754,45.81981862048811,-389.35086590096614,60607368.51335384,45455526.38501536,23949121.3183787,2056645.3137028352,21209329.497066874,1881000.0000000002,19449759.752933845,19152684.18336403,2.2351741790771484e-08
75300.0,39.778056792686236,42.87869824382255,1,0.0,0.0,395.56113585372475,45.757396487645096,-388.8204379724935,60607368.51335384,45455526.38501536,23972871.17155885,2059392.6297305888,21185984.361566246,1882500.0000000002,19423262.58372594,19126591.73183565,1.862645149230957e-08
75360.0,39.7511123715676,42.8475296974588,1,0.0,0.0,395.022247431352,45.69505939491761,-388.2907326667568,60607368.51335384,45455526.38501536,23996588.669384155,2062136.202982155,21162671.03005772,1884000.0000000002,19396801.512649074,19100534.82707556,2.2351741790771484e-08
75420.0,39.72420465788879,42.81640361322608,1,0.0,0.0,394.4840931577758,45.63280722645216,-387.7617489992959,60607368.51335384,45455526.38501536,24020273.855933588,2064876.038556464,21139389.459213473,1885500.0000000002,19370376.490525335,19074513.420657,2.60770320892334e-08
75480.0,39.6973336016418,42.785319933276554,1,0.0,0.0,393.94667203283603,45.57063986655311,-387.23348598699795,60607368.51335384,45455526.38501536,24043926.77522606,2067612.1415455004,21116139.605764702,1887000.0000000002,19343987.468243826,19048527.464219198,2.60770320892334e-08
75540.0,39.67049915288682,42.754278599841214,1,0.0,0.0,393.4099830577364,45.50855719968243,-386.70594264808113,60607368.51335384,45455526.38501536,24067547.471220523,2070344.5170343108,21092921.426501565,1888500.0000000002,19317634.396760557,19022576.909467254,2.9802322387695312e-08
75600.0,39.643701261751964,42.72327955522974,1,0.0,0.0,392.8740252350393,45.446559110459475,-386.1791180021128,60607368.51335384,45455526.38501536,24091135.987816036,2073073.1701010151,21069734.878273074,1890000.0000000002,19291317.22709834,18996661.70817206,2.9802322387695312e-08
75660.0,39.61693987843342,42.6923227418304,1,0.0,0.0,392.3387975686684,45.384645483660805,-385.65301106998146,60607368.51335384,45455526.38501536,24114692.36885185,2075798.1058168143,21046579.91798703,1891500.0000000002,19265035.910346717,18970781.812170215,2.2351741790771484e-08
75720.0,39.59021495319511,42.66140810210999,1,0.0,0.0,391.80429906390214,45.322816204219976,-385.1276208739259,60607368.51335384,45455526.38501536,24138216.658107504,2078519.3292460016,21023456.502609953,1893000.0000000002,19238790.397661876,18944937.17336395,2.2351741790771484e-08
75780.0,39.56352643636879,42.63053557861363,1,0.0,0.0,391.2705287273758,45.26107115722726,-384.6029464375032,60607368.51335384,45455526.38501536,24161708.899302885,2081236.8454459696,21000364.58916697,1894500.0000000002,19212580.64026653,18919127.743720997,2.2351741790771484e-08
75840.0,39.53687427835384,42.59970511396476,1,0.0,0.0,390.7374855670769,45.19941022792952,-384.078986785609,60607368.51335384,45455526.38501536,24185169.136098314,2083950.6594672226,20977304.13474176,1896000.0000000002,19186406.58944985,18893353.47527454,2.60770320892334e-08
75900.0,39.51025842961727,42.568916650864956,1,0.0,0.0,390.20516859234533,45.13783330172991,-383.5557409444603,60607368.51335384,45455526.38501536,24208597.412094645,2086660.776353383,20954275.09647648,1897500.0000000002,19160268.19656736,18867614.320123103,2.60770320892334e-08
75960.0,39.48367884069347,42.53817013209385,1,0.0,0.0,389.67357681386943,45.07634026418771,-383.0332079416078,60607368.51335384,45455526.38501536,24231993.77083332,2089367.201141203,20931277.431571662,1899000.0000000002,19134165.413040865,18841910.23043046,2.9802322387695312e-08
76020.0,39.45713546218431,42.50746550050906,1,0.0,0.0,389.1427092436862,45.01493100101813,-382.5113868059239,60607368.51335384,45455526.38501536,24255358.255796473,2092069.9388605729,20908311.097286146,1900500.0000000002,19108098.19035834,18816241.158425577,2.60770320892334e-08
76080.0,39.43062824475892,42.476802699046026,1,0.0,0.0,388.6125648951784,44.95360539809205,-381.9902765676029,60607368.51335384,45455526.38501536,24278690.910406996,2094768.99453453,20885376.050937004,1902000.0000000002,19082066.48007386,18790607.05640248,2.60770320892334e-08
76140.0,39.404157139153654,42.44618167071793,1,0.0,0.0,388.0831427830731,44.89236334143585,-381.46987625815984,60607368.51335384,45455526.38501536,24301991.778028622,2097464.373179269,20862472.24989946,1903500.0000000002,19056070.23380749,18765007.876720186,1.862645149230957e-08
76200.0,39.37772209617194,42.4156023586156,1,0.0,0.0,387.55444192343873,44.8312047172312,-380.9501849104355,60607368.51335384,45455526.38501536,24325260.901966013,2100156.0798041513,20839599.651606794,1905000.0000000002,19030109.40324522,18739443.571802642,2.60770320892334e-08
76260.0,39.351323066684266,42.38506470590739,1,0.0,0.0,387.02646133368535,44.77012941181478,-380.43120155857963,60607368.51335384,45455526.38501536,24348498.325464834,2102844.1194117125,20816758.21355029,1906500.0000000002,19004183.940138843,18713914.094138578,2.60770320892334e-08
76320.0,39.32496000162805,42.354568655839074,1,0.0,0.0,386.499200032561,44.70913731167815,-379.9129252380624,60607368.51335384,45455526.38501536,24371704.091711827,2105528.4969976745,20793947.893279135,1908000.0000000002,18978293.796305887,18688419.396281466,2.60770320892334e-08
76380.0,39.29863285200751,42.324114151733745,1,0.0,0.0,385.9726570401501,44.64822830346749,-379.39535498567017,60607368.51335384,45455526.38501536,24394878.243834913,2108209.2175509525,20771168.64840036,1909500.0000000002,18952438.923629522,18662959.43084941,2.60770320892334e-08
76440.0,39.272341568893644,42.293701136991714,1,0.0,0.0,385.44683137787285,44.58740227398343,-378.878489839498,60607368.51335384,45455526.38501536,24418020.824903246,2110886.286053665,20748420.436578732,1911000.0000000002,18926619.27405848,18637534.150525074,2.9802322387695312e-08
76500.0,39.24608610342414,42.2633295550904,1,0.0,0.0,384.92172206848284,44.5266591101808,-378.36232883894905,60607368.51335384,45455526.38501536,24441131.877927314,2113559.7074811435,20725703.215536706,1912500.0000000002,18900834.799606938,18612143.508055575,3.3527612686157227e-08
76560.0,39.219866406803206,42.23299934958421,1,0.0,0.0,384.3973281360641,44.46599869916842,-377.8468710247381,60607368.51335384,45455526.38501536,24464211.445859004,2116229.4868019423,20703016.94305433,1914000.0000000002,18875085.452354446,18586787.4562524,2.9802322387695312e-08
76620.0,39.19368243030153,42.20271046410447,1,0.0,0.0,383.87364860603054,44.40542092820894,-377.3321154388889,60607368.51335384,45455526.38501536,24487259.57159169,2118895.628977845,20680361.576969173,1915500.0000000002,18849371.18444586,18561465.947991338,3.725290298461914e-08
76680.0,39.16753412525619,42.172462842359295,1,0.0,0.0,383.3506825051238,44.34492568471859,-376.8180611247294,60607368.51335384,45455526.38501536,24510276.29796031,2121558.1389638763,20657737.07517623,1917000.0000000002,18823691.948091216,18536178.936212372,4.470348358154297e-08
76740.0,39.14142144307056,42.14225642813347,1,0.0,0.0,382.8284288614112,44.28451285626694,-376.30470712688873,60607368.51335384,45455526.38501536,24533261.66774145,2124217.0217083115,20635143.39562788,1918500.0000000002,18798047.69556564,18510926.373919584,4.470348358154297e-08
76800.0,39.11534433521424,42.11209116528838,1,0.0,0.0,382.3068867042848,44.22418233057677,-375.7920524912977,60607368.51335384,45455526.38501536,24556215.723653413,2126872.2821526835,20612580.49633376,1920000.0000000002,18772438.379209302,18485708.214181088,3.725290298461914e-08
76860.0,39.089302753222924,42.0819669977619,1,0.0,0.0,381.7860550644585,44.163933995523806,-375.2800962651879,60607368.51335384,45455526.38501536,24579138.50835631,2129523.9252317934,20590048.335360732,1921500.0000000002,18746863.951427296,18460524.41012895,3.725290298461914e-08
76920.0,39.06329664869832,42.051883869568265,1,0.0,0.0,381.2659329739664,44.10376773913653,-374.7688374970911,60607368.51335384,45455526.38501536,24602030.064452134,2132171.9558737194,20567546.87083278,1923000.0000000002,18721324.364689544,18435374.91495907,3.725290298461914e-08
76980.0,39.037325973308114,42.02184172479798,1,0.0,0.0,380.7465194661623,44.04368344959596,-374.25827523682915,60607368.51335384,45455526.38501536,24624890.43448484,2134816.3789998265,20545076.060930926,1924500.0000000002,18695819.571530733,18410259.681931112,3.725290298461914e-08
77040.0,39.01139067878577,41.99184050761772,1,0.0,0.0,380.22781357571546,43.98368101523543,-373.7484085355257,60607368.51335384,45455526.38501536,24647719.66094042,2137457.199524774,20522635.86389318,1926000.0000000002,18670349.524550196,18385178.66436841,2.9802322387695312e-08
77100.0,38.985490716930606,41.96188016227023,1,0.0,0.0,379.7098143386121,43.92376032454047,-373.23923644558926,60607368.51335384,45455526.38501536,24670517.786246993,2140094.4223565278,20500226.238014437,1927500.0000000002,18644914.176411875,18360131.815657914,3.3527612686157227e-08
77160.0,38.95962603960751,41.931960633074226,1,0.0,0.0,379.19252079215016,43.86392126614845,-372.73075802072657,60607368.51335384,45455526.38501536,24693284.852774866,2142728.052396365,20477847.141646408,1929000.0000000002,18619513.479844168,18335119.089250054,3.725290298461914e-08
77220.0,38.93379659874697,41.90208186442425,1,0.0,0.0,378.67593197493943,43.80416372884849,-372.2229723159301,60607368.51335384,45455526.38501536,24716020.902836632,2145358.094538887,20455498.533197545,1930500.0000000002,18594147.387639873,18310140.43865867,2.9802322387695312e-08
77280.0,38.90800234634501,41.87224380079061,1,0.0,0.0,378.1600469269001,43.74448760158123,-371.71587838747894,60607368.51335384,45455526.38501536,24738725.97868724,2147984.5536720273,20433180.37113297,1932000.0000000002,18568815.85265613,18285195.817460954,3.725290298461914e-08
77340.0,38.88224323446296,41.84244638671928,1,0.0,0.0,377.64486468925924,43.68489277343856,-371.20947529294244,60607368.51335384,45455526.38501536,24761400.122524068,2150607.4346770593,20410892.61397437,1933500.0000000002,18543518.827814266,18260285.17929732,3.3527612686157227e-08
77400.0,38.85651921522756,41.81268956683177,1,0.0,0.0,377.13038430455117,43.62537913366354,-370.70376209116847,60607368.51335384,45455526.38501536,24784043.37648701,2153226.7424286073,20388635.22029996,1935000.0000000002,18518256.266099777,18235408.477871362,3.3527612686157227e-08
77460.0,38.83083024083071,41.78297328582503,1,0.0,0.0,376.61660481661414,43.56594657165006,-370.198737842288,60607368.51335384,45455526.38501536,24806655.78265855,2155842.4817946544,20366408.14874437,1936500.0000000002,18493028.120562185,18210565.666949723,2.9802322387695312e-08
77520.0,38.805176263529475,41.75329748847136,1,0.0,0.0,376.1035252705895,43.50659497694272,-369.6944016077125,60607368.51335384,45455526.38501536,24829237.38306384,2158454.657636551,20344211.3579986,1938000.0000000002,18467834.344315,18185756.700362056,2.9802322387695312e-08
77580.0,38.7795572356459,41.72366211961829,1,0.0,0.0,375.5911447129181,43.44732423923658,-369.1907524501372,60607368.51335384,45455526.38501536,24851788.219670787,2161063.2748090276,20322044.806809906,1939500.0000000002,18442674.89053558,18160981.532000892,3.725290298461914e-08
77640.0,38.75397310956704,41.694067124188486,1,0.0,0.0,375.07946219134084,43.38813424837697,-368.687789433529,60607368.51335384,45455526.38501536,24874308.33439011,2163668.338160197,20299908.453981765,1941000.0000000002,18417549.712465078,18136240.115821574,2.60770320892334e-08
77700.0,38.728423837744835,41.66451244717967,1,0.0,0.0,374.56847675489666,43.329024894359335,-368.18551162312804,60607368.51335384,45455526.38501536,24896797.76907545,2166269.852531569,20277802.25837376,1942500.0000000002,18392458.763408378,18111532.405842204,3.725290298461914e-08
77760.0,38.702909372695935,41.63499803366446,1,0.0,0.0,374.05818745391866,43.26999606732892,-367.68391808545294,60607368.51335384,45455526.38501536,24919256.565523412,2168867.8227580595,20255726.178901535,1944000.0000000002,18367401.99673393,18086858.35614349,4.0978193283081055e-08
77820.0,38.6774296670017,41.605523828790325,1,0.0,0.0,373.5485933400339,43.21104765758065,-367.18300788829396,60607368.51335384,45455526.38501536,24941684.76547366,2171462.2536679944,20233680.174536698,1945500.0000000002,18342379.36587374,18062217.920868713,3.3527612686157227e-08
77880.0,38.651984673308114,41.576089777779465,1,0.0,0.0,373.03969346616225,43.15217955555893,-366.6827801007075,60607368.51335384,45455526.38501536,24964082.41060901,2174053.1500831237,20211664.204306748,1947000.0000000002,18317390.824323256,18037611.054223634,2.9802322387695312e-08
77940.0,38.62657434432566,41.5466958259287,1,0.0,0.0,372.5314868865132,43.0933916518574,-366.1832337930212,60607368.51335384,45455526.38501536,24986449.542555485,2176640.5168186277,20189678.227295015,1948500.0000000002,18292436.32564128,18013037.710476395,2.9802322387695312e-08
78000.0,38.60119863282924,41.517341918609375,1,0.0,0.0,372.02397265658476,43.03468383721875,-365.6843680368292,60607368.51335384,45455526.38501536,25008786.202882387,2179224.358683128,20167722.20264056,1950000.0000000002,18267515.823449876,17988497.84395744,2.9802322387695312e-08
78060.0,38.5758574916581,41.48802800126726,1,0.0,0.0,371.51714983316197,42.97605600253452,-365.18618190498887,60607368.51335384,45455526.38501536,25031092.433102403,2181804.680478693,20145796.089538112,1951500.0000000002,18242629.2714343,17963991.409059428,3.3527612686157227e-08
78120.0,38.55055087371574,41.45875401942243,1,0.0,0.0,371.0110174743148,42.91750803884486,-364.6886744716184,60607368.51335384,45455526.38501536,25053368.27467166,2184381.487000852,20123899.847237993,1953000.0000000002,18217776.623342887,17939518.36023715,3.725290298461914e-08
78180.0,38.52527873196981,41.4295199186692,1,0.0,0.0,370.5055746393963,42.8590398373384,-364.19184481210317,60607368.51335384,45455526.38501536,25075613.7689898,2186954.783038598,20102033.43504604,1954500.0000000002,18192957.832987,17915078.652007453,3.725290298461914e-08
78240.0,38.50004101945201,41.400325644676,1,0.0,0.0,370.00082038904026,42.800651289352004,-363.6956920030882,60607368.51335384,45455526.38501536,25097828.957400076,2189524.5733744027,20080196.812323533,1956000.0000000002,18168172.85424092,17890672.23894914,3.725290298461914e-08
78300.0,38.47483768925809,41.37117114318528,1,0.0,0.0,369.4967537851618,42.74234228637056,-363.20021512246973,60607368.51335384,45455526.38501536,25120013.881189413,2192090.8627842204,20058389.938487105,1957500.0000000002,18143421.641041767,17866299.075702894,4.0978193283081055e-08
78360.0,38.44966869454766,41.34205636001339,1,0.0,0.0,368.9933738909532,42.684112720026775,-362.70541324940206,60607368.51335384,45455526.38501536,25142168.581588488,2194653.6560374997,20036612.773008686,1959000.0000000002,18118704.147389404,17841959.11697119,2.9802322387695312e-08
78420.0,38.424533988544134,41.312981241050515,1,0.0,0.0,368.4906797708827,42.62596248210103,-362.2112854643002,60607368.51335384,45455526.38501536,25164293.09977181,2197212.957897192,20014865.275415417,1960500.0000000002,18094020.327346392,17817652.31751823,2.9802322387695312e-08
78480.0,38.399433524534665,41.283945732260555,1,0.0,0.0,367.98867049069327,42.56789146452111,-361.7178308488267,60607368.51335384,45455526.38501536,25186387.476857793,2199768.773119759,19993147.405289575,1962000.0000000002,18069370.135037843,17793378.632169824,3.3527612686157227e-08
78540.0,38.37436725587007,41.25494977968102,1,0.0,0.0,367.4873451174014,42.50989955936204,-361.2250484858932,60607368.51335384,45455526.38501536,25208451.75390883,2202321.1064551827,19971459.122268505,1963500.0000000002,18044753.524651382,17769138.015813332,3.3527612686157227e-08
78600.0,38.349335135964644,41.22599332942293,1,0.0,0.0,366.9867027192929,42.451986658845854,-360.7329374596687,60607368.51335384,45455526.38501536,25230485.97193138,2204869.962646975,19949800.386044536,1965000.0000000002,18020170.450437035,17744930.423397567,2.9802322387695312e-08
78660.0,38.324337118296235,41.19707632767072,1,0.0,0.0,366.48674236592467,42.39415265534144,-360.2414968555606,60607368.51335384,45455526.38501536,25252490.171876036,2207415.3464321843,19928171.156364907,1966500.0000000002,17995620.86670717,17720755.809932724,2.60770320892334e-08
78720.0,38.29937315640602,41.16819872068216,1,0.0,0.0,365.9874631281204,42.336397441364326,-359.75072576022836,60607368.51335384,45455526.38501536,25274464.394637603,2209957.2625414063,19906571.393031694,1968000.0000000002,17971104.727836378,17696614.13049029,2.60770320892334e-08
78780.0,38.27444320389848,41.139360454788225,1,0.0,0.0,365.48886407796954,42.27872090957645,-359.2606232615742,60607368.51335384,45455526.38501536,25296408.681055166,2212495.715698792,19885001.055901743,1969500.0000000002,17946621.988261435,17672505.340202957,3.3527612686157227e-08
78840.0,38.249547214441286,41.11056147639299,1,0.0,0.0,364.99094428882574,42.221122952785976,-358.77118844874343,60607368.51335384,45455526.38501536,25318323.071912177,2215030.7106220555,19863460.104886588,1971000.0000000002,17922172.602481157,17648429.394264538,2.9802322387695312e-08
78900.0,38.22468514176526,41.081801731973556,1,0.0,0.0,364.49370283530527,42.16360346394711,-358.28242041211985,60607368.51335384,45455526.38501536,25340207.607936535,2217562.2520224852,19841948.499952372,1972500.0000000002,17897756.525056373,17624386.247929893,3.3527612686157227e-08
78960.0,38.199856939664244,41.05308116807995,1,0.0,0.0,363.9971387932849,42.1061623361599,-357.79431824332937,60607368.51335384,45455526.38501536,25362062.329800643,2220090.3446049504,19820466.201119777,1974000.0000000002,17873373.7106098,17600375.856514838,3.3527612686157227e-08
79020.0,38.17506256199501,41.024399731334995,1,0.0,0.0,363.5012512399003,42.04879946266999,-357.30688103523374,60607368.51335384,45455526.38501536,25383887.2781215,2222614.9930679104,19799013.16846396,1975500.0000000002,17849024.11382598,17576398.175396055,2.9802322387695312e-08
79080.0,38.15030196267725,40.995757368434255,1,0.0,0.0,363.00603925354494,41.99151473686851,-356.8201078819288,60607368.51335384,45455526.38501536,25405682.49346077,2225136.2021034244,19777589.362114456,1977000.0000000002,17824707.689451195,17552453.16001104,2.9802322387695312e-08
79140.0,38.125575095693364,40.9671540261459,1,0.0,0.0,362.5115019138673,41.9343080522918,-356.3339978787478,60607368.51335384,45455526.38501536,25427448.01632486,2227653.976397159,19756194.742255125,1978500.0000000002,17800424.39229337,17528540.765857972,2.9802322387695312e-08
79200.0,38.100881915088465,40.93858965131062,1,0.0,0.0,362.0176383017693,41.87717930262124,-355.8485501222585,60607368.51335384,45455526.38501536,25449183.887164984,2230168.320628397,19734829.269124072,1980000.0000000002,17776174.177222006,17504660.94849568,2.60770320892334e-08
79260.0,38.0762223749703,40.91006419084153,1,0.0,0.0,361.524447499406,41.82012838168306,-355.3637637102524,60607368.51335384,45455526.38501536,25470890.146377265,2232679.239470048,19713492.903013565,1981500.0000000002,17751956.999168072,17480813.66354352,2.60770320892334e-08
79320.0,38.05159642950908,40.88157759172407,1,0.0,0.0,361.0319285901817,41.763155183448134,-354.87963774175904,60607368.51335384,45455526.38501536,25492566.834302776,2235186.7375886533,19692185.60426997,1983000.0000000002,17727772.813123956,17456998.86668132,2.2351741790771484e-08
79380.0,38.02700403293755,40.85312980101589,1,0.0,0.0,360.540080658751,41.70625960203178,-354.396171317024,60607368.51335384,45455526.38501536,25514213.99122764,2237690.819644398,19670907.33329368,1984500.0000000002,17703621.574143346,17433216.513649285,2.60770320892334e-08
79440.0,38.00244513955069,40.824720765846784,1,0.0,0.0,360.04890279101375,41.64944153169357,-353.91336353753053,60607368.51335384,45455526.38501536,25535831.6573831,2240191.4902911186,19649658.050539024,1986000.0000000002,17679503.237341173,17409466.560247913,2.9802322387695312e-08
79500.0,37.977919703705815,40.79635043341855,1,0.0,0.0,359.55839407411634,41.592700866837106,-353.43121350597727,60607368.51335384,45455526.38501536,25557419.872945577,2242688.7541763107,19628437.71651422,1987500.0000000002,17655417.7578935,17385748.96233791,2.60770320892334e-08
79560.0,37.95342767982241,40.768018751004945,1,0.0,0.0,359.0685535964482,41.53603750200989,-352.9497203262897,60607368.51335384,45455526.38501536,25578978.678036775,2245182.6159411394,19607246.291781273,1989000.0000000002,17631365.09103747,17362063.675840136,2.60770320892334e-08
79620.0,37.92896902238208,40.73972566595153,1,0.0,0.0,358.57938044764154,41.479451331903064,-352.46888310360964,60607368.51335384,45455526.38501536,25600508.112723727,2247673.080220446,19586083.736955926,1990500.0000000002,17607345.19207121,17338410.65673548,2.2351741790771484e-08
79680.0,37.90454368592837,40.71147112567562,1,0.0,0.0,358.0908737185673,41.422942251351245,-351.98870094430583,60607368.51335384,45455526.38501536,25622008.217018884,2250160.1516427584,19564950.012707572,1992000.0000000002,17583358.01635375,17314789.86106482,2.9802322387695312e-08
79740.0,37.8801516250668,40.683255077666146,1,0.0,0.0,357.60303250133603,41.36651015533229,-351.5091729559578,60607368.51335384,45455526.38501536,25643479.03088019,2252643.8348302986,19543845.07975919,1993500.0000000002,17559403.5193049,17291201.2449289,2.9802322387695312e-08
79800.0,37.855792794464755,40.65507746948359,1,0.0,0.0,357.11585588929506,41.31015493896717,-351.03029824736154,60607368.51335384,45455526.38501536,25664920.59421115,2255124.1343989912,19522768.89888726,1995000.0000000002,17535481.65640525,17267644.76448828,3.3527612686157227e-08
79860.0,37.83146714885132,40.62693824875986,1,0.0,0.0,356.62934297702634,41.25387649751973,-350.5520759285317,60607368.51335384,45455526.38501536,25686332.946860902,2257601.054958473,19501721.43092171,1996500.0000000002,17511592.383196015,17244120.375963245,2.9802322387695312e-08
79920.0,37.8071746430173,40.598837363198236,1,0.0,0.0,356.143492860346,41.19767472639647,-350.07450511068953,60607368.51335384,45455526.38501536,25707716.128624305,2260074.6011121,19480702.636745818,1998000.0000000002,17487735.655278984,17220628.035633724,2.9802322387695312e-08
79980.0,37.78291523181509,40.570774760573215,1,0.0,0.0,355.65830463630175,41.14154952114643,-349.597584906269,60607368.51335384,45455526.38501536,25729070.179242,2262544.777456958,19459712.47729616,1999500.0000000002,17463911.428316433,17197167.69983921,2.9802322387695312e-08
80040.0,37.75868887015857,40.54275038873046,1,0.0,0.0,355.17377740317147,41.08550077746092,-349.12131442891484,60607368.51335384,45455526.38501536,25750395.13840048,2265011.5885838685,19438750.913562525,2001000.0000000002,17440119.658031043,17173739.324978665,2.9802322387695312e-08
80100.0,37.734495513023056,40.51476419558668,1,0.0,0.0,354.68991026046115,41.02952839117336,-348.6456927934783,60607368.51335384,45455526.38501536,25771691.045732185,2267475.039077401,19417817.90658785,2002500.0000000002,17416360.300205808,17150342.867510464,3.3527612686157227e-08
80160.0,37.71033511544517,40.48681612912952,1,0.0,0.0,354.20670230890335,40.973632258259045,-348.17071911601795,60607368.51335384,45455526.38501536,25792957.940815557,2269935.1335158767,19396913.417468145,2004000.0000000002,17392633.31068396,17126978.28395228,2.9802322387695312e-08
80220.0,37.68620763252282,40.45890613741753,1,0.0,0.0,353.72415265045646,40.91781227483506,-347.69639251379607,60607368.51335384,45455526.38501536,25814195.863175113,2272391.8764713816,19376037.407352425,2005500.0000000002,17368938.645368896,17103645.530881055,2.9802322387695312e-08
80280.0,37.66211301941511,40.43103416857997,1,0.0,0.0,353.24226038830216,40.86206833715994,-347.2227121052735,60607368.51335384,45455526.38501536,25835404.852281537,2274845.272509772,19355189.837442618,2007000.0000000002,17345276.260224078,17080344.564932853,2.60770320892334e-08
80340.0,37.63805123134217,40.40320017081681,1,0.0,0.0,352.7610246268433,40.80640034163362,-346.7496770101201,60607368.51335384,45455526.38501536,25856584.947551724,2277295.326190684,19334370.668993525,2008500.0000000002,17321646.111272983,17057075.342802852,2.9802322387695312e-08
80400.0,37.61402222358519,40.375404092398554,1,0.0,0.0,352.28044447170373,40.75080818479711,-346.2772863491961,60607368.51335384,45455526.38501536,25877736.188348882,2279742.0420675417,19313579.86331272,2010000.0000000002,17298048.154598966,17033837.82124519,2.9802322387695312e-08
80460.0,37.590025951486275,40.347645881666196,1,0.0,0.0,351.8005190297255,40.69529176333239,-345.80553924456206,60607368.51335384,45455526.38501536,25898858.61398259,2282185.4246875667,19292817.381760497,2011500.0000000002,17274482.346345235,17010631.95707294,3.3527612686157227e-08
80520.0,37.566062370448336,40.319925487031114,1,0.0,0.0,351.3212474089667,40.63985097406223,-345.33443481948035,60607368.51335384,45455526.38501536,25919952.263708875,2284625.4785917853,19272083.18574978,2013000.0000000002,17250948.642714735,16987457.70715801,3.3527612686157227e-08
80580.0,37.54213143593506,40.292242856974944,1,0.0,0.0,350.84262871870123,40.58448571394989,-344.86397219840126,60607368.51335384,45455526.38501536,25941017.176730275,2287062.2083150377,19251377.23674608,2014500.0000000002,17227446.99997008,16964315.028431054,2.9802322387695312e-08
80640.0,37.51823310347081,40.264597940049526,1,0.0,0.0,350.3646620694162,40.52919588009905,-344.3941505069707,60607368.51335384,45455526.38501536,25962053.392195936,2289495.618385985,19230699.496267382,2016000.0000000002,17203977.374433465,16941203.877881404,2.60770320892334e-08
80700.0,37.494367328640564,40.2369906848768,1,0.0,0.0,349.8873465728113,40.4739813697536,-343.92496887202407,60607368.51335384,45455526.38501536,25983060.94920166,2291925.7133271196,19210049.925884116,2017500.0000000002,17180539.722486615,16918124.212557007,3.3527612686157227e-08
80760.0,37.47053406708975,40.20942104014867,1,0.0,0.0,349.410681341795,40.41884208029734,-343.4564264215883,60607368.51335384,45455526.38501536,26004039.88678998,2294352.497654773,19189428.487219054,2019000.0000000002,17157134.000570636,16895075.98956429,2.9802322387695312e-08
80820.0,37.44673327452425,40.18188895462696,1,0.0,0.0,348.934665490485,40.363777909253926,-342.98852228488033,60607368.51335384,45455526.38501536,26024990.243950266,2296775.9758791234,19168835.141947255,2020500.0000000002,17133760.165186003,16872059.16606814,2.9802322387695312e-08
80880.0,37.422964906710334,40.15439437714329,1,0.0,0.0,348.4592981342067,40.30878875428658,-342.5212555922928,60607368.51335384,45455526.38501536,26045912.05961874,2299196.152504205,19148269.85179599,2022000.0000000002,17110418.172892448,16849073.69929179,3.3527612686157227e-08
80940.0,37.39922891947447,40.126937256599,1,0.0,0.0,347.98457838948934,40.253874513198,-342.05462547541634,60607368.51335384,45455526.38501536,26066805.372678604,2301613.032027915,19127732.57854467,2023500.0000000002,17087107.980308883,16826119.546516765,4.0978193283081055e-08
81000.0,37.37552526870333,40.099517541965014,1,0.0,0.0,347.51050537406655,40.19903508393003,-341.5886310670154,60607368.51335384,45455526.38501536,26087670.221960068,2304026.618942025,19107223.28402477,2025000.0000000002,17063829.544113304,16803196.665082753,3.725290298461914e-08
81060.0,37.35185391034367,40.07213518228182,1,0.0,0.0,347.0370782068734,40.14427036456364,-341.1232715010438,60607368.51335384,45455526.38501536,26108506.646240454,2306436.917732185,19086741.93011978,2026500.0000000002,17040582.821042754,16780305.0123876,3.3527612686157227e-08
81120.0,37.328214800402286,40.044790126659294,1,0.0,0.0,346.56429600804574,40.08958025331859,-340.65854591262877,60607368.51335384,45455526.38501536,26129314.684244256,2308843.932877935,19066288.478765097,2028000.0000000002,17017367.767893206,16757444.54588717,3.725290298461914e-08
81180.0,37.30460789494588,40.017482324276656,1,0.0,0.0,346.09215789891766,40.03496464855331,-340.1944534380791,60607368.51335384,45455526.38501536,26150094.374643214,2311247.6688527125,19045862.89194799,2029500.0000000002,16994184.34151947,16734615.223095285,3.725290298461914e-08
81240.0,37.28103315010106,39.99021172438236,1,0.0,0.0,345.62066300202116,39.980423448764725,-339.73099321487535,60607368.51335384,45455526.38501536,26170845.756056372,2313648.1301238607,19025465.1317075,2031000.0000000002,16971032.49883517,16711817.001583654,4.0978193283081055e-08
81300.0,37.25749052205414,39.962978276293995,1,0.0,0.0,345.1498104410828,39.92595655258799,-339.2681643816777,60607368.51335384,45455526.38501536,26191568.86705017,2316045.3211526363,19005095.160134405,2032500.0000000002,16947912.196812592,16689049.83898178,3.725290298461914e-08
81360.0,37.23397996705114,39.9357819293982,1,0.0,0.0,344.6795993410228,39.87156385879641,-338.80596607832155,60607368.51335384,45455526.38501536,26212263.746138517,2318439.246394219,18984752.939371105,2034000.0000000002,16924823.392482664,16666313.692976898,4.0978193283081055e-08
81420.0,37.21050144139769,39.90862263315058,1,0.0,0.0,344.2100288279538,39.81724526630116,-338.3443974458123,60607368.51335384,45455526.38501536,26232930.431782834,2320829.910297718,18964438.43161159,2035500.0000000002,16901766.04293485,16643608.521313883,4.0978193283081055e-08
81480.0,37.18705490145898,39.88150033707557,1,0.0,0.0,343.74109802917957,39.763000674151144,-337.8834576263208,60607368.51335384,45455526.38501536,26253568.962392155,2323217.317306182,18944151.59910135,2037000.0000000002,16878740.105317064,16620934.281795178,4.0978193283081055e-08
81540.0,37.16364030365961,39.854414990766394,1,0.0,0.0,343.2728060731922,39.70882998153279,-337.42314576319035,60607368.51335384,45455526.38501536,26274179.37632319,2325601.471856606,18923892.40413731,2038500.0000000002,16855745.5368356,16598290.932280704,3.3527612686157227e-08
81600.0,37.140257604483544,39.82736654388494,1,0.0,0.0,342.80515208967086,39.654733087769884,-336.96346100093524,60607368.51335384,45455526.38501536,26294761.71188039,2327982.3783799424,18903660.809067752,2040000.0000000002,16832782.294755064,16575678.430687811,3.3527612686157227e-08
81660.0,37.11690676047402,39.80035494616168,1,0.0,0.0,342.33813520948047,39.600709892323366,-336.50440248523245,60607368.51335384,45455526.38501536,26315316.00731602,2330360.0413011047,18883456.77629227,2041500.0000000002,16809850.336398277,16553096.734991167,4.0978193283081055e-08
81720.0,37.093587728233544,39.77338014739555,1,0.0,0.0,341.8717545646709,39.5467602947911,-336.04596936291546,60607368.51335384,45455526.38501536,26335842.300830238,2332734.4650389794,18863280.268261656,2043000.0000000002,16786949.619146183,16530545.803222679,3.725290298461914e-08
81780.0,37.070300464423674,39.7464420974539,1,0.0,0.0,341.40600928847346,39.4928841949078,-335.58816078199044,60607368.51335384,45455526.38501536,26356340.630571153,2335105.6540064327,18843131.24747789,2044500.0000000002,16764080.100437816,16508025.593471462,4.0978193283081055e-08
81840.0,37.04704492576502,39.71954074627236,1,0.0,0.0,340.94089851530043,39.439081492544716,-335.13097589162,60607368.51335384,45455526.38501536,26376811.03463491,2337473.612610319,18823009.67649401,2046000.0000000002,16741241.737770168,16485536.063883692,3.725290298461914e-08
81900.0,37.023821069037204,39.692676043854775,1,0.0,0.0,340.4764213807441,39.38535208770955,-334.6744138421233,60607368.51335384,45455526.38501536,26397253.55106576,2339838.345251489,18802915.51791408,2047500.0000000002,16718434.48869815,16463077.172662592,3.91155481338501e-08
81960.0,37.00062885107868,39.665847940273096,1,0.0,0.0,340.01257702157363,39.33169588054619,-334.2184737849797,60607368.51335384,45455526.38501536,26417668.21785611,2342199.856324798,18782848.73439311,2049000.0000000002,16695658.31083449,16440648.87806831,3.5390257835388184e-08
82020.0,36.97746822878669,39.6390563856673,1,0.0,0.0,339.5493645757338,39.278112771334605,-333.7631548728287,60607368.51335384,45455526.38501536,26438055.072946616,2344558.1502191136,18762809.28863698,2050500.0000000002,16672913.161849665,16418251.138417864,3.166496753692627e-08
82080.0,36.954339159117225,39.612301330245295,1,0.0,0.0,339.0867831823445,39.22460266049059,-333.3084562594599,60607368.51335384,45455526.38501536,26458414.154226247,2346913.231317325,18742797.14340239,2052000.0000000002,16650198.999471825,16395883.912085066,3.5390257835388184e-08
82140.0,36.931241599084906,39.585582724282794,1,0.0,0.0,338.6248319816981,39.17116544856559,-332.85437709981517,60607368.51335384,45455526.38501536,26478745.499532353,2349265.1039963504,18722812.26149677,2053500.0000000002,16627515.78148669,16373547.157500416,3.3527612686157227e-08
82200.0,36.908175505762955,39.55890051812329,1,0.0,0.0,338.1635101152591,39.117801036246576,-332.4009165499857,60607368.51335384,45455526.38501536,26499049.146650735,2351613.7726271446,18702854.605778217,2055000.0000000002,16604863.465737512,16351240.833151069,3.166496753692627e-08
82260.0,36.88514083628302,39.5322546621779,1,0.0,0.0,337.70281672566045,39.0645093243558,-331.9480737672176,60607368.51335384,45455526.38501536,26519325.13331572,2353959.2415747084,18682924.13915543,2056500.0000000002,16582242.010124968,16328964.897580722,3.5390257835388184e-08
82320.0,36.86213754783517,39.5056451069253,1,0.0,0.0,337.2427509567034,39.0112902138506,-331.4958479099025,60607368.51335384,45455526.38501536,26539573.497210227,2356301.515198095,18663020.824587643,2058000.0000000002,16559651.372607078,16306719.30938955,3.91155481338501e-08
82380.0,36.83916559766778,39.47907180291163,1,0.0,0.0,336.78331195335556,38.95814360582327,-331.0442381375792,60607368.51335384,45455526.38501536,26559794.275965836,2358640.59785042,18643144.62508454,2059500.0000000002,16537091.511199143,16284504.027234126,3.725290298461914e-08
82440.0,36.81622494308752,39.45253470075043,1,0.0,0.0,336.3244988617504,38.90506940150085,-330.59324361092854,60607368.51335384,45455526.38501536,26579987.507162865,2360976.4938788675,18623295.503706217,2061000.0000000002,16514562.38397367,16262319.009827357,4.0978193283081055e-08
82500.0,36.79331554145916,39.42603375112247,1,0.0,0.0,335.86631082918313,38.852067502244935,-330.142863491779,60607368.51335384,45455526.38501536,26600153.228330426,2363309.2076247013,18603473.423563078,2062500.0000000002,16492063.94906027,16240164.215938384,3.725290298461914e-08
82560.0,36.77043735020558,39.39956890477575,1,0.0,0.0,335.40874700411166,38.799137809551496,-329.6930969430987,60607368.51335384,45455526.38501536,26620291.476946514,2365638.743423268,18583678.347815793,2064000.0000000002,16469596.164645609,16218039.604392525,2.9802322387695312e-08
82620.0,36.74759032680768,39.37314011252536,1,0.0,0.0,334.95180653615364,38.746280225050725,-329.2439431289971,60607368.51335384,45455526.38501536,26640402.29043806,2367965.105604011,18563910.239675216,2065500.0000000002,16447158.988973318,16195945.134071203,2.7939677238464355e-08
82680.0,36.724774428804245,39.3467473252534,1,0.0,0.0,334.4954885760849,38.69349465050681,-328.7954012147244,60607368.51335384,45455526.38501536,26660485.70618101,2370288.2984904735,18544169.06240232,2067000.0000000002,16424752.380343908,16173880.763911845,2.9802322387695312e-08
82740.0,36.70198961379197,39.32039049390887,1,0.0,0.0,334.03979227583943,38.640780987817735,-328.3474703666585,60607368.51335384,45455526.38501536,26680541.761500385,2372608.326400309,18524454.77930813,2068500.0000000002,16402376.297114693,16151846.452907814,2.60770320892334e-08
82800.0,36.679235839425246,39.2940695695076,1,0.0,0.0,333.5847167885049,38.5881391390152,-327.900149752327,60607368.51335384,45455526.38501536,26700570.493670367,2374925.193645289,18504767.353753645,2070000.0000000002,16380030.697699731,16129842.160108352,2.60770320892334e-08
82860.0,36.65651306341619,39.267784503132155,1,0.0,0.0,333.1302612683238,38.53556900626431,-327.4534385403818,60607368.51335384,45455526.38501536,26720571.93991435,2377238.9045313117,18485106.7491498,2071500.0000000002,16357715.540569725,16107867.844618483,2.421438694000244e-08
82920.0,36.63382124353453,39.24153524593175,1,0.0,0.0,332.67642487069054,38.4830704918635,-327.0073359006118,60607368.51335384,45455526.38501536,26740546.137405016,2379549.463358408,18465472.928957358,2073000.0000000002,16335430.78425196,16085923.465598943,2.2351741790771484e-08
82980.0,36.61116033760753,39.21532174912214,1,0.0,0.0,332.2232067521506,38.43064349824428,-326.5618410039321,60607368.51335384,45455526.38501536,26760493.123264413,2381856.874420751,18445865.856686864,2074500.0000000002,16313176.387330223,16064008.98226611,2.60770320892334e-08
83040.0,36.58853030351992,39.18914396398554,1,0.0,0.0,331.77060607039834,38.37828792797109,-326.1169530223895,60607368.51335384,45455526.38501536,26780412.93456401,2384161.142006664,18426285.495898582,2076000.0000000002,16290952.308444714,16042124.353891915,2.60770320892334e-08
83100.0,36.56593109921373,39.163001841870546,1,0.0,0.0,331.31862198427456,38.32600368374109,-325.672671129165,60607368.51335384,45455526.38501536,26800305.608324774,2386462.2703986284,18406731.810202412,2077500.0000000002,16268758.506291984,16020269.539803777,2.421438694000244e-08
83160.0,36.54336268268838,39.136895334192026,1,0.0,0.0,330.86725365376765,38.27379066838405,-325.2289944985569,60607368.51335384,45455526.38501536,26820171.181517236,2388760.2638732903,18387204.76325783,2079000.0000000002,16246594.939624859,15998444.499384534,2.421438694000244e-08
83220.0,36.52082501200045,39.110824392431034,1,0.0,0.0,330.416500240009,38.22164878486207,-324.78592230599514,60607368.51335384,45455526.38501536,26840009.69106156,2391055.126701471,18367704.318773825,2080500.0000000002,16224461.567252351,15976649.192072345,2.0489096641540527e-08
83280.0,36.498318045263694,39.08478896813474,1,0.0,0.0,329.96636090527386,38.16957793626948,-324.34345372802886,60607368.51335384,45455526.38501536,26859821.17382762,2393346.863148173,18348230.44050882,2082000.0000000002,16202358.348039597,15954883.577360641,2.7939677238464355e-08
83340.0,36.475841740648924,39.05878901291629,1,0.0,0.0,329.51683481297846,38.117578025832586,-323.901587942328,60607368.51335384,45455526.38501536,26879605.666635044,2395635.4774725866,18328783.092270616,2083500.0000000002,16180285.240907755,15933147.61479802,2.421438694000244e-08
83400.0,36.45339605638392,39.0328244784548,1,0.0,0.0,329.06792112767846,38.0656489569096,-323.46032412768784,60607368.51335384,45455526.38501536,26899363.206253316,2397920.9739281028,18309362.23791632,2085000.0000000002,16158242.204833971,15911441.263988212,2.9802322387695312e-08
83460.0,36.43098095075338,39.00689531649516,1,0.0,0.0,328.6196190150676,38.01379063299032,-323.0196614640193,60607368.51335384,45455526.38501536,26919093.829401817,2400203.356762316,18289967.841352277,2086500.0000000002,16136229.198851256,15889764.484589955,2.7939677238464355e-08
83520.0,36.408596382098835,38.98100147884804,1,0.0,0.0,328.1719276419767,37.962002957696086,-322.5795991323506,60607368.51335384,45455526.38501536,26938797.572749913,2402482.6302170344,18270599.866534002,2088000.0000000002,16114246.182048447,15868117.236316964,3.3527612686157227e-08
83580.0,36.38624230881856,38.955142917389736,1,0.0,0.0,327.7248461763712,37.91028583477947,-322.14013631482555,60607368.51335384,45455526.38501536,26958474.472917005,2404758.7985282876,18251258.277466115,2089500.0000000002,16092293.113570098,15846499.47893782,2.9802322387695312e-08
83640.0,36.363918689367544,38.92931958406212,1,0.0,0.0,327.2783737873509,37.85863916812424,-321.70127219469987,60607368.51335384,45455526.38501536,26978124.56647261,2407031.8659263332,18231943.038202275,2091000.0000000002,16070369.952616446,15824911.172275933,2.60770320892334e-08
83700.0,36.3416254822573,38.90353143087253,1,0.0,0.0,326.832509645146,37.80706286174507,-321.2630059563503,60607368.51335384,45455526.38501536,26997747.88993642,2409301.8366356674,18212654.112845115,2092500.0000000002,16048476.658443298,15803352.276209438,2.60770320892334e-08
83760.0,36.31936264605594,38.87777840989369,1,0.0,0.0,326.38725292111883,37.75555681978739,-320.8253367852539,60607368.51335384,45455526.38501536,27017344.47977839,2411568.714875031,18193391.46554617,2094000.0000000002,16026613.190361967,15781822.750671128,2.7939677238464355e-08
83820.0,36.29713013938797,38.85206047326362,1,0.0,0.0,325.94260278775937,37.70412094652724,-320.38826386800685,60607368.51335384,45455526.38501536,27036914.37241877,2413832.504857416,18174155.06050581,2095500.0000000002,16004779.507739207,15760322.555648386,2.9802322387695312e-08
83880.0,36.274927920934275,38.82637757318552,1,0.0,0.0,325.4985584186855,37.652755146371035,-319.95178639230585,60607368.51335384,45455526.38501536,27056457.604228206,2416093.2107900763,18154944.861973178,2097000.0000000002,15982975.569997108,15738851.651183093,2.7939677238464355e-08
83940.0,36.25275594943205,38.800729661927726,1,0.0,0.0,325.05511898864097,37.60145932385545,-319.5159035469577,60607368.51335384,45455526.38501536,27075974.21152779,2418350.836874533,18135760.834246125,2098500.0000000005,15961201.336613059,15717409.997371579,2.2351741790771484e-08
84000.0,36.23061418367467,38.77511669182361,1,0.0,0.0,324.6122836734934,37.550233383647225,-319.08061452187764,60607368.51335384,45455526.38501536,27095464.23058914,2420605.387306585,18116602.941671137,2100000.0000000005,15939456.76711966,15695997.55436454,2.421438694000244e-08
84060.0,36.20850258251166,38.74953861527147,1,0.0,0.0,324.1700516502333,37.49907723054294,-318.6459185080796,60607368.51335384,45455526.38501536,27114927.69763445,2422856.866276313,18097471.148643274,2101500.0000000005,15917741.821104623,15674614.282366948,2.60770320892334e-08
84120.0,36.18642110484864,38.723995384734444,1,0.0,0.0,323.72842209697285,37.44799076946889,-318.21181469767964,60607368.51335384,45455526.38501536,27134364.648836568,2425105.2779680905,18078365.4196061,2103000.0000000005,15896056.458210725,15653260.141637996,2.2351741790771484e-08
84180.0,36.16436970964718,38.69848695274045,1,0.0,0.0,323.2873941929437,37.396973905480905,-317.77830228389604,60607368.51335384,45455526.38501536,27153775.120319072,2427350.6265605907,18059285.71905162,2104500.0000000005,15874400.638135726,15631935.092491018,2.7939677238464355e-08
84240.0,36.14234835592475,38.67301327188206,1,0.0,0.0,322.84696711849506,37.346026543764125,-317.3453804610466,60607368.51335384,45455526.38501536,27173159.14815631,2429592.9162267935,18040232.011520214,2106000.0000000005,15852774.320632275,15610639.095293405,1.862645149230957e-08
84300.0,36.120357002754666,38.64757429481646,1,0.0,0.0,322.40714005509335,37.295148589632916,-316.91304842454866,60607368.51335384,45455526.38501536,27192516.76837351,2431832.151133994,18021204.261600573,2107500.0000000005,15831177.465507878,15589372.110466558,2.2351741790771484e-08
84360.0,36.09839560926602,38.62216997426529,1,0.0,0.0,321.9679121853204,37.24433994853058,-316.4813053709084,60607368.51335384,45455526.38501536,27211848.016946796,2434068.3354438096,18002202.433929615,2109000.0000000005,15809610.032624774,15568134.098485783,1.862645149230957e-08
84420.0,36.076464134643544,38.59680026301464,1,0.0,0.0,321.5292826928709,37.193600526029286,-316.0501504977358,60607368.51335384,45455526.38501536,27231152.929803293,2436301.4733121893,17983226.493192457,2110500.0000000005,15788071.981899895,15546925.01988024,1.6763806343078613e-08
84480.0,36.05456253812763,38.57146511391491,1,0.0,0.0,321.09125076255253,37.14293022782982,-315.61958300372544,60607368.51335384,45455526.38501536,27250431.542821184,2438531.568889419,17964276.404122308,2112000.0000000005,15766563.27330478,15525744.835232865,2.0489096641540527e-08
84540.0,36.03269077901414,38.54616447988071,1,0.0,0.0,320.65381558028275,37.09232895976142,-315.1896020886678,60607368.51335384,45455526.38501536,27269683.891829763,2440758.626320131,17945352.131500434,2113500.0000000005,15745083.866865486,15504593.505180273,1.862645149230957e-08
84600.0,36.010848816654395,38.52089831389083,1,0.0,0.0,320.2169763330879,37.041796627781665,-314.7602069534492,60607368.51335384,45455526.38501536,27288910.01260952,2442982.649743312,17926453.64015607,2115000.0000000005,15723633.722662551,15483470.990412736,2.0489096641540527e-08
84660.0,35.98903661045515,38.4956665689881,1,0.0,0.0,319.780732209103,36.9913331379762,-314.3313968000316,60607368.51335384,45455526.38501536,27308109.940892197,2445203.643292309,17907580.894966383,2116500.0000000005,15702212.800830878,15462377.25167405,2.2351741790771484e-08
84720.0,35.9672541198784,38.47046919827932,1,0.0,0.0,319.3450823975679,36.940938396558636,-313.9031708314754,60607368.51335384,45455526.38501536,27327283.712360863,2447421.611094837,17888733.860856373,2118000.0000000005,15680821.061559686,15441312.24976151,2.421438694000244e-08
84780.0,35.94550130444137,38.44530615493518,1,0.0,0.0,318.9100260888274,36.89061230987036,-313.4755282519237,60607368.51335384,45455526.38501536,27346431.362649962,2449636.5572729902,17869912.50279883,2119500.0000000005,15659458.465092432,15420275.945525812,2.2351741790771484e-08
84840.0,35.923778123716474,38.420177392190176,1,0.0,0.0,318.4755624743295,36.84035478438035,-313.04846826660224,60607368.51335384,45455526.38501536,27365552.927345403,2451848.4859432452,17851116.78581426,2121000.0000000005,15638124.971726734,15399268.299870986,2.0489096641540527e-08
84900.0,35.902084537331206,38.395082863342495,1,0.0,0.0,318.0416907466241,36.79016572668499,-312.6219900818156,60607368.51335384,45455526.38501536,27384648.441984616,2454057.4012164716,17832346.674970828,2122500.0000000005,15616820.541814294,15378289.273754325,2.0489096641540527e-08
84960.0,35.880420504967994,38.37002252175397,1,0.0,0.0,317.60841009935984,36.74004504350793,-312.196092904961,60607368.51335384,45455526.38501536,27403717.942056607,2456263.3071979373,17813602.135384284,2124000.0000000005,15595545.135760836,15357338.828186316,2.0489096641540527e-08
85020.0,35.858785986364275,38.344996320849944,1,0.0,0.0,317.17571972728547,36.68999264169989,-311.7707759445029,60607368.51335384,45455526.38501536,27422761.46300204,2458466.2079873197,17794883.132217906,2125500.0000000005,15574298.714026017,15336416.924230553,1.6763806343078613e-08
85080.0,35.83718094131229,38.320004214119244,1,0.0,0.0,316.7436188262458,36.64000842823849,-311.346038409992,60607368.51335384,45455526.38501536,27441779.0402133,2460666.1076787086,17776189.630682427,2127000.0000000005,15553081.237123372,15315523.523003688,2.0489096641540527e-08
85140.0,35.81560532965905,38.29504615511402,1,0.0,0.0,316.312106593181,36.590092310228044,-310.9218795120535,60607368.51335384,45455526.38501536,27460770.70903455,2462863.010360617,17757521.59603598,2128500.0000000005,15531892.66562021,15294658.585675323,1.6763806343078613e-08
85200.0,35.79405911130632,38.27012209744975,1,0.0,0.0,315.8811822261264,36.5402441948995,-310.4982984623864,60607368.51335384,45455526.38501536,27479736.504761804,2465056.920115989,17738878.993584014,2130000.0000000005,15510732.960137585,15273822.07346799,1.6763806343078613e-08
85260.0,35.772542246210406,38.24523199480506,1,0.0,0.0,315.4508449242081,36.49046398961012,-310.07529447376953,60607368.51335384,45455526.38501536,27498676.462642986,2467247.8410222055,17720261.788679272,2131500.0000000005,15489602.081350187,15253013.94765703,1.6763806343078613e-08
85320.0,35.75105469438221,38.2203758009217,1,0.0,0.0,315.02109388764427,36.4407516018434,-309.6528667600519,60607368.51335384,45455526.38501536,27517590.617878016,2469435.777151093,17701669.94672167,2133000.0000000005,15468499.989986276,15232234.169570543,2.421438694000244e-08
85380.0,35.72959641588717,38.195553469604434,1,0.0,0.0,314.59192831774345,36.39110693920887,-309.2310145361445,60607368.51335384,45455526.38501536,27536479.005618837,2471620.73256893,17683103.43315827,2134500.0000000005,15447426.646827614,15211482.700589307,2.0489096641540527e-08
85440.0,35.708167370845054,38.170764954720966,1,0.0,0.0,314.16334741690105,36.34152990944193,-308.8097370180393,60607368.51335384,45455526.38501536,27555341.66096952,2473802.7113364553,17664562.213483214,2136000.0000000005,15426382.012709402,15190759.502146726,1.862645149230957e-08
85500.0,35.68676751943,38.14601021020184,1,0.0,0.0,313.73535038859995,36.292020420403674,-308.38903342278843,60607368.51335384,45455526.38501536,27574178.618986316,2475981.717508877,17646046.253237646,2137500.0000000005,15405366.048520185,15170064.535728736,1.6763806343078613e-08
85560.0,35.66539682187037,38.121289190040365,1,0.0,0.0,313.3079364374073,36.24257838008073,-307.96890296851774,60607368.51335384,45455526.38501536,27592989.914677694,2478157.755135878,17627555.51800966,2139000.0000000005,15384378.7152018,15149397.762873745,1.30385160446167e-08
85620.0,35.64405523844874,38.096601848292536,1,0.0,0.0,312.88110476897486,36.19320369658507,-307.54934487441164,60607368.51335384,45455526.38501536,27611775.583004456,2480330.8282616236,17609089.97343422,2140500.0000000005,15363419.973749291,15128759.14517256,9.313225746154785e-09
85680.0,35.622742729501766,38.07194813907693,1,0.0,0.0,312.4548545900353,36.14389627815386,-307.13035836072555,60607368.51335384,45455526.38501536,27630535.65887976,2482500.9409247697,17590649.58519312,2142000.0000000005,15342489.78521084,15108148.644268313,9.313225746154785e-09
85740.0,35.60145925542017,38.047328016574625,1,0.0,0.0,312.02918510840334,36.09465603314925,-306.71194264876897,60607368.51335384,45455526.38501536,27649270.177169207,2484668.0971584707,17572234.319014896,2143500.0000000005,15321588.110687688,15087566.221856385,5.587935447692871e-09
85800.0,35.580204776648586,38.02274143502913,1,0.0,0.0,311.6040955329717,36.045482870058265,-306.29409696092057,60607368.51335384,45455526.38501536,27667979.172690894,2486832.300990386,17553844.14067478,2145000.0000000005,15300714.911334082,15067011.839684354,1.862645149230957e-09
85860.0,35.558979253685614,37.9981883487463,1,0.0,0.0,311.17958507371225,35.99637669749259,-305.8768205206096,60607368.51335384,45455526.38501536,27686662.680215485,2488993.556442688,17535479.015994634,2146500.0000000005,15279870.148357188,15046485.459551904,1.862645149230957e-09
85920.0,35.537782647083546,37.97366871209421,1,0.0,0.0,310.7556529416709,35.94733742418842,-305.4601125523372,60607368.51335384,45455526.38501536,27705320.73446628,2491151.8675320703,17517138.910842866,2148000.0000000005,15259053.783017013,15025987.04331076,3.725290298461914e-09
85980.0,35.51661491744856,37.94918247950312,1,0.0,0.0,310.3322983489711,35.898364959006244,-305.0439722816425,60607368.51335384,45455526.38501536,27723953.370119274,2493307.2382697533,17498823.791134402,2149500.0000000005,15238265.776626337,15005516.55286461,3.725290298461914e-09
86040.0,35.49547602544043,37.92472960546537,1,0.0,0.0,309.90952050880867,35.849459210930746,-304.62839893512756,60607368.51335384,45455526.38501536,27742560.62180321,2495459.672661493,17480533.62283059,2151000.0000000005,15217506.090550657,14985073.950169051,-1.862645149230957e-09
86100.0,35.47436593177251,37.90031004453531,1,0.0,0.0,309.4873186354502,35.80062008907062,-304.21339174045505,60607368.51335384,45455526.38501536,27761142.524099667,2497609.174707589,17462268.371939152,2152500.0000000005,15196774.686208107,14964659.197231518,1.862645149230957e-09
86160.0,35.45328459721169,37.875923751329175,1,0.0,0.0,309.06569194423383,35.75184750265835,-303.7989499263324,60607368.51335384,45455526.38501536,27779699.111543108,2499755.7484028903,17444028.004514124,2154000.0000000005,15176071.525069365,14944272.25611119,1.862645149230957e-09
86220.0,35.43223198257833,37.85157068052504,1,0.0,0.0,308.6446396515666,35.703141361050086,-303.38507272251786,60607368.51335384,45455526.38501536,27798230.418620944,2501899.397736804,17425812.486655787,2155500.0000000005,15155396.56865761,14923913.088918936,-1.862645149230957e-09
86280.0,35.411208048746126,37.82725078686274,1,0.0,0.0,308.2241609749225,35.65450157372548,-302.9717593598236,60607368.51335384,45455526.38501536,27816736.479773615,2504040.126693302,17407621.7845106,2157000.0000000005,15134749.778548444,14903581.657817252,-1.862645149230957e-09
86340.0,35.390212756642114,37.802964025143744,1,0.0,0.0,307.8042551328423,35.60592805028749,-302.55900907010437,60607368.51335384,45455526.38501536,27835217.329394627,2506177.939250929,17389455.86427115,2158500.0000000005,15114131.1163698,14883277.92502017,-3.725290298461914e-09
86400.0,35.36924606724653,37.778710350231115,1,0.0,0.0,307.3849213449306,35.55742070046223,-302.14682108626715,60607368.51335384,45455526.38501536,27853673.001830637,2508312.8393828087,17371314.69217607,2160000.0000000005,15093540.543801911,14863001.852793213,-3.725290298461914e-09
