time_s,collector_c,tank_c,pump_on,irradiance_w_m2,solar_absorbed_w,collector_loss_w,tank_loss_w,transfer_w,incident_energy_j,absorbed_energy_j,collector_loss_energy_j,tank_loss_energy_j,transfer_energy_j,pump_electric_energy_j,stored_energy_change_j,tank_energy_change_j,balance_residual_j
0.0,20.0,20.0,0,0.0,0.0,0.0,0.0,0.0,0.0,0.0,0.0,0.0,0.0,0.0,0.0,0.0,0.0
60.0,20.0,20.0,0,0.0,0.0,0.0,0.0,0.0,0.0,0.0,0.0,0.0,0.0,0.0,0.0,0.0,0.0
120.0,20.0,20.0,0,0.0,0.0,0.0,0.0,0.0,0.0,0.0,0.0,0.0,0.0,0.0,0.0,0.0,0.0
180.0,20.0,20.0,0,0.0,0.0,0.0,0.0,0.0,0.0,0.0,0.0,0.0,0.0,0.0,0.0,0.0,0.0
240.0,20.0,20.0,0,0.0,0.0,0.0,0.0,0.0,0.0,0.0,0.0,0.0,0.0,0.0,0.0,0.0,0.0
300.0,20.0,20.0,0,0.0,0.0,0.0,0.0,0.0,0.0,0.0,0.0,0.0,0.0,0.0,0.0,0.0,0.0
360.0,20.0,20.0,0,0.0,0.0,0.0,0.0,0.0,0.0,0.0,0.0,0.0,0.0,0.0,0.0,0.0,0.0
420.0,20.0,20.0,0,0.0,0.0,0.0,0.0,0.0,0.0,0.0,0.0,0.0,0.0,0.0,0.0,0.0,0.0
480.0,20.0,20.0,0,0.0,0.0,0.0,0.0,0.0,0.0,0.0,0.0,0.0,0.0,0.0,0.0,0.0,0.0
540.0,20.0,20.0,0,0.0,0.0,0.0,0.0,0.0,0.0,0.0,0.0,0.0,0.0,0.0,0.0,0.0,0.0
600.0,20.0,20.0,0,0.0,0.0,0.0,0.0,0.0,0.0,0.0,0.0,0.0,0.0,0.0,0.0,0.0,0.0
660.0,20.0,20.0,0,0.0,0.0,0.0,0.0,0.0,0.0,0.0,0.0,0.0,0.0,0.0,0.0,0.0,0.0
720.0,20.0,20.0,0,0.0,0.0,0.0,0.0,0.0,0.0,0.0,0.0,0.0,0.0,0.0,0.0,0.0,0.0
780.0,20.0,20.0,0,0.0,0.0,0.0,0.0,0.0,0.0,0.0,0.0,0.0,0.0,0.0,0.0,0.0,0.0
840.0,20.0,20.0,0,0.0,0.0,0.0,0.0,0.0,0.0,0.0,0.0,0.0,0.0,0.0,0.0,0.0,0.0
900.0,20.0,20.0,0,0.0,0.0,0.0,0.0,0.0,0.0,0.0,0.0,0.0,0.0,0.0,0.0,0.0,0.0
960.0,20.0,20.0,0,0.0,0.0,0.0,0.0,0.0,0.0,0.0,0.0,0.0,0.0,0.0,0.0,0.0,0.0
1020.0,20.0,20.0,0,0.0,0.0,0.0,0.0,0.0,0.0,0.0,0.0,0.0,0.0,0.0,0.0,0.0,0.0
1080.0,20.0,20.0,0,0.0,0.0,0.0,0.0,0.0,0.0,0.0,0.0,0.0,0.0,0.0,0.0,0.0,0.0
1140.0,20.0,20.0,0,0.0,0.0,0.0,0.0,0.0,0.0,0.0,0.0,0.0,0.0,0.0,0.0,0.0,0.0
1200.0,20.0,20.0,0,0.0,0.0,0.0,0.0,0.0,0.0,0.0,0.0,0.0,0.0,0.0,0.0,0.0,0.0
1260.0,20.0,20.0,0,0.0,0.0,0.0,0.0,0.0,0.0,0.0,0.0,0.0,0.0,0.0,0.0,0.0,0.0
1320.0,20.0,20.0,0,0.0,0.0,0.0,0.0,0.0,0.0,0.0,0.0,0.0,0.0,0.0,0.0,0.0,0.0
1380.0,20.0,20.0,0,0.0,0.0,0.0,0.0,0.0,0.0,0.0,0.0,0.0,0.0,0.0,0.0,0.0,0.0
1440.0,20.0,20.0,0,0.0,0.0,0.0,0.0,0.0,0.0,0.0,0.0,0.0,0.0,0.0,0.0,0.0,0.0
1500.0,20.0,20.0,0,0.0,0.0,0.0,0.0,0.0,0.0,0.0,0.0,0.0,0.0,0.0,0.0,0.0,0.0
1560.0,20.0,20.0,0,0.0,0.0,0.0,0.0,0.0,0.0,0.0,0.0,0.0,0.0,0.0,0.0,0.0,0.0
1620.0,20.0,20.0,0,0.0,0.0,0.0,0.0,0.0,0.0,0.0,0.0,0.0,0.0,0.0,0.0,0.0,0.0
1680.0,20.0,20.0,0,0.0,0.0,0.0,0.0,0.0,0.0,0.0,0.0,0.0,0.0,0.0,0.0,0.0,0.0
1740.0,20.0,20.0,0,0.0,0.0,0.0,0.0,0.0,0.0,0.0,0.0,0.0,0.0,0.0,0.0,0.0,0.0
1800.0,20.0,20.0,0,0.0,0.0,0.0,0.0,0.0,0.0,0.0,0.0,0.0,0.0,0.0,0.0,0.0,0.0
1860.0,20.0,20.0,0,0.0,0.0,0.0,0.0,0.0,0.0,0.0,0.0,0.0,0.0,0.0,0.0,0.0,0.0
1920.0,20.0,20.0,0,0.0,0.0,0.0,0.0,0.0,0.0,0.0,0.0,0.0,0.0,0.0,0.0,0.0,0.0
1980.0,20.0,20.0,0,0.0,0.0,0.0,0.0,0.0,0.0,0.0,0.0,0.0,0.0,0.0,0.0,0.0,0.0
2040.0,20.0,20.0,0,0.0,0.0,0.0,0.0,0.0,0.0,0.0,0.0,0.0,0.0,0.0,0.0,0.0,0.0
2100.0,20.0,20.0,0,0.0,0.0,0.0,0.0,0.0,0.0,0.0,0.0,0.0,0.0,0.0,0.0,0.0,0.0
2160.0,20.0,20.0,0,0.0,0.0,0.0,0.0,0.0,0.0,0.0,0.0,0.0,0.0,0.0,0.0,0.0,0.0
2220.0,20.0,20.0,0,0.0,0.0,0.0,0.0,0.0,0.0,0.0,0.0,0.0,0.0,0.0,0.0,0.0,0.0
2280.0,20.0,20.0,0,0.0,0.0,0.0,0.0,0.0,0.0,0.0,0.0,0.0,0.0,0.0,0.0,0.0,0.0
2340.0,20.0,20.0,0,0.0,0.0,0.0,0.0,0.0,0.0,0.0,0.0,0.0,0.0,0.0,0.0,0.0,0.0
2400.0,20.0,20.0,0,0.0,0.0,0.0,0.0,0.0,0.0,0.0,0.0,0.0,0.0,0.0,0.0,0.0,0.0
2460.0,20.0,20.0,0,0.0,0.0,0.0,0.0,0.0,0.0,0.0,0.0,0.0,0.0,0.0,0.0,0.0,0.0
2520.0,20.0,20.0,0,0.0,0.0,0.0,0.0,0.0,0.0,0.0,0.0,0.0,0.0,0.0,0.0,0.0,0.0
2580.0,20.0,20.0,0,0.0,0.0,0.0,0.0,0.0,0.0,0.0,0.0,0.0,0.0,0.0,0.0,0.0,0.0
2640.0,20.0,20.0,0,0.0,0.0,0.0,0.0,0.0,0.0,0.0,0.0,0.0,0.0,0.0,0.0,0.0,0.0
2700.0,20.0,20.0,0,0.0,0.0,0.0,0.0,0.0,0.0,0.0,0.0,0.0,0.0,0.0,0.0,0.0,0.0
2760.0,20.0,20.0,0,0.0,0.0,0.0,0.0,0.0,0.0,0.0,0.0,0.0,0.0,0.0,0.0,0.0,0.0
2820.0,20.0,20.0,0,0.0,0.0,0.0,0.0,0.0,0.0,0.0,0.0,0.0,0.0,0.0,0.0,0.0,0.0
2880.0,20.0,20.0,0,0.0,0.0,0.0,0.0,0.0,0.0,0.0,0.0,0.0,0.0,0.0,0.0,0.0,0.0
2940.0,20.0,20.0,0,0.0,0.0,0.0,0.0,0.0,0.0,0.0,0.0,0.0,0.0,0.0,0.0,0.0,0.0
3000.0,20.0,20.0,0,0.0,0.0,0.0,0.0,0.0,0.0,0.0,0.0,0.0,0.0,0.0,0.0,0.0,0.0
3060.0,20.0,20.0,0,0.0,0.0,0.0,0.0,0.0,0.0,0.0,0.0,0.0,0.0,0.0,0.0,0.0,0.0
3120.0,20.0,20.0,0,0.0,0.0,0.0,0.0,0.0,0.0,0.0,0.0,0.0,0.0,0.0,0.0,0.0,0.0
3180.0,20.0,20.0,0,0.0,0.0,0.0,0.0,0.0,0.0,0.0,0.0,0.0,0.0,0.0,0.0,0.0,0.0
3240.0,20.0,20.0,0,0.0,0.0,0.0,0.0,0.0,0.0,0.0,0.0,0.0,0.0,0.0,0.0,0.0,0.0
3300.0,20.0,20.0,0,0.0,0.0,0.0,0.0,0.0,0.0,0.0,0.0,0.0,0.0,0.0,0.0,0.0,0.0
3360.0,20.0,20.0,0,0.0,0.0,0.0,0.0,0.0,0.0,0.0,0.0,0.0,0.0,0.0,0.0,0.0,0.0
3420.0,20.0,20.0,0,0.0,0.0,0.0,0.0,0.0,0.0,0.0,0.0,0.0,0.0,0.0,0.0,0.0,0.0
3480.0,20.0,20.0,0,0.0,0.0,0.0,0.0,0.0,0.0,0.0,0.0,0.0,0.0,0.0,0.0,0.0,0.0
3540.0,20.0,20.0,0,0.0,0.0,0.0,0.0,0.0,0.0,0.0,0.0,0.0,0.0,0.0,0.0,0.0,0.0
3600.0,20.0,20.0,0,0.0,0.0,0.0,0.0,0.0,0.0,0.0,0.0,0.0,0.0,0.0,0.0,0.0,0.0
3660.0,20.0,20.0,0,0.0,0.0,0.0,0.0,0.0,0.0,0.0,0.0,0.0,0.0,0.0,0.0,0.0,0.0
3720.0,20.0,20.0,0,0.0,0.0,0.0,0.0,0.0,0.0,0.0,0.0,0.0,0.0,0.0,0.0,0.0,0.0
3780.0,20.0,20.0,0,0.0,0.0,0.0,0.0,0.0,0.0,0.0,0.0,0.0,0.0,0.0,0.0,0.0,0.0
3840.0,20.0,20.0,0,0.0,0.0,0.0,0.0,0.0,0.0,0.0,0.0,0.0,0.0,0.0,0.0,0.0,0.0
3900.0,20.0,20.0,0,0.0,0.0,0.0,0.0,0.0,0.0,0.0,0.0,0.0,0.0,0.0,0.0,0.0,0.0
3960.0,20.0,20.0,0,0.0,0.0,0.0,0.0,0.0,0.0,0.0,0.0,0.0,0.0,0.0,0.0,0.0,0.0
4020.0,20.0,20.0,0,0.0,0.0,0.0,0.0,0.0,0.0,0.0,0.0,0.0,0.0,0.0,0.0,0.0,0.0
4080.0,20.0,20.0,0,0.0,0.0,0.0,0.0,0.0,0.0,0.0,0.0,0.0,0.0,0.0,0.0,0.0,0.0
4140.0,20.0,20.0,0,0.0,0.0,0.0,0.0,0.0,0.0,0.0,0.0,0.0,0.0,0.0,0.0,0.0,0.0
4200.0,20.0,20.0,0,0.0,0.0,0.0,0.0,0.0,0.0,0.0,0.0,0.0,0.0,0.0,0.0,0.0,0.0
4260.0,20.0,20.0,0,0.0,0.0,0.0,0.0,0.0,0.0,0.0,0.0,0.0,0.0,0.0,0.0,0.0,0.0
4320.0,20.0,20.0,0,0.0,0.0,0.0,0.0,0.0,0.0,0.0,0.0,0.0,0.0,0.0,0.0,0.0,0.0
4380.0,20.0,20.0,0,0.0,0.0,0.0,0.0,0.0,0.0,0.0,0.0,0.0,0.0,0.0,0.0,0.0,0.0
4440.0,20.0,20.0,0,0.0,0.0,0.0,0.0,0.0,0.0,0.0,0.0,0.0,0.0,0.0,0.0,0.0,0.0
4500.0,20.0,20.0,0,0.0,0.0,0.0,0.0,0.0,0.0,0.0,0.0,0.0,0.0,0.0,0.0,0.0,0.0
4560.0,20.0,20.0,0,0.0,0.0,0.0,0.0,0.0,0.0,0.0,0.0,0.0,0.0,0.0,0.0,0.0,0.0
4620.0,20.0,20.0,0,0.0,0.0,0.0,0.0,0.0,0.0,0.0,0.0,0.0,0.0,0.0,0.0,0.0,0.0
4680.0,20.0,20.0,0,0.0,0.0,0.0,0.0,0.0,0.0,0.0,0.0,0.0,0.0,0.0,0.0,0.0,0.0
4740.0,20.0,20.0,0,0.0,0.0,0.0,0.0,0.0,0.0,0.0,0.0,0.0,0.0,0.0,0.0,0.0,0.0
4800.0,20.0,20.0,0,0.0,0.0,0.0,0.0,0.0,0.0,0.0,0.0,0.0,0.0,0.0,0.0,0.0,0.0
4860.0,20.0,20.0,0,0.0,0.0,0.0,0.0,0.0,0.0,0.0,0.0,0.0,0.0,0.0,0.0,0.0,0.0
4920.0,20.0,20.0,0,0.0,0.0,0.0,0.0,0.0,0.0,0.0,0.0,0.0,0.0,0.0,0.0,0.0,0.0
4980.0,20.0,20.0,0,0.0,0.0,0.0,0.0,0.0,0.0,0.0,0.0,0.0,0.0,0.0,0.0,0.0,0.0
5040.0,20.0,20.0,0,0.0,0.0,0.0,0.0,0.0,0.0,0.0,0.0,0.0,0.0,0.0,0.0,0.0,0.0
5100.0,20.0,20.0,0,0.0,0.0,0.0,0.0,0.0,0.0,0.0,0.0,0.0,0.0,0.0,0.0,0.0,0.0
5160.0,20.0,20.0,0,0.0,0.0,0.0,0.0,0.0,0.0,0.0,0.0,0.0,0.0,0.0,0.0,0.0,0.0
5220.0,20.0,20.0,0,0.0,0.0,0.0,0.0,0.0,0.0,0.0,0.0,0.0,0.0,0.0,0.0,0.0,0.0
5280.0,20.0,20.0,0,0.0,0.0,0.0,0.0,0.0,0.0,0.0,0.0,0.0,0.0,0.0,0.0,0.0,0.0
5340.0,20.0,20.0,0,0.0,0.0,0.0,0.0,0.0,0.0,0.0,0.0,0.0,0.0,0.0,0.0,0.0,0.0
5400.0,20.0,20.0,0,0.0,0.0,0.0,0.0,0.0,0.0,0.0,0.0,0.0,0.0,0.0,0.0,0.0,0.0
5460.0,20.0,20.0,0,0.0,0.0,0.0,0.0,0.0,0.0,0.0,0.0,0.0,0.0,0.0,0.0,0.0,0.0
5520.0,20.0,20.0,0,0.0,0.0,0.0,0.0,0.0,0.0,0.0,0.0,0.0,0.0,0.0,0.0,0.0,0.0
5580.0,20.0,20.0,0,0.0,0.0,0.0,0.0,0.0,0.0,0.0,0.0,0.0,0.0,0.0,0.0,0.0,0.0
5640.0,20.0,20.0,0,0.0,0.0,0.0,0.0,0.0,0.0,0.0,0.0,0.0,0.0,0.0,0.0,0.0,0.0
5700.0,20.0,20.0,0,0.0,0.0,0.0,0.0,0.0,0.0,0.0,0.0,0.0,0.0,0.0,0.0,0.0,0.0
5760.0,20.0,20.0,0,0.0,0.0,0.0,0.0,0.0,0.0,0.0,0.0,0.0,0.0,0.0,0.0,0.0,0.0
5820.0,20.0,20.0,0,0.0,0.0,0.0,0.0,0.0,0.0,0.0,0.0,0.0,0.0,0.0,0.0,0.0,0.0
5880.0,20.0,20.0,0,0.0,0.0,0.0,0.0,0.0,0.0,0.0,0.0,0.0,0.0,0.0,0.0,0.0,0.0
5940.0,20.0,20.0,0,0.0,0.0,0.0,0.0,0.0,0.0,0.0,0.0,0.0,0.0,0.0,0.0,0.0,0.0
6000.0,20.0,20.0,0,0.0,0.0,0.0,0.0,0.0,0.0,0.0,0.0,0.0,0.0,0.0,0.0,0.0,0.0
6060.0,20.0,20.0,0,0.0,0.0,0.0,0.0,0.0,0.0,0.0,0.0,0.0,0.0,0.0,0.0,0.0,0.0
6120.0,20.0,20.0,0,0.0,0.0,0.0,0.0,0.0,0.0,0.0,0.0,0.0,0.0,0.0,0.0,0.0,0.0
6180.0,20.0,20.0,0,0.0,0.0,0.0,0.0,0.0,0.0,0.0,0.0,0.0,0.0,0.0,0.0,0.0,0.0
6240.0,20.0,20.0,0,0.0,0.0,0.0,0.0,0.0,0.0,0.0,0.0,0.0,0.0,0.0,0.0,0.0,0.0
6300.0,20.0,20.0,0,0.0,0.0,0.0,0.0,0.0,0.0,0.0,0.0,0.0,0.0,0.0,0.0,0.0,0.0
6360.0,20.0,20.0,0,0.0,0.0,0.0,0.0,0.0,0.0,0.0,0.0,0.0,0.0,0.0,0.0,0.0,0.0
6420.0,20.0,20.0,0,0.0,0.0,0.0,0.0,0.0,0.0,0.0,0.0,0.0,0.0,0.0,0.0,0.0,0.0
6480.0,20.0,20.0,0,0.0,0.0,0.0,0.0,0.0,0.0,0.0,0.0,0.0,0.0,0.0,0.0,0.0,0.0
6540.0,20.0,20.0,0,0.0,0.0,0.0,0.0,0.0,0.0,0.0,0.0,0.0,0.0,0.0,0.0,0.0,0.0
6600.0,20.0,20.0,0,0.0,0.0,0.0,0.0,0.0,0.0,0.0,0.0,0.0,0.0,0.0,0.0,0.0,0.0
6660.0,20.0,20.0,0,0.0,0.0,0.0,0.0,0.0,0.0,0.0,0.0,0.0,0.0,0.0,0.0,0.0,0.0
6720.0,20.0,20.0,0,0.0,0.0,0.0,0.0,0.0,0.0,0.0,0.0,0.0,0.0,0.0,0.0,0.0,0.0
6780.0,20.0,20.0,0,0.0,0.0,0.0,0.0,0.0,0.0,0.0,0.0,0.0,0.0,0.0,0.0,0.0,0.0
6840.0,20.0,20.0,0,0.0,0.0,0.0,0.0,0.0,0.0,0.0,0.0,0.0,0.0,0.0,0.0,0.0,0.0
6900.0,20.0,20.0,0,0.0,0.0,0.0,0.0,0.0,0.0,0.0,0.0,0.0,0.0,0.0,0.0,0.0,0.0
6960.0,20.0,20.0,0,0.0,0.0,0.0,0.0,0.0,0.0,0.0,0.0,0.0,0.0,0.0,0.0,0.0,0.0
7020.0,20.0,20.0,0,0.0,0.0,0.0,0.0,0.0,0.0,0.0,0.0,0.0,0.0,0.0,0.0,0.0,0.0
7080.0,20.0,20.0,0,0.0,0.0,0.0,0.0,0.0,0.0,0.0,0.0,0.0,0.0,0.0,0.0,0.0,0.0
7140.0,20.0,20.0,0,0.0,0.0,0.0,0.0,0.0,0.0,0.0,0.0,0.0,0.0,0.0,0.0,0.0,0.0
7200.0,20.0,20.0,0,0.0,0.0,0.0,0.0,0.0,0.0,0.0,0.0,0.0,0.0,0.0,0.0,0.0,0.0
7260.0,20.0,20.0,0,0.0,0.0,0.0,0.0,0.0,0.0,0.0,0.0,0.0,0.0,0.0,0.0,0.0,0.0
7320.0,20.0,20.0,0,0.0,0.0,0.0,0.0,0.0,0.0,0.0,0.0,0.0,0.0,0.0,0.0,0.0,0.0
7380.0,20.0,20.0,0,0.0,0.0,0.0,0.0,0.0,0.0,0.0,0.0,0.0,0.0,0.0,0.0,0.0,0.0
7440.0,20.0,20.0,0,0.0,0.0,0.0,0.0,0.0,0.0,0.0,0.0,0.0,0.0,0.0,0.0,0.0,0.0
7500.0,20.0,20.0,0,0.0,0.0,0.0,0.0,0.0,0.0,0.0,0.0,0.0,0.0,0.0,0.0,0.0,0.0
7560.0,20.0,20.0,0,0.0,0.0,0.0,0.0,0.0,0.0,0.0,0.0,0.0,0.0,0.0,0.0,0.0,0.0
7620.0,20.0,20.0,0,0.0,0.0,0.0,0.0,0.0,0.0,0.0,0.0,0.0,0.0,0.0,0.0,0.0,0.0
7680.0,20.0,20.0,0,0.0,0.0,0.0,0.0,0.0,0.0,0.0,0.0,0.0,0.0,0.0,0.0,0.0,0.0
7740.0,20.0,20.0,0,0.0,0.0,0.0,0.0,0.0,0.0,0.0,0.0,0.0,0.0,0.0,0.0,0.0,0.0
7800.0,20.0,20.0,0,0.0,0.0,0.0,0.0,0.0,0.0,0.0,0.0,0.0,0.0,0.0,0.0,0.0,0.0
7860.0,20.0,20.0,0,0.0,0.0,0.0,0.0,0.0,0.0,0.0,0.0,0.0,0.0,0.0,0.0,0.0,0.0
7920.0,20.0,20.0,0,0.0,0.0,0.0,0.0,0.0,0.0,0.0,0.0,0.0,0.0,0.0,0.0,0.0,0.0
7980.0,20.0,20.0,0,0.0,0.0,0.0,0.0,0.0,0.0,0.0,0.0,0.0,0.0,0.0,0.0,0.0,0.0
8040.0,20.0,20.0,0,0.0,0.0,0.0,0.0,0.0,0.0,0.0,0.0,0.0,0.0,0.0,0.0,0.0,0.0
8100.0,20.0,20.0,0,0.0,0.0,0.0,0.0,0.0,0.0,0.0,0.0,0.0,0.0,0.0,0.0,0.0,0.0
8160.0,20.0,20.0,0,0.0,0.0,0.0,0.0,0.0,0.0,0.0,0.0,0.0,0.0,0.0,0.0,0.0,0.0
8220.0,20.0,20.0,0,0.0,0.0,0.0,0.0,0.0,0.0,0.0,0.0,0.0,0.0,0.0,0.0,0.0,0.0
8280.0,20.0,20.0,0,0.0,0.0,0.0,0.0,0.0,0.0,0.0,0.0,0.0,0.0,0.0,0.0,0.0,0.0
8340.0,20.0,20.0,0,0.0,0.0,0.0,0.0,0.0,0.0,0.0,0.0,0.0,0.0,0.0,0.0,0.0,0.0
8400.0,20.0,20.0,0,0.0,0.0,0.0,0.0,0.0,0.0,0.0,0.0,0.0,0.0,0.0,0.0,0.0,0.0
8460.0,20.0,20.0,0,0.0,0.0,0.0,0.0,0.0,0.0,0.0,0.0,0.0,0.0,0.0,0.0,0.0,0.0
8520.0,20.0,20.0,0,0.0,0.0,0.0,0.0,0.0,0.0,0.0,0.0,0.0,0.0,0.0,0.0,0.0,0.0
8580.0,20.0,20.0,0,0.0,0.0,0.0,0.0,0.0,0.0,0.0,0.0,0.0,0.0,0.0,0.0,0.0,0.0
8640.0,20.0,20.0,0,0.0,0.0,0.0,0.0,0.0,0.0,0.0,0.0,0.0,0.0,0.0,0.0,0.0,0.0
8700.0,20.0,20.0,0,0.0,0.0,0.0,0.0,0.0,0.0,0.0,0.0,0.0,0.0,0.0,0.0,0.0,0.0
8760.0,20.0,20.0,0,0.0,0.0,0.0,0.0,0.0,0.0,0.0,0.0,0.0,0.0,0.0,0.0,0.0,0.0
8820.0,20.0,20.0,0,0.0,0.0,0.0,0.0,0.0,0.0,0.0,0.0,0.0,0.0,0.0,0.0,0.0,0.0
8880.0,20.0,20.0,0,0.0,0.0,0.0,0.0,0.0,0.0,0.0,0.0,0.0,0.0,0.0,0.0,0.0,0.0
8940.0,20.0,20.0,0,0.0,0.0,0.0,0.0,0.0,0.0,0.0,0.0,0.0,0.0,0.0,0.0,0.0,0.0
9000.0,20.0,20.0,0,0.0,0.0,0.0,0.0,0.0,0.0,0.0,0.0,0.0,0.0,0.0,0.0,0.0,0.0
9060.0,20.0,20.0,0,0.0,0.0,0.0,0.0,0.0,0.0,0.0,0.0,0.0,0.0,0.0,0.0,0.0,0.0
9120.0,20.0,20.0,0,0.0,0.0,0.0,0.0,0.0,0.0,0.0,0.0,0.0,0.0,0.0,0.0,0.0,0.0
9180.0,20.0,20.0,0,0.0,0.0,0.0,0.0,0.0,0.0,0.0,0.0,0.0,0.0,0.0,0.0,0.0,0.0
9240.0,20.0,20.0,0,0.0,0.0,0.0,0.0,0.0,0.0,0.0,0.0,0.0,0.0,0.0,0.0,0.0,0.0
9300.0,20.0,20.0,0,0.0,0.0,0.0,0.0,0.0,0.0,0.0,0.0,0.0,0.0,0.0,0.0,0.0,0.0
9360.0,20.0,20.0,0,0.0,0.0,0.0,0.0,0.0,0.0,0.0,0.0,0.0,0.0,0.0,0.0,0.0,0.0
9420.0,20.0,20.0,0,0.0,0.0,0.0,0.0,0.0,0.0,0.0,0.0,0.0,0.0,0.0,0.0,0.0,0.0
9480.0,20.0,20.0,0,0.0,0.0,0.0,0.0,0.0,0.0,0.0,0.0,0.0,0.0,0.0,0.0,0.0,0.0
9540.0,20.0,20.0,0,0.0,0.0,0.0,0.0,0.0,0.0,0.0,0.0,0.0,0.0,0.0,0.0,0.0,0.0
9600.0,20.0,20.0,0,0.0,0.0,0.0,0.0,0.0,0.0,0.0,0.0,0.0,0.0,0.0,0.0,0.0,0.0
9660.0,20.0,20.0,0,0.0,0.0,0.0,0.0,0.0,0.0,0.0,0.0,0.0,0.0,0.0,0.0,0.0,0.0
9720.0,20.0,20.0,0,0.0,0.0,0.0,0.0,0.0,0.0,0.0,0.0,0.0,0.0,0.0,0.0,0.0,0.0
9780.0,20.0,20.0,0,0.0,0.0,0.0,0.0,0.0,0.0,0.0,0.0,0.0,0.0,0.0,0.0,0.0,0.0
9840.0,20.0,20.0,0,0.0,0.0,0.0,0.0,0.0,0.0,0.0,0.0,0.0,0.0,0.0,0.0,0.0,0.0
9900.0,20.0,20.0,0,0.0,0.0,0.0,0.0,0.0,0.0,0.0,0.0,0.0,0.0,0.0,0.0,0.0,0.0
9960.0,20.0,20.0,0,0.0,0.0,0.0,0.0,0.0,0.0,0.0,0.0,0.0,0.0,0.0,0.0,0.0,0.0
10020.0,20.0,20.0,0,0.0,0.0,0.0,0.0,0.0,0.0,0.0,0.0,0.0,0.0,0.0,0.0,0.0,0.0
10080.0,20.0,20.0,0,0.0,0.0,0.0,0.0,0.0,0.0,0.0,0.0,0.0,0.0,0.0,0.0,0.0,0.0
10140.0,20.0,20.0,0,0.0,0.0,0.0,0.0,0.0,0.0,0.0,0.0,0.0,0.0,0.0,0.0,0.0,0.0
10200.0,20.0,20.0,0,0.0,0.0,0.0,0.0,0.0,0.0,0.0,0.0,0.0,0.0,0.0,0.0,0.0,0.0
10260.0,20.0,20.0,0,0.0,0.0,0.0,0.0,0.0,0.0,0.0,0.0,0.0,0.0,0.0,0.0,0.0,0.0
10320.0,20.0,20.0,0,0.0,0.0,0.0,0.0,0.0,0.0,0.0,0.0,0.0,0.0,0.0,0.0,0.0,0.0
10380.0,20.0,20.0,0,0.0,0.0,0.0,0.0,0.0,0.0,0.0,0.0,0.0,0.0,0.0,0.0,0.0,0.0
10440.0,20.0,20.0,0,0.0,0.0,0.0,0.0,0.0,0.0,0.0,0.0,0.0,0.0,0.0,0.0,0.0,0.0
10500.0,20.0,20.0,0,0.0,0.0,0.0,0.0,0.0,0.0,0.0,0.0,0.0,0.0,0.0,0.0,0.0,0.0
10560.0,20.0,20.0,0,0.0,0.0,0.0,0.0,0.0,0.0,0.0,0.0,0.0,0.0,0.0,0.0,0.0,0.0
10620.0,20.0,20.0,0,0.0,0.0,0.0,0.0,0.0,0.0,0.0,0.0,0.0,0.0,0.0,0.0,0.0,0.0
10680.0,20.0,20.0,0,0.0,0.0,0.0,0.0,0.0,0.0,0.0,0.0,0.0,0.0,0.0,0.0,0.0,0.0
10740.0,20.0,20.0,0,0.0,0.0,0.0,0.0,0.0,0.0,0.0,0.0,0.0,0.0,0.0,0.0,0.0,0.0
10800.0,20.0,20.0,0,0.0,0.0,0.0,0.0,0.0,0.0,0.0,0.0,0.0,0.0,0.0,0.0,0.0,0.0
10860.0,20.0,20.0,0,0.0,0.0,0.0,0.0,0.0,0.0,0.0,0.0,0.0,0.0,0.0,0.0,0.0,0.0
10920.0,20.0,20.0,0,0.0,0.0,0.0,0.0,0.0,0.0,0.0,0.0,0.0,0.0,0.0,0.0,0.0,0.0
10980.0,20.0,20.0,0,0.0,0.0,0.0,0.0,0.0,0.0,0.0,0.0,0.0,0.0,0.0,0.0,0.0,0.0
11040.0,20.0,20.0,0,0.0,0.0,0.0,0.0,0.0,0.0,0.0,0.0,0.0,0.0,0.0,0.0,0.0,0.0
11100.0,20.0,20.0,0,0.0,0.0,0.0,0.0,0.0,0.0,0.0,0.0,0.0,0.0,0.0,0.0,0.0,0.0
11160.0,20.0,20.0,0,0.0,0.0,0.0,0.0,0.0,0.0,0.0,0.0,0.0,0.0,0.0,0.0,0.0,0.0
11220.0,20.0,20.0,0,0.0,0.0,0.0,0.0,0.0,0.0,0.0,0.0,0.0,0.0,0.0,0.0,0.0,0.0
11280.0,20.0,20.0,0,0.0,0.0,0.0,0.0,0.0,0.0,0.0,0.0,0.0,0.0,0.0,0.0,0.0,0.0
11340.0,20.0,20.0,0,0.0,0.0,0.0,0.0,0.0,0.0,0.0,0.0,0.0,0.0,0.0,0.0,0.0,0.0
11400.0,20.0,20.0,0,0.0,0.0,0.0,0.0,0.0,0.0,0.0,0.0,0.0,0.0,0.0,0.0,0.0,0.0
11460.0,20.0,20.0,0,0.0,0.0,0.0,0.0,0.0,0.0,0.0,0.0,0.0,0.0,0.0,0.0,0.0,0.0
11520.0,20.0,20.0,0,0.0,0.0,0.0,0.0,0.0,0.0,0.0,0.0,0.0,0.0,0.0,0.0,0.0,0.0
11580.0,20.0,20.0,0,0.0,0.0,0.0,0.0,0.0,0.0,0.0,0.0,0.0,0.0,0.0,0.0,0.0,0.0
11640.0,20.0,20.0,0,0.0,0.0,0.0,0.0,0.0,0.0,0.0,0.0,0.0,0.0,0.0,0.0,0.0,0.0
11700.0,20.0,20.0,0,0.0,0.0,0.0,0.0,0.0,0.0,0.0,0.0,0.0,0.0,0.0,0.0,0.0,0.0
11760.0,20.0,20.0,0,0.0,0.0,0.0,0.0,0.0,0.0,0.0,0.0,0.0,0.0,0.0,0.0,0.0,0.0
11820.0,20.0,20.0,0,0.0,0.0,0.0,0.0,0.0,0.0,0.0,0.0,0.0,0.0,0.0,0.0,0.0,0.0
11880.0,20.0,20.0,0,0.0,0.0,0.0,0.0,0.0,0.0,0.0,0.0,0.0,0.0,0.0,0.0,0.0,0.0
11940.0,20.0,20.0,0,0.0,0.0,0.0,0.0,0.0,0.0,0.0,0.0,0.0,0.0,0.0,0.0,0.0,0.0
12000.0,20.0,20.0,0,0.0,0.0,0.0,0.0,0.0,0.0,0.0,0.0,0.0,0.0,0.0,0.0,0.0,0.0
12060.0,20.0,20.0,0,0.0,0.0,0.0,0.0,0.0,0.0,0.0,0.0,0.0,0.0,0.0,0.0,0.0,0.0
12120.0,20.0,20.0,0,0.0,0.0,0.0,0.0,0.0,0.0,0.0,0.0,0.0,0.0,0.0,0.0,0.0,0.0
12180.0,20.0,20.0,0,0.0,0.0,0.0,0.0,0.0,0.0,0.0,0.0,0.0,0.0,0.0,0.0,0.0,0.0
12240.0,20.0,20.0,0,0.0,0.0,0.0,0.0,0.0,0.0,0.0,0.0,0.0,0.0,0.0,0.0,0.0,0.0
12300.0,20.0,20.0,0,0.0,0.0,0.0,0.0,0.0,0.0,0.0,0.0,0.0,0.0,0.0,0.0,0.0,0.0
12360.0,20.0,20.0,0,0.0,0.0,0.0,0.0,0.0,0.0,0.0,0.0,0.0,0.0,0.0,0.0,0.0,0.0
12420.0,20.0,20.0,0,0.0,0.0,0.0,0.0,0.0,0.0,0.0,0.0,0.0,0.0,0.0,0.0,0.0,0.0
12480.0,20.0,20.0,0,0.0,0.0,0.0,0.0,0.0,0.0,0.0,0.0,0.0,0.0,0.0,0.0,0.0,0.0
12540.0,20.0,20.0,0,0.0,0.0,0.0,0.0,0.0,0.0,0.0,0.0,0.0,0.0,0.0,0.0,0.0,0.0
12600.0,20.0,20.0,0,0.0,0.0,0.0,0.0,0.0,0.0,0.0,0.0,0.0,0.0,0.0,0.0,0.0,0.0
12660.0,20.0,20.0,0,0.0,0.0,0.0,0.0,0.0,0.0,0.0,0.0,0.0,0.0,0.0,0.0,0.0,0.0
12720.0,20.0,20.0,0,0.0,0.0,0.0,0.0,0.0,0.0,0.0,0.0,0.0,0.0,0.0,0.0,0.0,0.0
12780.0,20.0,20.0,0,0.0,0.0,0.0,0.0,0.0,0.0,0.0,0.0,0.0,0.0,0.0,0.0,0.0,0.0
12840.0,20.0,20.0,0,0.0,0.0,0.0,0.0,0.0,0.0,0.0,0.0,0.0,0.0,0.0,0.0,0.0,0.0
12900.0,20.0,20.0,0,0.0,0.0,0.0,0.0,0.0,0.0,0.0,0.0,0.0,0.0,0.0,0.0,0.0,0.0
12960.0,20.0,20.0,0,0.0,0.0,0.0,0.0,0.0,0.0,0.0,0.0,0.0,0.0,0.0,0.0,0.0,0.0
13020.0,20.0,20.0,0,0.0,0.0,0.0,0.0,0.0,0.0,0.0,0.0,0.0,0.0,0.0,0.0,0.0,0.0
13080.0,20.0,20.0,0,0.0,0.0,0.0,0.0,0.0,0.0,0.0,0.0,0.0,0.0,0.0,0.0,0.0,0.0
13140.0,20.0,20.0,0,0.0,0.0,0.0,0.0,0.0,0.0,0.0,0.0,0.0,0.0,0.0,0.0,0.0,0.0
13200.0,20.0,20.0,0,0.0,0.0,0.0,0.0,0.0,0.0,0.0,0.0,0.0,0.0,0.0,0.0,0.0,0.0
13260.0,20.0,20.0,0,0.0,0.0,0.0,0.0,0.0,0.0,0.0,0.0,0.0,0.0,0.0,0.0,0.0,0.0
13320.0,20.0,20.0,0,0.0,0.0,0.0,0.0,0.0,0.0,0.0,0.0,0.0,0.0,0.0,0.0,0.0,0.0
13380.0,20.0,20.0,0,0.0,0.0,0.0,0.0,0.0,0.0,0.0,0.0,0.0,0.0,0.0,0.0,0.0,0.0
13440.0,20.0,20.0,0,0.0,0.0,0.0,0.0,0.0,0.0,0.0,0.0,0.0,0.0,0.0,0.0,0.0,0.0
13500.0,20.0,20.0,0,0.0,0.0,0.0,0.0,0.0,0.0,0.0,0.0,0.0,0.0,0.0,0.0,0.0,0.0
13560.0,20.0,20.0,0,0.0,0.0,0.0,0.0,0.0,0.0,0.0,0.0,0.0,0.0,0.0,0.0,0.0,0.0
13620.0,20.0,20.0,0,0.0,0.0,0.0,0.0,0.0,0.0,0.0,0.0,0.0,0.0,0.0,0.0,0.0,0.0
13680.0,20.0,20.0,0,0.0,0.0,0.0,0.0,0.0,0.0,0.0,0.0,0.0,0.0,0.0,0.0,0.0,0.0
13740.0,20.0,20.0,0,0.0,0.0,0.0,0.0,0.0,0.0,0.0,0.0,0.0,0.0,0.0,0.0,0.0,0.0
13800.0,20.0,20.0,0,0.0,0.0,0.0,0.0,0.0,0.0,0.0,0.0,0.0,0.0,0.0,0.0,0.0,0.0
13860.0,20.0,20.0,0,0.0,0.0,0.0,0.0,0.0,0.0,0.0,0.0,0.0,0.0,0.0,0.0,0.0,0.0
13920.0,20.0,20.0,0,0.0,0.0,0.0,0.0,0.0,0.0,0.0,0.0,0.0,0.0,0.0,0.0,0.0,0.0
13980.0,20.0,20.0,0,0.0,0.0,0.0,0.0,0.0,0.0,0.0,0.0,0.0,0.0,0.0,0.0,0.0,0.0
14040.0,20.0,20.0,0,0.0,0.0,0.0,0.0,0.0,0.0,0.0,0.0,0.0,0.0,0.0,0.0,0.0,0.0
14100.0,20.0,20.0,0,0.0,0.0,0.0,0.0,0.0,0.0,0.0,0.0,0.0,0.0,0.0,0.0,0.0,0.0
14160.0,20.0,20.0,0,0.0,0.0,0.0,0.0,0.0,0.0,0.0,0.0,0.0,0.0,0.0,0.0,0.0,0.0
14220.0,20.0,20.0,0,0.0,0.0,0.0,0.0,0.0,0.0,0.0,0.0,0.0,0.0,0.0,0.0,0.0,0.0
14280.0,20.0,20.0,0,0.0,0.0,0.0,0.0,0.0,0.0,0.0,0.0,0.0,0.0,0.0,0.0,0.0,0.0
14340.0,20.0,20.0,0,0.0,0.0,0.0,0.0,0.0,0.0,0.0,0.0,0.0,0.0,0.0,0.0,0.0,0.0
14400.0,20.0,20.0,0,0.0,0.0,0.0,0.0,0.0,0.0,0.0,0.0,0.0,0.0,0.0,0.0,0.0,0.0
14460.0,20.0,20.0,0,0.0,0.0,0.0,0.0,0.0,0.0,0.0,0.0,0.0,0.0,0.0,0.0,0.0,0.0
14520.0,20.0,20.0,0,0.0,0.0,0.0,0.0,0.0,0.0,0.0,0.0,0.0,0.0,0.0,0.0,0.0,0.0
14580.0,20.0,20.0,0,0.0,0.0,0.0,0.0,0.0,0.0,0.0,0.0,0.0,0.0,0.0,0.0,0.0,0.0
14640.0,20.0,20.0,0,0.0,0.0,0.0,0.0,0.0,0.0,0.0,0.0,0.0,0.0,0.0,0.0,0.0,0.0
14700.0,20.0,20.0,0,0.0,0.0,0.0,0.0,0.0,0.0,0.0,0.0,0.0,0.0,0.0,0.0,0.0,0.0
14760.0,20.0,20.0,0,0.0,0.0,0.0,0.0,0.0,0.0,0.0,0.0,0.0,0.0,0.0,0.0,0.0,0.0
14820.0,20.0,20.0,0,0.0,0.0,0.0,0.0,0.0,0.0,0.0,0.0,0.0,0.0,0.0,0.0,0.0,0.0
14880.0,20.0,20.0,0,0.0,0.0,0.0,0.0,0.0,0.0,0.0,0.0,0.0,0.0,0.0,0.0,0.0,0.0
14940.0,20.0,20.0,0,0.0,0.0,0.0,0.0,0.0,0.0,0.0,0.0,0.0,0.0,0.0,0.0,0.0,0.0
15000.0,20.0,20.0,0,0.0,0.0,0.0,0.0,0.0,0.0,0.0,0.0,0.0,0.0,0.0,0.0,0.0,0.0
15060.0,20.0,20.0,0,0.0,0.0,0.0,0.0,0.0,0.0,0.0,0.0,0.0,0.0,0.0,0.0,0.0,0.0
15120.0,20.0,20.0,0,0.0,0.0,0.0,0.0,0.0,0.0,0.0,0.0,0.0,0.0,0.0,0.0,0.0,0.0
15180.0,20.0,20.0,0,0.0,0.0,0.0,0.0,0.0,0.0,0.0,0.0,0.0,0.0,0.0,0.0,0.0,0.0
15240.0,20.0,20.0,0,0.0,0.0,0.0,0.0,0.0,0.0,0.0,0.0,0.0,0.0,0.0,0.0,0.0,0.0
15300.0,20.0,20.0,0,0.0,0.0,0.0,0.0,0.0,0.0,0.0,0.0,0.0,0.0,0.0,0.0,0.0,0.0
15360.0,20.0,20.0,0,0.0,0.0,0.0,0.0,0.0,0.0,0.0,0.0,0.0,0.0,0.0,0.0,0.0,0.0
15420.0,20.0,20.0,0,0.0,0.0,0.0,0.0,0.0,0.0,0.0,0.0,0.0,0.0,0.0,0.0,0.0,0.0
15480.0,20.0,20.0,0,0.0,0.0,0.0,0.0,0.0,0.0,0.0,0.0,0.0,0.0,0.0,0.0,0.0,0.0
15540.0,20.0,20.0,0,0.0,0.0,0.0,0.0,0.0,0.0,0.0,0.0,0.0,0.0,0.0,0.0,0.0,0.0
15600.0,20.0,20.0,0,0.0,0.0,0.0,0.0,0.0,0.0,0.0,0.0,0.0,0.0,0.0,0.0,0.0,0.0
15660.0,20.0,20.0,0,0.0,0.0,0.0,0.0,0.0,0.0,0.0,0.0,0.0,0.0,0.0,0.0,0.0,0.0
15720.0,20.0,20.0,0,0.0,0.0,0.0,0.0,0.0,0.0,0.0,0.0,0.0,0.0,0.0,0.0,0.0,0.0
15780.0,20.0,20.0,0,0.0,0.0,0.0,0.0,0.0,0.0,0.0,0.0,0.0,0.0,0.0,0.0,0.0,0.0
15840.0,20.0,20.0,0,0.0,0.0,0.0,0.0,0.0,0.0,0.0,0.0,0.0,0.0,0.0,0.0,0.0,0.0
15900.0,20.0,20.0,0,0.0,0.0,0.0,0.0,0.0,0.0,0.0,0.0,0.0,0.0,0.0,0.0,0.0,0.0
15960.0,20.0,20.0,0,0.0,0.0,0.0,0.0,0.0,0.0,0.0,0.0,0.0,0.0,0.0,0.0,0.0,0.0
16020.0,20.0,20.0,0,0.0,0.0,0.0,0.0,0.0,0.0,0.0,0.0,0.0,0.0,0.0,0.0,0.0,0.0
16080.0,20.0,20.0,0,0.0,0.0,0.0,0.0,0.0,0.0,0.0,0.0,0.0,0.0,0.0,0.0,0.0,0.0
16140.0,20.0,20.0,0,0.0,0.0,0.0,0.0,0.0,0.0,0.0,0.0,0.0,0.0,0.0,0.0,0.0,0.0
16200.0,20.0,20.0,0,0.0,0.0,0.0,0.0,0.0,0.0,0.0,0.0,0.0,0.0,0.0,0.0,0.0,0.0
16260.0,20.0,20.0,0,0.0,0.0,0.0,0.0,0.0,0.0,0.0,0.0,0.0,0.0,0.0,0.0,0.0,0.0
16320.0,20.0,20.0,0,0.0,0.0,0.0,0.0,0.0,0.0,0.0,0.0,0.0,0.0,0.0,0.0,0.0,0.0
16380.0,20.0,20.0,0,0.0,0.0,0.0,0.0,0.0,0.0,0.0,0.0,0.0,0.0,0.0,0.0,0.0,0.0
16440.0,20.0,20.0,0,0.0,0.0,0.0,0.0,0.0,0.0,0.0,0.0,0.0,0.0,0.0,0.0,0.0,0.0
16500.0,20.0,20.0,0,0.0,0.0,0.0,0.0,0.0,0.0,0.0,0.0,0.0,0.0,0.0,0.0,0.0,0.0
16560.0,20.0,20.0,0,0.0,0.0,0.0,0.0,0.0,0.0,0.0,0.0,0.0,0.0,0.0,0.0,0.0,0.0
16620.0,20.0,20.0,0,0.0,0.0,0.0,0.0,0.0,0.0,0.0,0.0,0.0,0.0,0.0,0.0,0.0,0.0
16680.0,20.0,20.0,0,0.0,0.0,0.0,0.0,0.0,0.0,0.0,0.0,0.0,0.0,0.0,0.0,0.0,0.0
16740.0,20.0,20.0,0,0.0,0.0,0.0,0.0,0.0,0.0,0.0,0.0,0.0,0.0,0.0,0.0,0.0,0.0
16800.0,20.0,20.0,0,0.0,0.0,0.0,0.0,0.0,0.0,0.0,0.0,0.0,0.0,0.0,0.0,0.0,0.0
16860.0,20.0,20.0,0,0.0,0.0,0.0,0.0,0.0,0.0,0.0,0.0,0.0,0.0,0.0,0.0,0.0,0.0
16920.0,20.0,20.0,0,0.0,0.0,0.0,0.0,0.0,0.0,0.0,0.0,0.0,0.0,0.0,0.0,0.0,0.0
16980.0,20.0,20.0,0,0.0,0.0,0.0,0.0,0.0,0.0,0.0,0.0,0.0,0.0,0.0,0.0,0.0,0.0
17040.0,20.0,20.0,0,0.0,0.0,0.0,0.0,0.0,0.0,0.0,0.0,0.0,0.0,0.0,0.0,0.0,0.0
17100.0,20.0,20.0,0,0.0,0.0,0.0,0.0,0.0,0.0,0.0,0.0,0.0,0.0,0.0,0.0,0.0,0.0
17160.0,20.0,20.0,0,0.0,0.0,0.0,0.0,0.0,0.0,0.0,0.0,0.0,0.0,0.0,0.0,0.0,0.0
17220.0,20.0,20.0,0,0.0,0.0,0.0,0.0,0.0,0.0,0.0,0.0,0.0,0.0,0.0,0.0,0.0,0.0
17280.0,20.0,20.0,0,0.0,0.0,0.0,0.0,0.0,0.0,0.0,0.0,0.0,0.0,0.0,0.0,0.0,0.0
17340.0,20.0,20.0,0,0.0,0.0,0.0,0.0,0.0,0.0,0.0,0.0,0.0,0.0,0.0,0.0,0.0,0.0
17400.0,20.0,20.0,0,0.0,0.0,0.0,0.0,0.0,0.0,0.0,0.0,0.0,0.0,0.0,0.0,0.0,0.0
17460.0,20.0,20.0,0,0.0,0.0,0.0,0.0,0.0,0.0,0.0,0.0,0.0,0.0,0.0,0.0,0.0,0.0
17520.0,20.0,20.0,0,0.0,0.0,0.0,0.0,0.0,0.0,0.0,0.0,0.0,0.0,0.0,0.0,0.0,0.0
17580.0,20.0,20.0,0,0.0,0.0,0.0,0.0,0.0,0.0,0.0,0.0,0.0,0.0,0.0,0.0,0.0,0.0
17640.0,20.0,20.0,0,0.0,0.0,0.0,0.0,0.0,0.0,0.0,0.0,0.0,0.0,0.0,0.0,0.0,0.0
17700.0,20.0,20.0,0,0.0,0.0,0.0,0.0,0.0,0.0,0.0,0.0,0.0,0.0,0.0,0.0,0.0,0.0
17760.0,20.0,20.0,0,0.0,0.0,0.0,0.0,0.0,0.0,0.0,0.0,0.0,0.0,0.0,0.0,0.0,0.0
17820.0,20.0,20.0,0,0.0,0.0,0.0,0.0,0.0,0.0,0.0,0.0,0.0,0.0,0.0,0.0,0.0,0.0
17880.0,20.0,20.0,0,0.0,0.0,0.0,0.0,0.0,0.0,0.0,0.0,0.0,0.0,0.0,0.0,0.0,0.0
17940.0,20.0,20.0,0,0.0,0.0,0.0,0.0,0.0,0.0,0.0,0.0,0.0,0.0,0.0,0.0,0.0,0.0
18000.0,20.0,20.0,0,0.0,0.0,0.0,0.0,0.0,0.0,0.0,0.0,0.0,0.0,0.0,0.0,0.0,0.0
18060.0,20.0,20.0,0,0.0,0.0,0.0,0.0,0.0,0.0,0.0,0.0,0.0,0.0,0.0,0.0,0.0,0.0
18120.0,20.0,20.0,0,0.0,0.0,0.0,0.0,0.0,0.0,0.0,0.0,0.0,0.0,0.0,0.0,0.0,0.0
18180.0,20.0,20.0,0,0.0,0.0,0.0,0.0,0.0,0.0,0.0,0.0,0.0,0.0,0.0,0.0,0.0,0.0
18240.0,20.0,20.0,0,0.0,0.0,0.0,0.0,0.0,0.0,0.0,0.0,0.0,0.0,0.0,0.0,0.0,0.0
18300.0,20.0,20.0,0,0.0,0.0,0.0,0.0,0.0,0.0,0.0,0.0,0.0,0.0,0.0,0.0,0.0,0.0
18360.0,20.0,20.0,0,0.0,0.0,0.0,0.0,0.0,0.0,0.0,0.0,0.0,0.0,0.0,0.0,0.0,0.0
18420.0,20.0,20.0,0,0.0,0.0,0.0,0.0,0.0,0.0,0.0,0.0,0.0,0.0,0.0,0.0,0.0,0.0
18480.0,20.0,20.0,0,0.0,0.0,0.0,0.0,0.0,0.0,0.0,0.0,0.0,0.0,0.0,0.0,0.0,0.0
18540.0,20.0,20.0,0,0.0,0.0,0.0,0.0,0.0,0.0,0.0,0.0,0.0,0.0,0.0,0.0,0.0,0.0
18600.0,20.0,20.0,0,0.0,0.0,0.0,0.0,0.0,0.0,0.0,0.0,0.0,0.0,0.0,0.0,0.0,0.0
18660.0,20.0,20.0,0,0.0,0.0,0.0,0.0,0.0,0.0,0.0,0.0,0.0,0.0,0.0,0.0,0.0,0.0
18720.0,20.0,20.0,0,0.0,0.0,0.0,0.0,0.0,0.0,0.0,0.0,0.0,0.0,0.0,0.0,0.0,0.0
18780.0,20.0,20.0,0,0.0,0.0,0.0,0.0,0.0,0.0,0.0,0.0,0.0,0.0,0.0,0.0,0.0,0.0
18840.0,20.0,20.0,0,0.0,0.0,0.0,0.0,0.0,0.0,0.0,0.0,0.0,0.0,0.0,0.0,0.0,0.0
18900.0,20.0,20.0,0,0.0,0.0,0.0,0.0,0.0,0.0,0.0,0.0,0.0,0.0,0.0,0.0,0.0,0.0
18960.0,20.0,20.0,0,0.0,0.0,0.0,0.0,0.0,0.0,0.0,0.0,0.0,0.0,0.0,0.0,0.0,0.0
19020.0,20.0,20.0,0,0.0,0.0,0.0,0.0,0.0,0.0,0.0,0.0,0.0,0.0,0.0,0.0,0.0,0.0
19080.0,20.0,20.0,0,0.0,0.0,0.0,0.0,0.0,0.0,0.0,0.0,0.0,0.0,0.0,0.0,0.0,0.0
19140.0,20.0,20.0,0,0.0,0.0,0.0,0.0,0.0,0.0,0.0,0.0,0.0,0.0,0.0,0.0,0.0,0.0
19200.0,20.0,20.0,0,0.0,0.0,0.0,0.0,0.0,0.0,0.0,0.0,0.0,0.0,0.0,0.0,0.0,0.0
19260.0,20.0,20.0,0,0.0,0.0,0.0,0.0,0.0,0.0,0.0,0.0,0.0,0.0,0.0,0.0,0.0,0.0
19320.0,20.0,20.0,0,0.0,0.0,0.0,0.0,0.0,0.0,0.0,0.0,0.0,0.0,0.0,0.0,0.0,0.0
19380.0,20.0,20.0,0,0.0,0.0,0.0,0.0,0.0,0.0,0.0,0.0,0.0,0.0,0.0,0.0,0.0,0.0
19440.0,20.0,20.0,0,0.0,0.0,0.0,0.0,0.0,0.0,0.0,0.0,0.0,0.0,0.0,0.0,0.0,0.0
19500.0,20.0,20.0,0,0.0,0.0,0.0,0.0,0.0,0.0,0.0,0.0,0.0,0.0,0.0,0.0,0.0,0.0
19560.0,20.0,20.0,0,0.0,0.0,0.0,0.0,0.0,0.0,0.0,0.0,0.0,0.0,0.0,0.0,0.0,0.0
19620.0,20.0,20.0,0,0.0,0.0,0.0,0.0,0.0,0.0,0.0,0.0,0.0,0.0,0.0,0.0,0.0,0.0
19680.0,20.0,20.0,0,0.0,0.0,0.0,0.0,0.0,0.0,0.0,0.0,0.0,0.0,0.0,0.0,0.0,0.0
19740.0,20.0,20.0,0,0.0,0.0,0.0,0.0,0.0,0.0,0.0,0.0,0.0,0.0,0.0,0.0,0.0,0.0
19800.0,20.0,20.0,0,0.0,0.0,0.0,0.0,0.0,0.0,0.0,0.0,0.0,0.0,0.0,0.0,0.0,0.0
19860.0,20.0,20.0,0,0.0,0.0,0.0,0.0,0.0,0.0,0.0,0.0,0.0,0.0,0.0,0.0,0.0,0.0
19920.0,20.0,20.0,0,0.0,0.0,0.0,0.0,0.0,0.0,0.0,0.0,0.0,0.0,0.0,0.0,0.0,0.0
19980.0,20.0,20.0,0,0.0,0.0,0.0,0.0,0.0,0.0,0.0,0.0,0.0,0.0,0.0,0.0,0.0,0.0
20040.0,20.0,20.0,0,0.0,0.0,0.0,0.0,0.0,0.0,0.0,0.0,0.0,0.0,0.0,0.0,0.0,0.0
20100.0,20.0,20.0,0,0.0,0.0,0.0,0.0,0.0,0.0,0.0,0.0,0.0,0.0,0.0,0.0,0.0,0.0
20160.0,20.0,20.0,0,0.0,0.0,0.0,0.0,0.0,0.0,0.0,0.0,0.0,0.0,0.0,0.0,0.0,0.0
20220.0,20.0,20.0,0,0.0,0.0,0.0,0.0,0.0,0.0,0.0,0.0,0.0,0.0,0.0,0.0,0.0,0.0
20280.0,20.0,20.0,0,0.0,0.0,0.0,0.0,0.0,0.0,0.0,0.0,0.0,0.0,0.0,0.0,0.0,0.0
20340.0,20.0,20.0,0,0.0,0.0,0.0,0.0,0.0,0.0,0.0,0.0,0.0,0.0,0.0,0.0,0.0,0.0
20400.0,20.0,20.0,0,0.0,0.0,0.0,0.0,0.0,0.0,0.0,0.0,0.0,0.0,0.0,0.0,0.0,0.0
20460.0,20.0,20.0,0,0.0,0.0,0.0,0.0,0.0,0.0,0.0,0.0,0.0,0.0,0.0,0.0,0.0,0.0
20520.0,20.0,20.0,0,0.0,0.0,0.0,0.0,0.0,0.0,0.0,0.0,0.0,0.0,0.0,0.0,0.0,0.0
20580.0,20.0,20.0,0,0.0,0.0,0.0,0.0,0.0,0.0,0.0,0.0,0.0,0.0,0.0,0.0,0.0,0.0
20640.0,20.0,20.0,0,0.0,0.0,0.0,0.0,0.0,0.0,0.0,0.0,0.0,0.0,0.0,0.0,0.0,0.0
20700.0,20.0,20.0,0,0.0,0.0,0.0,0.0,0.0,0.0,0.0,0.0,0.0,0.0,0.0,0.0,0.0,0.0
20760.0,20.0,20.0,0,0.0,0.0,0.0,0.0,0.0,0.0,0.0,0.0,0.0,0.0,0.0,0.0,0.0,0.0
20820.0,20.0,20.0,0,0.0,0.0,0.0,0.0,0.0,0.0,0.0,0.0,0.0,0.0,0.0,0.0,0.0,0.0
20880.0,20.0,20.0,0,0.0,0.0,0.0,0.0,0.0,0.0,0.0,0.0,0.0,0.0,0.0,0.0,0.0,0.0
20940.0,20.0,20.0,0,0.0,0.0,0.0,0.0,0.0,0.0,0.0,0.0,0.0,0.0,0.0,0.0,0.0,0.0
21000.0,20.0,20.0,0,0.0,0.0,0.0,0.0,0.0,0.0,0.0,0.0,0.0,0.0,0.0,0.0,0.0,0.0
21060.0,20.0,20.0,0,0.0,0.0,0.0,0.0,0.0,0.0,0.0,0.0,0.0,0.0,0.0,0.0,0.0,0.0
21120.0,20.0,20.0,0,0.0,0.0,0.0,0.0,0.0,0.0,0.0,0.0,0.0,0.0,0.0,0.0,0.0,0.0
21180.0,20.0,20.0,0,0.0,0.0,0.0,0.0,0.0,0.0,0.0,0.0,0.0,0.0,0.0,0.0,0.0,0.0
21240.0,20.0,20.0,0,0.0,0.0,0.0,0.0,0.0,0.0,0.0,0.0,0.0,0.0,0.0,0.0,0.0,0.0
21300.0,20.0,20.0,0,0.0,0.0,0.0,0.0,0.0,0.0,0.0,0.0,0.0,0.0,0.0,0.0,0.0,0.0
21360.0,20.0,20.0,0,0.0,0.0,0.0,0.0,0.0,0.0,0.0,0.0,0.0,0.0,0.0,0.0,0.0,0.0
21420.0,20.0,20.0,0,0.0,0.0,0.0,0.0,0.0,0.0,0.0,0.0,0.0,0.0,0.0,0.0,0.0,0.0
21480.0,20.0,20.0,0,0.0,0.0,0.0,0.0,0.0,0.0,0.0,0.0,0.0,0.0,0.0,0.0,0.0,0.0
21540.0,20.0,20.0,0,0.0,0.0,0.0,0.0,0.0,0.0,0.0,0.0,0.0,0.0,0.0,0.0,0.0,0.0
21600.0,20.0,20.0,0,0.0,0.0,0.0,0.0,0.0,0.0,0.0,0.0,0.0,0.0,0.0,0.0,0.0,0.0
21660.0,20.020396406700854,20.0,0,3.4906474277972444,10.471942283391733,0.4079281340170837,0.0,0.0,418.8783559069671,314.158766930225,8.212666417414948,0.0,0.0,0.0,305.9461005128128,0.0,2.7284841053187847e-12
21720.0,20.07948039783607,20.0,0,6.981228398699122,20.943685196097366,1.5896079567213661,0.0,0.0,1675.5054487876773,1256.6290865907567,64.42311904974649,0.0,0.0,0.0,1192.2059675410246,0.0,1.432454155292362e-11
21780.0,20.17427637583551,20.0,0,10.471676457075516,31.415029371226545,3.4855275167102207,0.0,0.0,3769.857354273714,2827.3930157052855,213.24737817261428,0.0,0.0,0.0,2614.1456375326657,0.0,-5.4569682106375694e-12
21840.0,20.302036751552755,20.0,0,13.96192514982676,41.88577544948028,6.040735031055107,0.0,0.0,6701.894198923765,5026.420649192819,495.8693759014895,0.0,0.0,0.0,4530.55127329133,0.0,9.094947017729282e-13
21900.0,20.46022441418097,20.0,0,17.451908027648834,52.3557240829465,9.204488283619412,0.0,0.0,10471.560160982805,7853.670120737108,950.3039080225744,0.0,0.0,0.0,6903.366212714559,0.0,2.546585164964199e-11
21960.0,20.646496548960318,20.0,0,20.941558646298446,62.82467593889534,12.929930979206361,0.0,0.0,15078.783471444398,11309.087603583303,1611.6393691785431,0.0,0.0,0.0,9697.44823440477,0.0,1.0913936421275139e-11
22020.0,20.858689699053794,20.0,0,24.43081056785804,73.29243170357412,17.17379398107589,0.0,0.0,20523.476415418198,15392.607311563655,2512.2618257567465,0.0,0.0,0.0,12880.345485806916,0.0,7.275957614183426e-12
22080.0,21.094805975935103,20.0,0,27.91959736200086,83.75879208600259,21.89611951870205,0.0,0.0,26805.535333798904,20104.151500349177,3682.0618613226543,0.0,0.0,0.0,16422.089639026537,0.0,1.4551915228366852e-11
22140.0,21.35300032998696,20.0,0,31.407852607254963,94.22355782176489,27.060006599739168,0.0,0.0,33924.84062524028,25443.630468930205,5148.625519125834,0.0,0.0,0.0,20295.004949804377,0.0,7.275957614183426e-12
22200.0,21.631568799796845,20.0,0,34.89550989226886,104.68652967680659,32.63137599593691,0.0,0.0,41881.25674843164,31410.94256132373,6937.4105643710445,0.0,0.0,0.0,24473.53199695268,0.0,-3.637978807091713e-12
22260.0,21.92893766490446,20.0,0,38.3825028170752,115.1475084512256,38.5787532980892,0.0,0.0,50674.63222467892,38005.97416850921,9071.909194942307,0.0,0.0,0.0,28934.064973566896,0.0,-3.637978807091713e-12
22320.0,22.24365343254014,20.0,0,41.8687649943551,125.60629498306528,44.87306865080278,0.0,0.0,60304.79964078847,45228.59973059136,11573.798242489305,0.0,0.0,0.0,33654.801488102086,0.0,2.9103830456733704e-11
22380.0,22.574373594233982,20.0,0,45.354230050702014,136.06269015210603,51.48747188467965,0.0,0.0,70771.57565225424,53078.68173919067,14463.077825681034,0.0,0.0,0.0,38615.60391350974,0.0,1.0186340659856796e-10
22440.0,22.919858093105216,20.0,0,48.83883162788548,146.51649488365643,58.39716186210431,0.0,0.0,82074.76098674852,61556.07074006135,17758.199343483207,0.0,0.0,0.0,43797.87139657824,0.0,1.0186340659856796e-10
22500.0,23.27896144719212,20.0,0,52.32250338411441,156.96751015234324,65.57922894384241,0.0,0.0,94214.14044791566,70660.60533593675,21476.18362805498,0.0,0.0,0.0,49184.421707881804,0.0,2.9103830456733704e-11
22560.0,23.65062547838368,20.0,0,55.80517899530018,167.41553698590053,73.01250956767362,0.0,0.0,107189.48291946933,80392.11218960202,25632.730013846853,0.0,0.0,0.0,54759.382175755214,0.0,5.093170329928398e-11
22620.0,24.03387260039208,20.0,0,59.286792156319294,177.8603764689579,80.6774520078416,0.0,0.0,121000.54136959245,90750.40602719433,30242.317021313207,0.0,0.0,0.0,60508.08900588119,0.0,7.275957614183426e-11
22680.0,24.427799622784995,20.0,0,62.76727658227581,188.30182974682742,88.55599245569991,0.0,0.0,135647.05285564027,101735.28964173018,35318.29529995538,0.0,0.0,0.0,66416.99434177493,0.0,1.3096723705530167e-10
22740.0,24.831572031401052,20.0,0,66.24656600976327,198.7396980292898,96.63144062802104,0.0,0.0,151128.73852914656,113346.55389685993,40872.97342584427,0.0,0.0,0.0,72473.58047101578,0.0,1.3096723705530167e-10
22800.0,25.244418708522414,20.0,0,69.72459419812627,209.1737825943788,104.88837417044827,0.0,0.0,167445.30364113272,125583.97773084952,46917.697103013415,0.0,0.0,0.0,78666.28062783621,0.0,1.0186340659856796e-10
22860.0,25.665627058994286,20.0,0,73.20129493072155,219.60388479216465,113.31254117988571,0.0,0.0,184596.43754771826,138447.3281607887,53462.92227587456,0.0,0.0,0.0,84984.40588491429,0.0,1.6007106751203537e-10
22920.0,25.471436802327066,20.01127962900196,1,76.67660201617869,230.02980604853607,109.42873604654132,0.022559258003923333,684.703709534968,202581.813716037,151936.36028702778,60434.887894570486,0.1505119121839993,9429.920357551478,328.429624020918,91501.32188054593,9429.769845639952,8.149072527885437e-10
22980.0,23.786793461038908,20.051864331369462,1,80.15044928966054,240.45134786898163,75.73586922077816,0.10372866273892356,468.3601128605485,221401.0897304517,166050.8172978388,65886.24080655717,4.093550827811822,43362.674575698155,1828.42962402092,100160.48294045366,43358.58102487005,-1.7462298274040222e-10
23040.0,22.88946940325852,20.080863312041117,1,83.62277061412205,250.86831184236615,57.7893880651704,0.1617266240822346,352.1992038386623,241053.90729907487,180790.4304743062,69834.5204533739,12.140105679238673,67613.86897205462,3328.4296240209214,110943.76991525186,67601.72886637406,-1.1932570487260818e-09
23100.0,22.42907143352451,20.10371034526066,1,87.09349988157061,261.2804996447118,48.58142867049018,0.2074206905213174,291.6002804682868,261539.89226058847,196154.9191954414,72993.74129004178,23.257764617517957,86725.10640253214,4828.429624020922,123137.92014077831,86701.84863791068,-3.798049874603748e-09
23160.0,22.211245596778443,20.123418883848526,1,90.56257101432386,271.6877130429716,44.22491193556887,0.2468377676970519,261.81346980141166,282858.654591369,212143.9909435268,75760.21332800099,36.906766478556676,103215.0936638493,6328.429624020924,136346.87084904435,103178.18689736769,-2.9103830456733704e-09
23220.0,22.336142156325746,20.13789729080969,0,94.02991796626799,282.08975389880396,46.72284312651492,0.27579458161937964,0.0,305009.7884129113,228757.34130968354,78380.30071066611,52.77313722675766,115334.90825413137,7513.7698544808745,150324.2674617869,115282.1351169007,-3.7834979593753815e-09
23280.0,23.261187076535535,20.13787749836074,0,97.495474724115,292.486424172345,65.2237415307107,0.2757549967214814,0.0,327992.8719995585,245994.65399966898,81741.93959750471,69.31962454857356,115334.90825413137,7513.7698544808745,164183.39477761224,115265.58862957923,-3.4633558243513107e-09
23340.0,24.15506708081268,20.13785770875261,0,100.95917530865965,302.87752592597894,83.10134161625363,0.2757154175052179,0.0,351807.4677865281,263855.6008398962,86194.68637357466,85.86373694696958,115334.90825413137,7513.7698544808745,177575.0507293713,115249.04451718107,-3.259629011154175e-09
23400.0,25.02015644999642,20.137837921984886,0,104.42095377603553,313.2628613281066,100.40312899992841,0.27567584396977196,0.0,376453.1223782439,282339.841783683,91702.58677960544,102.4054747628169,115334.90825413137,7513.7698544808745,190534.849529311,115232.50277936467,-3.754394128918648e-09
23460.0,25.85864616125218,20.137818138057167,0,107.88074421897049,323.64223265691146,117.17292322504363,0.2756362761143336,0.0,401929.3665569685,301447.02491772646,98232.42424481249,118.9448383369425,115334.90825413137,7513.7698544808745,203095.6558345742,115215.96341579146,-2.852175384759903e-09
23520.0,24.948806702871007,20.169581228613467,1,111.3384807680415,334.0154423041245,98.97613405742014,0.3391624572269336,599.3148744718955,428235.715291736,321176.7864688022,105037.99005418425,136.78875069197107,141906.69587155283,8504.184058087505,216002.00766392337,141769.90712085826,-2.5902409106492996e-09
23580.0,23.86932001639502,20.20702034986487,1,114.79409759292857,344.3822927787857,77.38640032790038,0.414040699729739,459.2523781828807,455371.66774758603,341528.7508106897,110260.45326766264,159.4848100693317,173228.4972971019,10004.184058087507,231108.8127329562,173069.0124870309,-1.5425030142068863e-09
23640.0,23.30985303258017,20.237007854698142,1,118.24752890366814,354.74258671100444,66.19706065160337,0.47401570939628357,385.3347853064061,483336.70729509904,362502.53047132445,114529.98919835853,186.17925661321704,198324.74578426342,11504.184058087509,247786.36201634904,198138.56652764653,-3.6670826375484467e-09
23700.0,23.039038299838932,20.263131213338173,1,121.69870895190559,365.09612685571676,60.78076599677864,0.5262624266763467,348.0987486471951,512130.30152023234,384097.72614017443,118318.24311766303,216.21417421090766,220193.9085249275,13004.18405808751,265563.2688482969,219977.69435071293,-3.6088749766349792e-09
23760.0,22.92854194844608,20.287379740823376,1,125.14757203214691,375.44271609644073,58.570838968921635,0.5747594816467512,331.20174083588734,541751.9022344564,406313.9266758425,121887.07723200652,249.25688879968394,240498.72021714487,14504.184058087512,284177.5925550332,240249.46332834198,-3.0850060284137726e-09
23820.0,22.907179837073027,20.3108562973711,1,128.5940524830096,385.7821574490288,58.14359674146054,0.6217125947421991,325.5789718786217,572200.9454851917,429150.70911389386,125381.9918932536,285.1550623023803,260161.01966454496,16004.184058087514,303483.56215833465,259875.86460223922,-3.259629011154175e-09
23880.0,22.935467113440005,20.33417204788633,1,132.0380846884728,396.1142540654184,58.7093422688001,0.6683440957726603,326.20240122043083,603476.8515665449,452607.6386749087,128883.94362343683,323.85631689443625,279691.6883498719,17504.184058087514,323399.8387345721,279367.832032972,-5.3551048040390015e-09
23940.0,22.991501595643864,20.35766542359284,1,135.47960307912587,406.4388092373776,59.83003191287729,0.7153308471856832,330.28305597519824,635579.0250303461,476684.2687727597,132438.08706211008,365.3636523706949,299373.6577759918,19004.184058087514,343880.8180582735,299008.29412361555,-5.413312464952469e-09
24000.0,23.063133694264867,20.38152357369336,1,138.91854213341753,416.7556264002526,61.26267388529733,0.7630471473867217,336.27390911966677,668506.8546974855,501380.14102311415,136069.71728457848,409.7107169050785,319363.4183245627,20504.184058087514,364900.7130216227,318953.7076076497,-7.916241884231567e-09
24060.0,23.143623295852045,20.405849731084228,1,142.35483637890266,427.064509136708,62.8724659170409,0.8116994621684555,343.31680502188425,702259.7136695477,526694.7852521609,139793.11253804836,456.9480899112497,339747.32327633194,22004.184058087514,386444.7246241951,339290.3751864144,-6.170012056827545e-09
24120.0,23.229230762496016,20.43070057816874,1,145.78842039348837,437.3652611804651,64.58461524992032,0.8614011563374788,350.9356851146405,736836.959340749,552627.7195055616,143616.43904605377,507.13567299670655,360572.8190220678,23504.184058087514,408504.14478650637,360065.6833490661,-4.773028194904327e-09
24180.0,23.31788072935802,20.45610697259769,1,149.21922880667952,447.65768642003854,66.3576145871604,0.9122139451953828,358.8664290977452,772237.9334101694,579178.4500576269,147544.47155668208,560.3384688999348,381865.76756057475,25004.184058087514,431073.6400320403,381305.42909167,-4.598405212163925e-09
24240.0,23.408420952031765,20.482085443245417,1,152.64719630082303,457.9415889024691,68.1684190406353,0.9641708864908338,366.962472801808,808461.9618942869,606346.4714207151,151580.1023474202,616.6242396444995,403640.05479281856,26504.184058087514,454149.744833645,403023.4305531685,-5.413312464952469e-09
24300.0,23.500211210745768,20.508644566703925,1,156.07225761235068,468.2167728370521,70.00422421491535,1.01728913340785,375.14245716284705,845508.3551398076,634131.2663548555,155725.17822214036,676.0622070413917,425902.9199715289,28004.184058087514,477730.0259256678,425226.8577644813,-5.995389074087143e-09
24360.0,23.592895287498013,20.535788504149373,1,159.49434753302123,478.48304259906365,71.85790574996027,1.0715770082987461,383.36119063191944,883376.4078367958,662532.3058775967,159980.96476488977,738.7223313528862,448657.9118002369,29504.184058087514,501812.6187813461,447919.1894688759,-7.974449545145035e-09
24420.0,23.68627448842322,20.563518963149736,1,162.91340091116098,488.74020273348293,73.72548976846439,1.1270379262994723,391.59354286929477,922065.3990321013,691549.0492740758,164348.40384389207,804.6749106470777,471906.52810383565,31004.184058087514,526395.9705195277,471101.8531931794,-8.96397978067398e-09
24480.0,23.780237490348032,20.591836285833224,1,166.32935265290322,498.98805795870965,75.60474980696064,1.183672571666449,399.82551104615686,961574.5921430838,721180.9441073126,168828.25643747768,873.9903580314902,495649.12531461474,32504.184058087518,551478.6973117961,494775.13495657564,-7.334165275096893e-09
24540.0,23.874721428735636,20.620740052474503,1,169.74213772342614,509.2264131702784,77.49442857471273,1.2414801049490052,408.04926458314617,1001903.2349716363,751427.4262287271,173421.18185144692,946.7390775523195,519885.4229462459,34004.18405808752,577059.5052997187,518938.68386868417,-9.080395102500916e-09
24600.0,23.9696903143207,20.65022941629737,1,173.15169114818937,519.4550734445681,79.39380628641402,1.3004588325947424,416.26039661212553,1043050.5597185034,782287.9197888775,178127.7816546355,1022.9913948219612,544614.7834194317,35504.18405808752,603137.1467394128,543591.7920246023,-7.334165275096893e-09
24660.0,24.065123061465123,20.68030328919105,1,176.55794801416877,529.6738440425063,81.30246122930245,1.3606065783820966,424.4563994431689,1085015.7829978971,813761.8372484228,182948.62404471726,1102.8175180040262,569836.3672817289,37004.18405808752,629710.3956856932,568733.5497637164,-8.265487849712372e-09
24720.0,24.161006847855795,20.710960444732738,1,179.9608434710895,539.8825304132686,83.2201369571159,1.4219208894654756,432.63581895163134,1127798.105852409,845848.5793893067,187884.2573592538,1186.2875156381065,595549.2193122162,38504.18405808752,656778.0345144058,594362.9317965688,-8.96397978067398e-09
24780.0,24.257333431342918,20.742199575342404,1,183.3603127326573,550.0809381979718,85.14666862685836,1.4843991506848084,440.7977855424644,1171396.7137682177,878547.5353261634,192935.2175659528,1273.4713038063967,621752.3162900669,40004.18405808752,684338.8464563937,620478.8449862499,-1.0477378964424133e-08
24840.0,24.354097107018156,20.774019323996153,1,186.75629107778653,560.2688732333596,87.08194214036311,1.548038647992307,448.94175399095906,1215810.776690592,911858.0825179442,198102.0324133937,1364.4386384833192,648444.5934992783,41504.18405808752,712391.6114660567,647080.1548607843,-1.0477378964424133e-08
24900.0,24.451293574086264,20.806418301828067,1,190.14871385182778,570.4461415554833,89.02587148172529,1.6128366036561346,457.0673591411779,1261039.4490396879,945779.5867797658,203385.22372943684,1459.2591107613655,675624.9594390353,43004.18405808752,740935.1039395583,674165.7003282643,-9.313225746154785e-09
24960.0,24.548919307372717,20.839395097904873,1,193.53751646779048,580.6125494033714,90.97838614745434,1.6787901958097464,465.1743358672676,1307081.8697266392,980311.4022949795,208785.30869223157,1558.0021436736617,703292.3039921573,44504.18405808752,769968.0914590647,701734.301848474,-9.546056389808655e-09
25020.0,24.646971208738307,20.872948284659202,1,196.92263440756338,590.7679032226902,92.93942417476615,1.745896569318404,473.26247467951976,1353937.1621699447,1015452.8716274586,214302.80053138023,1660.736989903573,731445.502965004,46004.18405808752,799489.3341061675,729784.7659750929,-7.2177499532699585e-09
25080.0,24.745446413750052,20.907076420914844,1,200.30400322313088,600.9120096693927,94.90892827500105,1.8141528418296886,481.33159710153507,1401604.4343121424,1051203.3257341073,219938.20891305103,1767.5327299876958,760083.4206148055,47504.18405808752,829497.5840910607,758315.8878848099,-7.799826562404633e-09
25140.0,24.844342184468236,20.941778053576492,1,203.68155853778455,611.0446756133537,96.88684368936471,1.8835561071529838,489.3815420138246,1450082.7786367808,1087562.083977586,225692.04014981264,1878.4582707939323,789204.9110607499,49004.18405808752,859991.5855569708,787326.4527899473,-8.614733815193176e-09
25200.0,24.943655849999686,20.977051718578743,1,207.05523604733023,621.1657081419906,98.87311699999373,1.9541034371574852,497.4121580801863,1499371.272185674,1124528.454139256,231564.7973132715,1993.5823441535451,818808.8190759892,50504.18405808752,890970.0744818242,816815.2367318289,-6.6356733441352844e-09
25260.0,25.04338477354553,21.01289594142434,1,210.42497152128723,631.2749145638617,100.86769547091059,2.0257918828486794,505.42329954799715,1549468.9765764524,1162101.7324323398,237556.98029282267,2112.9735055800347,848893.9805363342,52004.18405808752,922431.778633931,846781.007030748,-6.170012056827545e-09
25320.0,25.143526334144735,21.049309237494672,1,213.7907008040811,641.3721024122433,102.87052668289469,2.098618474989344,513.4148239199178,1600374.9380203958,1200281.2035152973,243669.08582453648,2236.7001330376092,879459.22267859,53504.18405808752,954375.4175577168,877222.5225455458,-6.28642737865448e-09
25380.0,25.244077916568923,21.086290112234007,1,217.15235981622675,651.4570794486802,104.88155833137846,2.172580224468014,521.3865906635984,1652088.1873405534,1239066.1405054156,249901.6075035059,2364.8304257386017,910503.3642533759,55004.18405808752,986799.7025761637,908138.5338276299,-7.450580596923828e-09
25440.0,25.345036905738432,21.123837061263785,1,220.50988455549955,661.5296536664987,106.90073811476864,2.2476741225275703,529.3384604971206,1704607.7399901457,1278455.8049926097,256255.0357870453,2497.432402958376,942025.2156194882,56504.18405808752,1019703.3368026009,939527.7832165244,-5.122274160385132e-09
25500.0,25.4464006836462,21.161948570458176,1,223.86321109809413,671.5896332942824,108.928013672924,2.323897140916351,537.2702949937782,1757932.5960712468,1318449.4470534355,262729.8579928403,2634.5739028614107,974023.5788059025,58004.18405808752,1053085.0151577278,971389.0049030348,-6.05359673500061e-09
25560.0,25.548166627672458,21.200623115998276,1,227.21227559976495,681.6368267992948,110.96333255344916,2.401246231996552,545.1819563639424,1812061.740353742,1359046.305265307,269326.55829432217,2776.3225813350273,1006497.247555898,59504.18405808752,1086943.4243896457,1003720.9249745588,-4.190951585769653e-09
25620.0,25.65033210967098,21.239859164414465,1,230.55701429694778,691.6710428908434,113.00664219341961,2.4797183288289304,553.073307335167,1866994.1422945568,1400245.6067209183,276045.617714528,2922.7459108288535,1039445.0073613257,61004.18405808752,1121277.2430955577,1036522.2614504929,-3.725290298461914e-09
25680.0,25.75289449548292,21.279655172622334,1,233.89736350785589,701.6920905235677,115.0578899096584,2.5593103452446684,560.9442110867175,1922728.7560571537,1442046.567042866,282887.51411914604,3073.9111791989367,1072865.6354914764,62504.18405808752,1156085.1417445152,1069791.7243122715,-5.820766091346741e-09
25740.0,25.855851144687744,21.320009587955088,1,237.23325963354452,711.6997789006335,117.11702289375488,2.640019175910176,568.794531214275,1979264.5205312863,1484448.3903984656,289852.72220913385,3229.8854885559394,1106757.9010190158,64004.18405808752,1191365.7827007696,1103528.0155304535,-6.05359673500061e-09
25800.0,25.959199410485432,21.36092084819405,1,240.56463915894125,721.6939174768238,119.18398820970864,2.721841696388097,576.6241317113395,2036600.3593530057,1527450.2695147549,296941.71351312404,3390.735754117096,1141120.5648443499,65504.18405808752,1227117.820247506,1137729.8290902246,-7.683411240577698e-09
25860.0,26.062936639651166,21.402387381598217,1,243.89143865382766,731.674315961483,121.25873279302333,2.804774763196434,584.4328769598397,2094735.1809249085,1571051.3856936821,304154.9563797364,3556.5287030617696,1175952.3797191787,67004.18405808753,1263339.900610877,1172395.8510161096,-6.752088665962219e-09
25920.0,26.16706017252977,21.44440760693332,1,247.21359477376788,741.6407843213036,123.34120345059539,2.8888152138666428,592.2206317257945,2153667.8784366157,1615250.9088274625,311492.91596986214,3727.330873390518,1211252.0902696545,68504.18405808753,1300030.6619842032,1207524.7593962566,-6.752088665962219e-09
25980.0,26.271567343051743,21.486979933500685,1,250.53104426096775,751.5931327829032,125.43134686103485,2.973959867001369,599.9872611577026,2213397.329885464,1660047.9974140988,318956.0542489551,3903.208612787631,1247018.4330193682,70004.18405808753,1337188.7345523485,1243115.2244065723,-7.683411240577698e-09
26040.0,26.376455478760587,21.530102761166017,1,253.84372394505266,761.5311718351579,127.52910957521173,3.0602055223320335,607.732630786359,2273922.398097396,1705441.7985730476,326544.82997935056,4084.2280774871356,1283250.136412289,71504.18405808753,1374812.7405161988,1279165.90833479,-1.1175870895385742e-08
26100.0,26.481721900845614,21.573774480388227,1,257.15157074374446,771.4547122312333,129.63443801691227,3.1475489607764544,615.4566065253562,2335241.930748021,1751431.4480610169,334259.69871262007,4270.455231142247,1319945.9208357132,73004.18405808753,1412901.294117242,1315675.465604558,-1.257285475730896e-08
26160.0,26.58736392417687,21.617993472248262,1,260.45452166341556,781.3635649902467,131.7472784835374,3.235986944496524,623.1590546718473,2397354.7603838337,1798016.0702878763,342101.1127819672,4461.955843698282,1357104.4986432565,74504.18405808753,1451453.0016622,1352642.542799547,-1.0710209608078003e-08
26220.0,26.69337885733991,21.662758108478,1,263.7525137994949,791.2575413984848,133.86757714679817,3.3255162169559966,630.8398419072835,2460259.7044435353,1845194.7783326523,350069.5212946656,4658.795490269038,1394724.5741778887,76004.18405808753,1490466.461547705,1390065.7786876066,-1.257285475730896e-08
26280.0,26.799764002669054,21.708066751489213,1,267.04548433669373,801.1364530100811,135.99528005338107,3.4161335029784254,638.498835297952,2523955.565279443,1892966.673959583,358165.3701245374,4861.039550016641,1432804.8437950104,77504.18405808753,1529940.2642850177,1427943.8042449818,-1.1175870895385742e-08
26340.0,26.90651665627804,21.753917754402515,1,270.33337054901153,811.0001116470346,138.1303331255608,3.50783550880503,646.1359022951907,2588441.13017892,1941330.8476341912,366389.1019044709,5068.753205034873,1471343.99588555,79004.18405808753,1569872.9925246732,1466275.2426805026,-1.210719347000122e-08
26400.0,27.01363410808691,21.80030946107633,1,273.6161097994797,820.8483293984391,140.27268216173823,3.6006189221526625,653.7509107351267,2653715.171385784,1990286.3785393392,374741.15601897205,5282.001439235969,1510340.7108990639,80504.18405808753,1610263.2210811165,1505058.7094598128,-1.4901161193847656e-08
26460.0,27.12111364184417,21.84724020613582,1,276.89363953958434,830.680918618753,142.42227283688337,3.6944804122716377,661.343728837827,2719776.446121608,2039832.334591207,383221.96859674604,5500.849037240887,1549793.6613667987,82004.18405808753,1651109.516957207,1544292.8123295445,-1.3271346688270569e-08
26520.0,27.228952535143026,21.894708315001676,1,280.16589730830486,840.4976919249145,144.5790507028605,3.789416630003352,668.9142252057253,2786623.696606844,2089967.7724551344,391831.9725033019,5725.360583273048,1589701.511924687,83504.18405808753,1692410.4393685465,1583976.151341401,-1.30385160446167e-08
26580.0,27.33714805943047,21.94271210391884,1,283.43282073068974,850.2984621920692,146.74296118860937,3.88542420783768,676.4622688211582,2854255.650081663,2140691.7375612482,400571.59733357205,5955.600460055531,1630062.9193362196,85004.18405808753,1734164.5397676073,1624107.3188761503,-1.3271346688270569e-08
26640.0,27.445697480007468,21.99124987998494,1,286.6943475158744,860.0830425476233,148.91394960014935,3.9824997599698833,683.9877290428248,2922671.018826382,2192003.2641197876,409441.26940453827,6191.63284771168,1670876.5325151375,86504.18405808753,1776370.361867523,1664684.899667411,-1.4668330550193787e-08
26700.0,27.554598056018627,22.040319941178463,1,289.9504154544346,869.8512463633039,151.09196112037253,4.080639882356927,691.4904756009564,2991868.5001813443,2243901.3751360094,418441.41174785147,6433.521722669129,1712140.9925478788,88004.18405808753,1819026.4416654748,1705707.4708251953,-1.4202669262886047e-08
26760.0,27.66384704042906,22.08992057638649,1,293.20096241493735,879.6028872448121,153.27694080858123,4.17984115277298,698.9703785909385,3061846.7765660686,2296385.082424553,427572.4441024311,6681.3308565671705,1753854.932715686,89504.18405808753,1862131.3074655414,1747173.6018591055,-1.3271346688270569e-08
26820.0,27.77344167998591,22.140050065431936,1,296.4459263395396,889.3377790186188,155.4688335997182,4.280100130863872,706.4273084650684,3132604.51549746,2349453.386623096,436834.782907029,6935.123815167426,1796016.9785162788,91004.18405808753,1905683.479900887,1789081.8547010983,-1.280568540096283e-08
26880.0,27.883379215161455,22.190706679100103,1,299.6852452384467,899.0557357153402,157.6675843032291,4.381413358200206,713.8611360220934,3204140.369606829,2403105.2772051226,446228.8412927351,7194.963957267751,1838625.7476849656,92504.18405808753,1949681.4719551078,1831430.783727686,-1.1874362826347351e-08
26940.0,27.993656880074234,22.241888679164383,1,302.91885718301523,908.7565715490457,159.87313760148467,4.483777358328766,721.2717323940952,3276452.9766554264,2457339.732491571,455755.0290754031,7460.914433619269,1881679.8502150541,94004.18405808753,1994123.7889825376,1874218.9357814242,-1.0943040251731873e-08
27000.0,28.104271902383932,22.29359431841091,1,306.14670029724454,918.4401008917337,162.08543804767862,4.587188636821821,728.6589690302168,3349540.9595481353,2512155.7196611026,465413.7527479657,7733.038185846436,1925177.888377378,95504.18405808753,2039008.92872728,1917444.8501915212,-1.0244548320770264e-08
27060.0,28.215221503155032,22.345821840661916,1,309.36871274735563,928.1061382420669,164.30443006310065,4.691643681323832,736.0227176766367,3423402.9263448943,2567552.1947586723,475205.41547260515,8011.39794536998,1969118.4567387414,97004.18405808753,2084335.3813406872,1961107.0587933618,-9.778887033462524e-09
27120.0,28.326502896683344,22.398569480797473,1,312.58483272910854,937.7544981873257,166.53005793366688,4.797138961594946,743.3628503520881,3498037.4702693587,2623528.10270202,485130.4170727396,8296.056232332563,2013500.1421790305,98504.18405808753,2130101.629396938,2005204.0859466875,-1.0244548320770264e-08
27180.0,28.43811329027845,22.451835464775318,1,315.7949984524435,947.3849953573306,168.76226580556903,4.9036709295506355,750.6792393180929,3573443.1697142036,2680082.377285654,495189.1540247745,8587.075354526929,2058321.5239067024,100004.18405808753,2176306.1479063425,2049734.4485521656,-1.0244548320770264e-08
27240.0,28.550049883994152,22.50561800964829,1,318.9991481229696,956.9974443689088,171.00099767988303,5.011236019296582,757.9717570429709,3649618.588242376,2737213.941181783,505382.0194495632,8884.517406326286,2103581.1734723076,101504.18405808753,2222947.404325884,2094696.6560659714,-9.778887033462524e-09
27300.0,28.662309870297275,22.559915323578956,1,322.1972199197397,966.5916597592192,173.2461974059455,5.119830647157912,765.2402761584772,3726562.2745834687,2794921.7059376026,515709.4031035079,9188.44426761665,2149277.6547796354,103004.18405808753,2270023.8585664663,2140089.210512007,-1.1641532182693481e-08
27360.0,28.774890433663966,22.614725605850793,1,325.3891519686636,976.1674559059909,175.49780867327934,5.229451211701587,772.4846694077718,3804272.762624248,2853204.5719681866,526171.6913692211,9498.917602730702,2195409.524094006,104504.18405808753,2317533.962996223,2185910.6064912635,-1.1641532182693481e-08
27420.0,28.887788750090632,22.6700470468753,1,328.57488231080697,985.7246469324209,177.75577500181265,5.340094093750601,779.7048095832025,3882748.5713922093,2912061.4285441577,536769.2672456524,9815.998859382764,2241975.330047146,106004.18405808753,2365476.1624391107,2232159.331187751,-1.1641532182693481e-08
27480.0,29.00100198650469,22.72587782819421,1,331.75434886470623,995.2630465941187,180.0200397300938,5.451755656388421,786.900569452134,3961988.205030819,2971491.153773115,547502.51033757,10139.749267604368,2288973.613637975,107504.18405808753,2413848.8941679304,2278833.86437036,-1.0710209608078003e-08
27540.0,29.114527300057848,22.782216122475898,1,334.9274893816919,1004.7824681450757,182.29054600115694,5.564432244951796,794.0718216687765,4041990.1527648987,3031492.6145736747,558371.7968442669,10470.229838679717,2336402.908228541,109004.18405808753,2462650.587890718,2325932.6783898505,-1.0244548320770264e-08
27600.0,29.228361837282122,22.83906009350489,1,338.0942413930685,1014.2827241792055,184.56723674564245,5.678120187009782,801.2184386696648,4122752.888854332,3092064.6666407497,569377.4995473383,10807.501364080334,2384261.73953418,110504.18405808753,2511879.6657293206,2373454.2381700887,-1.0244548320770264e-08
27660.0,29.342502733085556,22.89640789616321,1,341.2545421478167,1023.7636264434502,186.8500546617111,5.792815792326422,808.340292550062,4204274.872533985,3153206.1544004898,580519.9877973527,11151.624414397962,2432548.6256068544,112004.18405808753,2561534.5421887278,2421397.0011924445,-1.1175870895385742e-08
27720.0,29.456947109561302,22.954257676402076,1,344.4083285392971,1033.2249856178912,189.13894219122602,5.908515352804152,815.4372549181669,4286554.547937395,3214915.910953047,591799.6274992083,11502.659338274676,2481262.0768104196,113504.18405808753,2611613.6241155546,2469759.4174721353,-9.778887033462524e-09
27780.0,29.571692074579776,23.012607571202217,1,347.55553701921167,1042.666611057635,191.4338414915955,6.025215142404434,822.5091967235458,4369590.344001364,3277192.7580010234,603216.7810959348,11860.66626132893,2530400.5957863927,115004.18405808753,2662115.3106437502,2518539.9295250536,-9.778887033462524e-09
27840.0,29.686734720129074,23.07145570852089,1,350.69610349683694,1052.0883104905108,193.73469440258148,6.1429114170417805,829.5559880556661,4453380.674348188,3340035.5057611414,614771.8075506561,12225.705085076059,2579962.6774085495,116504.18405808753,2713037.9931254005,2567736.972323464,-8.847564458847046e-09
27900.0,29.802072120364112,23.130800207223178,1,353.8299632212634,1061.4898896637903,196.04144240728226,6.261600414446356,836.5774979078731,4537923.937141708,3403442.9528562822,626465.0623263933,12597.835485841515,2629946.8087244276,118004.18405808753,2764380.055044038,2617348.9732385767,-8.847564458847046e-09
27960.0,29.917701329319303,23.190639176995,1,356.9570506440755,1070.8711519322264,198.35402658638606,6.381278353989998,843.5735939014677,4623218.514912809,3467413.8861846076,638296.8973633281,12977.116913664773,2680351.4688814906,119504.18405808753,2816139.8719076086,2667374.351967819,-6.05359673500061e-09
28020.0,30.03361937823315,23.250970718234687,1,360.07729925956045,1080.2318977786813,200.67238756466304,6.501941436469373,850.5441419638074,4709262.774349316,3531947.080761988,650267.6610530947,13363.608591191574,2731175.1290353965,121004.18405808753,2868315.811117695,2717811.520444198,-6.984919309616089e-09
28080.0,30.149823272426715,23.311792921919672,1,363.1906414191614,1089.5719242574842,202.9964654485343,6.623585843839344,857.4890059535833,4796055.066044536,3597041.299533404,662377.6982095995,13757.369512551672,2782416.2522374038,122504.18405808753,2920906.2318112464,2768658.882724846,-6.51925802230835e-09
28140.0,30.26630998766967,23.373103869444126,1,366.29700811647035,1098.891024349411,205.32619975339338,6.746207738888252,864.408047225483,4883593.724197801,3662695.2931483528,674627.3500357947,14158.458442218896,2834073.293297513,124004.18405808753,2973909.484670334,2819914.834855289,-5.122274160385132e-09
28200.0,30.38307646595967,23.434901632422967,1,369.3963287386016,1108.1889862158048,207.66152931919345,6.869803264845935,871.3011241255027,4971877.066259463,3728907.799694599,687016.9540857468,14566.933913849773,2886144.6986194574,125504.18405808753,3027323.9116949956,2871577.7647056007,-6.984919309616089e-09
28260.0,30.500119610631018,23.497184272456916,1,372.48853077927765,1117.465592337833,210.00239221262035,6.994368544913833,878.1680914070322,5060903.392511728,3795677.544383798,699546.8442212471,14982.854229096323,2938628.9060030854,127004.18405808753,3081147.8459334476,2923646.051773982,-6.51925802230835e-09
28320.0,30.617436280698335,23.55994984085247,1,375.57353950841855,1126.7206185252558,212.3487256139667,7.119899681704943,885.0087995566712,5150670.985575519,3863003.2391816406,712217.3505621032,15406.277456388048,2991524.3444090625,128504.18405808753,3135379.611163141,2976118.0669526663,-8.381903171539307e-09
28380.0,30.73502328432992,23.623196378289972,1,378.6512775924205,1135.9538327772616,214.7004656865984,7.246392756579944,891.8230940174094,5241178.109832242,3930883.582374183,725028.7994291325,15837.261429677264,3044829.4336801018,130004.18405808753,3190017.521515365,3028992.1722504166,-7.916241884231567e-09
28440.0,30.852877371332685,23.68692191443185,1,381.7216646586649,1145.1649939759948,217.05754742665368,7.3738438288636985,898.6108142953648,5332423.01074787,3999317.258060904,737981.5132787421,16275.863747141098,3098542.584212172,131504.18405808753,3245059.881035016,3082266.720465026,-4.6566128730773926e-09
28500.0,30.970995224517495,23.75112446746219,1,384.78461679710324,1154.3538503913096,219.4199044903499,7.502248934924381,905.371792934735,5424403.914085103,4068302.9355638283,751075.8106278342,16722.141769832448,3152662.196568232,133004.18405808753,3300504.9831661535,3135940.054798391,-7.916241884231567e-09
28560.0,31.089373449799112,23.81580204354762,1,387.8400459910044,1163.520137973013,221.78746899598224,7.631604087095241,912.1058543439369,5517119.02498757,4137839.2687406787,764312.0059676041,17176.152620271067,3207186.6610260885,134504.18405808753,3356351.1101527973,3190010.5084058107,-6.51925802230835e-09
28620.0,31.208008564868955,23.88095263620804,1,390.88785946815926,1172.663578404478,224.1601712973791,7.7619052724160795,918.8128134540787,5610566.526918062,4207924.895188548,777690.4096646209,17637.953180964683,3262114.357050893,136004.18405808753,3412596.5323429555,3244476.4038699213,-6.984919309616089e-09
28680.0,31.326896986262614,23.946574225584623,1,393.9279589629748,1181.7838768889244,226.53793972525227,7.893148451169246,925.4924741890201,5704744.580430546,4278558.435322911,791211.3278473689,18107.600092848577,3317443.652681603,137504.18405808753,3469239.5073826844,3299336.052588745,-8.381903171539307e-09
28740.0,31.446035014625544,24.012664777590654,1,396.9602398789954,1190.8807196369862,228.92070029251087,8.025329555181308,932.144627724175,5799651.3217533585,4349738.49131502,804875.0622762116,18585.149753630412,3373172.9038194255,139004.18405808753,3526278.27928517,3354587.754065787,-7.916241884231567e-09
28800.0,31.565418817961486,24.07922224292919,1,399.98459034043555,1199.9537710213067,231.30837635922973,8.158444485858382,938.7690505090497,5895284.8611583235,4421463.645868745,818681.9101944852,19070.658316025387,3429300.4534048364,140504.18405808753,3583711.0773582263,3410229.795088804,-7.450580596923828e-09
28860.0,31.685044412628038,24.146244555959704,1,403.00089012032424,1209.0026703609728,233.70088825256076,8.292489111919409,945.365502026209,5991643.281087688,4493732.460815768,832632.1641581638,19564.181685864587,3485824.630468183,142004.18405808753,3641536.114971733,3466260.4487823127,-6.51925802230835e-09
28920.0,31.80490764182228,24.213729633393683,1,406.0090094318294,1218.0270282954882,236.0981528364456,8.427459266787366,951.9337222569459,6088724.634007675,4566543.475505757,846726.1118412397,20065.775520057334,3542743.749037184,143504.18405808753,3699751.5881444532,3522677.973517119,-6.51925802230835e-09
28980.0,31.925004151277513,24.281675372797096,1,409.00880756828656,1227.0264227048597,238.50008302555025,8.563350745594192,958.4734288214441,6186526.939954095,4639895.204965573,860964.0358136427,20575.49522438561,3600056.1068827673,145004.18405808753,3758355.6739275353,3579480.6116583725,-9.313225746154785e-09
29040.0,32.04532936186907,24.3500796508751,1,412.00013137636813,1236.0003941291043,240.90658723738144,8.700159301750197,964.9843137586442,6285048.18373187,4713786.1377989035,875346.2132881717,21093.39595110599,3657759.9840826965,146504.18405808753,3817346.5285596186,3636666.5881315824,-6.984919309616089e-09
29100.0,32.165878438803325,24.418940321511844,1,414.9828135457666,1244.9484406372999,243.3175687760665,8.837880643023688,971.4660399083517,6384286.311726435,4788214.733794829,889872.9158325375,21619.53259633133,3715853.6413802416,148004.18405808753,3876722.2853659517,3694234.1087839017,-8.381903171539307e-09
29160.0,32.286646257040545,24.488255213535513,1,417.956670697669,1253.870012093007,245.7329251408109,8.976510427071027,977.9182368555308,6484239.228280894,4863179.421210674,904544.4090422086,22153.959797161042,3774335.3183128564,149504.18405808753,3936481.0523712975,3752181.358515689,-6.51925802230835e-09
29220.0,32.40762736257744,24.558022128175576,1,420.92150125326503,1262.7645037597952,248.15254725154887,9.116044256351152,984.340496393994,6584904.791588386,4938678.593691292,919360.9521693187,22696.73192852508,3833203.2310833116,151004.18405808753,3996620.909593443,3810506.4991547815,-5.587935447692871e-09
29280.0,32.528815929191346,24.628238836176312,1,423.8770830624929,1271.6312491874787,250.57631858382692,9.256477672352624,990.7323674640852,6686280.809044537,5014710.606783405,934322.7977024317,23247.903099702533,3892455.570143104,152504.18405808753,4057139.905981267,3869207.6670433967,-3.725290298461914e-09
29340.0,32.65020571022437,24.698903074527124,1,426.82317077229476,1280.4695123168842,253.0041142044874,9.397806149054247,997.0933505164346,6788365.031999977,5091273.773999985,949430.1908914665,23807.527150471244,3952090.4974551536,154004.18405808753,4118036.055958041,3928282.9703046754,-6.51925802230835e-09
29400.0,32.77178998496279,24.770012542766757,1,429.75949291275793,1289.2784787382739,255.43579969925574,9.540025085533514,1003.4228912513821,6891155.149847816,5168366.362385863,964683.3692115659,24375.65764683999,4012106.1433998565,155504.18405808753,4179307.335527451,3987730.485753009,-6.984919309616089e-09
29460.0,32.89356149914558,24.841564898814767,1,432.68574867877993,1298.0572460363398,257.87122998291153,9.683129797629533,1009.7203736814835,6994648.783375717,5245986.58753179,980082.5617591459,24952.347876309243,4072500.6032854607,157004.18405808753,4240951.677896328,4047548.255409145,-6.51925802230835e-09
29520.0,33.015512399116126,24.913557754279807,1,435.6016043842511,1306.8048131527535,260.3102479823225,9.827115508559615,1015.9851124624743,7098843.477306741,5324132.607980058,995627.9885727903,25537.650842600873,4133271.933420526,158504.18405808753,4302966.96856466,4107734.282577919,-6.51925802230835e-09
29580.0,33.137634159113894,24.985988669190306,1,438.50668956532667,1315.52006869598,262.7526831822779,9.971977338380611,1022.2163444364179,7203736.691947544,5402802.51896066,1011319.8598710627,26131.619259790736,4194418.146702889,160004.18405808753,4365351.039829804,4168286.5274430956,-3.725290298461914e-09
29640.0,33.25991750118846,25.05885514608897,1,441.400592709092,1324.201778127276,265.1983500237692,10.11771029217794,1028.413219329476,7309325.7938568955,5481994.345392674,1027158.3751986944,26734.30554577139,4255937.207676153,161504.18405808753,4428101.664648205,4229202.902130378,-3.725290298461914e-09
29700.0,33.38235230720815,25.132154623428523,1,444.28285658396607,1332.8485697518981,267.647046144163,10.264309246857046,1034.5747895459654,7415608.0454417495,5561706.034081314,1043143.7224719784,27345.761814964855,4317827.027001214,163004.18405808753,4491216.5497943675,4290481.265186246,-2.7939677238464355e-09
29760.0,33.504927522428694,25.20588446820175,1,447.15297314845066,1341.458919445352,270.09855044857386,10.411768936403497,1040.6999990000588,7522580.593382475,5641935.445036858,1059276.0769135647,27966.03987019764,4380085.455286864,164504.18405808753,4554693.328253092,4352119.415416662,-3.725290298461914e-09
29820.0,33.62763105008792,25.280041967734828,1,450.0103780154955,1350.0311340464866,272.55262100175844,10.560083935469656,1046.7876709270777,7630240.455783315,5722680.341837488,1075555.599866205,28595.191193641873,4442710.276219966,166004.18405808753,4618529.550777636,4414115.085026316,-5.587935447692871e-09
29880.0,33.750449636496896,25.354624320568824,1,452.85444445073495,1358.5633333522048,275.0089927299379,10.709248641137648,1052.8364946173801,7738584.507938769,5803938.380954078,1091982.4374743633,29233.266936717704,4505699.198932263,167504.18405808753,4682722.676542991,4476465.931995537,-6.51925802230835e-09
29940.0,33.87336874611196,25.429628626350098,1,455.6844768842924,1367.053430652877,277.4673749222392,10.859257252700196,1058.845011018137,7847609.466601577,5885707.099951183,1108556.7192219736,29880.317908842844,4569049.849537533,169004.18405808753,4747270.062820362,4539169.531628682,-4.6566128730773926e-09
30000.0,33.99637242609226,25.505051874646718,1,458.4997039177702,1375.4991117533107,279.9274485218451,11.010103749293435,1064.8115971512707,7957311.872633299,5967983.904474976,1125278.556314024,30536.394564905346,4632759.7617695695,170504.18405808753,4812168.95359604,4602223.367204656,-6.51925802230835e-09
30060.0,34.11944315987834,25.580890932604316,1,461.2992708104577,1383.897812431373,282.3888631975667,11.161781865208631,1070.7344493001622,8067688.071914376,6050766.053935783,1142148.0398890674,31201.546991325613,4696826.366648543,172004.18405808753,4877416.467055382,4665624.8196572075,-7.450580596923828e-09
30120.0,34.24256170936792,25.657142531351646,1,464.0822314318231,1392.2466942954693,284.8512341873584,11.314285062703291,1076.6115649232406,8178734.194387052,6134050.645790291,1159165.2390492253,31875.82489056299,4761246.981100548,173504.18405808753,4943009.581850494,4729371.1562099755,-8.381903171539307e-09
30180.0,34.365706945316845,25.733803251063367,1,466.84753967096594,1400.5426190128978,287.3141389063369,11.467606502126735,1082.440723259386,8290446.131101882,6217834.598326414,1176330.1986937695,32559.27756391142,4826018.795452893,175004.18405808753,5008945.122068728,4793459.517888975,-3.725290298461914e-09
30240.0,34.48885566565803,25.81086950458533,1,469.5940402980349,1408.7821208941045,289.7771133131606,11.62173900917066,1088.2194645985164,8402819.509136792,6302114.631852596,1193642.9371419654,33251.9538924173,4891138.859725761,176504.18405808753,5075219.740818207,4857886.9058333365,-6.51925802230835e-09
30300.0,34.611982401509074,25.888337519526182,1,472.3204592776147,1416.9613778328442,292.23964803018146,11.776675039052364,1093.9450682006545,8515849.664257064,6386887.248192798,1211103.443530529,33953.90231574138,4956604.068639635,178004.18405808753,5141829.902346524,4922650.166323888,-3.725290298461914e-09
30360.0,34.735059210732125,25.966203318718147,1,475.025393539877,1425.076180619631,294.70118421464247,11.932406637436294,1099.6145288585528,8629531.611185282,6472148.708388962,1228711.6749708324,34665.170808774696,5022411.14525715,179504.18405808753,5208771.862609353,4987745.974448371,-1.862645149230957e-09
30420.0,34.858055459017315,26.04446269895022,1,477.7073002218386,1433.1219006655158,297.16110918034633,12.08892539790044,1105.2245321124137,8743860.01135246,6557895.008514345,1246467.5534508931,35385.806855807175,5088556.623178193,181004.18405808753,5276041.648207643,5053170.8163223835,-9.313225746154785e-10
30480.0,34.980937588585974,26.12311120787796,1,480.3644853984717,1441.093456195415,299.6187517717195,12.246222415755923,1110.7714281407846,8858829.138005367,6644121.8535040235,1264370.9624672176,36115.85742203574,5155036.827208018,182504.18405808753,5343635.033614766,5118920.969785976,-3.725290298461914e-09
30540.0,35.10366887475115,26.202144119016598,1,482.99509233160677,1448.9852769948202,302.073377495023,12.404288238033196,1116.2512043691129,8974432.838550812,6730824.628913107,1282421.7433717735,36855.368922187496,5221847.852420068,184004.18405808753,5411547.516619143,5184992.483497876,-2.7939677238464355e-09
30600.0,35.22620917073253,26.28155640472765,1,485.59708927365824,1456.7912678209748,304.5241834146506,12.563112809455298,1121.6594568570122,9090664.49402542,6817998.370519063,1300619.691419737,37604.387186022585,5288985.54153834,185504.18405808753,5479774.291913303,5251381.154352315,-1.862645149230957e-09
30660.0,35.34851464130004,26.361342707114666,1,488.1682568730985,1464.5047706192956,306.97029282600084,12.722685414229332,1126.9913605468462,9207516.975589443,6905637.731692081,1318964.5515042502,38362.95742047081,5356445.460568332,187004.18405808753,5548310.222767361,5318082.503147861,1.862645149230957e-09
30720.0,35.47053748601686,26.441497306750257,1,490.70617523936716,1472.1185257181014,309.4107497203372,12.882994613500514,1132.2416384800317,9324982.59795578,6993736.948466835,1337456.0135652209,39131.12416814635,5424222.8726113625,188504.18405808753,5617149.810733468,5385091.748443215,9.313225746154785e-10
30780.0,35.5922256530661,26.52201408916524,1,493.2082107364426,1479.6246322093277,311.844513061322,13.044028178330478,1137.404530113168,9443053.069680486,7082289.802260363,1356093.7076602571,39908.93126197608,5492312.709804116,190004.18405808753,5686287.163338131,5452403.77854214,1.862645149230957e-09
30840.0,35.7135225448785,26.602886509041177,1,495.6715025866189,1487.0145077598568,314.27045089757,13.205773018082354,1142.4737588940004,9561719.440259213,7171289.580194408,1374877.1986871383,40696.42177566934,5560709.543334094,191504.18405808753,5755715.959731601,5520013.121558424,9.313225746154785e-10
30900.0,35.83436671702787,26.6841075520602,1,498.0929493790457,1494.2788481371372,316.6873343405574,13.368215104120402,1147.4424992869456,9680972.043995114,7260729.032996335,1393805.9807488413,41493.63796975061,5629407.551492076,193004.18405808753,5825429.414277746,5587913.913522328,3.725290298461914e-09
30960.0,35.95469157212767,26.765669694380602,1,500.4691955912087,1501.407586773626,319.09383144255344,13.531339388761204,1152.3033434694826,9800800.440628031,7350600.330471023,1412879.4711540546,42300.62123287198,5698400.485735054,194504.18405808753,5895420.238084098,5656099.864502183,1.862645149230957e-09
31020.0,36.07442505074376,26.847564859723956,1,502.79661824568564,1508.3898547370568,321.4885010148753,13.695129719447912,1157.0482679538836,9921193.352742482,7440895.0145568615,1432097.0040483614,43117.4120181194,5767681.634747344,196004.18405808753,5965680.5984903835,5724564.2227292275,2.7939677238464355e-09
31080.0,36.193489321633635,26.929784374078817,1,505.07131383904635,1515.2139415171391,323.8697864326727,13.859568748157635,1161.668600423374,10042138.600003053,7531603.950002288,1451457.823673869,43944.04977402626,5837243.786503917,197504.18405808753,6036202.076554395,5793299.736729891,1.862645149230957e-09
31140.0,36.311800473929154,27.012318918048248,1,507.28908569457565,1521.867257083727,326.23600947858307,14.024637836096495,1166.1549871074656,10163623.030300388,7622717.272725291,1470961.0772580127,44780.572870009586,5907079.188358342,199004.18405808753,6106975.6225972725,5862298.6154883355,3.725290298461914e-09
31200.0,36.42926821419557,27.095158476892866,1,509.44543190536854,1528.3362957161057,328.5853642839113,14.190316953785732,1170.4973610577586,10285632.447929217,7714224.335946912,1490605.8075355964,45627.018515949116,5977179.505198384,200504.18405808753,6177991.50989537,5931552.486682436,3.725290298461914e-09
31260.0,36.5457955716206,27.178292288348526,1,511.535534049149,1534.6066021474471,330.91591143241203,14.356584576697053,1174.6849117223182,10408151.538961532,7806113.654221148,1510390.9449118401,46483.422675637,6047535.775735001,202004.18405808753,6249239.286633677,6001052.353059368,5.587935447692871e-09
31320.0,36.66127861491159,27.261708788327436,1,513.5542468706258,1540.6627406118773,333.2255722982318,14.523417576654872,1178.7060562536526,10531163.794023396,7898372.845517547,1530315.299278305,47349.819973837424,6118138.3670155695,203504.18405808753,6320707.72626541,6070788.547041737,5.587935447692871e-09
31380.0,36.77560618480053,27.345395554644217,1,515.4960891411462,1546.4882674234386,335.5121236960106,14.690791109288433,1182.5484130216016,10654651.428732445,7990988.571549332,1550377.5514980545,48226.24359671029,6188976.927279271,205004.18405808753,6392384.7764545735,6140750.683682566,6.51925802230835e-09
31440.0,36.8886596463728,27.429339248943325,1,517.3552359185392,1552.0657077556175,337.773192927456,14.85867849788665,1186.1987778376563,10778595.302105144,8083946.476578856,1570576.244581278,49112.725185372095,6260040.337301987,206504.18405808753,6464257.506812212,6210927.61211662,6.51925802230835e-09
31500.0,37.00031266574053,27.513525557041902,1,519.1255124421248,1557.3765373263743,340.0062533148106,15.027051114083804,1189.643103430808,10902974.833297832,8177231.124973372,1590909.774577849,50009.29472239079,6331316.660409416,208004.18405808753,6536312.055673138,6281307.36568703,5.587935447692871e-09
31560.0,37.11043101586999,27.59793912794193,1,520.8003899085876,1562.4011697257629,342.20862031739983,15.195878255883862,1192.8664827461787,11027767.917103238,8270825.937827426,1611376.3812188893,50915.980411039076,6402793.091370489,209504.18405808753,6608533.576197504,6351877.110959454,5.587935447692871e-09
31620.0,37.21887241663907,27.682563511807608,1,522.3729833834815,1567.1189501504446,344.37744833278146,15.365127023615216,1195.8531366658656,11152950.838684333,8364713.129013246,1631974.1383453428,51832.80854716402,6474455.90441832,211004.18405808753,6680906.182120746,6422623.09587116,7.450580596923828e-09
31680.0,37.32548641443891,27.767381097247654,1,523.8360521102447,1571.5081563307342,346.50972828877826,15.534762194495308,1198.5864067757839,11278498.18808932,8458873.641066987,1652700.9441678058,52759.80338356851,6546290.400682601,212504.18405808753,6753412.893515622,6493530.597299038,9.313225746154785e-09
31740.0,37.43011430683815,27.852373048287806,1,525.1820024834111,1575.5460074502334,348.602286136763,15.704746096575612,1201.048753822213,11404382.775155159,8553287.081366366,1673554.5114083511,53696.98698684403,6618280.855355446,214004.18405808753,6826035.582971178,6564583.868368606,7.450580596923828e-09
31800.0,37.532589117989914,27.937519241465434,1,526.4028939549337,1579.208681864801,350.6517823597983,15.875038482930869,1203.2217625161697,11530575.545471221,8647931.65910341,1694532.3573818246,54644.379086642795,6690410.464951742,215504.18405808753,6898754.922634952,6635766.085865103,8.381903171539307e-09
31860.0,37.63273563057687,28.022798203525632,1,527.4904481417981,1582.4713444253944,352.6547126115373,16.045596407051264,1205.086153352225,11657045.498139303,8742784.12360447,1715631.7940809669,55601.9969174324,6762661.295064857,217004.18405808753,6971550.332606081,6707059.298147428,9.313225746154785e-09
31920.0,37.73037048014943,28.108187050246148,1,528.4360613991734,1585.30818419752,354.60740960298864,16.216374100492295,1206.6218021098719,11783759.606130097,8837819.704597566,1736849.9183367193,56569.8550528361,6835014.229058611,218504.18405808753,7044399.931208021,6778444.37400578,1.0244548320770264e-08
31980.0,37.82530231770996,28.193661426966113,1,529.2308211158362,1587.6924633475087,356.50604635419927,16.387322853932226,1207.8077676992787,11910682.740098858,8933012.055074137,1758183.6021320997,57547.96523272847,6907448.918176395,220004.18405808753,7117280.48770932,6849900.952943671,1.1175870895385742e-08
32040.0,37.91733204632623,28.279195451440497,1,529.8655259773167,1589.59657793195,358.3466409265246,16.558390902880994,1208.6223289986708,12037777.59658333,9028333.197437491,1779629.483155025,58536.33618332747,6979943.73358758,221504.18405808753,7190167.378099149,6921407.397404255,1.0244548320770264e-08
32100.0,38.00625313741268,28.364761659687797,1,530.3307104268271,1590.9921312804813,360.1250627482535,16.729523319375595,1209.0430313067,12165004.631564135,9123753.473673094,1801183.955682316,59534.9734306018,7052475.720929596,223004.18405808753,7263034.544560188,6992940.747498998,1.210719347000122e-08
32160.0,38.091852032093314,28.45033095554191,1,530.6166735343958,1591.8500206031872,361.8370406418663,16.900661911083823,1209.0467429995458,12292322.000420788,9219241.500315584,1822843.161893762,60543.87910739494,7125020.55794043,224504.18405808753,7335854.459314438,7064476.678833038,1.0244548320770264e-08
32220.0,38.17390863274902,28.535872564659954,1,530.7135124604988,1592.1405373814964,363.47817265498037,17.071745129319908,1208.6097229383686,12419685.505364195,9314764.129023138,1844602.9837214365,61563.051754755,7197552.515810475,226004.18405808753,7408598.093546957,7135989.464055722,1.0244548320770264e-08
32280.0,38.25219688945104,28.621353993774754,1,530.6111606717881,1591.833482015364,365.04393778902084,17.242707987549508,1207.7076991178064,12547048.551467825,9410286.413600862,1866459.03534536,62592.48611805214,7270044.424913744,227504.18405808753,7481234.8921374595,7207451.938795694,9.313225746154785e-09
32340.0,38.32648548548732,28.706740996013725,1,530.2994310331328,1590.8982930993984,366.5297097097464,17.41348199202745,1206.3159589799884,12674362.112453708,9505771.584340274,1888406.6564519398,63632.172938561984,7342467.6456060335,229004.18405808753,7553732.754949784,7278835.472667474,1.1175870895385742e-08
32400.0,38.39653862559488,28.791997543133338,1,529.7680638621474,1589.3041915864424,367.93077251189754,17.583995086266675,1204.4094517406772,12801574.707414698,9601181.030561015,1910440.906376341,64682.09874129351,7414792.044800761,230504.18405808753,7626058.025443394,7350109.94605947,1.3969838619232178e-08
32460.0,38.46211692982127,28.877085805540048,1,529.0067799896907,1587.0203399690722,369.2423385964254,17.754171611080096,1201.9629029848652,12928632.389670124,9696474.292252587,1932556.5592538551,65742.24561994351,7486985.979051421,232004.18405808753,7698175.487378799,7421243.73343148,1.0244548320770264e-08
32520.0,38.52297843514651,28.961966140983332,1,528.005338822643,1584.0160164679291,370.45956870293026,17.923932281966664,1198.9509416880628,13055478.748956824,9791609.06171761,1954748.100308394,66812.59101996508,7559016.284882029,233504.18405808753,7770048.370389263,7492203.693862066,1.1175870895385742e-08
32580.0,38.578879706108815,29.046597092813595,1,526.7536013537812,1580.2608040613436,371.57759412217627,18.09319418562719,1195.3482397072205,13182054.928150514,9886541.196112877,1977009.7234082483,67893.107520844,7630848.277113007,235004.18405808753,7841638.365183798,7562955.169592165,1.30385160446167e-08
32640.0,38.629577054692255,29.130935398696394,1,525.2415980080731,1575.7247940242191,372.5915410938451,18.26187079739279,1191.1296636618808,13308299.655692717,9981224.74176953,1999335.3300201865,68983.76261878484,7702445.755928968,236504.18405808753,7912905.649130569,7633461.993310185,1.0244548320770264e-08
32700.0,38.67482786865868,29.21493601066385,1,523.4596011555581,1570.378803466674,373.49655737317363,18.429872021327697,1186.270438992552,13434149.294864783,10075611.971148578,2021718.52969262,70084.51851111402,7773771.023426088,238004.18405808753,7983808.922944858,7703686.504914978,1.30385160446167e-08
32760.0,38.71439204634359,29.29855212736358,1,521.3982020586504,1564.1946061759513,374.2878409268718,18.597104254727157,1180.7463258400935,13559537.91100243,10169653.433251813,2044152.6421969072,71195.33188381269,7844784.910359762,239504.18405808753,8054305.459171105,7773589.578475951,1.1175870895385742e-08
32820.0,38.74803353469501,29.381735239334535,1,519.0483919566827,1557.1451758700482,374.9606706939002,18.76347047866907,1174.5338062382036,13684397.3576807,10263298.018260518,2066630.7014527407,72316.15370369269,7915446.813787361,241004.18405808753,8124351.163104096,7843130.660083671,1.1175870895385742e-08
32880.0,38.77552196602522,29.46443518809669,1,516.4016469235071,1549.2049407705213,375.51043932050436,18.92887037619338,1167.610281952237,13808657.382819958,10356493.03711496,2089145.4613589328,73446.92901682708,7985714.746265658,242504.18405808753,8193900.646739212,7912267.817248833,1.210719347000122e-08
32940.0,38.796634387577065,29.54660023978788,1,513.4500160655933,1540.3500481967799,375.93268775154127,19.093200479575763,1159.9542821327634,13932245.755567877,10449184.3166759,2111689.4036446493,74587.59675493713,8055545.3972176025,244004.18405808753,8262907.316276325,7980957.800462669,1.210719347000122e-08
33000.0,38.811157076594036,29.628177174015136,1,510.18621255920516,1530.5586376776155,376.22314153188074,19.25635434803027,1151.545679783394,14055088.414700415,10541316.311025305,2134254.747848231,75738.08955152222,8124894.207028171,245504.18405808753,8331323.473625564,8049156.117476653,1.30385160446167e-08
33060.0,38.81888743214018,29.709111388509882,1,506.60370695664204,1519.811120869926,376.37774864280357,19.418222777019764,1142.3659158712392,14177109.639156062,10632832.229367038,2156833.463521091,76898.33356959485,8193715.454363853,247004.18405808753,8399100.432276364,8116817.120794262,1.30385160446167e-08
33120.0,38.81963593345886,29.78934702008605,1,502.6968221242347,1508.0904663727042,376.39271866917727,19.578694040172103,1132.3982297369505,14298232.241172789,10723674.180879584,2179417.284742823,78068.24834294773,8261962.357134886,248504.18405808753,8466188.647793822,8183894.108791939,9.313225746154785e-09
33180.0,38.81322815320466,29.868827082297564,1,498.46082910963867,1495.3824873289159,376.26456306409324,19.737654164595128,1121.62789429175,14418377.782336343,10813783.336752249,2201997.7270204923,79247.74663293462,8329587.187433696,250004.18405808753,8532537.863098834,8250339.440800764,1.30385160446167e-08
33240.0,38.79950681245237,29.947493620077076,1,493.89204317411685,1481.6761295223505,375.9901362490474,19.89498724015415,1110.042454323862,14537466.812672354,10903100.109504256,2224566.106630259,80436.73430278653,8396541.400687221,251504.18405808753,8598097.26857122,8316104.666384435,9.313225746154785e-09
33300.0,38.77833386299713,30.025287881511815,1,488.9879191678684,1466.9637575036054,375.5666772599426,20.05057576302363,1097.6319660782583,14655419.13272433,10991564.349543238,2247113.5624429006,81635.11021151206,8462775.779155392,253004.18405808753,8662815.676888835,8381140.668943877,9.313225746154785e-09
33360.0,38.74959258113634,30.102150506774976,1,483.7471453742219,1451.2414361226656,374.9918516227268,20.20430101354995,1084.389236124915,14772154.078355988,11079115.558766983,2269631.0802566246,82842.76612944058,8528240.589793323,254504.18405808753,8726641.712380925,8445397.82366388,5.587935447692871e-09
33420.0,38.713189655882836,30.178021734083817,1,478.16973490261466,1434.509204707844,374.26379311765675,20.356043468167634,1070.310057393597,14887590.827800835,11165693.120850617,2292109.519640849,84059.58667746095,8592885.756371535,256004.18405808753,8789524.014532315,8508826.169694072,9.313225746154785e-09
33480.0,38.669057253428505,30.252841622398854,1,472.257113671883,1416.771341015649,373.3811450685701,20.50568324479771,1055.3934401311183,15001648.730256412,11251236.5476923,2314539.6432734556,85285.44929198326,8656661.045617428,257504.18405808753,8851411.45512687,8571375.596325442,9.313225746154785e-09
33540.0,38.617155038674085,30.326550290413593,1,466.0122039954053,1398.0366119862158,372.3431007734817,20.653100580827186,1039.6418354318655,15114247.655086778,11335685.741315076,2336912.148731601,86520.2242176073,8719516.267003372,259004.18405808753,8912253.368365875,8632996.042785764,5.587935447692871e-09
33600.0,38.55747213379077,30.3990881712126,1,459.43950275907565,1378.318508277227,371.14944267581535,20.7981763424252,1023.0613489073021,15225308.360456858,11418981.270342635,2359217.7026726296,87763.77452941702,8781401.485663151,260504.18405808753,8971999.793140596,8693637.711133733,5.587935447692871e-09
33660.0,38.49002899310034,30.470396281798678,1,452.54515317283426,1357.6354595185028,369.80057986200677,20.940792563597356,1005.6619419972282,15334752.879978778,11501064.659984075,2381446.977317145,89015.95618673488,8842267.247770432,262004.18405808756,9030601.726480199,8753251.291583695,3.725290298461914e-09
33720.0,38.41487917307431,30.540416506509278,1,445.33700907726296,1336.0110272317888,368.2975834614862,21.080833013018555,987.4576183872551,15442504.925705446,11581878.694279075,2403590.689121149,90276.6181200637,8902064.81756182,263504.1840580876,9088011.38703787,8811788.199441755,7.450580596923828e-09
33780.0,38.332110975977905,30.609091893159878,1,437.82469079937545,1313.4740723981263,366.6422195195581,21.218183786319756,968.4665929853805,15548490.305563554,11661367.729172658,2425639.6394985216,91545.60235281444,8960746.425034476,265004.1840580876,9144182.487321327,8869200.822681658,3.725290298461914e-09
33840.0,38.24184894563606,30.676366960569926,1,430.01963157658304,1290.0588947297492,364.8369789127212,21.35273392113985,948.7114409272929,15652637.353079416,11739478.014809554,2447584.7574292934,92822.74415926875,9018265.523195729,266504.1840580876,9199070.513221,8925442.779036459,5.587935447692871e-09
33900.0,38.144255193993985,30.742188015946873,1,421.935113605506,1265.8053408165179,362.8851038798797,21.484376031893746,928.2192241271077,15754877.367019968,11816158.025264967,2469417.143763426,94107.87226005188,9074577.05359164,268004.1840580876,9252633.009241495,8980469.181331586,7.450580596923828e-09
33960.0,38.03953053759169,30.806503480428688,1,413.5862928228645,1240.7588784685936,360.79061075183375,21.613006960857376,907.02159296824,15855145.058350587,11891358.793762932,2491128.1170044784,95400.80905619942,9129637.718694586,269504.1840580876,9304829.867702257,9034236.909638382,3.725290298461914e-09
34020.0,37.92791542378449,30.8692642209164,1,404.99021158943236,1214.970634768297,358.55830847568984,21.7385284418328,885.1548608396586,15953379.001704562,11965034.251278413,2512709.2603328535,96701.37090268577,9183406.2595888,271004.1840580876,9355623.620042877,9086704.88868611,3.725290298461914e-09
34080.0,37.80969062751887,30.93042388616889,1,396.1657985246354,1188.4973955739063,356.1938125503774,21.860847772337777,862.6600493652875,16049522.088368984,12037141.566276727,2534152.469604711,98009.36842204946,9235843.737259243,272504.1840580876,9404979.728249975,9137834.36883719,7.450580596923828e-09
34140.0,37.68517770072556,30.989939244983994,1,387.13385482877055,1161.4015644863116,353.7035540145112,21.979878489967987,839.5829023499924,16143521.977621742,12107641.483216297,2555450.0020403024,99324.60685849737,9286913.815665118,274004.1840580876,9452866.874317503,9187589.208806619,5.587935447692871e-09
34200.0,37.55473915790899,31.04777052415581,1,377.9170265312795,1133.7510795938383,351.0947831581798,22.095541048311617,815.973866672649,16235331.54310713,12176498.657330338,2576594.525294854,100646.88647260102,9336583.044666857,275504.1840580876,9499257.24556289,9235936.158194255,7.450580596923828e-09
34260.0,37.41877838329753,31.103881743779603,1,368.539762216588,1105.619286649764,348.3755676659506,22.207763487559205,791.8880385955479,16324909.31081611,12243681.98311207,2597579.166586456,101976.00297641344,9384821.140776161,277004.1840580876,9544126.81354921,9282845.137799747,7.450580596923828e-09
34320.0,37.27773924695436,31.158241047375956,1,359.02825590259647,1077.0847677077895,345.5547849390872,22.316482094751912,767.385074227132,16412219.885144291,12309164.913858205,2618397.5615390637,103311.74800853746,9431601.263614837,278504.1840580876,9587455.604310615,9328289.515606299,1.1175870895385742e-08
34380.0,37.13210541952954,31.210821024225655,1,349.41037488008965,1048.231124640269,342.64210839059075,22.42164204845131,742.5290631711067,16497234.359438514,12372925.769578872,2639043.902384925,104653.90964836799,9476900.285901016,280004.1840580876,9629227.95754559,9372246.376252647,1.1175870895385742e-08
34440.0,36.98239937783298,31.261599021249424,1,339.7155724627506,1019.1467173882518,339.64798755665953,22.523198042498848,717.3883647155775,16579930.70741371,12434948.03056027,2659512.9851598544,106002.27296841408,9520699.054732932,281504.1840580876,9669432.772432012,9414696.781764518,1.1175870895385742e-08
34500.0,36.82918109611366,31.310557441732655,1,329.97478574564815,989.9243572369444,336.58362192227315,22.62111488346531,692.0354062593776,16660294.151827298,12495220.61387046,2679800.255516985,107356.62062328422,9562982.641911782,283004.1840580876,9708063.737730203,9455626.0212885,1.30385160446167e-08
34560.0,36.6730464208081,31.35768402818688,1,320.2203186235582,960.6609558706747,333.460928416162,22.715368056373762,666.5464440347007,16738317.506840218,12553738.130130151,2699901.8527802164,108716.73347359397,9603740.581037821,284504.1840580876,9745119.543876356,9495023.847564233,1.4901161193847656e-08
34620.0,36.514625129548286,31.40297212665783,1,310.48571047729905,931.4571314318971,330.2925025909657,22.80594425331566,641.0012865624632,16814001.490572773,12610501.117929569,2719814.6518576816,110082.39124273043,9642967.089128671,286004.1840580876,9780604.07482917,9532884.697885945,1.30385160446167e-08
34680.0,36.35457867836101,31.446420929835472,1,300.80559109480765,902.416773284423,327.09157356722017,22.892841859670945,615.4829816651021,16887355.004480455,12665516.253360327,2739536.3026383817,111453.37320408801,9680661.27054654,287504.1840580876,9814526.577517869,9569207.897342455,1.1175870895385742e-08
34740.0,36.19359764421036,31.48803569639519,1,291.21552255170974,873.6465676551293,323.87195288420713,22.97607139279038,590.0774682560218,16958395.37632987,12718796.53224739,2759065.266501792,112829.45889607635,9716827.301082455,289004.1840580876,9846901.806849534,9603997.842186378,1.1175870895385742e-08
34800.0,36.032398873298916,31.52782794410123,1,281.75182893188605,845.2554867956582,320.64797746597833,23.05565588820246,564.8731945213899,17027148.563747704,12770361.422810763,2778400.8495807652,114210.42886189917,9751474.590130527,290504.1840580876,9877750.14436811,9637264.161268627,1.1175870895385742e-08
34860.0,35.8717223488055,31.565815614334166,1,272.45141491965353,817.3542447589606,317.43444697610994,23.131631228668333,539.960704502705,17093649.31554506,12820236.986658782,2797543.2324325326,115596.06541081355,9784617.918994177,292004.1840580876,9907097.688815447,9669021.853583364,1.1175870895385742e-08
34920.0,35.71232779496405,31.602023205862302,1,263.35157443984815,790.0547233195445,314.2465558992809,23.204046411724605,515.4321954733588,17157941.288284797,12868455.966213586,2816493.4957909416,116986.15339730808,9816277.553498194,293504.1840580876,9934976.317025345,9699291.400100885,9.313225746154785e-09
34980.0,35.55499103752804,31.63648187586246,1,254.4897906579833,763.4693719739498,311.0998207505608,23.272963751724923,491.3810488728636,17220077.115858123,12915057.836893577,2835253.642095262,118380.48101438746,9846479.329235405,295004.1840580876,9961423.713783938,9728098.848221017,1.1175870895385742e-08
35040.0,35.400500143685726,31.66922950640703,1,245.90352877801504,737.7105863340452,308.0100028737145,23.338459012814063,467.90133791474824,17280118.430167016,12960088.82262525,2853826.61251677,119778.84059692424,9875254.707953203,296504.1840580876,9986483.369511563,9755475.867356278,7.450580596923828e-09
35100.0,35.249651367340114,31.70031073486987,1,237.63002318789677,712.8900695636903,304.99302734680225,23.40062146973974,445.0873153117686,17338135.831367828,13003601.873525858,2872216.299233719,121181.02943083846,9902640.80378205,298004.1840580876,10010204.544861313,9781459.774351211,1.30385160446167e-08
35160.0,35.103244928313366,31.729776946961966,1,229.70606060149544,689.1181818044863,302.0648985662673,23.459553893923932,423.0328848614655,17394208.806515496,13045656.60488661,2890427.5527380193,122586.85056369517,9928680.3782239,299504.1840580876,10032642.201584905,9806093.527660204,9.313225746154785e-09
35220.0,34.962080656429386,31.757686231386373,1,222.16776092769035,666.5032827830711,299.2416131285877,23.515372462772746,401.8310609003938,17448425.595853753,13086319.196890302,2908466.183992691,123996.1136121722,9953421.803051181,301004.1840580876,10053856.899285449,9829425.689439008,9.313225746154785e-09
35280.0,34.826953533542365,31.784103295397998,1,215.0503576623153,645.1510729869459,296.5390706708473,23.568206590795995,381.5734198633037,17500883.00642024,13125662.254815167,2926338.961297569,125408.63556174625,9976918.990514472,302504.1840580876,10073914.657955863,9851510.354952727,1.1175870895385742e-08
35340.0,34.69864916836998,31.80909934086503,1,208.3879796446585,625.1639389339755,293.97298336739965,23.618198681730057,362.34954836912124,17551686.173072223,13163764.629804151,2944053.60176157,126824.2415538789,9999231.290517041,304004.1840580876,10092886.786488714,9872407.048963163,1.1175870895385742e-08
35400.0,34.57793924043667,31.832751900751425,1,202.2134360464903,606.6403081394709,291.55878480873344,23.66550380150285,344.2464923965297,17600948.26748431,13200711.200613217,2961618.757322531,128242.76565595421,10020423.354684146,305504.1840580876,10110849.67763474,9892180.58902819,7.450580596923828e-09
35460.0,34.46557695050005,31.855144636270982,1,196.55800646738453,589.6740194021536,289.311539010001,23.710289272541964,327.3482122043252,17648790.15611889,13236592.61708915,2979043.9952998906,129664.05160923046,10040564.96753177,307004.1840580876,10127884.570180042,9910900.915922541,1.30385160446167e-08
35520.0,34.36229251550668,31.87636709529932,1,191.45123799477204,574.3537139843161,287.2458503101336,23.752734190598638,311.7350476940032,17695340.008618306,13271505.00646371,2996339.7735107746,131087.95355011828,10059730.845220346,308504.1840580876,10144077.279402832,9928642.89167023,1.4901161193847656e-08
35580.0,34.26878874638255,31.896514432967248,1,186.92075105070992,560.7622531521298,285.3757749276509,23.793028865934495,297.4831989022786,17740732.858509935,13305549.643882431,3013517.4100259007,132514.33670018814,10078000.402660806,310004.1840580876,10159517.897156358,9945486.06596062,1.4901161193847656e-08
35640.0,34.18573674679802,31.915687095693166,1,182.99205578965825,548.9761673689748,283.71473493596045,23.83137419138633,284.66422624854886,17785110.118546035,13338832.588909507,3030589.047687622,133943.07802044126,10095457.490019927,311504.1840580876,10174300.463201456,9961514.411999486,1.1175870895385742e-08
35700.0,34.11377177045298,31.93399047024014,1,179.68838073321106,539.0651421996332,282.2754354090596,23.86798094048028,273.34457504668984,17828619.053414665,13371464.290060978,3047567.613557891,135374.0668255483,10112190.099946305,313004.1840580876,10188522.609677551,9976816.033120757,1.1175870895385742e-08
35760.0,34.05348927340301,31.95153449970097,1,177.0305152292436,531.0915456877308,281.0697854680602,23.90306899940194,263.58512862223586,17871412.212951247,13403559.159713415,3064466.773508404,136807.20535397003,10128290.04710398,314504.1840580876,10202285.180851055,9991482.84175001,1.30385160446167e-08
35820.0,34.005441196503035,31.968433268618185,1,175.0366672054484,525.1100016163452,280.1088239300607,23.93686653723637,255.44079415676026,17913646.829347543,13435235.122010639,3081300.8822081806,138242.40929012082,10143852.621854926,316004.1840580876,10215691.830512347,10005610.212564802,9.313225746154785e-09
35880.0,34.2779635240668,31.979212129903033,0,173.72233755186966,521.1670126556089,285.55927048133594,23.958424259806065,0.0,17955484.182191715,13466613.136643765,3098142.839720851,139679.50346298952,10154300.844061926,317036.3962449792,10228790.793459937,10014621.340598935,1.1175870895385742e-08
35940.0,35.1793771550743,31.977492749173038,0,173.100212315446,519.3006369463379,303.58754310148595,23.954985498346076,0.0,17997088.935475588,13497816.701606669,3115825.200218642,141116.9057532661,10154300.844061926,317036.3962449792,10240874.595634775,10013183.93830866,1.4901161193847656e-08
36000.0,36.0084059581391,31.97577361522639,0,173.18007372341395,519.5402211702419,320.168119162782,23.951547230452782,0.0,18038628.450969484,13528971.338227093,3134544.4047930934,142554.1017326624,10154300.844061926,317036.3962449792,10251872.83170135,10011746.742329262,1.1175870895385742e-08
36060.0,36.77875350881552,31.974054728027674,0,173.9687308737669,521.9061926213008,335.5750701763104,23.94810945605535,0.0,18080272.082587812,13560204.06194084,3154221.9152466934,143991.09143079034,10154300.844061926,317036.3962449792,10261991.055263368,10010309.752631135,1.30385160446167e-08
36120.0,37.5031307063741,31.972336087541468,0,175.4699707419387,526.4099122258161,350.062614127482,23.944672175082935,0.0,18122190.45654726,13591642.842410425,3174795.0377529003,145427.87487725753,10154300.844061926,317036.3962449792,10271419.929780278,10008872.969184667,1.1175870895385742e-08
36180.0,37.282985446097186,31.987169240299885,1,177.68452995585093,533.0535898675528,345.6597089219437,23.97433848059977,664.0953522069815,18164554.742251776,13623416.056688813,3196033.0072211428,146864.78288552247,10168138.267776225,317525.8339739841,10280518.266582161,10021273.484890703,1.1175870895385742e-08
36240.0,35.859690156505444,32.02586125708554,1,180.6100875888639,541.8302627665917,317.1938031301089,24.051722514171075,480.7621439872562,18207535.91892277,13655651.93919206,3215830.880343981,148305.69557700428,10201925.70650051,319025.8339739841,10291515.363271091,10053620.010923509,1.6763806343078613e-08
36300.0,35.106687856481074,32.05474369614879,1,184.2412790145685,552.7238370437055,302.1337571296215,24.10948739229758,382.7137977056683,18251304.043028228,13688478.032271152,3234361.382587016,149750.60185654822,10227516.331836931,320525.8339739841,10304366.047827605,10077765.729980389,1.6763806343078613e-08
36360.0,34.732085804721024,32.078473797713905,1,188.56973066130263,565.7091919839079,294.6417160944205,24.15694759542781,332.76294567869274,18296027.521550216,13722020.641162643,3252236.6286508455,151198.63055218058,10248802.725440994,322025.8339739841,10318585.38195964,10097604.094888825,2.2351741790771484e-08
36420.0,34.573937676251454,32.09969120476499,1,193.58411530041474,580.7523459012442,291.4787535250291,24.199382409529974,310.2705075244029,18341872.396066885,13756404.297050145,3269804.0482293544,152649.33649350776,10267991.183677033,323525.8339739841,10333950.9123273,10115341.84718353,1.862645149230957e-08
36480.0,34.54234734901141,32.11991544607116,1,199.27022730310992,597.8106819093298,290.84694698022815,24.239830892142322,303.7729606287069,18389001.64251313,13791751.231884828,3287264.191222826,154102.51751135875,10286351.830426842,325025.8339739841,10350384.523150662,10132249.312915491,1.862645149230957e-08
36540.0,34.587356134982535,32.14004351104568,1,205.61107710878917,616.8332313263675,291.74712269965073,24.280087022091365,306.8930030416813,18437574.491325248,13828180.86849392,3304736.0384376445,155558.11279735886,10304634.488031548,326525.8339739841,10367886.717258928,10149076.37523419,1.1175870895385742e-08
36600.0,34.68113151495502,32.160625615262994,1,212.58700396537233,637.761011896117,293.62263029910036,24.321251230525988,316.07143982138,18487745.77247124,13865809.329353416,3322293.19590523,157016.14636401652,10323299.16072387,328025.8339739841,10386499.98708419,10166283.014359863,1.862645149230957e-08
36660.0,34.80808867005918,32.182017944346136,1,220.17580583155683,660.5274174946705,296.16177340118355,24.36403588869227,329.30926900441546,18539665.289621975,13904748.967216467,3339983.9401978906,158476.69549433794,10342643.696967699,329525.8339739841,10406288.331524257,10184167.00147337,1.862645149230957e-08
36720.0,34.959412263881205,32.204467172277376,1,228.35288517417877,685.0586555225364,299.1882452776241,24.40893434455475,345.4701144871202,18593477.22743317,13945107.920574864,3357842.3075655554,159939.87302722243,10362874.4290511,331025.8339739841,10427325.739982104,10202934.556023886,1.6763806343078613e-08
36780.0,35.130019063411275,32.22815714918377,1,237.09140925283523,711.2742277585057,302.60038126822553,24.456314298367545,363.89348404412885,18649319.59558664,13986989.696689965,3375894.216727813,161405.8172933701,10384145.194010993,332525.8339739841,10449689.662668804,10222739.376717634,2.2351741790771484e-08
36840.0,35.316874557705695,32.253234619007486,1,246.3624833600863,739.0874500802588,306.3374911541139,24.506469238014972,384.1804483127554,18707323.712886292,14030492.784664704,3394160.8385364288,162874.68627245014,10406578.827762699,334025.8339739841,10473457.259855844,10243704.141490258,1.862645149230957e-08
36900.0,35.51806072156203,32.27982332007099,1,256.1353353804377,768.4060061413131,310.36121443124057,24.559646640141978,406.0749701469765,18767613.734323684,14075710.30074275,3412660.4402688984,164346.65407109217,10430278.94965043,335525.8339739841,10498703.206402777,10265932.295579346,1.862645149230957e-08
36960.0,35.732260524835745,32.30803165727604,1,266.3775099457457,799.1325298372371,314.64521049671487,24.61606331455208,429.398299991987,18830306.223624498,14122729.66771836,3431409.385693705,165821.9086693671,10455336.374152128,337025.8339739841,10525498.373355305,10289514.46548277,1.6763806343078613e-08
37020.0,35.95847369048713,32.33795682473332,1,277.05507039968353,831.1652111990506,319.1694738097426,24.675913649466636,454.0128149655282,18895509.77336563,14171632.330024209,3450422.6688359254,167300.65035394227,10481832.555830985,338525.8339739841,10553909.01083436,10314531.905477054,1.862645149230957e-08
37080.0,36.19586079569729,32.36968697621502,1,288.1328067397419,864.3984202192257,323.9172159139458,24.739373952430043,479.80219696307677,18963324.674318038,14222493.505738514,3469714.191170153,168783.0905171589,10509841.402632909,340025.8339739841,10583996.224051218,10341058.312115759,1.862645149230957e-08
37140.0,36.44365862093558,32.403302329914744,1,299.5744476822007,898.723343046602,328.8731724187116,24.80660465982949,506.6606788940127,19033842.63522757,14275381.97642066,3489296.898651768,170269.45064615042,10539430.198454868,341525.8339739841,10615815.62712276,10369160.747808727,1.862645149230957e-08
37200.0,36.70113506139726,32.4388756995271,1,311.34287499349966,934.028624980499,334.02270122794516,24.877751399054205,534.4873239785177,19107146.553800408,14330359.915350286,3509182.8432181734,171759.96140651827,10570660.046211164,343025.8339739841,10649417.110725617,10398900.084804658,2.2351741790771484e-08
37260.0,36.967566009119345,32.47647272470606,1,323.40033824990076,970.2010147497023,339.35132018238687,24.952945449412127,563.1830978654255,19183310.33921587,14387482.754411884,3529383.2046511457,173254.86176970712,10603586.05962396,344525.8339739841,10684844.68799106,10430331.19785427,2.9802322387695312e-08
37320.0,37.242224431686125,32.51615195236367,1,335.7086682258344,1007.1260046775033,344.8444886337225,25.032303904727343,592.6494889070357,19262398.78605247,14446799.089539334,3549908.292730054,174754.39815798003,10638257.430334,346025.8339739841,10722136.39865132,10463503.032176029,2.0489096641540527e-08
37380.0,37.5243762099553,32.557964852678275,1,348.22948716862413,1044.6884615058725,350.487524199106,25.11592970535655,622.7879842025388,19344467.499087684,14508350.624315746,3570767.540732778,176258.82359462167,10674717.44043365,347525.8339739841,10761324.259988368,10498458.616839038,2.2351741790771484e-08
37440.0,37.813279703059216,32.601955816047735,1,360.9244142925264,1082.7732428775794,356.2655940611843,25.20391163209547,653.5000154312397,19429562.868022464,14572172.15101683,3591969.496400475,177768.39685458387,10713003.45907048,349025.8339739841,10802434.257761793,10535235.062215906,2.2351741790771484e-08
37500.0,38.10818734402845,32.64816215621441,1,373.75526491648054,1121.2657947494417,362.163746880569,25.296324312428823,684.6871585518805,19517722.09079207,14638291.568094034,3613521.8137234333,179283.3816149546,10753146.944210187,350525.8339739841,10845486.372755675,10573863.562595248,2.9802322387695312e-08
37560.0,38.40834831071146,32.69661413300763,1,386.68424177640077,1160.0527253292023,368.1669662142292,25.393228266015257,716.2514658840605,19608973.243759133,14706729.93281933,3635431.2473574197,180804.04560688484,10795173.460801255,352025.8339739841,10890494.63985505,10614369.415194377,2.60770320892334e-08
37620.0,38.71301172879082,32.74733500149682,1,399.67411716216674,1199.0223514865002,374.26023457581636,25.494670002993644,748.095861602667,19703335.39674637,14777501.547559757,3657703.6506047947,182330.65977178403,10839102.721023114,353525.8339739841,10937467.237183204,10656772.061251342,2.60770320892334e-08
37680.0,39.02143009333037,32.8003410905494,1,412.6884046601738,1238.0652139805213,380.42860186660744,25.600682181098804,780.1245609487337,19800818.770557832,14850614.077918354,3680343.9773939634,183863.49742516127,10884948.64912445,355025.8339739841,10986406.603099257,10701085.1516993,2.60770320892334e-08
37740.0,39.332862723812504,32.855641911583106,1,425.6915194220784,1277.0745582662353,386.65725447625005,25.711283823166212,812.2434898535664,19901424.934361693,14926068.700771252,3703356.2883989094,185402.83343170502,10932719.471515168,356525.8339739841,11037309.578940663,10747316.638083477,2.60770320892334e-08
37800.0,39.64657914014022,32.91324029699284,1,438.64892602754054,1315.9467780826217,392.93158280280437,25.82648059398568,844.3606909306814,20005147.040065907,15003860.280049413,3726743.761266117,186948.94339520347,10982417.831681207,358025.8339739841,11090167.575388117,10795468.888286013,2.2351741790771484e-08
37860.0,39.96186228860013,32.97313256693229,1,451.52727316093666,1354.58181948281,399.2372457720026,25.946265133864586,876.3867070971468,20111970.090612683,15083977.567959495,3750508.704808329,188502.1028667936,11034040.928822178,359525.8339739841,11144966.760284398,10845538.825955397,2.421438694000244e-08
37920.0,40.27801157115784,33.035308722624784,1,464.2945144774905,1392.8835434324715,405.5602314231568,26.070617445249567,908.2349372060453,20221871.238949012,15166403.429211743,3774652.5769552523,190062.58657483582,11087580.678689137,361025.8339739841,11201688.265681688,10897518.09211432,3.166496753692627e-08
37980.0,40.594345646348174,33.09975266404893,1,476.92001519071584,1430.7600455721476,411.8869129269635,26.199505328097857,939.8219599803253,20334820.114299443,15251115.085724566,3799176.0062049925,191630.6676794713,11143023.894824363,362525.8339739841,11260308.411840128,10951393.227144904,2.60770320892334e-08
38040.0,40.91020497967303,33.166442429626024,1,489.3746440687718,1468.1239322063152,418.2040995934607,26.332884859252047,971.0678237758949,20450779.172273584,15338084.379205171,3824078.816288101,193206.6170546462,11200352.488221988,364025.8339739841,11320798.945862452,11007145.871167356,2.7939677238464355e-08
38100.0,41.2249541281458,33.23535045539137,1,501.63085068037003,1504.89255204111,424.49908256291593,26.47070091078274,1001.8963005634051,20569704.06528439,15427278.048963279,3849360.053733842,194790.7026000931,11259543.683307262,365525.8339739841,11383127.292629372,11064752.980707185,2.9802322387695312e-08
38160.0,41.53798374871515,33.3064438510412,1,513.6627278794001,1540.9881836382003,430.759674974303,26.612887702082404,1032.235103168313,20691544.02973288,15518658.022299645,3875018.018013049,196383.18858545207,11320570.248055883,367025.8339739841,11447256.815701172,11124187.059470445,2.7939677238464355e-08
38220.0,41.848712324440456,33.379684690197394,1,525.4460596600832,1576.3381789802495,436.9742464888091,26.759369380394787,1062.01606533408,20816242.286429573,15612181.714822164,3901050.2939221663,197984.33502839695,11383400.736033404,368525.8339739841,11513147.085871628,11185416.40100502,2.60770320892334e-08
38280.0,42.15658760586033,33.455030312217914,1,536.9583546494798,1610.8750639484394,443.1317521172066,26.91006062443583,1091.175284622759,20943736.45077106,15707802.338078277,3927453.7858679094,199594.39710831305,11447999.738122474,370025.8339739841,11580754.155102082,11248405.341014177,2.60770320892334e-08
38340.0,42.46108776817309,33.53243363289691,1,548.1788656306044,1644.5365968918131,449.22175536346174,27.064867265793822,1119.6532285636324,21073958.949269332,15805469.21195198,3954224.7537108404,201213.6246167516,11514328.141718555,371525.8339739841,11650030.833624413,11313114.517101817,2.421438694000244e-08
38400.0,42.76172228774234,33.61184346144117,1,559.0885956058008,1677.2657868174024,455.2344457548468,27.223686922882337,1147.3948048181664,21206837.43914025,15905128.07935517,3981358.8498286703,202842.26144557088,11582343.395210376,373025.8339739841,11720926.96808095,11379501.133764816,2.2351741790771484e-08
38460.0,43.05803254408125,33.69320482117696,1,569.6702910158406,1709.0108730475217,461.160650881625,27.386409642353925,1174.3493964521977,21342295.22779257,16006721.42084441,4008851.1570659117,204480.54511336342,11651999.77561729,374525.8339739841,11793389.71866516,11447519.230503941,2.60770320892334e-08
38520.0,43.34959215588693,33.776459271530655,1,579.908422824347,1739.725268473041,466.99184311773865,27.55291854306131,1200.470863698277,21480251.68921836,16110188.766913751,4036696.2272453783,206128.70633046815,11723248.65733008,376025.8339739841,11867363.833337931,11517119.950999627,2.60770320892334e-08
38580.0,43.63600706187778,33.861545228935526,1,589.7891562594311,1769.3674687782934,472.72014123755554,27.723090457871052,1225.717513850958,21620622.674465943,16215467.005849442,4064888.119928622,207786.96860257906,11796038.779992664,377525.8339739841,11942791.917318266,11588251.8113901,2.60770320892334e-08
38640.0,43.91691535914198,33.94839828444392,1,599.3003100741863,1797.900930222559,478.3383071828396,27.896796568887837,1250.052041167137,21763320.91357527,16322490.685181433,4093420.4411265254,209455.5478726864,11870316.513667788,379025.8339739841,12019614.696182245,11660860.965795116,2.421438694000244e-08
38700.0,44.19198691342078,34.036951515965775,1,608.4313062450581,1825.2939187351742,483.83973826841554,28.07390303193155,1273.4414388408572,21908256.406569436,16431192.304927059,4122286.381677554,211134.6522008289,11946026.119548202,380525.8339739841,12097771.271048699,11734891.467347387,2.2351741790771484e-08
38760.0,44.46092275722492,34.127135793209526,1,617.173111071837,1851.5193332155109,489.2184551444984,28.25427158641905,1295.8568852875305,22055336.801322423,16541502.600991799,4151478.755029387,212824.48148089505,12023110.004604047,382025.8339739841,12177199.364481537,11810285.523123164,1.862645149230957e-08
38820.0,44.72345429291545,34.21888007356703,1,625.5181686755209,1876.5545060265626,494.469085858309,28.437760147134057,1317.2736071062918,22204467.756358348,16653350.817268742,4180990.034179505,214525.22719349116,12101508.968695516,383525.8339739841,12257835.555895766,11886983.741502035,2.0489096641540527e-08
38880.0,44.97934231886638,34.31211168735824,1,633.4603279107102,1900.3809837321307,499.58684637732756,28.62422337471648,1337.6707211911207,22355553.286879525,16766664.965159623,4210812.387551469,216237.07219369145,12181162.442825168,385025.8339739841,12339615.505414484,11964925.370631488,2.2351741790771484e-08
38940.0,45.228375897577266,34.4067566110317,1,640.9947637180812,1922.9842911542437,504.5675179515453,28.813513222063406,1357.0310585328134,22508496.09256574,16881372.069424286,4240937.713605843,217960.19053230862,12262008.717354795,386525.8339739841,12422474.165286163,12044048.526822504,2.7939677238464355e-08
39000.0,45.47037108511472,34.502739727101066,1,648.1178939404614,1944.3536818213843,509.4074217022944,29.00547945420213,1375.3409722949123,22663197.865933422,16997398.399450045,4271357.674007699,219694.74730916347,12343985.159165636,388025.8339739841,12506345.978133213,12124290.411856491,2.9802322387695312e-08
39060.0,45.70516954155123,34.59998506978423,1,654.8272926136272,1964.4818778408815,514.1033908310246,29.199970139568464,1392.5901327595814,22819559.580287535,17114669.68521563,4302063.725196074,221440.89855669855,12427028.416896297,389525.8339739841,12591165.061462885,12205587.518339617,2.7939677238464355e-08
39120.0,45.93263704213781,34.69841605549758,1,661.1216007211634,1983.3648021634904,518.6527408427562,29.396832110995163,1408.771311724685,22977481.756539505,17233111.317404605,4333047.148224422,223198.7911521677,12511074.613548128,391025.8339739841,12676865.378028046,12287875.822395978,2.9802322387695312e-08
39180.0,46.15266190881787,34.79795569754199,1,667.000435372166,2001.0013061164977,523.0532381763574,29.595911395083974,1423.8801588939955,23136864.708398186,17352648.531298615,4364299.076764731,224968.56275654148,12596059.525901629,392525.8339739841,12763380.89177737,12371090.963145101,2.7939677238464355e-08
39240.0,46.365153381364394,34.89852680449767,1,672.4642983223557,2017.3928949670671,527.3030676272879,29.79705360899534,1437.914972739087,23297608.765666716,17473206.574250013,4395810.523191323,226750.341778202,12681918.750338238,394025.8339739841,12850645.709280519,12455168.408560053,2.9802322387695312e-08
39300.0,46.570039946930336,35.00005216201992,1,677.5144847140201,2032.5434541420605,531.4007989386067,30.00010432403984,1450.8764682277663,23459614.47559369,17594710.856695246,4427572.402683217,228544.24735945128,12768587.854808087,395525.8339739841,12938594.206652608,12540043.607448652,2.9802322387695312e-08
39360.0,46.76726764614762,35.10245469789619,1,682.1529928592523,2046.458978577757,535.3453529229524,30.204909395792384,1462.7675437107293,23622782.78243116,17717087.086823348,4459575.555306111,230350.38938383095,12856002.516825035,397025.8339739841,13027161.14213343,12625652.127441216,2.2351741790771484e-08
39420.0,46.956798373120556,35.20565763038523,1,686.382435834979,2059.147307504937,539.1359674624111,30.411315260770465,1473.5930491390095,23787015.18554323,17840261.389157403,4491810.766056323,232168.8685022452,12944098.647504283,398525.8339739841,13116281.754598862,12711929.779002054,2.60770320892334e-08
39480.0,47.13860818574457,35.309584600010076,1,690.2059555983737,2070.6178667951212,542.7721637148915,30.619169200020153,1483.359557651106,23952213.876586393,17964160.407439772,4524268.782869319,233999.77617588913,13032812.501784295,400025.8339739841,13205891.848394591,12798812.725608423,2.7939677238464355e-08
39540.0,47.31268564176681,35.41415978511813,1,693.6271402681912,2080.8814208045733,546.2537128353363,30.82831957023626,1492.0751424237446,24118281.85644515,18088711.39233384,4556940.3326146,235843.19473401434,13122080.77509275,401525.8339739841,13295927.86498526,12886237.580358757,3.5390257835388184e-08
39600.0,47.47903017490187,35.519308001651616,1,696.6499451523633,2089.94983545709,549.5806034980375,31.038616003303233,1499.749160525582,24285123.03275383,18213842.274565354,4589816.135116496,237699.19744460928,13211840.686825339,403025.8339739841,13386326.942004278,12974141.48938075,2.7939677238464355e-08
39660.0,47.63765052414685,35.624954787690925,1,699.2786180355694,2097.835854106708,552.753010482937,31.24990957538185,1506.3920453515727,24452642.298966568,18339481.724224903,4622886.915256989,239567.8485961325,13302030.051105725,404525.8339739841,13477026.960371817,13062462.202509614,3.5390257835388184e-08
39720.0,47.78856322821977,35.73102647344043,1,701.5176291733321,2104.552887519996,555.7712645643954,31.46205294688086,1512.0151090493293,24620745.596052848,18465559.197039615,4656143.413231639,241449.20358851028,13392587.335384693,406025.8339739841,13567966.580219496,13151138.1317962,2.9802322387695312e-08
39780.0,47.93179119578949,35.83745023742157,1,703.3716063721433,2110.11481911643,558.6358239157898,31.67490047484314,1516.6303561793375,24789339.95799503,18592004.96849625,4689576.393043314,243343.30903169673,13483451.70751611,407525.8339739841,13659085.266421275,13240108.398484433,3.3527612686157227e-08
39840.0,48.067362360891806,35.94415414972077,1,704.84527546888,2114.53582640664,561.3472472178362,31.888308299441533,1520.2503096808482,24958333.542347413,18718750.15676054,4723176.64933044,245250.20285019194,13574563.072016735,409025.8339739841,13750323.304579938,13329312.86916656,3.166496753692627e-08
39900.0,48.19530843164594,36.05106720321069,1,705.943406457953,2117.830219373859,563.9061686329188,32.102134406421385,1522.8878500457802,25127635.647183727,18845726.735387776,4756935.012636965,247169.9143920184,13665862.096276134,410525.8339739841,13841621.80835883,13418692.18188414,3.725290298461914e-08
39960.0,48.315663739114804,36.15811933372167,1,706.6707654517089,2120.0122963551266,566.313274782296,32.31623866744334,1524.5560684362986,25297156.71581209,18972867.536859047,4790842.35324027,249102.46454077106,13757290.227532066,412025.8339739841,13932922.71907804,13508187.762991318,3.3527612686157227e-08
40020.0,48.42846419190008,36.26524143018721,1,707.0320725991007,2121.0962177973024,568.5692838380016,32.53048286037442,1525.2681343187942,25466808.33067348,19100106.24800509,4824889.583660637,251047.86582947607,13848789.70146596,413525.8339739841,14024168.798515009,13597741.835636508,3.166496753692627e-08
40080.0,48.53374634084233,36.37236533582247,1,707.0319660298869,2121.0958980896607,570.6749268168466,32.744730671644945,1525.0371780294897,25636503.197863,19227377.39839723,4859067.659981925,253006.12255511817,13940303.543302681,415025.8339739841,14115303.615860222,13687297.420747587,3.5390257835388184e-08
40140.0,48.63154655701361,36.47942384141907,1,706.6749718369838,2120.0249155109514,572.6309311402722,32.95884768283814,1523.8761885355548,25806155.123722617,19354616.342791945,4893367.582117605,254977.23089282546,14031775.562319146,416525.8339739841,14206271.529781546,13776798.331426343,3.3527612686157227e-08
40200.0,48.7219003250567,36.586350671852884,1,705.9654800583006,2117.8964401749017,574.438006501134,33.17270134370577,1521.7979265117585,25975678.98495082,19481759.238713097,4927780.393159433,256961.17900883153,14123150.340677824,418025.8339739841,14297017.66654486,13866189.16166901,2.9802322387695312e-08
40260.0,48.80484165284394,36.693080466905236,1,704.9077265716454,2114.723179714936,576.0968330568788,33.38616093381047,1518.8148527167134,26144990.693659704,19608743.02024476,4962297.177947884,258957.9471714661,14214373.217504226,419525.8339739841,14387487.895125438,13955415.270332778,2.9802322387695312e-08
40320.0,48.88040259740882,36.7995487574918,1,703.5057807722407,2110.517342316722,577.6080519481764,33.5990975149836,1514.939071525594,26314007.15878376,19735505.3690878,4996909.061003994,260967.5078595579,14305390.269122683,421025.8339739841,14477628.800224276,14044422.761263143,2.7939677238464355e-08
40380.0,48.948612906146664,36.905691938378936,1,701.7635388621054,2105.290616586316,578.9722581229332,33.81138387675787,1510.182289358073,26482646.245208494,19861984.68390635,5031607.203961627,262989.8258677637,14396148.286352534,422525.8339739841,14567387.654076992,14133158.460484792,3.166496753692627e-08
40440.0,49.00949977139077,37.011447238444255,1,699.6847225440847,2099.054167632254,580.1899954278155,34.02289447688851,1504.555787631493,26650826.731941532,19988120.04895613,5066382.802637432,265024.8584084653,14486594.749747846,424025.8339739841,14656712.387910258,14221569.891339397,2.60770320892334e-08
40500.0,49.063087695650296,37.11675268950792,1,697.2728828806404,2091.8186486419213,581.2617539130059,34.23350537901584,1498.070409770254,26818468.270595174,20113851.202946365,5101227.083873013,267072.5552100018,14576677.803638604,425525.8339739841,14745551.563863374,14309605.24842862,2.421438694000244e-08
40560.0,49.10939846404585,37.221547094723995,1,694.5314090485892,2083.594227145768,582.1879692809171,34.44309418944799,1490.7365617129608,26985491.345388193,20239118.509041127,5136131.302280075,269132.85861112643,14666346.229800371,427025.8339739841,14833854.348149946,14397213.371189259,2.0489096641540527e-08
40620.0,49.148451219799625,37.32576999747834,1,691.463541695731,2074.3906250871933,582.9690243959925,34.65153999495668,1482.5642252790892,27151817.23580712,20363862.926855322,5171086.737014769,271205.70365169004,14755549.421543567,428525.8339739841,14921570.486188887,14484343.717891892,2.421438694000244e-08
40680.0,49.180262638026946,37.429361651690556,1,688.0723905836206,2064.217171750862,583.6052527605389,34.85872330338111,1473.5629836865833,27317367.98299399,20488025.987245474,5206084.6887021195,273291.01815966924,14844237.35897296,430025.8339739841,15008650.28038371,14570946.340813305,2.421438694000244e-08
40740.0,49.20484719253666,37.53226299436472,1,684.360956182494,2053.0828685474817,584.0969438507332,35.06452598872944,1463.742058450761,27482066.360849414,20611549.770637043,5241116.476625352,275388.7228347566,14932360.586123649,431525.8339739841,15095044.571176957,14656971.863288907,2.421438694000244e-08
40800.0,49.22221750987511,37.634415621176046,1,680.3321548693702,2040.9964646081107,584.4443501975022,35.26883124235209,1453.1103568428623,27645835.852757946,20734376.889568444,5276173.436288332,277498.73132883216,15019870.190631993,433025.8339739841,15180704.7219513,14742371.459303174,1.862645149230957e-08
40860.0,49.232384804440635,37.73576176582008,1,675.988847368517,2027.966542105551,584.6476960888127,35.47152353164016,1441.6765290430176,27808600.634757392,20856450.47606803,5311246.91745213,279620.95032372384,15106717.786549296,434525.8339739841,15265582.608292196,14827096.836225586,1.862645149230957e-08
40920.0,49.23535938815181,37.836244283787515,1,671.3338700645207,2014.001610193562,584.7071877630361,35.67248856757503,1429.4490340872821,27970285.565886002,20977714.174414486,5346328.282739123,281755.27960674866,15192855.500853093,436025.8339739841,15349630.612068638,14911100.221246362,2.421438694000244e-08
40980.0,49.231151247867466,37.935806641161875,1,666.3700688120774,1999.1102064362321,584.6230249573493,35.87161328232375,1416.4362136808809,28130816.18635198,21098112.13976397,5381408.906890051,283901.6121446034,15278235.964155914,437525.8339739841,15432801.620729338,14994334.352011327,2.2351741790771484e-08
41040.0,49.21977068353002,38.034392908970055,1,661.1003348629929,1983.3010045889787,584.3954136706004,36.06878581794011,1402.6463729298198,28290118.72407901,21217589.043059237,5416480.176751106,286059.8341562387,15362812.30605519,439025.8339739841,15515049.032151915,15076752.471898966,2.421438694000244e-08
41100.0,49.20122899982861,38.1319477635469,1,655.5276425297184,1966.5829275891551,584.0245799965721,36.263895527093794,1388.0878670297263,28448120.11009025,21336090.082567666,5451533.492059648,288229.82518541184,15446538.155510599,440525.8339739841,15596326.765322637,15158308.330325207,3.166496753692627e-08
41160.0,49.17553924405715,38.22841649330576,1,649.6550882057116,1948.9652646171348,583.510784881143,36.456832986611516,1372.7691929442242,28604748.00310199,21453561.002326474,5486560.2670883695,290411.4581736642,15529367.646577256,442025.8339739841,15676589.27706447,15238956.188403614,2.9802322387695312e-08
41220.0,49.14271698276455,38.32374501223757,1,643.4859303659824,1930.4577910979474,582.8543396552909,36.64749002447515,1356.6990851040823,28759930.8236073,21569948.117705457,5521551.933198894,292604.59953451186,15611255.429765103,443525.8339739841,15755791.584972078,15318650.83023061,2.7939677238464355e-08
41280.0,49.10278110976446,38.41787988039121,1,637.0236301760259,1911.0708905280776,582.0556221952892,36.83575976078242,1339.8866141634048,28913597.79764016,21685198.3482301,5556499.942346934,294809.10922967293,15692156.689236712,445025.8339739841,15833889.296653518,15397347.580007052,2.421438694000244e-08
41340.0,49.055754678078884,38.510768331519316,1,630.2718923439699,1890.8156770319097,581.1150935615776,37.02153666303863,1322.3412878585698,29065679.010322195,21799259.257741626,5591395.771572143,297024.840848181,15772027.165998314,446525.8339739841,15910838.64532133,15475002.325150147,2.7939677238464355e-08
41400.0,49.00166574843793,38.60235830800558,1,623.2347058588402,1869.7041175765207,580.0333149687585,37.204716616011154,1304.0731530302169,29216105.469207276,21912079.10190544,5626230.92849698,299251.64168925176,15850823.187181903,448025.8339739841,15986596.53171923,15551571.545492662,2.2351741790771484e-08
41460.0,48.94054824703897,38.69259850312284,1,615.916384267418,1847.7491528022542,578.8109649407794,37.385197006245676,1285.0928978870827,29364809.17735481,22023606.883016095,5660996.957850052,301489.35284978134,15928501.701460466,449525.8339739841,16061120.572316276,15627012.348610692,1.4901161193847656e-08
41520.0,48.87244282538155,38.781438410605766,1,608.3216051529125,1824.9648154587376,577.4488565076309,37.56287682121153,1265.4119536128828,29511723.215980288,22133792.4119852,5695685.449020722,303737.80931735394,16005020.320583764,451025.8339739841,16134369.153647143,15701282.51126642,1.862645149230957e-08
41580.0,48.797397715138366,38.86882838145851,1,600.4554484906482,1801.3663454719447,575.9479543027674,37.73765676291703,1245.0425944434535,29656781.83645234,22242586.37733924,5730288.044643235,305996.8400696343,16080337.366968937,452525.8339739841,16206301.492626393,15774340.526899317,2.2351741790771484e-08
41640.0,48.715469571191406,38.954719687856056,1,592.3234335689567,1776.9703007068701,574.3093914238282,37.90943937571211,1223.9980353702529,29799920.561329067,22349940.42099679,5764796.45020027,308266.26818100415,16154411.927228656,454025.8339739841,16276877.702615535,15846145.659047663,2.0489096641540527e-08
41700.0,48.6267242961592,39.03906459393857,1,583.9315541773669,1751.7946625321008,572.5344859231841,38.07812918787714,1202.2925266584675,29941076.294053324,22455807.22053998,5799202.4446276855,310545.9109372823,16227203.911469914,455525.8339739841,16346058.864975031,15916658.000532644,2.0489096641540527e-08
41760.0,48.531237839957164,39.121816433241,1,575.2863117790507,1725.8589353371522,570.6247567991433,38.243632866482,1179.9414444022068,30080187.43685669,22560140.577642508,5833497.891894354,312835.5799593416,16298674.118148806,457025.8339739841,16413807.105788834,15985838.538189476,2.2351741790771484e-08
41820.0,48.42909696817501,39.202929692445856,1,566.3947464000023,1699.184239200007,568.5819393635002,38.40585938489171,1156.9613763764357,30217194.016356148,22662895.5122671,5867674.75352336,315135.08133639995,16368784.304221122,458525.8339739841,16480085.67740736,16053649.222884735,1.862645149230957e-08
41880.0,48.32039999331167,39.28236010109524,1,557.2644649838165,1671.7933949514495,566.4079998662334,38.564720202190486,1133.3702024839395,30352037.816264763,22764028.36219856,5901725.102013562,317444.215769723,16437497.260285333,460025.8339739841,16544859.044415297,16120053.044515623,2.0489096641540527e-08
41940.0,48.20525746318894,39.360064726849515,1,547.9036669778345,1643.7110009335036,564.1051492637789,38.72012945369903,1109.1871691369643,30484662.516579904,22863496.887434915,5935641.135113481,319762.7787274297,16504776.89037361,461525.8339739841,16608092.973594029,16185014.111646194,2.421438694000244e-08
42000.0,48.08379280115642,39.43600207583399,1,538.3211669340959,1614.9635008022879,561.6758560231284,38.87200415166798,1084.4329569554327,30615013.838557974,22961260.378918473,5969415.190892895,322090.56061103876,16570588.296008239,463025.8339739841,16669754.627414562,16248497.735397216,2.2351741790771484e-08
42060.0,47.95614289301493,39.51013219757254,1,528.5264139266219,1585.5792417798657,559.1228578602986,39.02026439514508,1059.1297412084755,30743039.69473518,23057279.771051373,6003039.763551195,324427.34693433734,16634897.864104966,464525.8339739841,16729812.660565866,16310470.517170642,2.421438694000244e-08
42120.0,47.822458615908225,39.582416793967404,1,518.5295076053216,1555.5885228159646,556.4491723181645,39.16483358793481,1033.3012444713788,30868690.343208198,23151517.75740614,6036507.5198957,326772.9185150898,16697673.358271826,466025.8339739841,16788237.31899537,16370900.43975675,1.862645149230957e-08
42180.0,47.68290530477684,39.652819331748454,1,508.3412107259208,1525.0236321777625,553.6581060955368,39.30563866349691,1006.9727810177594,30991918.545347963,23243938.90901096,6069811.31641758,329127.05168003845,16758884.013021737,467525.8339739841,16845000.54091336,16429756.961341707,1.4901161193847656e-08
42240.0,47.53766315231935,39.72130515778249,1,497.9729580150334,1493.9188740451002,550.7532630463869,39.44261031556498,980.1712925149219,31112679.726083424,23334509.79456256,6102944.216888044,331489.5184835762,16818500.63038973,469025.8339739841,16900076.05919095,16487011.11190616,1.1175870895385742e-08
42300.0,47.38692753877497,39.78784161660401,1,487.4368612494771,1462.3105837484313,547.7385507754993,39.575683233208025,952.9253746402379,31230932.135860898,23423199.101895664,6135899.510392699,333860.08694039553,16876495.678421345,470525.8339739841,16953439.50456258,16542635.591480954,1.1175870895385742e-08
42360.0,47.23090928822111,39.85239816950344,1,476.7457104494669,1430.2371313484007,544.6181857644223,39.704796339006876,925.2652942871964,31346637.01335788,23509977.760018405,6168670.729717884,336238.52127234195,16932843.390977208,472025.8339739841,17005068.509028193,16596604.869704874,1.4901161193847656e-08
42420.0,47.06983484846868,39.914946514486765,1,465.9129711060516,1397.7389133181548,541.3966969693736,39.82989302897353,897.2229970813322,31459758.748008747,23594819.061006553,6201251.669998983,338624.5821696171,16987519.868280545,473525.8339739841,17054942.808837965,16648895.286110936,1.1175870895385742e-08
42480.0,46.9039463920428,39.97546070640282,1,454.9527773843096,1364.8583321529288,538.078927840856,39.95092141280564,868.832104979253,31570265.041383047,23677698.78103728,6233636.4075375,341018.027066394,17040503.17761914,475025.8339739841,17103044.3464334,16699485.150552759,1.862645149230957e-08
42540.0,46.73350183614522,40.03391727651968,1,443.8799212651976,1331.639763795593,534.6700367229045,40.06783455303936,840.1279037770429,31678127.06644578,23758595.29983433,6265819.3186908895,343418.61043082183,17091773.453601263,476525.8339739841,17149357.37071263,16748354.843170453,1.1175870895385742e-08
42600.0,46.5587747799194,40.09029535082171,1,432.70983761049774,1298.1295128314932,531.1754955983881,40.180590701643425,811.1473204088504,31783319.623722542,23837489.7177919,6297795.098736864,345826.084069311,17141312.997356247,478025.8339739841,17193868.53498574,16795486.91328695,1.4901161193847656e-08
42660.0,46.380054357765786,40.14457676629194,1,421.4585851571221,1264.3757554713663,527.6010871553158,40.28915353258388,781.9288899708201,31885821.29339145,23914365.970043585,6329558.780612155,348240.1974448992,17189106.37406494,479525.8339739841,17236566.99198655,16840866.176620062,2.2351741790771484e-08
42720.0,46.19764500789454,40.196746184442084,1,410.14282346881856,1230.4284704064557,523.9529001578909,40.39349236888417,752.5127124609384,31985614.582327824,23989210.936745863,6361105.753424462,350660.6980094148,17235140.508202985,481025.8339739841,17277444.485312,16884479.810193583,1.4901161193847656e-08
42780.0,46.011866155743576,40.246791201353936,1,398.77978589526975,1196.3393576858093,520.2373231148715,40.49358240270787,722.9403992804607,32082686.065136917,24062014.548852686,6392431.780635591,353087.3315490611,17279404.77588094,482525.8339739841,17316495.436668046,16926317.44433189,1.1175870895385742e-08
42840.0,45.823051812340765,40.294702453501,1,387.38724861035024,1162.1617458310507,516.4610362468153,40.589404907002006,693.255009598506,32177026.518224705,24132769.888668526,6423533.017813629,355519.8425429599,17321891.093669787,484025.8339739841,17353717.02831195,16966371.251126837,1.1175870895385742e-08
42900.0,45.6315500881372,40.34047371862899,1,375.983495823085,1127.950487469255,512.6310017627441,40.680947437257984,663.5009767363296,32268631.04597647,24201473.284482352,6454406.029852368,357957.9745341043,17362594.003307924,485525.8339739841,17389109.280095894,17004636.028773837,1.4901161193847656e-08
42960.0,45.43772262329533,40.384102010986794,1,364.58728127627774,1093.7618438288332,508.7544524659066,40.76820402197359,633.7240247834902,32357499.198138054,24268124.398603536,6485047.807557073,360401.4705120851,17401510.751697034,487025.8339739841,17422675.12053439,17041109.28118496,1.1175870895385742e-08
43020.0,45.24194393586563,40.42558767021708,1,353.21778616903595,1059.653358507108,504.8388787173126,40.85117534043415,603.9710757123282,32443635.077524662,24332726.308143493,6515455.783497173,362850.0733068718,17438641.365608335,488525.8339739841,17454420.45133946,17075791.292301476,1.4901161193847656e-08
43080.0,45.044600689740314,40.46493444323658,1,341.894573660113,1025.6837209803389,500.8920137948063,40.92986888647316,574.2901473115683,32527047.4372175,24395285.57791312,6545627.847028405,365303.52599284553,17473988.720538612,490025.8339739841,17484354.204891883,17108685.19454578,1.1175870895385742e-08
43140.0,44.84609088471814,40.50214955846146,1,330.63754012931463,991.9126203879439,496.92181769436274,41.00429911692292,544.7302423125872,32607749.766448367,24455812.324836273,6575562.358389527,367761.5723022055,17507558.60317597,491525.8339739841,17512488.394144554,17139797.030873783,1.1175870895385742e-08
43200.0,44.64682297145685,40.537243791761675,1,319.46686339375884,958.4005901812766,492.936459429137,41.07448758352335,515.3412291337748,32685760.364417497,24514320.27331312,6605258.161781731,370223.95704679174,17539359.766959537,493025.8339739841,17538838.15448461,17169135.80991276,1.4901161193847656e-08
43260.0,44.447214894524116,40.570231523560714,1,308.4029480947163,925.2088442841489,488.9442978904823,41.14046304712143,486.1737147188105,32761102.40133924,24570826.80100443,6634714.597342526,372690.42654729704,17569403.98024404,494525.8339739841,17563421.777114622,17196713.55369676,1.4901161193847656e-08
43320.0,44.247693067178616,40.601130786533275,1,297.4663684886994,892.3991054660983,484.9538613435723,41.20226157306655,457.2789099929257,32833803.96606425,24625352.974548183,6663931.5119299255,375160.72906877164,17597706.06661058,496025.8339739841,17586260.733549498,17222545.33754182,1.1175870895385742e-08
43380.0,44.048691281925834,40.629963303392536,1,286.67780889351906,860.0334266805571,480.9738256385167,41.25992660678507,428.7084885080755,32903898.09968497,24677923.574763723,6692909.268637421,377634.6152612622,17624283.936897416,497525.8339739841,17607379.690865047,17246649.32163616,3.725290298461914e-09
43440.0,43.850649561283475,40.656754514301504,1,276.05800205593624,828.1740061678088,477.0129912256695,41.31350902860301,400.5144388915392,32971422.81459327,24728567.11094495,6721648.754965282,380111.83860436734,17649158.612560414,499025.8339739841,17626806.51737531,17269046.773956057,1.1175870895385742e-08
43500.0,43.65401295357081,40.6815335934885,1,265.62766572217805,796.8829971665341,473.08025907141626,41.363067186977005,372.74891175432174,33036421.0985249,24777315.82389367,6750151.3895792905,382592.1558544379,17672354.240010817,500525.8339739841,17644572.278459948,17289762.084156387,7.450580596923828e-09
43560.0,43.45923027888832,40.70433345469556,1,255.4074377059926,766.2223131179778,469.18460557776643,41.408666909391115,345.4640617537724,33098940.90319454,24824205.6773959,6778419.127593998,385075.3274931056,17693898.095618576,502025.8339739841,17660711.22230881,17308822.768125486,1.4901161193847656e-08
43620.0,43.26675283078843,40.72519074513933,1,245.41780976073207,736.2534292821962,465.3350566157685,41.45038149027866,318.7118855403968,33159035.117197454,24869276.337898083,6806454.46432402,387561.11817577825,17713820.58111224,503525.8339739841,17675260.755398307,17326259.46293648,2.2351741790771484e-08
43680.0,43.07703303944139,40.744145827718235,1,235.6790605723532,707.0371817170596,461.5406607888278,41.48829165543647,292.5440563500835,33216761.52292851,24912571.142196376,6834260.437453621,390049.297178708,17732155.209151138,505025.8339739841,17688261.407564066,17342105.911972445,1.862645149230957e-08
43740.0,42.89052310238058,40.761242751254706,1,226.21118819882525,678.6335645964757,457.8104620476115,41.52248550250941,267.01175603118423,33272182.737346496,24954137.053009868,6861840.627582036,392539.63884320826,17748938.578892127,506525.8339739841,17699756.78658464,17356398.940048933,1.862645149230957e-08
43800.0,43.04867944821583,40.77032407768042,0,217.03384228841685,651.1015268652505,460.9735889643166,41.54064815536084,0.0,33325366.136490677,24994024.602368005,6889271.690052814,395031.7916511407,17759022.72059195,507499.65336751705,17709721.12066407,17363990.928940833,2.2351741790771484e-08
43860.0,43.72744455862953,40.76734290541402,0,208.16625641436156,624.4987692430847,474.5488911725906,41.53468581082804,0.0,33376383.76373686,25032287.82280264,6917353.433831246,397524.0516658472,17759022.72059195,507499.65336751705,17717410.337305564,17361498.66892612,1.4901161193847656e-08
43920.0,44.2536596374825,40.76436216103638,0,199.62718086664557,598.8815425999367,485.07319274965,41.52872432207276,0.0,33425312.221861888,25068984.166396413,6946156.551242221,400015.95396555564,17759022.72059195,507499.65336751705,17722811.66118865,17359006.766626414,1.4901161193847656e-08
43980.0,44.642948758390375,40.761381844486074,0,191.4348162428259,574.3044487284776,492.8589751678075,41.52276368897215,0.0,33472232.549067132,25104174.411800344,6975507.459832534,402507.498601609,17759022.72059195,507499.65336751705,17726159.453366213,17356515.221990358,1.1175870895385742e-08
44040.0,44.909941127126025,40.7584019557017,0,183.60674817906897,550.8202445372069,498.1988225425205,41.5168039114034,0.0,33517230.079193834,25137922.55939537,7005250.7218965255,404998.68562534294,17759022.72059195,507499.65336751705,17727673.15187351,17354024.03496662,1.1175870895385742e-08
44100.0,45.06834010430283,40.75542249462187,0,176.1598835597203,528.4796506791608,501.3668020860565,41.510844989243736,0.0,33560394.2864446,25170295.714833442,7035247.892676947,407489.5150880856,17759022.72059195,507499.65336751705,17727558.307068422,17351533.20550388,1.1175870895385742e-08
44160.0,45.13098619594638,40.75244346118518,0,169.11038853890435,507.33116561671306,502.61972391892755,41.50488692237036,0.0,33601818.615006015,25201363.961254504,7065376.447723356,409979.9870411579,17759022.72059195,507499.65336751705,17726007.526490007,17349042.73355081,1.4901161193847656e-08
44220.0,45.10991449853763,40.74946485533025,0,162.4736287006784,487.4208861020352,502.1982899707525,41.498929710660505,0.0,33641600.29404664,25231200.22053497,7095528.782464951,412470.1015358733,17759022.72059195,507499.65336751705,17723201.336534154,17346552.61905609,7.450580596923828e-09
44280.0,45.0164070514173,40.74648667699572,0,156.2641116753307,468.7923350259921,500.32814102834607,41.492973353991445,0.0,33679840.13864188,25259880.103981398,7125611.2776181875,414959.85862353793,17759022.72059195,507499.65336751705,17719308.967739683,17344062.861968424,1.1175870895385742e-08
44340.0,44.86104051821981,40.74350892612023,0,150.49543251843852,451.48629755531556,497.2208103643962,41.487017852240456,0.0,33716642.33725237,25287481.75293927,7155543.424574018,417449.25835545064,17759022.72059195,507499.65336751705,17714489.070009805,17341573.46223651,3.725290298461914e-09
44400.0,44.65372959004981,40.74053160264241,0,145.1802221463399,435.5406664390197,493.07459180099613,41.481063205284826,0.0,33752114.2264543,25314085.66984072,7185257.00539802,419938.3007829027,17759022.72059195,507499.65336751705,17708890.363659807,17339084.41980906,1.1175870895385742e-08
44460.0,44.40376647622146,40.73755470650094,0,140.33009910688097,420.99029732064287,488.07532952442926,41.475109413001874,0.0,33786366.053689115,25339774.540266827,7214695.322531551,422426.9859571782,17759022.72059195,507499.65336751705,17702652.231778104,17336595.734634783,7.450580596923828e-09
44520.0,44.119856823376615,40.73457823763446,0,135.95562494760182,407.8668748428055,482.3971364675323,41.46915647526892,0.0,33819510.72886476,25364633.04664856,7243812.473705956,424915.31392955396,17759022.72059195,507499.65336751705,17695905.259013057,17334107.40666241,7.450580596923828e-09
44580.0,43.8101523805111,40.73160219598165,0,132.06626342518862,396.1987902755659,476.203047610222,41.4632043919633,0.0,33851663.56570165,25388747.674276225,7272572.667976605,427403.28475129907,17759022.72059195,507499.65336751705,17688771.721548326,17331619.43584066,3.725290298461914e-09
44640.0,43.48228070572369,40.7286265814812,0,128.67034377998417,386.0110313399525,469.6456141144738,41.4572531629624,0.0,33882942.013772376,25412206.51032927,7300949.579151459,429890.89847367565,17759022.72059195,507499.65336751705,17681366.03270414,17329131.822118286,7.450580596923828e-09
44700.0,43.14337219021431,40.725651394071804,0,125.77502827789614,377.32508483368844,462.86744380428615,41.45130278814361,0.0,33913465.38223559,25435099.036676675,7328925.733231506,432378.15514793823,17759022.72059195,507499.65336751705,17673795.14829724,17326644.565444026,1.1175870895385742e-08
44760.0,42.80008465607682,40.72267663369214,0,123.38628419916712,370.1588525975014,456.0016931215364,41.44535326738428,0.0,33943354.55631019,25457515.91723263,7356491.926799523,434865.0548253341,17759022.72059195,507499.65336751705,17666158.93560778,17324157.665766627,1.1175870895385742e-08
44820.0,42.45862576663712,40.719702300280936,0,121.50886042944262,364.52658128832786,449.17251533274236,41.43940460056187,0.0,33972731.7075763,25479548.78068221,7383646.673590699,437351.5975571031,17759022.72059195,507499.65336751705,17658550.50953442,17321671.12303486,1.1175870895385742e-08
44880.0,42.124773471378475,40.716728393776904,0,120.14626878344824,360.4388063503447,442.4954694275695,41.43345678755381,0.0,34001719.999223545,25501289.999417648,7410395.676755013,439837.7833944778,17759022.72059195,507499.65336751705,17651056.53926817,17319184.93719749,1.1175870895385742e-08
44940.0,41.803894691776264,40.713754914118766,0,119.30077016562336,357.9023104968701,436.0778938355253,41.42750982823753,0.0,34030443.28739574,25522832.465546798,7436751.324578197,442323.61238868337,17759022.72059195,507499.65336751705,17643757.52857993,17316699.10820329,1.1175870895385742e-08
45000.0,41.500962439549454,40.71078186124525,0,118.9733656453541,356.9200969360623,430.0192487909891,41.421563722490504,0.0,34059025.819802545,25544269.364851903,7462732.207666704,444809.08459093765,17759022.72059195,507499.65336751705,17636728.072594274,17314213.63600103,1.4901161193847656e-08
45060.0,41.2205715448493,40.70780923509512,0,119.16379249725405,357.49137749176214,424.41143089698596,41.41561847019024,0.0,34087591.932784244,25565693.949588176,7488362.655823479,447294.20005245117,17759022.72059195,507499.65336751705,17630037.09371226,17311728.52053952,1.4901161193847656e-08
45120.0,40.966953158678514,40.70483703560711,0,119.87052522939277,359.6115756881783,419.33906317357025,41.409674071214226,0.0,34116265.74802457,25587199.31101842,7513672.2930462845,449778.958824427,17759022.72059195,507499.65336751705,17623748.059147727,17309243.761767548,1.862645149230957e-08
45180.0,40.743988181304765,40.70186526271999,0,121.09078159469453,363.2723447840836,414.87976362609527,41.40373052543998,0.0,34145170.87010867,25608878.152581498,7538695.609269969,452263.36095806095,17759022.72059195,507499.65336751705,17617919.18235348,17306759.35963391,1.4901161193847656e-08
45240.0,40.55521975654799,40.698893916372526,0,122.82053355309978,368.46160065929934,411.1043951309598,41.39778783274505,-0.0,34174430.08611884,25630822.56458912,7563471.547648943,454747.40650454134,17759022.72059195,507499.65336751705,17612603.610435653,17304275.314087432,1.862645149230957e-08
45300.0,40.40386496053203,40.6959229965035,0,125.05452312470264,375.1635693741079,408.07729921064066,41.391845993006996,-0.0,34204165.06844947,25653123.80133709,7588043.106337151,457231.0955150494,17759022.72059195,507499.65336751705,17607849.599484906,17301791.625076924,1.4901161193847656e-08
45360.0,40.292825802757534,40.692952503051686,0,127.78628304712474,383.3588491413742,405.8565160551507,41.38590500610337,-0.0,34234496.08200537,25675872.061504014,7612456.953870694,459714.4280407589,17759022.72059195,507499.65336751705,17603700.679592572,17299308.29255121,1.1175870895385742e-08
45420.0,40.22469964713661,40.689982435955905,0,131.0081621240768,393.0244863722304,404.49399294273223,41.37996487191181,-0.0,34265541.69692326,25699156.27269244,7636763.057393431,462197.40413283603,17759022.72059195,507499.65336751705,17600195.811166186,17296825.316459138,1.4901161193847656e-08
45480.0,40.201789150900694,40.68701279515494,0,134.71135512653194,404.1340653795958,404.0357830180139,41.374025590309884,-0.0,34297418.50792628,25723063.880944695,7661014.323089231,464680.02384244004,17759022.72059195,507499.65336751705,17597369.53401304,17294342.69674953,1.4901161193847656e-08
45540.0,40.22611181002221,40.68404358058762,0,138.88593708342393,416.6578112502718,404.52223620044424,41.36808716117524,-0.0,34330240.86138495,25747680.6460387,7685266.248296413,467162.28722072253,17759022.72059195,507499.65336751705,17595252.11052158,17291860.43337125,1.862645149230957e-08
45600.0,40.299409190957796,40.68107479219276,0,143.52090177538625,430.5627053261587,405.9881838191559,41.36214958438552,-0.0,34364120.59111635,25773090.44333725,7709576.5848809285,469644.194318828,17759022.72059195,507499.65336751705,17593869.664137512,17289378.526273146,1.862645149230957e-08
45660.0,40.42315592010311,40.678106429909185,0,148.6042042230066,445.8126126690198,408.46311840206226,41.35621285981837,-0.0,34399166.76390539,25799375.072929032,7734005.013535528,472125.7451878933,17759022.72059195,507499.65336751705,17593244.314205628,17286896.97540408,1.862645149230957e-08
45720.0,40.59856849433485,40.67513849367575,0,154.12280694043238,462.36842082129715,411.97136988669695,41.350276987351506,-0.0,34435485.43567997,25826614.076759968,7758612.828752988,474606.9398790482,17759022.72059195,507499.65336751705,17593394.30812795,17284415.78071293,1.862645149230957e-08
45780.0,40.82661396838636,40.67217098343129,0,160.06272970618159,480.18818911854476,416.53227936772726,41.344341966862586,0.0,34473179.41921418,25854884.56441062,7783462.634292868,477087.778443415,17759022.72059195,507499.65336751705,17594334.151674356,17281934.942148563,1.862645149230957e-08
45840.0,41.10801856755379,40.66920389911467,0,166.40910258567195,499.22730775701586,422.1603713510758,41.33840779822934,0.0,34512348.06417215,25884261.048129093,7808618.04902383,479568.2609321088,17759022.72059195,507499.65336751705,17596074.738173172,17279454.459659863,1.862645149230957e-08
45900.0,41.44327626734628,40.666237240664756,0,173.1462219245404,519.4386657736212,428.86552534692555,41.33247448132951,0.0,34553087.05023961,25914815.287679687,7834143.42307754,482048.3873962372,17759022.72059195,507499.65336751705,17598623.47720593,17276974.333195735,1.862645149230957e-08
45960.0,41.832657375173476,40.66327100802042,0,180.2576090182154,540.7728270546462,436.65314750346954,41.32654201604085,0.0,34595488.19402099,25946616.145515725,7860103.564296168,484528.15788690053,17759022.72059195,507499.65336751705,17601984.423332676,17274494.562705074,1.862645149230957e-08
46020.0,42.27621714300013,40.66030520112055,0,187.72607115166275,563.1782134549883,445.52434286000266,41.3206104022411,0.0,34639639.27030786,25979729.452730875,7886563.47499392,487007.57245519187,17759022.72059195,507499.65336751705,17606158.405281782,17272015.14813678,1.4901161193847656e-08
46080.0,42.77380443408366,40.65733981990404,0,195.53376469367154,586.6012940810147,455.47608868167316,41.31467963980808,0.0,34685623.84824983,26014217.886187352,7913588.099084143,489486.63115219685,17759022.72059195,507499.65336751705,17611143.15595103,17269536.089439776,1.862645149230957e-08
46140.0,43.32507046145043,40.65437486430978,0,203.66225992260698,610.986779767821,466.5014092290086,41.30874972861956,0.0,34733521.142882414,26050140.857161794,7941242.07964808,491965.3340289938,17759022.72059195,507499.65336751705,17616933.443484735,17267057.386562977,1.4901161193847656e-08
46200.0,43.92947761064757,40.6514103342767,0,212.0926072552628,636.2778217657884,478.58955221295133,41.302820668553395,0.0,34783405.88238803,26087554.411791015,7969589.527039344,494443.6811366537,17759022.72059195,507499.65336751705,17623521.203615036,17264579.03945532,1.862645149230957e-08
46260.0,44.58630835453777,40.6484462297437,0,220.80540454720676,662.4162136416203,491.72616709075544,41.296892459487395,0.0,34835348.1913872,26126511.143540386,7998693.797630363,496921.6725262402,17759022.72059195,507499.65336751705,17630895.673383795,17262101.04806573,1.1175870895385742e-08
46320.0,45.29467426347284,40.64548255064971,0,229.7808651319879,689.3425953959637,505.89348526945685,41.29096510129942,0.0,34889413.49047702,26167060.11785775,8028617.2833137,499399.3082488097,17759022.72059195,507499.65336751705,17639043.526295252,17259623.41234316,1.1175870895385742e-08
46380.0,46.05352511009506,40.642519296933685,0,238.99888626753477,716.9966588026043,521.0705022019011,41.28503859386737,0.0,34945662.41215467,26209246.809115995,8059421.211872608,501876.58835541125,17759022.72059195,507499.65336751705,17647949.008887984,17257146.13223656,7.450580596923828e-09
46440.0,46.10165311141395,40.65334171076675,1,248.4391176611977,745.3173529835931,522.033062228279,41.306683421533506,683.2182496411588,35004150.73318395,26253113.04988795,8091040.8449194655,504353.7380962972,17770547.408297274,507901.5945183987,17657718.466872215,17266193.670201007,2.60770320892334e-08
46500.0,44.763182134091366,40.69251885305599,1,258.08102974989436,774.2430892496831,495.2636426818273,41.38503770611197,510.4611754418366,35064929.32338483,26298696.99253862,8121468.8864069,506834.6129655659,17805780.37412034,509401.5945183987,17670393.493166175,17298945.761154804,2.2351741790771484e-08
46560.0,44.11646172119827,40.72275182174707,1,267.9039814188551,803.7119442565653,482.32923442396543,41.445503643494135,425.5712213911808,35128044.110749155,26346033.083061855,8150746.044537179,509319.5897261798,17833540.1127067,510901.5945183987,17685967.448798522,17324220.52298055,2.60770320892334e-08
46620.0,43.855656729697586,40.748813715920065,1,277.88728685122857,833.6618605536858,477.1131345939517,41.49762743184013,389.5981139277011,35193536.062710546,26395152.0470329,8179501.020313792,511807.9092644959,17857816.175773643,512401.5945183987,17703843.11745464,17346008.266509175,2.9802322387695312e-08
46680.0,43.810952100537556,40.77336395266732,1,288.0102812114175,864.0308436342525,476.2190420107511,41.546727905334635,380.91355374292783,35261441.18332419,26446080.88749313,8208085.095501024,514299.2460541857,17880831.510484036,513901.5945183987,17723696.54593794,17366532.26442988,2.2351741790771484e-08
46740.0,43.88797819757461,40.79788785043521,1,298.25238487712505,894.7571546313752,477.7595639514922,41.59577570087042,387.49732953128097,35331790.52604192,26498842.894531425,8236695.462208773,516793.5163952158,17903827.75935903,515401.5945183987,17745353.915927455,17387034.242963836,1.862645149230957e-08
46800.0,44.03421239009985,40.823217798037234,1,308.59316594882813,925.7794978464844,480.68424780199706,41.64643559607447,402.65872184465235,35404610.221701644,26553457.66627622,8265443.629419587,519290.77184602455,17927500.851005133,516901.5945183987,17768723.26501063,17408210.07915913,2.2351741790771484e-08
46860.0,44.22034355732005,40.849822346534346,1,319.0124007803591,957.0372023410773,484.406871146401,41.69964469306869,422.6633598325272,35479921.521286525,26609941.14096488,8294393.3659910625,521791.1399113239,17952242.621614013,518401.5945183987,17793756.635062512,17430451.48170271,1.862645149230957e-08
46920.0,44.4299360756651,40.87796657958411,1,329.49013229058045,988.4703968717413,488.59872151330194,41.75593315916822,445.4169748085556,35557740.85294984,26668305.639712367,8323581.747101826,524294.7909432687,17978274.851475563,519901.5945183987,17820429.101667292,17453980.060532317,1.862645149230957e-08
46980.0,44.653697270736785,40.907801090417095,1,340.0067258334168,1020.0201775002504,493.0739454147357,41.81560218083419,469.7353810120891,35638079.892745964,26728559.91955945,8353030.829324685,526801.9195850418,18005723.63117371,521401.5945183987,17848727.170649745,17478921.711588692,2.2351741790771484e-08
47040.0,44.886298257969365,40.939411363496816,1,350.5429224217221,1051.6287672651663,497.72596515938733,41.87882272699363,494.9396165668576,35720945.64845644,26790709.236342303,8382754.128305575,529312.7342838729,18034660.63416719,522901.5945183987,17878642.373752877,17505347.899883337,2.2351741790771484e-08
47100.0,45.12461105254281,40.972845198097914,1,361.0798891194561,1083.2396673583683,502.4922210508562,41.94569039619583,520.63143814739,35806340.55585363,26854755.416890193,8412760.214208575,531827.4512836421,18065126.036893476,524401.5945183987,17910167.751398,17533298.585609857,2.60770320892334e-08
47160.0,45.366731219655044,41.0081279564265,1,371.59926643611504,1114.797799308345,507.33462439310085,42.016255912853,546.5688492088595,35894262.58670173,26920696.940026272,8443054.709052525,534346.2911063873,18097141.262678925,525901.5945183987,17943295.939867377,17562794.971572552,1.862645149230957e-08
47220.0,45.61143621655513,41.04527106216923,1,382.08321257736003,1146.2496377320801,512.2287243311025,42.090542124338455,572.5971103599918,35984705.36775804,26988529.02581851,8473641.39817772,536869.4764190096,18130716.08439247,527401.5945183987,17978018.1512218,17593846.607973475,1.862645149230957e-08
47280.0,45.857885374038766,41.08427675879062,1,392.5144444258748,1177.5433332776242,517.1577074807753,42.168553517581245,598.6105203521172,36077658.31000426,27058243.73250317,8504522.850870218,539397.2306734283,18165852.601022374,528901.5945183987,18014323.65095954,17626455.37034896,1.862645149230957e-08
47340.0,46.105453880965285,41.12514079648899,1,402.87627514676865,1208.628825440306,522.1090776193057,42.250281592977984,624.5312607933272,36173106.74730999,27129830.060482476,8535700.769221952,541929.7771812703,18202547.48304605,530401.5945183987,18052199.514079276,17660617.7058648,2.2351741790771484e-08
47400.0,46.353641067888915,41.167853973226904,1,413.1526483318663,1239.457944995599,527.0728213577784,42.33570794645381,650.2977016706161,36271032.083707914,27203274.062780917,8567176.186709432,544467.338435487,18240793.260053158,531901.5945183987,18091630.537636023,17696325.92161769,2.60770320892334e-08
47460.0,46.602019872859714,41.212403042851186,1,423.3281686171013,1269.984505851304,532.0403974571943,42.42480608570237,675.8579504830693,36371411.94844125,27278558.96133092,8598949.583839286,547010.1355751777,18280579.079398744,533401.5945183987,18132599.241916485,17733568.94382359,2.9802322387695312e-08
47520.0,46.85020911963531,41.258771274565426,1,433.38812872652665,1300.1643861795799,537.0041823927062,42.51754254913085,701.1663057717633,36474220.357931495,27355665.268448602,8631020.958181012,549558.3879363945,18321891.173473068,534901.5945183987,18175085.922331225,17772332.785536695,2.9802322387695312e-08
47580.0,47.0978584185499,41.30693882113282,1,443.31853291525476,1329.9555987457643,541.9571683709979,42.613877642265635,726.1813175161018,36579427.88380489,27434570.91285364,8663389.869450927,552112.3126574624,18364713.167124473,536401.5945183987,18219068.730745282,17812600.854467034,3.3527612686157227e-08
47640.0,47.344640037663844,41.35688298280561,1,453.1061168015627,1359.318350404688,546.8928007532769,42.713765965611216,750.8647346792227,36687001.82611191,27515251.369583912,8696055.471071906,554672.1243215926,18409026.297947053,537901.5945183987,18264523.774190444,17854354.173625488,2.9802322387695312e-08
47700.0,47.59024460872425,41.40857841493877,1,462.7383635955186,1388.2150907865557,551.804892174485,42.81715682987755,775.1809407006984,36796906.39087381,27597679.79315534,8729016.534508254,557238.0346274415,18454809.589516226,539401.5945183987,18311425.22401968,17897571.554888815,3.725290298461914e-08
47760.0,47.83437892867587,41.46199730559279,1,472.2035167474439,1416.6105502423318,556.6875785735174,42.92399461118558,799.0966555346181,36909102.8710937,27681827.153320253,8762271.469831988,559810.2520825915,18502039.999558132,540901.5945183987,18359745.43140571,17942229.747475572,3.3527612686157227e-08
47820.0,48.07676489203566,41.51710953742262,1,481.49058905441854,1444.4717671632557,561.5352978407133,43.03421907484524,822.5807814684755,37023549.83037734,27767662.37278298,8795818.344399868,562388.9817172991,18550692.55500258,542401.5945183987,18409455.046665847,17988303.57328531,3.3527612686157227e-08
47880.0,48.31713901921384,41.57388284149338,1,490.58936827655714,1471.7681048296713,566.3427803842768,43.14776568298676,845.6043246861458,37140203.28831956,27855152.466239646,8829654.900645876,564974.4248171315,18600740.480305567,543901.5945183987,18460523.14077667,18035766.055488463,2.9802322387695312e-08
47940.0,48.55525228436015,41.632282946975266,1,499.49041932695025,1498.4712579808506,571.1050456872031,43.26456589395053,868.1403549080645,37259016.906826,27944262.680119473,8863778.573508997,567566.7786737863,18652155.322345078,545401.5945183987,18512917.327936724,18084588.54367132,3.3527612686157227e-08
48000.0,48.79087007871332,41.69227372863081,1,508.18508310989256,1524.5552493296777,575.8174015742663,43.38454745726162,890.1639823003466,37379942.17655659,28034956.63241742,8898186.507747667,570166.2363537302,18704907.07348906,546901.5945183987,18566603.888316054,18134740.837135356,2.9802322387695312e-08
48060.0,49.023772218961305,41.753817352882336,1,516.6654720911293,1549.9964162733881,580.4754443792261,43.50763470576467,911.6523402063026,37502928.60269641,28127196.45202229,8932875.575243821,572772.9864844461,18758964.293494053,548401.5945183987,18621547.890294053,18186191.307009634,2.9802322387695312e-08
48120.0,49.25375295098779,41.81687442263088,1,524.9244626914909,1574.7733880744727,585.0750590197558,43.63374884526176,932.5845674559561,37627923.8892802,28220942.91696013,8967842.392317789,575387.213058135,18814294.23037753,549901.5945183987,18677713.311584234,18238907.01731942,2.9802322387695312e-08
48180.0,49.48062092211551,41.8814041206636,1,532.9556846011938,1598.8670538035813,589.6124184423103,43.76280824132721,952.9417869020693,37754874.12131988,28316155.59098989,9003083.337030703,578009.0952527131,18870862.94012746,551401.5945183987,18735063.158706505,18292853.844874773,2.9802322387695312e-08
48240.0,49.70419910762181,41.94736435130947,1,540.7535071165215,1622.2605213495644,594.0839821524362,43.894728702618934,972.7070784415679,37883723.94400816,28412792.9580061,9038594.566427166,580638.807269917,18928635.404964607,552901.5945183987,18793559.58430904,18347996.597694714,2.2351741790771484e-08
48300.0,49.924324684363576,42.01471187991361,1,548.3130226033177,1644.939067809953,598.4864936872715,44.029423759827225,991.8654456780254,38014416.73829598,28510812.55372196,9074372.033658471,583276.5181902815,18987575.64979804,554401.5945183987,18853164.001873232,18404299.13160778,2.2351741790771484e-08
48360.0,50.1408488482938,42.08340246965967,1,555.6300271930436,1666.8900815791308,602.8169769658759,44.166804939319334,1010.4037758807201,38146894.79216704,28610171.09412526,9110411.504920693,585922.3918446994,19047646.856480163,555901.5945183987,18913837.197359886,18461724.46463548,2.2351741790771484e-08
48420.0,50.353636574849794,42.15339101525582,1,562.7009988169125,1688.1029964507375,607.0727314969959,44.30678203051164,1028.3107931730842,38281099.46695785,28710824.60021837,9146708.57613956,588576.5867022177,19108811.475456066,557401.5945183987,18975539.43737661,18520234.888753865,1.862645149230957e-08
48480.0,50.56256632241266,42.224631673001525,1,569.5230726821554,1708.5692180464662,611.2513264482532,44.44926334600305,1045.577005036156,38416971.358096935,28812728.51857268,9183258.689333571,591239.2557736626,19171031.33440292,558901.5945183987,19038230.573465463,18579792.078629274,1.862645149230957e-08
48540.0,50.76752967970162,42.29707798676137,1,576.0940142917271,1728.2820428751816,615.3505935940324,44.594155973522746,1062.1946422947067,38554450.44966157,28915837.837246154,9220057.148587512,593910.5465306325,19234267.743463118,560401.5945183987,19101870.142128035,18640357.19693251,2.9802322387695312e-08
48600.0,50.968430958312595,42.37068300938625,1,582.4121901051376,1747.2365703154128,619.3686191662518,44.741366018772496,1078.1575927953638,38693476.26217431,29020107.196630705,9257099.135569803,596590.6008393386,19298481.59668622,561901.5945183987,19166417.460221592,18701890.995846905,2.9802322387695312e-08
48660.0,51.16518673177318,42.44539941913793,1,588.4765359336,1765.4296078007999,623.3037346354637,44.890798838275856,1093.4613290044608,38833987.993084386,29125490.994813267,9294379.724528663,599279.5549087208,19363633.46930801,563401.5945183987,19231831.715375904,18764353.914399307,1.862645149230957e-08
48720.0,51.35772532253839,42.52117963068978,1,594.2865231577731,1782.8595694733194,627.1545064507678,45.04235926137956,1108.102829757816,38975924.649400935,29231943.487050682,9331893.896703761,601977.5392522139,19429683.71050885,564901.5945183987,19298072.05109473,18827706.171256654,2.2351741790771484e-08
48780.0,51.545986238343,42.59797590029286,1,599.8421228512022,1799.5263685536067,630.91972476686,45.19595180058572,1122.0804963914873,39119225.17196558,29339418.87897416,9369636.554091725,604684.6786624866,19496592.53130729,566401.5945183987,19365097.646219976,18891907.85264483,2.9802322387695312e-08
48840.0,51.72991955927846,42.67574042471307,1,605.1437678875424,1815.4313036626272,634.5983911855692,45.35148084942614,1135.3940634744995,39263828.55087112,29447871.413153313,9407602.532505605,607401.092198432,19564320.087258536,567901.5945183987,19432867.788449302,18956918.995060127,2.60770320892334e-08
48900.0,51.9094852769017,42.75442543356052,1,610.1923131051587,1830.5769393154762,638.189705538034,45.50885086712104,1148.0445043549837,39409673.93155151,29557255.448663607,9445786.613869876,610126.893183636,19632826.555640213,569401.5945183987,19501341.94161012,19022699.662456594,2.60770320892334e-08
48960.0,52.0846525866149,42.83398327464699,1,614.9889935990814,1844.966980797244,641.693051732298,45.66796654929398,1160.033931720776,39556700.71108516,29667525.533313844,9484183.537694255,612862.1892155131,19702072.20682038,570901.5945183987,19570479.806404106,19089210.017604884,3.3527612686157227e-08
49020.0,52.25539913449887,42.914366492021756,1,619.5353812080923,1858.606143624277,645.1079826899775,45.82873298404351,1171.3654933666303,39704848.62427043,29778636.468202796,9522788.011670904,615607.0821842462,19772017.46951442,572401.5945183987,19640241.374347672,19156410.38733019,2.9802322387695312e-08
49080.0,52.42171021974313,42.99552789634953,1,623.8333392642878,1871.5000177928634,648.4342043948627,45.99105579269906,1182.043263353558,39854057.81904812,29890543.364286065,9561594.721341094,618361.6683006365,19842622.98964883,573901.5945183987,19710586.97464435,19224261.321348205,1.862645149230957e-08
49140.0,52.58357795380819,43.07742062730739,1,627.8849756743875,1883.6549270231626,651.6715590761637,46.15484125461478,1192.0721287432,40004268.92086229,30003201.690646693,9600598.33877869,621126.0381319231,19913849.682560887,575401.5945183987,19781477.313736103,19292723.64442898,2.2351741790771484e-08
49200.0,52.74100037748438,43.159998207690975,1,631.6925944067511,1895.0777832202534,654.8200075496877,46.31999641538195,1201.4576720920932,40155423.08556772,30116567.314175766,9639793.530239271,623900.2766445944,19985658.77827424,576901.5945183987,19852873.50729192,19361758.501629654,2.2351741790771484e-08
49260.0,52.89398053709513,43.243214588933725,1,635.2586454660785,1905.7759363982354,657.8796107419026,46.48642917786745,1210.2060498994404,40307462.04051102,30230596.53038324,9679174.962725066,626684.4632531813,20058011.859601762,578401.5945183987,19924737.104405023,19431327.396348596,2.9802322387695312e-08
49320.0,53.042525521232704,43.32702418775729,1,638.5856734495416,1915.7570203486248,660.8505104246541,46.65404837551458,1218.323867217817,40460328.11343342,30345246.08507504,9718737.309417501,629478.6718739831,20130870.892839063,579901.5945183987,19997030.103783585,19501392.220965095,2.9802322387695312e-08
49380.0,53.18664545962915,43.411381913687414,1,641.6762647941356,1925.0287943824069,663.732909192583,46.82276382737483,1225.8180486610934,40613964.24886761,30460473.186650682,9758475.253930949,632282.9709826447,20204198.25082531,581401.5945183987,20069714.961737115,19571915.27984268,2.60770320892334e-08
49440.0,53.32635248605844,43.4962431871873,1,644.5329938456961,1933.598981537088,666.5270497211689,46.99248637437459,1232.6957060784412,40768314.01172968,30576235.508797236,9798383.493343327,635097.4236744767,20277956.728163045,582901.5945183987,20142754.591779456,19642859.30448858,2.2351741790771484e-08
49500.0,53.46165966755156,43.5815639481816,1,647.1583679057381,1941.4751037172146,669.2331933510311,47.16312789636321,1238.9640032089922,40923321.57784158,30692491.18338116,9838456.739961714,637922.087726377,20352109.548406184,584401.5945183987,20216112.355693094,19714187.46067982,2.60770320892334e-08
49560.0,53.59257990268976,43.667300654768724,1,649.5547714432521,1948.6643143297563,671.8515980537951,47.33460130953745,1244.6300176892973,41078931.71116047,30809198.78337033,9878689.721784173,640757.0156591866,20426620.363045827,585901.5945183987,20289752.045927,19785863.347386654,2.9802322387695312e-08
49620.0,53.7191247923311,43.753410271948184,1,651.7244096950664,1955.1732290851992,674.3824958466221,47.50682054389637,1249.7006008560177,41235089.72754074,30926317.295655534,9919077.18162261,643602.2547992961,20501453.24214797,587401.5945183987,20363637.85923365,19857850.987348683,2.2351741790771484e-08
49680.0,53.84130348682753,43.83985025022476,1,653.6692519204144,1961.007755761243,676.8260697365506,47.67970050044951,1254.1822358699874,41391741.44491277,31043806.083684556,9959613.874855977,646457.8473382912,20576572.656526178,588901.5945183987,20437734.36149031,19930114.809187897,2.2351741790771484e-08
49740.0,53.95912151460522,43.92657849399191,1,655.3909746228329,1966.1729238684989,679.1824302921044,47.85315698798382,1258.080894784909,41548833.11983214,31161624.83987409,10000294.565788377,649323.8303894189,20651943.45136664,590401.5945183987,20512006.443696316,20002619.620977238,2.2351741790771484e-08
49800.0,54.072579597914725,44.01355331964607,1,656.8909051052947,1970.672715315884,681.4515919582946,48.02710663929214,1261.401895294889,41706311.370434225,31279733.52782565,10041114.02259319,652200.2360396434,20727530.811263748,591901.5945183987,20586419.269192837,20075330.575224116,1.862645149230957e-08
49860.0,54.181672462601576,44.10073340344013,1,658.169965782053,1974.509897346159,683.6334492520315,48.20146680688026,1264.149758018845,41864123.08592369,31398092.314442746,10082067.010831732,655087.0913960611,20803300.216672,593401.5945183987,20660938.212214973,20148213.12527595,1.862645149230957e-08
49920.0,54.28638764990374,44.18807771915094,1,659.2286197325357,1977.685859197607,685.7277529980747,48.37615543830188,1266.3280653164009,42022215.322837576,31516661.49212816,10123148.285543999,657984.4186254439,20879217.391835615,594901.5945183987,20735528.78795874,20221232.973210186,2.2351741790771484e-08
49980.0,54.386704339533985,44.275545465712305,1,660.0668180478488,1980.2004541435463,687.7340867906797,48.55109093142461,1267.9393227772384,42180535.18844476,31635401.391333546,10164352.581919368,660892.2349856993,20955248.24432118,596401.5945183987,20810156.5744285,20294356.009335488,1.862645149230957e-08
50040.0,54.482592194644056,44.36309598505248,1,660.6839495881003,1982.0518487643008,689.6518438928811,48.72619197010496,1268.9848246827833,42339029.711784765,31754272.28383855,10205674.604566978,663810.5528480562,21031358.79635192,597901.5945183987,20884787.126423538,20367548.243503876,2.2351741790771484e-08
50100.0,54.57401024067262,44.45068867047397,1,661.0787938374388,1983.2363815123163,691.4802048134525,48.901377340947946,1269.4645249029104,42497645.7030057,31873234.277254254,10247109.01541913,666739.3797088196,21107515.108225044,599401.5945183987,20959385.882126328,20440775.72851624,2.2351741790771484e-08
50160.0,54.66090579152926,44.5382828660247,1,661.2494776119933,1983.7484328359797,693.2181158305852,49.0765657320494,1269.3769148582714,42656329.60183395,31992247.201375432,10288650.420316286,669678.7181895849,21183683.194186218,600901.5945183987,21033918.06286959,20514004.47599665,2.9802322387695312e-08
50220.0,54.74321343803356,44.62583775743242,1,661.1934364419865,1983.5803093259594,694.8642687606712,49.25167551486484,1268.7189103473822,42815027.316197544,32111270.487148136,10330293.354339287,672628.5660248655,21259828.931238353,602401.5945183987,21108348.56678401,20587200.365213506,2.60770320892334e-08
50280.0,54.82085411498067,44.71331225530921,1,660.9073815112221,1982.7221445336663,696.4170822996134,49.426624510618424,1267.4857492028007,42973684.05223004,32230263.039172504,10372032.265973156,675588.9160361583,21335917.96147465,603901.5945183987,21182641.857163213,20660329.045438502,2.2351741790771484e-08
50340.0,54.89373426460178,44.80066487147963,1,660.3872730927224,1981.161819278167,697.8746852920357,49.601329742959265,1265.6709018975175,43132244.13709993,32349183.10282492,10413861.50020737,678559.7560915751,21411915.588648535,605401.5945183987,21256761.846526,20733355.832556974,2.9802322387695312e-08
50400.0,54.96174511549401,44.887853589443246,1,659.6283014661495,1978.8849043984487,699.2349023098802,49.77570717888649,1263.265997366766,43290650.83634246,32467988.127256814,10455775.280699605,681541.0690502682,21487786.669824813,606901.5945183987,21330671.777506962,20806245.600774553,2.2351741790771484e-08
50460.0,55.02476209725566,44.974835730149536,1,658.6248763382873,1975.874629014862,700.4952419451132,49.94967146029907,1260.2607664351078,43448846.16761123,32586634.62570839,10497767.691153549,684532.8326910178,21563495.503096018,608401.5945183987,21404334.101863846,20878962.67040501,2.2351741790771484e-08
50520.0,55.08264441203636,45.061567814437986,1,657.3706258096473,1972.111877428942,701.6528882407272,50.12313562887597,1256.643005338836,43606770.71301526,32705078.034761414,10539832.656086234,687535.0196244998,21639005.71249464,609901.5945183987,21477710.3590507,20951470.692870155,2.2351741790771484e-08
50580.0,55.13523478494112,45.148005423677596,1,655.8584059356028,1967.5752178068085,702.7046956988224,50.29601084735519,1252.3985619024456,43764363.43245851,32823272.574343856,10581963.921186373,690547.5971889198,21714280.131383378,611401.5945183987,21550761.055968586,21023732.53419447,2.2351741790771484e-08
50640.0,55.18235941566056,45.2341030603247,1,654.080321916642,1962.240965749926,703.6471883132111,50.4682061206494,1247.5113469591165,43921561.48064916,32941171.110486843,10624155.033491604,693570.5273289015,21789280.685760334,612901.5945183987,21623445.549666356,21095710.158431448,1.862645149230957e-08
50700.0,55.22382815377918,45.319814010303375,1,652.0277619169007,1956.083285750702,704.4765630755836,50.63962802060675,1241.963373591866,44078300.03069036,33058725.023017738,10666399.321639722,696603.7664577323,21863968.27907134,614401.5945183987,21695721.934920307,21167364.51261362,2.2351741790771484e-08
50760.0,55.25943491989017,45.40509020929554,1,649.691444450681,1949.0743333520431,705.1886983978034,50.810180418591074,1235.7348267085667,44234512.10739768,33175884.080548234,10708689.876475533,699647.2653033065,21938302.68027436,615901.5945183987,21767546.938769422,21238655.41497107,2.9802322387695312e-08
50820.0,55.288958393859545,45.48988211520378,1,647.061480191094,1941.184440573282,705.779167877191,50.979764230407554,1228.8041653434332,44390128.433703884,33292596.32527788,10751019.532321285,702700.9687383706,22012242.417048715,617401.5945183987,21838875.82421825,21309541.448310357,2.60770320892334e-08
50880.0,55.31216299029536,45.5741385892153,1,644.12744894155,1932.38234682465,706.2432598059072,51.148277178430604,1221.1482598954397,44545077.29370373,33408807.970277768,10793380.84924341,705764.8155959544,22085744.676179938,618901.5945183987,21909662.30543842,21379979.86058399,1.862645149230957e-08
50940.0,55.32880013943772,45.65780678804507,1,640.8784923682267,1922.6354771046801,706.5760027887543,51.31561357609014,1212.7425662646376,44699284.416053064,33524463.312039763,10835766.096671363,708838.7384711754,22158765.21327685,620401.5945183987,21979858.476897243,21449926.47480568,2.2351741790771484e-08
51000.0,55.33860988926686,45.740832070065494,1,637.3034229191445,1911.9102687574336,706.7721977853373,51.48166414013099,1203.5613385278516,44852672.88155934,33639504.66116948,10878167.238744823,711922.6635109166,22231258.274085663,621901.5945183987,22049414.758913755,21519335.610574752,1.862645149230957e-08
51060.0,55.3413228415959,45.82315791813392,1,633.3908491528927,1900.1725474586779,706.826456831918,51.646315836267846,1193.5778814021314,45005163.05887978,33753872.2941598,10920575.92178271,715016.510193214,22303176.52975316,623401.5945183987,22118279.8621839,21588160.01955996,2.2351741790771484e-08
51120.0,55.33666243126435,45.90472588200189,1,629.1293174680062,1887.3879524040185,706.733248625287,51.80945176400378,1182.7648432775125,45156672.57226901,33867504.429201715,10962983.464280665,718120.191098529,22374471.0284521,624901.5945183987,22186400.773822546,21656350.83735358,2.60770320892334e-08
51180.0,55.324347553275366,45.98547554322696,1,624.5074699637903,1873.522409891371,706.4869510655074,51.97095108645392,1171.0945500600699,45307116.30528586,33980337.228964366,11005380.849852081,721233.6116754306,22445091.16581316,626401.5945183987,22253722.76743687,21723857.55413774,1.4901161193847656e-08
51240.0,55.30409553783637,46.06534450550314,1,619.5142178772983,1858.5426536318948,706.0819107567273,52.13068901100628,1158.5393794545864,45456406.44426992,34092304.83320241,11047758.723530697,724356.6700035629,22514984.676604174,627901.5945183987,22320189.43966817,21790628.006600626,2.2351741790771484e-08
51300.0,55.275625467803614,46.14426841327506,1,614.138929732217,1842.4167891966508,705.5125093560723,52.288536826550114,1145.072174637881,45604452.56522888,34203339.42392163,11090107.391849529,727489.2565571226,22584097.65005506,629401.5945183987,22385742.775515,21856608.393497948,2.2351741790771484e-08
51360.0,55.238661827039365,46.22218100139918,1,608.371633007673,1825.114899023019,704.7732365407874,52.44436200279836,1130.6666955352794,45751161.76753129,34313371.325648434,11132416.827100752,730631.2539724037,22652374.5711421,630901.5945183987,22450323.244575307,21921743.317169715,2.9802322387695312e-08
51420.0,55.19293846173755,46.29901417845849,1,602.2032277932778,1806.6096833798335,703.858769234751,52.598028356916984,1115.2981051231934,45896438.85747224,34422329.14310416,11174676.676163517,733782.5368232976,22719758.39001458,632401.5945183987,22513869.930117365,21985975.8531913,2.2351741790771484e-08
51480.0,55.13820282993813,46.374698146122384,1,595.6257105469499,1786.8771316408497,702.7640565987626,52.74939629224477,1098.9434873504945,46040186.58436988,34530139.938277386,11216876.274261093,736942.9714089301,22786190.62156723,633901.5945183987,22576320.692607384,22049247.650158312,2.2351741790771484e-08
51540.0,55.07422050734251,46.449161556667754,1,588.6324057207738,1765.8972171623213,701.4844101468502,52.89832311333551,1081.5823924146143,46182305.93135607,34636729.448517025,11259004.663974773,740112.4155578914,22851611.476932123,635401.5945183987,22637612.368984383,22111499.061374243,2.2351741790771484e-08
51600.0,55.00077991027519,46.522331710440085,1,581.2182026747015,1743.6546080241046,700.0155982055038,53.04466342088017,1063.1974042593224,46322696.462446816,34742022.34683508,11301050.619799314,743290.7184537502,22915960.02838165,636901.5945183987,22697681.008582037,22172669.30992791,2.60770320892334e-08
51660.0,54.91769718935609,46.59413479463331,1,573.3797949663873,1720.139384899162,698.3539437871218,53.188269589266625,1043.7747242982364,46461256.72681854,34845942.54511387,11343002.678473374,746477.7204867301,22979174.408800166,638401.5945183987,22756462.146153793,22232696.68831345,2.9802322387695312e-08
51720.0,54.82482124029843,46.66449616430684,1,565.1159187961608,1695.3477563884826,696.4964248059686,53.32899232861368,1023.3047645293449,46597884.72047986,34948413.54035986,11384849.175258324,749673.2531365663,23041192.046497073,639901.5945183987,22813891.111964993,22291518.793360516,2.2351741790771484e-08
51780.0,54.72203877140092,46.73334066603826,1,556.4275871080778,1669.2827613242334,694.4407754280184,53.46668133207652,1001.7827424124773,46732478.404721424,35049358.80354104,11426578.286270417,752877.1388916426,23101949.935699616,641401.5945183987,22869903.378379,22349072.796807986,1.4901161193847656e-08
51840.0,54.60927936092431,46.80059300403655,1,547.318315609803,1641.954946829409,692.1855872184863,53.6011860080731,979.2092691537252,46864936.279857084,35148702.20989279,11468178.076894863,756089.1912095186,23161384.942584064,642901.5945183987,22924434.94178842,22405295.751374554,1.4901161193847656e-08
51900.0,54.48652043182382,46.866178147917225,1,537.7943367847879,1613.3830103543637,689.7304086364763,53.73235629583445,955.5909224018869,46995158.01184899,35246368.50888671,11509636.55622667,759309.2145239015,23219434.146182694,644401.5945183987,22977422.738136157,22460124.9316588,1.862645149230957e-08
51960.0,54.35379206641719,46.93002178067577,1,527.8647978379718,1583.5943935139153,687.0758413283438,53.860043561351546,930.9407938319739,47123045.10844972,35342283.83133726,11550941.737393092,762537.0043029803,23276035.212947916,645901.5945183987,23028805.089641202,22513498.208644945,1.4901161193847656e-08
52020.0,54.21118157969247,46.99205078469729,1,517.5419384491321,1552.6258153473964,684.2236315938494,53.98410156939458,905.2790016923956,47248501.64051108,35436376.23038327,11592081.703517145,765772.3471638252,23331126.803170748,647401.5945183987,23078522.179702323,22565354.456006937,2.60770320892334e-08
52080.0,54.05883776726451,47.052193762918456,1,506.84124421270695,1520.523732638121,681.1767553452901,54.10438752583691,878.6331581449947,47371435.00311792,35528576.2523384,11633044.678982375,769015.021047249,23384649.006847065,648901.5945183987,23126516.552308798,22615633.98579983,2.2351741790771484e-08
52140.0,53.89697474263081,47.11038159152467,1,495.78157172553364,1487.3447151766009,677.9394948526162,54.22076318304934,851.0387811487097,47491756.71022475,35618817.53266852,11673819.105557315,772264.7954571403,23436543.805971753,650401.5945183987,23172733.631654087,22664279.010514624,1.862645149230957e-08
52200.0,53.72587527850183,47.166547999832844,1,484.38524144862737,1453.1557243458822,674.5175055700366,54.33309599966569,822.539640745091,47609383.21552155,35707037.41164112,11714393.722835556,775521.4317677986,23486755.559628043,651901.5945183987,23217122.25703778,22711234.127860256,1.4901161193847656e-08
52260.0,53.54589356869022,47.220630172292836,1,472.67809471907356,1418.0342841572206,670.9178713738044,54.44126034458567,793.1880299082317,47724236.75135386,35793177.56351535,11754757.652345963,778784.6836022364,23535231.50763904,653401.5945183987,23259635.227567162,22756446.82403681,1.1175870895385742e-08
52320.0,53.35745733044187,47.27256936685245,1,460.6895116240735,1382.0685348722204,667.1491466088373,54.5451387337049,763.0449506341128,47836246.17669104,35877184.63251824,11794900.48458921,782054.2972837642,23581922.287972406,654901.5945183987,23300229.850645278,22799867.990688648,1.4901161193847656e-08
52380.0,53.161069172216884,47.32231154328707,1,448.45238687056997,1345.3571606117098,663.2213834443377,54.64462308657414,732.1802066677984,47945347.8243964,35959010.86829725,11834812.368163574,785330.0123624444,23626782.462550428,656401.5945183987,23338868.487771247,22841452.450187992,1.4901161193847656e-08
52440.0,52.957307158814174,47.3698079945112,1,436.0030612875696,1308.0091838627088,659.1461431762834,54.7396159890224,700.6723952035932,48051486.33742358,36038614.753067635,11874484.100056885,788611.5622171962,23669771.045628548,657901.5945183987,23375519.090793572,22881159.48341136,1.862645149230957e-08
52500.0,52.74682451434199,47.41501597337968,1,423.3812071791883,1270.143621537565,654.9364902868398,54.83003194675936,668.6087910366732,48154615.48306509,36115961.61229877,11913907.216104781,791898.6747334639,23710852.02847887,659401.5945183987,23410155.721460544,22918953.353745412,1.862645149230957e-08
52560.0,52.53034841382231,47.45789930706668,1,410.6296663974733,1231.8889991924198,650.6069682764462,54.915798614133365,636.0851179871556,48254698.93402753,36191024.200520605,11953074.080550091,795191.073055438,23749994.89376318,660901.5945183987,23442759.04691508,22954803.820707746,3.725290298461914e-09
52620.0,52.30867782605425,47.49842899079344,1,397.79424071557315,1193.3827221467195,646.173556521085,54.996857981586885,603.2052039417052,48351711.00492132,36263783.25369094,11991977.973585978,798488.4764108453,23787175.11271416,662401.5945183987,23473316.80369413,22988686.636303317,7.450580596923828e-09
52680.0,52.08268038361807,47.53658375247442,1,384.92343484278786,1154.7703045283636,641.6536076723614,55.07316750494884,570.0805175454134,48445637.33274236,36334227.99955673,12030613.17572852,801790.6010053264,23822374.61807394,663901.5945183987,23501824.22282289,23020584.017068617,1.1175870895385742e-08
52740.0,51.8532882703693,47.5723505797763,1,372.06815321989296,1116.2044596596788,637.0657654073859,55.144701159552596,536.8295864003621,48536475.49009994,36402356.61757491,12068975.047843995,805097.160982401,23855582.24567538,665401.5945183987,23528284.408748522,23050485.084692985,7.450580596923828e-09
52800.0,51.62149313223391,47.605725201143805,1,359.2813525514383,1077.8440576543148,632.4298626446782,55.21145040228761,503.5772985586989,48624235.52031669,36468176.64023748,12107060.105653757,808407.869444002,23886794.137600213,666901.5945183987,23552708.66513973,23078386.268156223,7.450580596923828e-09
52860.0,51.388340033289296,47.63671251254748,1,346.6176528550493,1039.852958565148,627.7668006657859,55.273425025094966,470.4540911010234,48708940.38409446,36531705.288070805,12144866.087556228,811722.4395255565,23916014.10001524,668401.5945183987,23575116.760989036,23104291.660489697,1.4901161193847656e-08
52920.0,51.15492049571211,47.66532694205484,1,334.1329106193413,1002.3987318580239,623.0984099142422,55.33065388410968,437.5950316286219,48790626.308205284,36592969.73115392,12182392.01464179,815040.5855186227,23943253.909076456,669901.5945183987,23595537.130993526,23128213.323557846,1.862645149230957e-08
52980.0,50.92236467886442,47.69159274481867,1,321.88375844398917,965.6512753319676,618.4472935772884,55.38318548963734,405.1388005293368,48869343.02762311,36652007.27071729,12219638.24183276,818362.0240331725,23968533.55870157,671401.5945183987,23614007.004851375,23150171.53466841,1.4901161193847656e-08
53040.0,50.69183276922596,47.71554422171311,1,309.9271162702704,929.7813488108112,613.8366553845192,55.43108844342622,373.22658385811155,48945153.91365083,36708865.43523808,12256606.499156797,821686.4751907545,23991881.4445429,672901.5945183987,23630572.46089055,23170194.96935216,2.2351741790771484e-08
53100.0,50.46450566872139,47.737225855623514,1,298.3196799802956,894.9590399408867,609.2901133744277,55.47445171124703,342.0008885624732,49018135.98190514,36763601.986428805,12293299.922257736,825013.6638390085,24013334.47914026,674401.5945183987,23645288.40033208,23188320.815301258,1.862645149230957e-08
53160.0,50.24157508386295,47.756692360303006,1,287.1173937317171,861.3521811951512,604.831501677259,55.51338472060601,311.6042935344166,49088379.77548078,36816284.83161054,12329723.071361959,828343.3207773356,24032938.13399064,675901.5945183987,23658218.43947126,23204594.813213315,1.4901161193847656e-08
53220.0,50.02423313170273,47.77400863773402,1,276.374912886259,829.124738658777,600.4846626340545,55.54801727546804,282.17815154367605,49155989.12020506,36866991.84015374,12365881.938049603,831675.1839829745,24050746.40512861,677401.5945183987,23669434.718121182,23219071.22114564,2.2351741790771484e-08
53280.0,49.813661590513114,47.78924964106457,1,266.14506477137076,798.4351943141123,596.2732318102622,55.578499282129144,253.86125846084713,49221080.750587255,36915810.56294039,12401783.939326407,835008.9998263216,24066821.6997563,678901.5945183987,23679017.62378768,23231812.699929982,1.862645149230957e-08
53340.0,50.430139783857115,47.78726594680659,0,256.4783147728351,769.4349443185054,608.6027956771422,55.574531893613184,0.0,49283783.80683887,36962837.8551291,12437887.729067773,838343.6977731778,24068498.029303487,679067.6799882639,23686606.428288165,23230154.33153031,1.4901161193847656e-08
53400.0,50.994883215734646,47.78327763028877,0,247.42224538304168,742.2667361491251,619.897664314693,55.566555260577545,0.0,49344239.20515789,37008179.40386837,12474758.126328874,841677.9303820786,24068498.029303487,679067.6799882639,23691743.347157434,23226820.098921414,1.862645149230957e-08
53460.0,51.41555341877289,47.77928988621549,0,239.02105581853078,717.0631674555923,628.3110683754578,55.558579772430974,0.0,49402598.88530163,37051949.16397617,12512217.8333911,845011.6844273448,24068498.029303487,679067.6799882639,23694719.64615774,23223486.344876148,1.4901161193847656e-08
53520.0,51.7110193583103,47.775302714504576,0,231.3150896676706,693.9452690030118,634.220387166206,55.55060542900915,0.0,49459024.941284634,37094268.70596343,12550105.386285301,848344.9599776649,24068498.029303487,679067.6799882639,23695818.359700482,23220153.069325827,1.4901161193847656e-08
53580.0,51.89913986670654,47.77131611507389,0,224.340397734959,673.021193204877,637.9827973341309,55.542632230147774,0.0,49513688.64279622,37135266.48209712,12588281.354793042,851677.7571017172,24068498.029303487,679067.6799882639,23695307.370202366,23216820.27220177,7.450580596923828e-09
53640.0,51.996789446582056,47.767330087841295,0,218.1283428152178,654.3850284456533,639.9357889316411,55.53466017568259,0.0,49566769.356602535,37175077.01745186,12626627.14644965,855010.0758681705,24068498.029303487,679067.6799882639,23693439.795134053,23213487.95343532,1.1175870895385742e-08
53700.0,52.01987780767623,47.76334463272465,0,212.70525256542084,638.1157576962626,640.3975561535246,55.526689265449306,0.0,49618453.37874949,37213840.03406207,12665043.837643454,858341.9163456837,24068498.029303487,679067.6799882639,23690454.280072954,23210156.11295781,1.4901161193847656e-08
53760.0,51.98336420652643,47.759359749641845,0,208.09212595331604,624.2763778599481,639.6672841305286,55.51871949928369,0.0,49668932.68978198,37251699.51733644,12703451.024935072,861673.2786029057,24068498.029303487,679067.6799882639,23686575.21379848,23206824.75070058,1.4901161193847656e-08
53820.0,51.901267634587555,47.75537543851078,0,204.3043979630582,612.9131938891746,638.0253526917511,55.510750877021565,0.0,49718403.64641676,37288802.73481252,12741785.690990238,865004.1627084758,24068498.029303487,679067.6799882639,23682012.881113827,23203493.866595015,2.2351741790771484e-08
53880.0,51.78667386885219,47.75139169924937,0,201.3517663437443,604.0552990312328,635.7334773770438,55.502783398498735,0.0,49767065.624123484,37325299.21809256,12780001.080756309,868334.5687310232,24068498.029303487,679067.6799882639,23676963.56860525,23200163.46057247,2.2351741790771484e-08
53940.0,51.65174035911462,47.74740853177551,0,199.23808321480465,597.7142496444139,633.0348071822924,55.494817063551025,0.0,49815119.625862114,37361339.71939654,12818065.584706347,871664.4967391673,24068498.029303487,679067.6799882639,23671609.637951046,23196833.532564327,2.2351741790771484e-08
54000.0,51.50769987760445,47.74342593600716,0,197.96131331197063,593.8839399359119,630.1539975520891,55.48685187201431,0.0,49862766.87277742,37397075.15458301,12855961.627115473,874993.9468015175,24068498.029303487,679067.6799882639,23666119.580666047,23193504.08250198,2.9802322387695312e-08
54060.0,51.36486379990176,47.73944391186223,0,197.51355959016848,592.5406787705055,627.2972759980353,55.47888782372446,0.0,49910207.392951705,37432655.54471373,12893684.558411732,878322.9189866739,24068498.029303487,679067.6799882639,23660648.06731535,23190175.110316824,2.9802322387695312e-08
54120.0,51.23262582117944,47.7354624592587,0,197.8811558169762,593.6434674509286,624.6525164235888,55.4709249185174,0.0,49957638.62435944,37468228.96826953,12931241.551648365,881651.4133632261,24068498.029303487,679067.6799882639,23655336.003257964,23186846.615940273,2.60770320892334e-08
54180.0,51.11946683947276,47.731481578114526,0,199.04482471466272,597.1344741439882,622.3893367894551,55.46296315622905,0.0,50005254.047949396,37503940.53596199,12968650.504066436,884979.4299997544,24068498.029303487,679067.6799882639,23650310.601895835,23183518.599303745,3.3527612686157227e-08
54240.0,51.03296165863771,47.72750126834769,0,200.97989916241153,602.9396974872345,620.6592331727542,55.455002536695375,0.0,50053241.866308205,37539931.39973111,13005938.945548069,888306.9689648288,24068498.029303487,679067.6799882639,23645685.48521823,23180191.060338665,2.2351741790771484e-08
54300.0,50.97978807890638,47.72352152987618,0,203.6566029746008,610.9698089238024,619.5957615781276,55.44704305975236,0.0,50101783.74264071,37576337.80698049,13043142.956493417,891634.0303270096,24068498.029303487,679067.6799882639,23641560.820160083,23176863.998976488,1.862645149230957e-08
54360.0,50.965738853622035,47.719542362618,0,207.04038684614451,621.1211605384335,619.3147770724407,55.439084725236,0.0,50151053.61385408,37613290.210390516,13080306.098282712,894960.6141548476,24068498.029303487,679067.6799882639,23638023.49795298,23173537.41514865,2.2351741790771484e-08
54420.0,50.99573689811866,47.715563766491165,0,211.09231422033653,633.2769426610096,619.9147379623731,55.43112753298233,0.0,50201216.590372115,37650912.44277904,13117478.36000379,898286.7205168832,24068498.029303487,679067.6799882639,23635147.362258397,23170211.308786616,2.9802322387695312e-08
54480.0,51.07385404217717,47.7115857414137,0,215.76949110458114,647.3084733137434,621.4770808435434,55.4231714828274,0.0,50252427.95395763,37689320.965468176,13154715.12553205,901612.3494816474,24068498.029303487,679067.6799882639,23632993.49045451,23166885.679821853,2.9802322387695312e-08
54540.0,51.20333352249287,47.707608287303636,0,221.02553324851763,663.0765997455529,624.0666704498574,55.41521657460727,0.0,50304832.26331112,37728624.19748329,13192076.165342432,904937.5011176612,24068498.029303487,679067.6799882639,23631610.531023234,23163560.52818584,3.3527612686157227e-08
54600.0,51.38661631759772,47.703631404079026,0,226.81106361801207,680.4331908540362,627.7323263519544,55.40726280815805,0.0,50358562.57557294,37768921.931679666,13229624.657612227,908262.1754934357,24068498.029303487,679067.6799882639,23631035.09857403,23160235.853810064,2.60770320892334e-08
54660.0,51.62537133616889,47.69965509165793,0,233.07423275498493,699.2226982649548,632.5074267233778,55.39931018331586,0.0,50413739.79011633,37810304.84258722,13267426.243241211,911586.3726774724,24068498.029303487,679067.6799882639,23631292.226668563,23156911.65662603,2.9802322387695312e-08
54720.0,51.92052938204094,47.695679349958425,0,239.76125441130242,719.2837632339073,638.4105876408188,55.39135869991685,0.0,50470472.11921301,37852854.089409724,13305548.119375635,914910.0927382626,24068498.029303487,679067.6799882639,23632395.877295855,23153587.936565243,2.9802322387695312e-08
54780.0,52.27232073687166,47.69170417889858,0,246.81694878613706,740.4508463584111,645.4464147374333,55.383408357797165,0.0,50528854.68831635,37896641.016237244,13344058.175880687,918233.335744288,24068498.029303487,679067.6799882639,23634349.50461229,23150264.693559214,1.862645149230957e-08
54840.0,52.68031612552267,47.687729578396514,0,254.18528577791977,762.5558573337594,653.6063225104534,55.37545915679303,0.0,50588969.26687354,37941726.950155124,13383024.178968808,921556.1017640205,24068498.029303487,679067.6799882639,23637146.669422325,23146941.927539486,2.9802322387695312e-08
54900.0,53.143470760901145,47.683755548370314,0,261.8099208790542,785.4297626371625,662.8694152180229,55.36751109674063,0.0,50650884.12877955,37988163.09658463,13422513.005867641,924878.3908659222,24068498.029303487,679067.6799882639,23640771.6998511,23143619.638437584,2.9802322387695312e-08
54960.0,53.660171105201805,47.67978208873811,0,269.63471668550994,808.9041500565298,673.2034221040361,55.359564177476216,0.0,50714654.039856225,38035990.52989214,13462589.934010636,928200.2031184451,24068498.029303487,679067.6799882639,23645200.392763086,23140297.82618506,2.60770320892334e-08
55020.0,51.906050755862005,47.71920099690816,1,277.604243453501,832.812730360503,638.1210151172401,55.43840199381631,525.0309597728125,50780320.36810521,38085240.27607887,13501873.281563355,931524.1997624029,24104776.2331776,680513.9705634912,23651842.79475315,23173252.03341522,3.725290298461914e-08
55080.0,50.95056445716228,47.74796860452718,1,285.6642526983904,856.9927580951712,619.0112891432456,55.49593720905436,401.6055199204414,50847911.31097351,38135933.48323009,13539520.945017014,934852.3179709576,24132154.07135566,682013.9705634912,23661560.220242158,23197301.753384724,3.725290298461914e-08
55140.0,50.499486463545104,47.77039689683162,1,293.76211848174785,881.2863554452435,609.9897292709021,55.54079379366324,342.2278316658708,50917442.232505485,38188081.674379066,13576354.109454786,938183.4622199109,24154235.267971125,683513.9705634912,23673544.10270441,23216051.805751234,4.470348358154297e-08
55200.0,50.32884186405748,47.78996020642794,1,301.84724175468784,905.5417252640635,606.5768372811497,55.579920412855884,318.3757598667441,50988916.10205547,38241687.07654156,13612830.61539717,941517.1006098045,24173923.833183542,685013.9705634912,23687339.36053462,23232406.73257376,3.725290298461914e-08
55260.0,50.31394932030958,47.80858353726211,1,309.8714139016217,929.614241704865,606.2789864061916,55.61716707452422,314.1728691941531,51062324.02521597,38296743.018911935,13649204.925780812,944853.0161753944,24192828.853326496,686513.9705634912,23702685.076955765,23247975.83715112,3.3527612686157227e-08
55320.0,50.385222665188735,47.82732860966043,1,317.78913644063715,953.3674093219115,607.7044533037747,55.65465721932085,320.7599145632498,51137645.85678777,38353234.39259078,13685618.168790588,948191.1661462939,24211837.88382238,688013.9705634912,23719425.05765395,23263646.717676118,4.470348358154297e-08
55380.0,50.50365820212035,47.8467746167765,1,325.5578946666195,976.6736839998586,610.0731640424069,55.693549233553,333.1732016021186,51214850.884987205,38411138.16374036,13722148.107657038,951531.603426413,24231435.183051538,689513.9705634912,23737458.452656962,23279903.579625156,5.21540641784668e-08
55440.0,50.64724068377051,47.86722966814109,1,333.13838385363283,999.4151515608985,612.9448136754103,55.734459336282185,348.6133813599292,51293898.5756543,38470423.93174067,13758836.886305247,954874.4326129665,24251878.4351789,691013.9705634912,23756712.61282251,23297004.002565954,5.21540641784668e-08
55500.0,50.803405146658754,47.88884833818345,1,340.49468744694946,1021.4840623408484,616.068102933175,55.7776966763669,365.4854237828031,51374739.3649917,38531054.52374373,13795706.450617965,958219.7852045732,24273296.99592591,692513.9705634912,23777128.287921246,23315077.210721366,5.960464477539063e-08
55560.0,50.96485733021411,47.91169714788782,1,347.5944074571559,1042.7832223714677,619.2971466042821,55.82339429577564,382.8662868637164,51457315.48932217,38592986.61699158,13832767.13591831,961567.8054858968,24295746.621120088,694013.9705634912,23798651.67558743,23334178.815634217,5.960464477539063e-08
55620.0,51.127256584470494,47.93579117654219,1,354.4087480046703,1063.226244014011,622.5451316894099,55.87158235308438,400.20976215420944,51541561.840492636,38656171.380369425,13870022.465644553,964918.6423686044,24319240.065957848,695513.9705634912,23821230.272356328,23354321.42358927,5.960464477539063e-08
55680.0,51.28793143427129,47.96111466643209,1,360.9125536407486,1082.7376609222458,625.7586286854258,55.92222933286418,417.18282268703626,51627406.83586334,38720555.12689745,13907471.849674763,968272.4445714531,24343764.30570865,697013.9705634912,23844810.832651295,23375491.861137226,6.332993507385254e-08
55740.0,51.44516753087523,47.9876327514456,1,367.084304680143,1101.252914040429,628.9033506175047,55.975265502891205,433.5748613404755,51714773.292285025,38786079.96921372,13945112.118353777,971629.3576883469,24369290.337896843,698513.9705634912,23869338.49317165,23397660.980208524,5.587935447692871e-08
55800.0,51.59781271302693,48.01529826143369,1,372.906072313059,1118.718216939177,631.9562542605387,56.030596522867384,449.2473122297924,51803579.29406937,38852684.470551975,13982938.410958512,974989.5223395498,24395778.868898097,700013.9705634912,23894756.537253972,23420789.346558567,5.960464477539063e-08
55860.0,51.74505760681751,48.04405579103527,1,378.3634367137984,1135.0903101413953,634.9011521363502,56.08811158207054,464.1056276990931,51893739.04567754,38920304.2842581,14020944.705891078,978353.0729593346,24423183.714264795,701513.9705634912,23921006.505407747,23444830.641305484,6.332993507385254e-08
55920.0,51.886313267656924,48.07384424398466,1,383.445371726895,1150.336115180685,637.7262653531385,56.14768848796932,478.0836155685019,51985163.70066944,38988872.77550202,14059124.151544457,981720.136971595,24451453.924942747,703013.9705634912,23948028.48698603,23469733.787971176,6.705522537231445e-08
55980.0,52.021142356101095,48.10459852191903,1,388.1440999869497,1164.4322999608492,640.422847122022,56.20919704383806,491.13459680643086,52077762.15935039,39058321.61951273,14097469.285632389,985090.8342145808,24480535.198538866,704513.9705634912,23975761.499665827,23495444.36432431,6.332993507385254e-08
56040.0,52.149219748679506,48.136250726389456,1,392.4549225162941,1177.3647675488824,642.9843949735902,56.27250145277891,503.2263153951723,52171441.82850163,39128581.37137616,14135972.19134805,988465.2765364007,24510370.883797962,706013.9705634912,24004143.903491776,23521905.607261583,7.078051567077637e-08
56100.0,52.27030925225782,48.16873107653778,1,396.37602694744334,1189.12808084233,645.4061850451563,56.33746215307556,514.3379032352924,52266109.33756586,39199582.003174335,14174624.616888704,991843.5675162422,24540902.74750181,707513.9705634912,24033113.818769455,23549059.179985587,6.332993507385254e-08
56160.0,52.384249063655545,48.20196865303204,1,399.9082785390913,1199.724835617274,647.6849812731109,56.40393730606408,524.4579634921876,52361671.20665823,39271253.40499361,14213418.072819568,995225.8022844889,24572071.596219253,709013.9705634912,24062609.529889617,23576845.793934785,6.705522537231445e-08
56220.0,52.490941929498405,48.235892028237956,1,403.0549981008156,1209.1649943024468,649.8188385899681,56.47178405647591,533.5832576180603,52458034.4627689,39343525.8470766,14252343.915102413,998612.0674248545,24603817.803031765,710513.9705634912,24092569.864549406,23605205.73560693,7.450580596923828e-08
56280.0,52.590347798514884,48.270429814865984,1,405.8217308194704,1217.4651924584114,651.8069559702976,56.54085962973197,541.717715149572,52555107.20149754,39416330.401123084,14291393.417970458,1002002.4409470147,24636081.766174953,712013.9705634912,24122934.542205688,23634079.325227965,7.450580596923828e-08
56340.0,52.68247777640927,48.305511150273404,1,408.21600979733176,1224.6480293919954,653.6495555281854,56.61102230054681,548.8716149174378,52652799.09259752,39489599.31944807,14330557.838852348,1005396.992321094,24668804.313949637,713513.9705634912,24153644.488274705,23663407.321628567,7.450580596923828e-08
56400.0,52.76738875639908,48.34106612555862,1,410.2471178769001,1230.7413536307004,655.3477751279815,56.68213225111724,555.0608579073936,52751021.8284948,39563266.37137103,14369828.476491218,1008795.7825668913,24701927.063533876,715013.9705634912,24184642.11231299,23693131.280967005,7.078051567077637e-08
56460.0,52.845178408656615,48.37702616441435,1,411.9258510489193,1235.7775531467578,656.9035681731323,56.754052328828706,560.3062914279795,52849689.515771806,39637267.13682878,14409196.722857064,1012198.8643915451,24735392.737841927,716513.9705634912,24215871.549580246,23723193.8734504,7.82310962677002e-08
56520.0,52.91598038145882,48.41332435466091,1,413.2642864277516,1239.7928592832548,658.3196076291765,56.826648709321816,564.6330657604585,52948719.01036102,39711539.257770695,14448654.109182566,1015606.2823697991,24769145.442866303,718013.9705634912,24247278.8662184,23753539.160496518,7.078051567077637e-08
56580.0,52.97995965814637,48.44989573448765,1,414.2755574409776,1242.8266723229328,659.5991931629273,56.899791468975295,568.0700160268038,53048030.19786883,39786022.64840156,14488192.346336443,1019018.0731613163,24803130.90719297,719513.9705634912,24278812.228903867,23784112.83403167,6.705522537231445e-08
56640.0,53.03730806167429,48.48667753514937,1,414.9736385267838,1244.9209155803514,660.7461612334857,56.97335507029874,570.6490680262249,53147546.22104359,39860659.665782616,14527803.359712992,1022434.2657597114,24837296.685144566,721013.9705634912,24310422.040309984,23814862.41938487,7.078051567077637e-08
56700.0,53.08823992189553,48.523609381892854,1,415.37314127185584,1246.1194238155676,661.7647984379106,57.04721876378571,572.4046697163353,53247193.65690883,39935395.242681555,14567479.318822589,1025854.8817681829,24871592.325030588,722513.9705634912,24342061.042090856,23845737.443262424,7.078051567077637e-08
56760.0,53.13298793053397,48.56063345505962,1,415.4891235618907,1246.4673706856722,662.6597586106794,57.121266910119246,573.3732512244833,53346902.64650334,40010176.98487744,14607212.661792805,1029279.9356968459,24905969.50412667,724013.9705634912,24373684.387387857,23876689.568429846,7.450580596923828e-08
56820.0,53.17179921111773,48.597694613531516,1,415.3369129635807,1246.010738890742,663.4359842223546,57.19538922706303,573.5927165373112,53446606.980504,40084955.23537794,14646996.11502178,1032709.4352771153,24940382.13218944,725513.9705634912,24405249.685079113,23907672.69691235,7.078051567077637e-08
56880.0,53.204931629370726,48.6347404829042,1,414.9319452172385,1244.7958356517154,664.0986325874145,57.2694809658084,573.1019697669025,53546244.14425952,40159683.108194575,14686822.708257416,1036143.3817887618,24974786.42549665,727013.9705634912,24436717.01814847,23938643.04370791,7.078051567077637e-08
56940.0,53.23265036564741,48.67172151096435,1,414.2896183984384,1242.868855195315,664.6530073129481,57.34344302192871,571.9404783772551,53645755.3259344,40234316.49445074,14726685.785404345,1039581.7703955587,25009140.95356173,728513.9705634912,24468048.93865091,23969559.1831662,7.450580596923828e-08
57000.0,53.255224766066846,48.70859099319421,1,413.42516300953855,1240.2754890286155,665.1044953213369,57.417181986388414,570.1478751182289,53745085.39156097,40308814.04367067,14766579.011383623,1043024.5904857615,25043406.66079609,730013.9705634912,24499210.44180136,24000382.070310358,7.82310962677002e-08
57060.0,53.2729254837159,48.74530507112819,1,412.3535279911247,1237.060583973374,665.4585096743181,57.490610142256386,567.7635997384987,53844182.83082647,40383137.123119794,14806496.375386968,1046471.8260139899,25077546.865477137,731513.9705634912,24530168.921718907,24031075.03946317,7.078051567077637e-08
57120.0,53.2860219160469,48.7818227064388,1,411.0892824017741,1233.2678472053221,665.720438320938,57.563645412877605,564.8265808848552,53942999.67739033,40457249.75804268,14846432.190877788,1049923.4558414272,25111527.238424245,733013.9705634912,24560894.111323543,24061603.782582838,7.82310962677002e-08
57180.0,53.294779939624476,48.818105633634886,1,409.64653230364587,1228.9395969109376,665.8955987924895,57.63621126726977,561.3749579710945,54041491.40744046,40531118.55558028,14886381.092695627,1053379.4540715988,25145315.76379034,734513.9705634912,24591358.00881313,24091936.309718765,7.82310962677002e-08
57240.0,53.29945993883139,48.85411829421906,1,408.03885221200494,1224.1165566360148,665.9891987766277,57.708236588438126,557.4458422343857,54139616.82006422,40604712.615048096,14926338.031619234,1056839.7903793324,25178882.684346445,736013.9705634912,24621534.793049607,24122042.893967137,7.82310962677002e-08
57300.0,53.30031512110426,48.88982775507603,1,406.27923031886417,1218.8376909565925,666.0063024220852,57.779655510152054,553.0751156999406,54237337.90283716,40678003.4271278,14966298.266736915,1060304.4303308465,25212200.433574382,737513.9705634912,24651400.730060123,24151896.003243558,8.568167686462402e-08
57360.0,53.29759010778519,48.9252036137557,1,404.38002658375694,1213.1400797512708,665.9518021557038,57.8504072275114,548.2972663512982,54334619.68582873,40750964.764371485,15006257.355961788,1063773.3356932288,25245243.556792974,739013.9705634912,24680934.07271654,24181470.221099764,7.450580596923828e-08
57420.0,53.291519786762095,48.96021789317972,1,402.3529426969717,1207.058828090915,665.8303957352418,57.920435786359434,543.1452574552301,54431430.08699495,40823572.56524615,15046211.145014655,1067246.4647318942,25277988.623430118,740513.9705634912,24710114.955499675,24210742.158698242,7.450580596923828e-08
57480.0,53.282328410728766,48.99484492814183,1,400.20900286056127,1200.6270085816839,665.6465682145754,57.98968985628366,537.6504287164017,54527739.75168199,40895804.81376143,15086155.755179109,1070723.7724948896,25310414.13242144,742013.9705634912,24738925.2860875,24239690.35992657,7.078051567077637e-08
57540.0,53.27022892310383,49.029061245798005,1,397.9585442980062,1193.8756328940185,665.4045784620766,58.05812249159601,531.8424267341504,54623521.888706565,40967641.41652986,15126087.570113042,1074205.211083197,25342500.412570313,743513.9705634912,24767348.635333687,24268295.20148713,6.705522537231445e-08
57600.0,53.25542249238258,49.06284544215503,1,395.61121639198035,1186.833649175941,665.1084498476516,58.12569088431006,525.7491620985345,54718752.10521605,41039064.078911975,15166003.221978262,1077690.7299064382,25374229.519548025,745013.9705634912,24795370.127027344,24296538.789641604,7.078051567077637e-08
57660.0,53.23809823491447,49.096178056372004,1,393.1759873587452,1179.5279620762356,664.7619646982894,58.19235611274401,519.3967903892249,54813408.24226765,41110056.181700684,15205899.577126428,1081180.2759236062,25405585.13105058,746513.9705634912,24822976.328650713,24324404.855126996,6.332993507385254e-08
57720.0,53.21843310576098,49.12904144449158,1,390.66115739437777,1171.9834721831332,664.3686621152196,58.258082888983154,512.8097143231831,54907470.21280698,41180602.659605175,15245773.721555203,1084673.7938686684,25436552.4414636,748013.9705634912,24850155.144181374,24351878.64759496,7.078051567077637e-08
57780.0,53.19659193734274,49.16141965402075,1,388.0743772696544,1164.2231318089632,663.9318387468547,58.322839308041495,506.01060432857764,55000919.84347552,41250689.88260659,15285622.946324121,1088171.2264610503,25467118.05722237,749513.9705634912,24876895.709821485,24378946.830761343,6.705522537231445e-08
57840.0,53.17272760598387,49.19329830058787,1,385.42267140411934,1156.2680142123581,663.4545521196775,58.38659660117574,499.0204348966588,55093740.72143722,41320305.54107786,15325444.733095525,1091672.5146011852,25497269.89389262,751013.9705634912,24903188.293381218,24405597.37929146,7.078051567077637e-08
57900.0,53.14698130714795,49.22466444771602,1,382.7124645131144,1148.1373935393433,662.939626142959,58.449328895432046,491.85853417276405,55185918.047188945,41389438.53539165,15365236.739942465,1095177.597551439,25526997.07584201,752513.9705634912,24929024.197897814,24431819.478290595,6.705522537231445e-08
57960.0,53.11948292108881,49.25550649057534,1,379.949610991735,1139.8488329752051,662.3896584217762,58.511012981150685,484.5426443863888,55277438.494110726,41458078.87058298,15404996.787542889,1098686.4131028403,25556289.83922381,754013.9705634912,24954395.669937316,24457603.426120985,5.960464477539063e-08
58020.0,53.09035145175599,49.28581404441037,1,377.1394262745959,1131.4182788237877,661.8070290351199,58.571628088820745,477.0889908811407,55368290.075319685,41526217.556489706,15444722.84585823,1102198.897728132,25585139.438855186,755513.9705634912,24979295.81290341,24482940.54112707,6.705522537231445e-08
58080.0,53.05969552305445,49.31557783818365,1,374.28671948775525,1122.8601584632656,661.193910461089,58.6311556763673,469.51235768279844,55458462.01821826,41593846.513663635,15484413.021374607,1105714.9867217466,25613538.059443254,757013.9705634912,25003718.505567346,24507823.07272153,6.332993507385254e-08
58140.0,53.02761391791529,49.344789613835786,1,371.39582678739623,1114.1874803621886,660.5522783583058,58.68957922767157,461.8261677315696,55547944.64697256,41660958.48522936,15524065.544966634,1109234.6143273483,25641478.731494043,758513.9705634912,25027658.325935446,24532244.117166717,7.078051567077637e-08
58200.0,52.99419614705251,49.37344203143444,1,368.4706448571776,1105.4119345715328,659.8839229410503,58.74688406286889,454.0425660985059,55636729.27302098,41727546.95476568,15563678.760427125,1112757.7138536402,25668955.25213281,760013.9705634912,25051110.48048498,24556197.538279194,6.705522537231445e-08
58260.0,52.95952303571863,49.40152858037099,1,365.5146641113117,1096.543992333935,659.1904607143726,58.803057160741986,446.17250470059395,55724808.09359508,41793606.07019625,15603251.11369124,1116284.2177791514,25695962.110969275,761513.9705634912,25074070.73872593,24579677.89319015,7.450580596923828e-08
58320.0,52.9236673182065,49.429043496664086,1,362.5310012221461,1087.593003666438,658.47334636413,58.85808699332817,438.2258272214184,55812174.0981351,41859130.57360126,15642781.142770326,1119814.0578467313,25722494.421057884,763013.9705634912,25096535.372984275,24602680.363211177,7.450580596923828e-08
58380.0,52.88669423123978,49.4559816863432,1,359.52243065859676,1078.5672919757903,657.7338846247956,58.9119633726864,430.211353130031,55898820.98239905,41924115.736799225,15682267.468399297,1123347.1651484882,25748547.85493138,764513.9705634912,25118501.10325151,24625200.689782914,7.078051567077637e-08
58440.0,52.84866209873924,49.48233865481207,1,356.49141498438274,1069.4742449531482,656.9732419747847,58.964677309624136,422.13695986846733,55984743.06999664,41988557.302497424,15721708.785391623,1126883.4702018935,25774118.585624754,766013.9705634912,25139965.04690398,24647235.11542289,7.078051567077637e-08
58500.0,52.80962290171777,49.508110442031494,1,353.4401337223386,1060.320401167016,656.1924580343555,59.01622088406299,414.00966244465934,56069935.241026,42052451.43076944,15761103.85468766,1130422.9030177603,25799203.23255606,767513.9705634912,25160924.673064098,24668780.32953833,7.450580596923828e-08
58560.0,52.769622828241644,49.533293563311716,1,350.3705106427405,1051.1115319282214,655.3924565648329,59.06658712662343,405.835689822213,56154392.8674511,42115794.650588274,15800451.496075343,1133965.3931607823,25823798.812089346,769013.9705634912,25181377.76135222,24689833.418928593,7.078051567077637e-08
58620.0,52.72870279947927,49.55788495546608,1,347.28423937956256,1041.8527181386876,654.5740559895854,59.11576991093216,397.6205576392544,56238111.754829265,42178583.8161219,15839750.581556845,1137510.8698032936,25847902.692572903,770513.9705634912,25201322.36476183,24710391.822769642,7.078051567077637e-08
58680.0,52.6868989688443,49.58188192804881,1,344.1828073188276,1032.5484219564828,653.737979376886,59.16376385609762,389.36913691575415,56321088.089979894,42240816.06748487,15879000.029330596,1141059.2617728736,25871512.55362165,772013.9705634912,25220756.77638147,24730453.291848805,7.078051567077637e-08
58740.0,52.644243192119056,49.6052821193796,1,341.06751773792985,1023.2025532137895,652.8848638423812,59.210564238759204,381.0857185215275,56403318.39417671,42302488.795632474,15918198.798355022,1144610.4975943903,25894626.34939571,773513.9705634912,25239679.499683134,24750015.851801347,7.078051567077637e-08
58800.0,52.600763467218606,49.62808345704474,1,337.9395102042219,1013.8185306126657,652.0152693443721,59.25616691408948,372.77407327580295,56484799.48144407,42363599.611083,15957345.883458348,1148164.50552704,25917242.275616415,775013.9705634912,25258089.222097684,24769077.770089403,7.078051567077637e-08
58860.0,52.55648434292852,49.65028412255866,1,334.79977926554193,1004.3993377966258,651.1296868585704,59.30056824511732,364.43750763438055,56565528.42154313,42424146.31615729,15996440.310957495,1151721.2135968988,25939358.74005591,776513.9705634912,25275984.791602965,24787637.52645904,7.078051567077637e-08
58920.0,52.51142729652156,49.67188251986935,1,331.64919148514053,994.9475744554215,650.2285459304312,59.3437650397387,356.07891499218726,56645502.50724381,42484126.88043281,16035481.134748809,1155280.549625467,25960974.336236216,778013.9705634912,25293365.196058597,24805693.786610775,6.705522537231445e-08
58980.0,52.465611080639334,49.69287724739506,1,328.4885008889822,985.4655026669466,649.3122216127867,59.38575449479012,347.700822688832,56724719.225493215,42543539.41911985,16074467.43283341,1158842.4412546502,25982087.820076894,779513.9705634912,25310229.54503186,24823245.37882227,7.078051567077637e-08
59040.0,52.41905204021611,49.713267073288186,1,325.31836290516594,975.9550887154978,648.3810408043222,59.42653414657637,339.30543485276144,56803176.23210864,42602382.174081415,16113398.304240743,1162406.8159685798,26002698.089237478,781013.9705634912,25326577.053872164,24840291.273268923,7.078051567077637e-08
59100.0,52.37176440053669,49.73305091363316,1,322.1393468835268,966.4180406505805,647.4352880107338,59.466101827266314,330.89467125770307,56880871.32964397,42660653.497232914,16152272.866314972,1165973.601112646,26022804.16490994,782513.9705634912,25342407.02980537,24856830.56379732,7.078051567077637e-08
59160.0,52.32376052775929,49.752227813298894,1,318.9519472889189,956.8558418667567,646.4752105551859,59.50445562659779,322.47020239333364,56957802.44809966,42718351.83607468,16191090.252330413,1169542.7239100756,26042405.175827924,784013.9705634912,25357718.859834265,24872862.451917876,7.450580596923828e-08
59220.0,52.27505116341199,49.77079692918161,1,315.7565936645494,947.2697809936483,645.5010232682398,59.541593858363214,314.03348097248966,57033967.628169514,42775475.72112707,16229849.60940379,1173114.111476357,26061500.344272155,785513.9705634912,25372512.000247,24888386.232795823,7.82310962677002e-08
59280.0,52.22564563449002,49.78875751559026,1,312.55365946249054,937.6609783874717,644.5129126898005,59.577515031180525,305.5857701100298,57109365.00674092,42832023.75505562,16268550.0966731,1176687.6908317877,26080088.973865226,787013.9705634912,25386785.96755081,24903401.28303346,7.82310962677002e-08
59340.0,52.17555204085384,49.80610891154423,1,309.34346983746826,928.0304095124047,643.5110408170767,59.61221782308846,297.1281684154249,57183992.804387935,42887994.60329088,16307190.883714791,1180263.3889123825,26098170.438963335,788513.9705634912,25400540.33066378,24917907.050050974,7.82310962677002e-08
59400.0,52.12477742165712,49.82285052976999,1,306.1263084975817,918.3789254927451,642.4955484331424,59.645701059539974,288.6616322426467,57257849.31462001,42943386.98596493,16345771.149173075,1183841.1325793636,26115744.175467055,790013.9705634912,25413774.70421257,24931903.04288771,7.450580596923828e-08
59460.0,52.07332790252818,49.838981847201495,1,302.90242370204663,908.7072711061398,641.4665580505635,59.67796369440299,280.1869953379659,57330932.89467069,42998199.67100295,16384290.07957722,1187420.8486274208,26132809.672887854,791513.9705634912,25426488.742798373,24945388.82426045,7.078051567077637e-08
59520.0,52.0212088251966,49.85450239680552,1,299.672033491655,899.016100474965,640.424176503932,59.709004793611044,271.7049861202415,57403241.95763207,43052431.46822398,16422746.868324775,1191002.4637919136,26149366.467521314,793013.9705634912,25438682.136107367,24958364.003729418,7.450580596923828e-08
59580.0,51.96842486120163,49.86941176057015,1,296.4353302326209,889.3059906978627,639.3684972240327,59.738823521140304,263.2162428191877,57474774.9657606,43106081.224320374,16461140.714810617,1194585.9047551635,26165414.136591792,794513.9705634912,25450354.60475467,24970828.231836647,7.82310962677002e-08
59640.0,51.91498011124542,49.88370956351024,1,293.1924845490822,879.5774536472467,638.2996022249084,59.767419127020474,254.7213266859919,57545530.424798556,43159147.818598844,16499470.82368371,1198171.098151967,26180952.293246508,796013.9705634912,25461505.89676324,24982781.19509456,7.078051567077637e-08
59700.0,52.38488294333716,49.88778918743938,0,289.9436487139091,869.8309461417273,647.6976588667433,59.77557837487876,0.0,57615506.87917306,43211630.15937973,16537907.495361513,1201757.6591689074,26187949.41986821,796706.0406620831,25471965.00484938,24986191.760699324,7.450580596923828e-08
59760.0,53.21979180680937,49.88349938204703,0,286.6889595617783,860.0668786853348,664.3958361361874,59.766998764094055,0.0,57684702.90795028,43263527.18096264,16577280.88399234,1205343.9364769189,26187949.41986821,796706.0406620831,25480902.360493455,24982605.483391315,7.82310962677002e-08
59820.0,53.95294137602253,49.879210192372014,0,283.4285409828207,850.2856229484621,679.0588275204506,59.75842038474403,0.0,57753117.12143732,43314837.84107792,16617594.300569423,1208929.6990452274,26187949.41986821,796706.0406620831,25488313.841463342,24979019.720823005,7.450580596923828e-08
59880.0,54.592089872590165,49.87492161832598,0,280.1625060496561,840.4875181489683,691.8417974518034,59.749843236651955,0.0,57820748.15833764,43365561.11875316,16658730.350796146,1212514.9469477134,26187949.41986821,796706.0406620831,25494315.82100937,24975434.47292052,7.450580596923828e-08
59940.0,55.14440028747686,49.870633659820555,0,276.89095882536253,830.6728764760876,702.8880057495372,59.74126731964111,0.0,57887594.68337773,43415696.012533225,16700580.588352915,1216099.6802582473,26187949.41986821,796706.0406620831,25499015.743922137,24971849.739609983,7.450580596923828e-08
60000.0,55.61648604979757,49.86634631676739,0,273.61399589490884,820.8419876847265,712.3297209959514,59.73269263353478,0.0,57953655.38533375,43465241.53900024,16743044.828385118,1219683.8990506884,26187949.41986821,796706.0406620831,25502512.811564505,24968265.52081754,6.705522537231445e-08
60060.0,54.92785292276249,49.88187820830867,1,270.3317076579063,810.9951229737189,698.5570584552498,59.76375641661734,632.765229192509,58018928.97539631,43514196.73154716,16785760.66273446,1223268.092825281,26204518.274971314,797306.0995343218,25505167.975987487,24981250.18214605,6.705522537231445e-08
60120.0,53.34067762496094,49.91502649789576,1,267.0441794161526,801.1325382484578,666.8135524992188,59.83005299579152,429.57665133397353,58083414.18582029,43562560.639365144,16826632.270567972,1226856.0521819736,26235818.20442281,798806.0995343218,25509072.31661527,25008962.152240854,7.078051567077637e-08
60180.0,52.43358677003423,49.93700246326933,1,263.75149228547525,791.2544768564258,648.6717354006846,59.87400492653866,313.07167206831866,58147109.76881404,43610332.32661046,16866047.20864471,1230447.2571221439,26257781.316415284,800306.0995343218,25513837.860843673,25027334.05929316,6.705522537231445e-08
60240.0,52.01580221521735,49.95048268337731,0,260.4537239576867,781.3611718730601,640.316044304347,59.90096536675462,0.0,58210014.49562895,43657510.87172164,16904629.652455572,1234040.6627344429,26272644.186037857,801635.2018514525,25518840.55653169,25038603.52330343,6.332993507385254e-08
60300.0,52.53871162142146,49.94618387956439,0,257.1509493351767,771.4528480055301,650.7742324284293,59.892367759128774,0.0,58272127.15581615,43704095.366862044,16943370.506502915,1237634.4627220489,26272644.186037857,801635.2018514525,25523090.39763715,25035009.723315828,7.078051567077637e-08
60360.0,52.98329953802519,49.94188569276036,0,253.84324105766825,761.5297231730048,659.6659907605039,59.88377138552072,0.0,58333446.55662228,43750084.91746664,16982691.238358457,1241227.746890219,26272644.186037857,801635.2018514525,25526165.932218038,25031416.43914766,7.450580596923828e-08
60420.0,53.35553112503247,49.93758812287666,0,250.53066993802724,751.5920098140817,667.1106225006495,59.87517624575332,0.0,58393971.52250036,43795478.6418752,17022501.488961905,1244820.5153129883,26272644.186037857,801635.2018514525,25528156.637600373,25027823.670724887,6.705522537231445e-08
60480.0,53.66091372691702,49.933291169824756,0,247.21330532162943,741.6399159648884,673.2182745383404,59.86658233964951,0.0,58453700.8947159,43840275.671036854,17062717.779095292,1248412.7680643825,26272644.186037857,801635.2018514525,25529145.12387725,25024231.417973496,7.078051567077637e-08
60540.0,53.90453205601155,49.9289948335161,0,243.8912153817082,731.6736461451246,678.0906411202309,59.8579896670322,0.0,58512633.531031325,43884475.14827342,17103262.981395442,1252004.505218416,26272644.186037857,801635.2018514525,25529207.661659632,25020639.68081946,6.705522537231445e-08
60600.0,54.09108067395309,49.924699113862175,0,240.5644673612915,721.6934020838745,681.8216134790617,59.84939822772435,0.0,58570768.30545462,43928076.22909089,17144065.83294379,1255595.7268490926,26272644.186037857,801635.2018514525,25528414.669298075,25017048.459188778,6.705522537231445e-08
60660.0,54.22489397835924,49.92040401077448,0,237.23312777071055,711.6993833121317,684.4978795671848,59.840808021548966,0.0,58628104.108040646,43971078.08103041,17185060.485317215,1259186.4330304055,26272644.186037857,801635.2018514525,25526831.162682857,25013457.753007468,6.332993507385254e-08
60720.0,54.309973886075014,49.91610952416452,0,233.89726254830532,701.691787644916,686.1994777215002,59.83221904832904,0.0,58684639.84473519,44013479.883551314,17226186.089222386,1262776.6238363376,26272644.186037857,801635.2018514525,25524517.170492664,25009867.562201537,7.450580596923828e-08
60780.0,54.350015389701014,49.9118156539438,0,230.5569371907175,691.6708115721525,687.0003077940203,59.823631307887595,0.0,58740374.43725391,44055280.82794035,17267386.411057036,1266366.299340861,26272644.186037857,801635.2018514525,25521528.117542528,25006277.886697013,7.450580596923828e-08
60840.0,54.348430150593536,49.90752240002385,0,227.21221685817434,681.6366505745231,686.9686030118708,59.8150448000477,0.0,58795306.822989404,44096480.11724198,17308609.47894527,1269955.4596179363,26272644.186037857,801635.2018514525,25517915.178678844,25002688.72641994,7.078051567077637e-08
60900.0,54.30836827903883,49.903229762316215,0,223.86316645923515,671.5894993777055,686.1673655807766,59.80645952463243,0.0,58849435.954941005,44137076.96620568,17349807.255982295,1273544.1047415151,26272644.186037857,801635.2018514525,25513725.605481938,24999100.081296355,6.705522537231445e-08
60960.0,54.23273844076482,49.89893774073246,0,220.50985071876522,661.5295521562957,684.6547688152964,59.797875481464914,0.0,58902760.801662855,44177070.60124707,17390935.338597793,1277132.2347855375,26272644.186037857,801635.2018514525,25509003.027863808,24995511.951252334,6.705522537231445e-08
61020.0,54.12422641829102,49.89464633518414,0,217.152334232226,651.457002696678,682.4845283658204,59.78929267036828,0.0,58955280.34722655,44216460.26041985,17431952.678107675,1280719.8498239324,26272644.186037857,801635.2018514525,25503787.732488308,24991924.336213943,6.332993507385254e-08
61080.0,53.98531224577385,49.890355545582835,0,213.79068150886465,641.372044526594,679.706244915477,59.78071109116567,0.0,59006993.59119552,44255245.19339657,17472821.323672153,1284306.9499306194,26272644.186037857,801635.2018514525,25498116.919793855,24988337.23610725,5.960464477539063e-08
61140.0,53.81828602690544,49.88606537184015,0,210.42495700590763,631.274871017723,676.3657205381088,59.77213074368029,0.0,59057899.54860851,44293424.66145632,17513506.185014922,1287893.5351795068,26272644.186037857,801635.2018514525,25492024.941261943,24984750.65085836,5.587935447692871e-08
61200.0,53.625262537025776,49.88177581386768,0,207.05522515550123,621.1656754665037,672.5052507405155,59.76355162773535,0.0,59107997.24997057,44330997.937477864,17553974.81338466,1291479.6056444917,26272644.186037857,801635.2018514525,25485543.518448763,24981164.580393378,4.842877388000488e-08
61260.0,53.40819470284574,49.87748687157705,0,203.68155038580838,611.0446511574252,668.1638940569148,59.754973743154096,0.0,59157285.741249576,44367964.30593712,17594197.199356616,1295065.161399462,26272644.186037857,801635.2018514525,25478701.945181098,24977579.02463841,5.587935447692871e-08
61320.0,53.16888604601528,49.87319854487988,0,200.30399713743222,600.9119914122966,663.3777209203056,59.74639708975975,0.0,59205764.08387739,44404323.06290798,17634145.586179934,1298650.202518294,26272644.186037857,801635.2018514525,25471527.274209805,24973993.983519576,5.587935447692871e-08
61380.0,52.90900217015089,49.86891083368782,0,196.92262987609575,590.7678896282873,658.1800434030179,59.73782166737564,0.0,59253431.35475442,44440073.51606575,17673794.29747567,1302234.7290748535,26272644.186037857,801635.2018514525,25464044.489515282,24970409.456963018,5.960464477539063e-08
61440.0,52.63008136482704,49.86462373791253,0,193.53751310233756,580.6125393070126,652.6016272965409,59.72924747582506,0.0,59300286.64625681,44475214.98469255,17713119.578182325,1305818.741142996,26272644.186037857,801635.2018514525,25456276.665367283,24966825.444894876,5.21540641784668e-08
61500.0,52.33354439439111,49.86033725746568,0,190.14871135884368,570.446134076531,646.6708878878222,59.72067451493136,0.0,59346329.06624583,44509746.799684316,17752099.447730627,1309402.2387965657,26272644.186037857,801635.2018514525,25448245.113157175,24963241.94724131,5.21540641784668e-08
61560.0,52.02070353425208,49.85605139225894,0,186.75628923590526,560.2688677077158,640.4140706850416,59.71210278451788,0.0,59391557.738078564,44543668.30355886,17790713.564507265,1312985.2221093972,26272644.186037857,801635.2018514525,25439969.51694226,24959658.963928476,5.587935447692871e-08
61620.0,51.692770912479354,49.85176614220402,0,183.36031137539393,550.0809341261818,633.855418249587,59.70353228440804,0.0,59435971.800619915,44576978.85046488,17828943.100739866,1316567.6911553137,26272644.186037857,801635.2018514525,25431468.05856975,24956076.49488256,5.21540641784668e-08
61680.0,51.35086621010912,49.84748150721261,0,179.9608424735706,539.8825274207118,627.0173242021824,59.69496301442523,0.0,59479570.4082553,44609677.806191415,17866770.62700196,1320149.6460081288,26272644.186037857,801635.2018514525,25422757.53318138,24952494.540029746,5.587935447692871e-08
61740.0,50.996023769448726,49.84319748719645,0,176.55794728298497,529.6738418489549,619.9204753889745,59.6863949743929,0.0,59522352.73090398,44641764.54817792,17904180.00559837,1323731.086741644,26272644.186037857,801635.2018514525,25413853.45583796,24948913.09929623,5.587935447692871e-08
61800.0,50.629199155886525,49.838914082067255,0,173.15169061365657,519.4550718409697,612.5839831177304,59.67782816413451,0.0,59564317.95403268,44673238.46552445,17941156.292148333,1327312.0134296513,26272644.186037857,801635.2018514525,25404770.159946524,24945332.172608227,5.960464477539063e-08
61860.0,50.25127521521664,49.83463129173677,0,169.74213733370274,509.2264120011082,605.0255043043328,59.66926258347354,0.0,59605465.27866953,44704098.959002085,17977685.644736014,1330892.426145932,26272644.186037857,801635.2018514525,25395520.88812019,24941751.75989194,5.21540641784668e-08
61920.0,49.86306766525793,49.83034911611677,0,166.32935236952534,498.988057108576,597.2613533051585,59.66069823223354,0.0,59645793.92141796,44734345.44106341,18013755.240046725,1334472.3249642565,26272644.186037857,801635.2018514525,25386117.87605249,24938171.86107362,5.960464477539063e-08
61980.0,49.465330257570045,49.826067555119,0,162.91340070566875,488.7402021170062,589.3066051514008,59.65213511023801,-0.0,59685303.114470765,44763977.33585302,18049353.195951644,1338051.7099583847,26272644.186037857,801635.2018514525,25376572.429943036,24934592.476079486,4.842877388000488e-08
62040.0,49.05875954231388,49.82178660865527,0,159.4943473844149,478.4830421532447,581.1751908462776,59.643573217310546,-0.0,59723992.10562394,44792994.079217896,18084468.500045367,1341630.5812020665,26272644.186037857,801635.2018514525,25366894.997970518,24931013.60483581,5.587935447692871e-08
62100.0,48.643999266767025,49.81750627663736,0,156.07225750517946,468.2167725155384,572.8799853353405,59.63501255327472,-0.0,59761860.1582905,44821395.11871782,18119090.94367849,1345208.93876904,26272644.186037857,801635.2018514525,25357095.23627034,24927435.247268833,4.842877388000488e-08
62160.0,48.22164443565647,49.813226558977085,0,152.6471962237483,457.94158867124486,564.4328887131294,59.62645311795417,-0.0,59798906.551514104,44849179.91363552,18153211.06106285,1348786.7827330339,26272644.186037857,801635.2018514525,25347182.069839694,24923857.403304845,5.587935447692871e-08
62220.0,47.792245059309366,49.80894745558626,0,149.219228751404,447.65768625421197,555.8449011861874,59.61789491117251,-0.0,59835130.57998248,44876347.9349868,18186820.07305934,1352364.1131677653,26272644.186037857,801635.2018514525,25337163.74875975,24920280.07287011,5.587935447692871e-08
62280.0,47.356309613621065,49.80466896637672,0,145.7884203539586,437.3652610618758,547.1261922724213,59.609337932753434,-0.0,59870531.55404062,44902898.66553041,18219909.83528827,1355940.9301469417,26272644.186037857,801635.2018514525,25327047.90009525,24916703.255890936,4.842877388000488e-08
62340.0,46.914308233997346,49.80039109126031,0,142.35483635071427,427.0645090521428,538.286164679947,59.60078218252062,-0.0,59905108.79970377,44928831.59977777,18252472.790229987,1359517.2337442595,26272644.186037857,801635.2018514525,25316841.575803578,24913126.95229362,5.21540641784668e-08
62400.0,46.466675663721226,49.79611383014889,0,138.91854211337457,416.75562634012374,529.3335132744245,59.59222766029778,-0.0,59938861.6586701,44954146.24400252,18284501.923008878,1363093.0240334044,26272644.186037857,801635.2018514525,25306551.29696029,24909551.16200447,5.21540641784668e-08
62460.0,46.01381397562693,49.79183718295434,0,135.4796030649155,406.43880919474645,520.2762795125386,59.58367436590868,-0.0,59971789.488333166,44978842.11624982,18315990.720577594,1366668.3010880519,26272644.186037857,801635.2018514525,25296183.09458423,24905975.884949826,5.587935447692871e-08
62520.0,45.55609508450752,49.787561149588534,0,132.03808467842777,396.1142540352833,511.12190169015037,59.57512229917707,-0.0,60003891.66179408,45002918.74634551,18346933.134040073,1370243.0649818669,26272644.186037857,801635.2018514525,25285742.547323626,24902401.121056013,5.21540641784668e-08
62580.0,45.093863066346806,49.783285729963374,0,128.59405247593045,385.7821574277914,501.87726132693615,59.56657145992675,-0.0,60035167.567873396,45026375.675905,18377323.54387197,1373817.315788503,26272644.186037857,801635.2018514525,25275234.81624458,24898826.87024938,5.587935447692871e-08
62640.0,44.62743629922563,49.77901092399076,0,125.14757202717311,375.44271608151934,492.54872598451254,59.55802184798152,-0.0,60065616.6111227,45049212.45834197,18407156.727815766,1377391.0535816043,26272644.186037857,801635.2018514525,25264664.676944662,24895253.132456277,5.960464477539063e-08
62700.0,44.157109439613855,49.77473673158263,0,121.69870894842113,365.09612684526337,483.1421887922771,59.549473463165256,-0.0,60095238.21183592,45071428.65887688,18436427.831244856,1380964.2784348035,26272644.186037857,801635.2018514525,25254036.549197286,24891679.907603078,6.332993507385254e-08
62760.0,43.683155246704175,49.770463152650905,0,118.24752890123473,354.7425867037042,473.6631049340835,59.54092630530181,-0.0,60124031.80606035,45093023.854545206,18465132.339806825,1384536.990421723,26272644.186037857,801635.2018514525,25243354.524316717,24888107.195616156,5.960464477539063e-08
62820.0,43.20582626646968,49.76619018710754,0,114.79409759123514,344.38229277370544,464.11652532939354,59.53238037421508,-0.0,60151996.84560738,45113997.634205475,18493266.05417061,1388109.1896159751,26272644.186037857,801635.2018514525,25232622.390418947,24884534.996421903,5.587935447692871e-08
62880.0,42.72535638623097,49.7619178348645,0,111.33848076686681,334.0154423006004,454.5071277246194,59.523835669728996,-0.0,60179132.79806289,45134349.59854711,18520825.06671582,1391680.8760911608,26272644.186037857,801635.2018514525,25221843.655740183,24880963.30994672,5.587935447692871e-08
62940.0,42.24196226968802,49.75764609583374,0,107.8807442181578,323.6422326544734,444.83924539376034,59.515292191667484,-0.0,60205439.146797426,45154079.360098004,18547805.740014866,1395252.049920871,26272644.186037857,801635.2018514525,25211021.570162326,24877392.136117008,5.960464477539063e-08
63000.0,41.75584468160768,49.753374969927265,0,104.42095377547525,313.26286132642576,435.1168936321535,59.50674993985453,-0.0,60230915.39097598,45173186.54323193,18574204.686969988,1398822.7111786858,26272644.186037857,801635.2018514525,25200159.14508331,24873821.474859193,5.587935447692871e-08
63060.0,41.26718971064956,49.74910445705706,0,100.95917530827498,302.8775259248249,425.3437942129912,59.498208914114116,-0.0,60255561.04556759,45191670.784175634,18600018.752478063,1402392.859938175,26272644.186037857,801635.2018514525,25189259.171759445,24870251.3260997,4.842877388000488e-08
63120.0,40.77616989816207,49.74483455713514,0,97.49547472385125,292.4864241715537,415.52339796324134,59.489669114270285,-0.0,60279375.64135448,45209531.73101581,18625244.996505544,1405962.4962728976,26272644.186037857,801635.2018514525,25178324.23823741,24866681.68976498,4.470348358154297e-08
63180.0,40.282945280178254,49.74056527007353,0,94.02991796608818,282.0897538982645,405.6589056035651,59.48113054014706,-0.0,60302358.724941075,45226769.043705754,18649880.678465247,1409531.6202564018,26272644.186037857,801635.2018514525,25167356.744984146,24863112.565781474,4.0978193283081055e-08
63240.0,39.78766434928514,49.73629659578427,0,90.56257101420185,271.68771304260554,395.75328698570274,59.472593191568535,-0.0,60324509.858762585,45243382.394071884,18673923.242794774,1413100.231962226,26272644.186037857,801635.2018514525,25156358.919314925,24859543.95407565,4.0978193283081055e-08
63300.0,39.29046494252583,49.7320285341794,0,87.09349988148824,261.2804996444647,385.8092988505166,59.4640570683588,-0.0,60345828.62109333,45259371.46581995,18697370.305644233,1416668.3314638974,26272644.186037857,801635.2018514525,25145332.828711864,24855975.854573976,4.470348358154297e-08
63360.0,38.791475061022524,49.72776108517098,0,83.62277061406608,250.86831184219824,375.8295012204505,59.455522170341965,-0.0,60366314.606054835,45274735.95454107,18720219.642587904,1420235.9188349328,26272644.186037857,801635.2018514525,25134280.393118277,24852408.26720294,4.0978193283081055e-08
63420.0,38.290813626569026,49.723494248671095,0,80.1504492896231,240.45134786886928,365.8162725313805,59.44698849734219,-0.0,60385967.42362344,45289475.56771754,18742469.177281167,1423802.9941488388,26272644.186037857,801635.2018514525,25123203.39628757,24848841.191889036,4.0978193283081055e-08
63480.0,37.788591180039695,49.71922802459182,0,76.6766020161537,230.02980604846107,355.77182360079394,59.43845604918364,-0.0,60404786.69963785,45303590.02472834,18764116.970989913,1427369.5574791108,26272644.186037857,801635.2018514525,25112103.496259358,24845274.628558762,3.725290298461914e-08
63540.0,37.28491052608724,49.71496241284526,0,73.20129493070546,219.6038847921164,345.6982105217447,59.42992482569052,-0.0,60422772.07580617,45317079.056854576,18785161.212925434,1430935.6088992343,26272644.186037857,801635.2018514525,25100982.235029943,24841708.577138636,3.725290298461914e-08
63600.0,36.779867328259066,49.710697413343524,0,69.7245941981153,209.17378259434588,335.5973465651813,59.42139482668705,-0.0,60439923.209712744,45329942.40728452,18805600.211322792,1434501.1484826836,26272644.186037857,801635.2018514525,25089841.047479074,24838143.037555188,2.9802322387695312e-08
63660.0,36.27355065834523,49.70643302599874,0,66.2465660097563,198.73969802926888,325.4710131669046,59.41286605199748,-0.0,60456239.77482473,45342179.83111851,18825432.38520549,1438066.176302923,26272644.186037857,801635.2018514525,25078681.269610126,24834578.009734947,2.60770320892334e-08
63720.0,35.76604350347504,49.702169250723045,0,62.76727658227117,188.30182974681352,315.32087006950076,59.40433850144609,-0.0,60471721.460498236,45353791.09537364,18844656.25678367,1441630.692433406,26272644.186037857,801635.2018514525,25067504.14615659,24831013.493604466,2.9802322387695312e-08
63780.0,35.257423234212354,49.69790608742859,0,59.286792156316515,177.86037646894954,305.1484646842471,59.395812174857184,-0.0,60486367.971984275,45364775.97898817,18863270.444437146,1445194.6969475755,26272644.186037857,801635.2018514525,25056310.83760349,24827449.489090305,4.0978193283081055e-08
63840.0,34.74776203664698,49.69364353602753,0,55.805178995298,167.415536985894,294.9552407329396,59.38728707205506,-0.0,60500179.0304344,45375134.27282576,18881273.65623822,1448758.1899188645,26272644.186037857,801635.2018514525,25045102.42666872,24823885.996119015,4.0978193283081055e-08
63900.0,34.23712731125116,49.68938159643204,0,52.322503384113155,156.96751015233946,284.74254622502315,59.378763192864085,-0.0,60513154.372905955,45384865.77967943,18898664.68397282,1452321.1714206943,26272644.186037857,801635.2018514525,25033879.924285952,24820323.014617186,3.3527612686157227e-08
63960.0,33.7255820410557,49.68512026855431,0,48.83883162788489,146.51649488365467,274.51164082111404,59.370240537108614,-0.0,60525293.752367124,45393970.3142753,18915442.397621628,1455883.641526477,26272644.186037857,801635.2018514525,25022644.275127236,24816760.5445114,3.725290298461914e-08
64020.0,33.21318513150502,49.68085955230654,0,45.35423005070122,136.06269015210364,264.2637026301004,59.36171910461309,-0.0,60536596.93770162,45402447.70327617,18931605.74026576,1459445.6003096127,26272644.186037857,801635.2018514525,25011396.362700846,24813198.58572827,4.842877388000488e-08
64080.0,32.69999172416796,49.67659944760094,0,41.868764994354706,125.60629498306412,253.99983448335917,59.353198895201885,-0.0,60547063.71371309,45410297.78528477,18947153.723384414,1463007.0478434921,26272644.186037857,801635.2018514525,25000137.01405691,24809637.13819439,4.470348358154297e-08
64140.0,32.18605348631547,49.67233995434974,0,38.382502817075135,115.1475084512254,243.72106972630945,59.344679908699476,-0.0,60556693.88112919,45417520.41084686,18962085.422514286,1466567.984201495,26272644.186037857,801635.2018514525,24988867.004131112,24806076.20183638,3.3527612686157227e-08
64200.0,31.671418878219125,49.66808107246518,0,34.895509892269075,104.68652967680723,233.42837756438252,59.336162144930356,-0.0,60565487.25660544,45424115.44245404,18976399.973242916,1470128.4094569907,26272644.186037857,801635.2018514525,24977587.059754174,24802515.77658089,4.0978193283081055e-08
64260.0,31.15613339988499,49.6638228018595,0,31.407852607254366,94.2235578217631,223.1226679976998,59.327645603719006,-0.0,60573443.672728635,45430082.75454643,18990096.56751032,1473688.323683338,26272644.186037857,801635.2018514525,24966297.863352817,24798955.862354543,4.0978193283081055e-08
64320.0,30.64023981880218,49.65956514244497,0,27.919597362000864,83.75879208600259,212.80479637604358,59.31913028488994,-0.0,60580562.97802008,45435422.23351502,19003174.450195145,1477247.7269538848,26272644.186037857,801635.2018514525,24955000.056366026,24795396.459083993,4.0978193283081055e-08
64380.0,30.1237783801678,49.655308094133865,0,24.430810567858455,73.29243170357536,202.47556760335598,59.31061618826773,-0.0,60586845.03693846,45440133.7777038,19015632.915963445,1480806.619341969,26272644.186037857,801635.2018514525,24943694.242398426,24791837.56669591,4.0978193283081055e-08
64440.0,29.606787000933576,49.65105165683847,0,20.94155864629872,62.82467593889616,192.13574001867153,59.30210331367694,-0.0,60592289.729882434,45444217.29741178,19027471.30635994,1484365.0009209176,26272644.186037857,801635.2018514525,24932380.990130965,24788279.18511696,4.470348358154297e-08
64500.0,29.089301448918988,49.646795830471085,0,17.451908027648606,52.35572408294582,181.78602897837976,59.29359166094217,-0.0,60596896.9531929,45447672.71489462,19038689.007123005,1487922.8717640473,26272644.186037857,801635.2018514525,24921060.83600761,24784721.314273827,4.0978193283081055e-08
64560.0,28.571355508139757,49.64254061494403,0,13.961925149826746,41.885775449480235,171.42711016279515,59.285081229888064,-0.0,60600666.61915496,45450499.96436617,19049285.445706233,1491480.2319446641,26272644.186037857,801635.2018514525,24909734.286715306,24781163.95409321,3.725290298461914e-08
64620.0,28.05298113140941,49.63828601016963,0,10.471676457076063,31.415029371228187,161.0596226281882,59.27657202033926,-0.0,60603598.65599961,45452698.99199965,19059260.088990677,1495037.081536064,26272644.186037857,801635.2018514525,24898401.82147295,24777607.10450181,4.470348358154297e-08
64680.0,27.53420858119479,49.63403201606022,0,6.981228398699521,20.943685196098563,150.6841716238958,59.268064032120435,-0.0,60605693.00790509,45454269.75592877,19068612.44117301,1498593.4206115315,26272644.186037857,801635.2018514525,24887063.894144263,24774050.76542634,3.3527612686157227e-08
64740.0,27.015066559626707,49.629778632528144,0,3.490647427797137,10.47194228339141,140.30133119253412,59.25955726505629,-0.0,60606949.63499797,45455212.22624843,19077342.04181619,1502149.2492443414,26272644.186037857,801635.2018514525,24875720.93518793,24770494.93679353,2.9802322387695312e-08
64800.0,26.49558232850113,49.62552585948578,0,0.0,0.0,129.91164657002258,59.25105171897157,-0.0,60607368.513353884,45455526.38501535,19085448.464050006,1505704.5675077578,26272644.186037857,801635.2018514525,24864373.35345763,24766939.618530113,4.0978193283081055e-08
64860.0,25.996178226739556,49.621273696845506,0,0.0,0.0,119.92356453479111,59.24254739369101,-0.0,60607368.513353884,45455526.38501535,19092939.52557643,1509259.3754750341,26272644.186037857,801635.2018514525,24853327.483963937,24763384.81056284,4.842877388000488e-08
64920.0,25.535170136950914,49.61702214451969,0,0.0,0.0,110.70340273901827,59.234044289039375,-0.0,60607368.513353884,45455526.38501535,19099854.646923263,1512813.6732194135,26272644.186037857,801635.2018514525,24842858.064872723,24759830.51281846,4.470348358154297e-08
64980.0,25.109606033450543,49.61277120242075,0,0.0,0.0,102.19212066901086,59.225542404841505,-0.0,60607368.513353884,45455526.38501535,19106238.108475767,1516367.4608141282,26272644.186037857,801635.2018514525,24832920.81572551,24756276.72522375,5.21540641784668e-08
65040.0,24.716760853073975,49.6085208704611,0,0.0,0.0,94.3352170614795,59.2170417409222,-0.0,60607368.513353884,45455526.38501535,19112130.786181416,1519920.7383324,26272644.186037857,801635.2018514525,24823474.860501587,24752723.447705477,5.21540641784668e-08
65100.0,24.35411904546916,49.60427114855315,0,0.0,0.0,87.08238090938323,59.208542297106305,-0.0,60607368.513353884,45455526.38501535,19117570.41329549,1523473.5058474408,26272644.186037857,801635.2018514525,24814482.465872474,24749170.680190437,4.842877388000488e-08
65160.0,24.019358464985956,49.60002203660936,0,0.0,0.0,80.38716929971912,59.20004407321872,-0.0,60607368.513353884,45455526.38501535,19122591.822002735,1527025.7634324513,26272644.186037857,801635.2018514525,24805908.799580213,24745618.422605425,4.470348358154297e-08
65220.0,23.710335501016033,49.59577353454217,0,0.0,0.0,74.20671002032066,59.191547069084336,-0.0,60607368.513353884,45455526.38501535,19127227.166462287,1530577.5111606221,26272644.186037857,801635.2018514525,24797721.70739249,24742066.674877252,4.842877388000488e-08
65280.0,23.425071351566547,49.591525642264045,0,0.0,0.0,68.50142703133095,59.18305128452809,-0.0,60607368.513353884,45455526.38501535,19131506.12870403,1534128.749105133,26272644.186037857,801635.2018514525,24789891.507206243,24738515.436932743,5.21540641784668e-08
65340.0,23.161739352171647,49.58727835968747,0,0.0,0.0,63.234787043432945,59.174556719374934,-0.0,60607368.513353884,45455526.38501535,19135456.108694956,1537679.4773391536,26272644.186037857,801635.2018514525,24782390.798981298,24734964.708698723,5.21540641784668e-08
65400.0,22.918653279003536,49.58303168672492,0,0.0,0.0,58.373065580070715,59.166063373449845,-0.0,60607368.513353884,45455526.38501535,19139102.399792477,1541229.6959358426,26272644.186037857,801635.2018514525,24775194.289287087,24731414.490102034,5.21540641784668e-08
65460.0,22.694256551283118,49.57878562328891,0,0.0,0.0,53.88513102566236,59.15757124657782,-0.0,60607368.513353884,45455526.38501535,19142468.350708283,1544779.4049683486,26272644.186037857,801635.2018514525,24768278.629338775,24727864.78106953,5.21540641784668e-08
65520.0,22.48711226384873,49.57454016929195,0,0.0,0.0,49.742245276974586,59.1490803385839,-0.0,60607368.513353884,45455526.38501535,19145575.515019797,1548328.6045098095,26272644.186037857,801635.2018514525,24761622.2654858,24724315.58152807,5.21540641784668e-08
65580.0,22.295893986057433,49.570295324646565,0,0.0,0.0,45.91787972114865,59.14059064929313,-0.0,60607368.513353884,45455526.38501535,19148443.789186668,1551877.2946333527,26272644.186037857,801635.2018514525,24755205.30119539,24720766.89140453,5.587935447692871e-08
65640.0,22.11937726810039,49.566051089265294,0,0.0,0.0,42.3875453620078,59.13210217853059,-0.0,60607368.513353884,45455526.38501535,19151091.539956022,1555425.4754120952,26272644.186037857,801635.2018514525,24749009.36964729,24717218.710625786,5.587935447692871e-08
65700.0,21.95643180034372,49.561807463060696,0,0.0,0.0,39.12863600687437,59.12361492612139,-0.0,60607368.513353884,45455526.38501535,19153535.721972372,1558973.1469191436,26272644.186037857,801635.2018514525,24743017.5161239,24713671.03911874,5.960464477539063e-08
65760.0,21.80601417548792,49.557564445945324,0,0.0,0.0,36.12028350975841,59.11512889189065,-0.0,60607368.513353884,45455526.38501535,19155791.98634521,1562520.3092275935,26272644.186037857,801635.2018514525,24737214.089442607,24710123.87681029,5.587935447692871e-08
65820.0,21.667161207198884,49.55332203783176,0,0.0,0.0,33.34322414397768,59.106644075663525,-0.0,60607368.513353884,45455526.38501535,19157874.780869544,1566066.9624105305,26272644.186037857,801635.2018514525,24731584.641735338,24706577.223627355,5.960464477539063e-08
65880.0,21.538983762426966,49.5490802386326,0,0.0,0.0,30.77967524853932,59.098160477265196,-0.0,60607368.513353884,45455526.38501535,19159797.442541122,1569613.1065410296,26272644.186037857,801635.2018514525,24726115.835933257,24703031.079496853,5.587935447692871e-08
65940.0,21.420661067919937,49.54483904826044,0,0.0,0.0,28.413221358398744,59.089678096520885,-0.0,60607368.513353884,45455526.38501535,19161572.282958727,1573158.7416921554,26272644.186037857,801635.2018514525,24720795.36036453,24699485.44434573,5.960464477539063e-08
66000.0,21.31143545447199,49.54059846662789,0,0.0,0.0,26.228709089439803,59.08119693325578,-0.0,60607368.513353884,45455526.38501535,19163210.667160448,1576703.8679369618,26272644.186037857,801635.2018514525,24715611.849917997,24695940.318100918,5.21540641784668e-08
66060.0,21.21060750525408,49.5363584936476,0,0.0,0.0,24.212150105081633,59.072716987295195,-0.0,60607368.513353884,45455526.38501535,19164723.086398713,1580248.4853484922,26272644.186037857,801635.2018514525,24710554.813268203,24692395.70068939,5.587935447692871e-08
66120.0,21.117531577158385,49.53211912923218,0,0.0,0.0,22.350631543167694,59.06423825846436,-0.0,60607368.513353884,45455526.38501535,19166119.22532015,1583792.5939997798,26272644.186037857,801635.2018514525,24705614.56569548,24688851.592038102,5.587935447692871e-08
66180.0,21.031611666478145,49.527880373294295,0,0.0,0.0,20.632233329562908,59.05576074658859,-0.0,60607368.513353884,45455526.38501535,19167408.023980353,1587336.193963847,26272644.186037857,801635.2018514525,24700782.167071205,24685307.99207403,5.21540641784668e-08
66240.0,20.95229759244913,49.52364222574662,0,0.0,0.0,19.045951848982625,59.04728445149324,-0.0,60607368.513353884,45455526.38501535,19168597.73509079,1590879.285313706,26272644.186037857,801635.2018514525,24696049.364610914,24681764.900724176,5.587935447692871e-08
66300.0,20.87908147421443,49.51940468650182,0,0.0,0.0,17.581629484288612,59.038809373003645,-0.0,60607368.513353884,45455526.38501535,19169695.976864308,1594421.8681223583,26272644.186037857,801635.2018514525,24691408.54002874,24678222.31791552,5.21540641784668e-08
66360.0,20.811494478653003,49.515167755472596,0,0.0,0.0,16.229889573060063,59.03033551094519,-0.0,60607368.513353884,45455526.38501535,19170709.78179773,1597963.942462795,26272644.186037857,801635.2018514525,24686852.66075489,24674680.243575092,5.960464477539063e-08
66420.0,20.749103818247086,49.51093143257164,0,0.0,0.0,14.982076364941719,59.02186286514328,-0.0,60607368.513353884,45455526.38501535,19171645.641703814,1601505.5084079967,26272644.186037857,801635.2018514525,24682375.234903593,24671138.677629888,4.842877388000488e-08
66480.0,20.691509979764533,49.506695717711665,0,0.0,0.0,13.830199595290651,59.01339143542333,-0.0,60607368.513353884,45455526.38501535,19172509.549281053,1605046.5660309338,26272644.186037857,801635.2018514525,24677970.26970342,24667597.620006952,5.587935447692871e-08
66540.0,20.63834416601013,49.5024606108054,0,0.0,0.0,12.766883320202567,59.0049212216108,-0.0,60607368.513353884,45455526.38501535,19173307.036487367,1608587.1154045656,26272644.186037857,801635.2018514525,24673632.233123466,24664057.070633315,4.470348358154297e-08
66600.0,20.589265934264493,49.4982261117656,0,0.0,0.0,11.785318685289852,58.99645222353119,-0.0,60607368.513353884,45455526.38501535,19174043.209963553,1612127.1566018416,26272644.186037857,801635.2018514525,24669356.018450003,24660517.029436037,4.470348358154297e-08
66660.0,20.543961016288346,49.49399222050501,0,0.0,0.0,10.879220325766923,58.98798444101001,-0.0,60607368.513353884,45455526.38501535,19174722.783733193,1615666.6896957003,26272644.186037857,801635.2018514525,24665136.911586512,24656977.496342186,5.21540641784668e-08
66720.0,20.50213930593286,49.48975893693638,0,0.0,0.0,10.042786118657219,58.979517873872766,-0.0,60607368.513353884,45455526.38501535,19175350.109388523,1619205.7147590704,26272644.186037857,801635.2018514525,24660970.56086781,24653438.471278816,4.842877388000488e-08
66780.0,20.463533001469866,49.485526260972506,0,0.0,0.0,9.27066002939732,58.97105252194501,-0.0,60607368.513353884,45455526.38501535,19175929.203955468,1622744.2318648694,26272644.186037857,801635.2018514525,24656852.94919506,24649899.954173014,4.470348358154297e-08
66840.0,20.42789489074649,49.48129419252617,0,0.0,0.0,8.557897814929802,58.96258838505234,-0.0,60607368.513353884,45455526.38501535,19176463.77561632,1626282.2410860045,26272644.186037857,801635.2018514525,24652780.368313078,24646361.94495188,5.21540641784668e-08
66900.0,20.394996768183407,49.47706273151017,0,0.0,0.0,7.899935363668149,58.95412546302035,-0.0,60607368.513353884,45455526.38501535,19176957.247454766,1629819.742495373,26272644.186037857,801635.2018514525,24648749.39506526,24642824.443542507,4.470348358154297e-08
66960.0,20.364627973479998,49.47283187783734,0,0.0,0.0,7.292559469599951,58.94566375567469,-0.0,60607368.513353884,45455526.38501535,19177412.77937532,1633356.7361658607,26272644.186037857,801635.2018514525,24644756.86947422,24639287.44987202,4.842877388000488e-08
67020.0,20.336594042669216,49.4686016314205,0,0.0,0.0,6.731880853384311,58.937203262840995,-0.0,60607368.513353884,45455526.38501535,19177833.28833748,1636893.2221703439,26272644.186037857,801635.2018514525,24640799.874507576,24635750.963867538,4.842877388000488e-08
67080.0,20.310715462884314,49.46437199217248,0,0.0,0.0,6.214309257686281,58.92874398434496,-0.0,60607368.513353884,45455526.38501535,19178221.467034254,1640429.2005816882,26272644.186037857,801635.2018514525,24636875.71739946,24632214.985456195,4.842877388000488e-08
67140.0,20.286826522863603,49.46014296000614,0,0.0,0.0,5.736530457272053,58.920285920012276,-0.0,60607368.513353884,45455526.38501535,19178579.801134568,1643964.6714727485,26272644.186037857,801635.2018514525,24632981.912408087,24628679.514565133,4.842877388000488e-08
67200.0,20.26477425183263,49.45591453483434,0,0.0,0.0,5.295485036652607,58.911829069668684,-0.0,60607368.513353884,45455526.38501535,19178910.58520003,1647499.6349163693,26272644.186037857,801635.2018514525,24629116.164899,24625144.55112151,4.470348358154297e-08
67260.0,20.24441743996899,49.45168671656997,0,0.0,0.0,4.888348799379827,58.90337343313993,-0.0,60607368.513353884,45455526.38501535,19179215.937377986,1651034.090985385,26272644.186037857,801635.2018514525,24625276.356652025,24621610.095052492,4.0978193283081055e-08
67320.0,20.22562573417735,49.447459505125906,0,0.0,0.0,4.512514683546982,58.89491901025181,-0.0,60607368.513353884,45455526.38501535,19179497.812964857,1654568.0397526189,26272644.186037857,801635.2018514525,24621460.532297917,24618076.14628526,3.725290298461914e-08
67380.0,20.208278803384594,49.44323290041507,0,0.0,0.0,4.165576067691887,58.88646580083014,-0.0,60607368.513353884,45455526.38501535,19179758.016926747,1658101.4812908845,26272644.186037857,801635.2018514525,24617666.886797767,24614542.704747,4.470348358154297e-08
67440.0,20.192265568010168,49.43900690235036,0,0.0,0.0,3.845311360203354,58.878013804700714,-0.0,60607368.513353884,45455526.38501535,19179998.215457365,1661634.4156729844,26272644.186037857,801635.2018514525,24613893.753885053,24611009.7703649,4.842877388000488e-08
67500.0,20.177483488677495,49.4347815108447,0,0.0,0.0,3.5496697735499083,58.8695630216894,-0.0,60607368.513353884,45455526.38501535,19180219.946647357,1665166.842971711,26272644.186037857,801635.2018514525,24610139.595396332,24607477.34306617,4.842877388000488e-08
67560.0,20.16383790961192,49.430556725811044,0,0.0,0.0,3.276758192238418,58.86111345162209,-0.0,60607368.513353884,45455526.38501535,19180424.630333338,1668698.763259846,26272644.186037857,801635.2018514525,24606402.99142221,24603945.422778033,4.0978193283081055e-08
67620.0,20.15124145252058,49.426332547162346,0,0.0,0.0,3.024829050411597,58.85266509432469,-0.0,60607368.513353884,45455526.38501535,19180613.577189706,1672230.176610161,26272644.186037857,801635.2018514525,24602682.63121553,24600414.009427723,4.470348358154297e-08
67680.0,20.139613457073004,49.42210897481156,0,0.0,0.0,2.792269141460082,58.844217949623115,-0.0,60607368.513353884,45455526.38501535,19180787.99712142,1675761.083095417,26272644.186037857,801635.2018514525,24598977.30479856,24596883.102942463,4.0978193283081055e-08
67740.0,20.12887946439964,49.41788600867167,0,0.0,0.0,2.5775892879927653,58.835772017343345,-0.0,60607368.513353884,45455526.38501535,19180949.00701152,1679291.4827883644,26272644.186037857,801635.2018514525,24595285.89521551,24593352.703249518,4.470348358154297e-08
67800.0,20.11897074030086,49.41366364865567,0,0.0,0.0,2.379414806017195,58.82732729731134,-0.0,60607368.513353884,45455526.38501535,19181097.637873,1682821.3757617432,26272644.186037857,801635.2018514525,24591607.371380653,24589822.81027614,4.470348358154297e-08
67860.0,20.109823835113442,49.409441894676554,0,0.0,0.0,2.196476702268839,58.81888378935311,-0.0,60607368.513353884,45455526.38501535,19181234.841450814,1686350.762088283,26272644.186037857,801635.2018514525,24587940.7814763,24586293.4239496,4.470348358154297e-08
67920.0,20.101380177416086,49.405220746647345,0,0.0,0.0,2.0276035483217214,58.81044149329469,-0.0,60607368.513353884,45455526.38501535,19181361.496316276,1689879.6418407033,26272644.186037857,801635.2018514525,24584285.24685842,24582764.54419718,4.842877388000488e-08
67980.0,20.093585698972365,49.40100020448106,0,0.0,0.0,1.871713979447307,58.802000408962115,-0.0,60607368.513353884,45455526.38501535,19181478.41349293,1693408.0150917128,26272644.186037857,801635.2018514525,24580639.95643075,24579236.170946166,4.0978193283081055e-08
68040.0,20.086390488509412,49.39678026809075,0,0.0,0.0,1.7278097701882444,58.7935605361815,-0.0,60607368.513353884,45455526.38501535,19181586.341649875,1696935.8819140098,26272644.186037857,801635.2018514525,24577004.161451507,24575708.304123867,3.725290298461914e-08
68100.0,20.079748472115366,49.39256093738947,0,0.0,0.0,1.5949694423073169,58.78512187477894,-0.0,60607368.513353884,45455526.38501535,19181685.971895788,1700463.242380282,26272644.186037857,801635.2018514525,24573377.170739327,24572180.943657596,4.0978193283081055e-08
68160.0,20.07361711820905,49.388342212290276,0,0.0,0.0,1.472342364181003,58.77668442458055,-0.0,60607368.513353884,45455526.38501535,19181777.942204382,1703990.0965632072,26272644.186037857,801635.2018514525,24569758.346247807,24568654.08947467,4.470348358154297e-08
68220.0,20.067957165192652,49.38412409270625,0,0.0,0.0,1.3591433038530454,58.7682481854125,-0.0,60607368.513353884,45455526.38501535,19181862.841499627,1707516.4445354522,26272644.186037857,801635.2018514525,24566147.098980315,24565127.741502427,4.0978193283081055e-08
68280.0,20.062732370043435,49.37990657855048,0,0.0,0.0,1.2546474008686914,58.759813157100965,-0.0,60607368.513353884,45455526.38501535,19181941.213426866,1711042.2863696737,26272644.186037857,801635.2018514525,24562542.885218855,24561601.8996682,4.0978193283081055e-08
68340.0,20.05790927623467,49.375689669736076,0,0.0,0.0,1.1581855246934225,58.75137933947215,-0.0,60607368.513353884,45455526.38501535,19182013.559834,1714567.622138518,26272644.186037857,801635.2018514525,24558945.20304288,24558076.56389936,4.470348358154297e-08
68400.0,20.05345699949964,49.37147336617615,0,0.0,0.0,1.06913998999282,58.742946732352294,-0.0,60607368.513353884,45455526.38501535,19182080.343985025,1718092.4519146206,26272644.186037857,801635.2018514525,24555353.589115754,24554551.73412326,4.470348358154297e-08
68460.0,20.0493470300669,49.36725766778382,0,0.0,0.0,0.98694060133802,58.734515335567636,-0.0,60607368.513353884,45455526.38501535,19182141.993526515,1721616.775770607,26272644.186037857,801635.2018514525,24551767.615718275,24551027.41026727,4.470348358154297e-08
68520.0,20.04555305010039,49.36304257447223,0,0.0,0.0,0.9110610020078269,58.72608514894446,-0.0,60607368.513353884,45455526.38501535,19182198.90322601,1725140.593779092,26272644.186037857,801635.2018514525,24548186.88801029,24547503.592258785,3.725290298461914e-08
68580.0,20.042050765175443,49.358828086154546,0,0.0,0.0,0.8410153035088541,58.71765617230909,-0.0,60607368.513353884,45455526.38501535,19182251.43749989,1728663.9060126801,26272644.186037857,801635.2018514525,24544611.04150283,24543980.2800252,4.470348358154297e-08
68640.0,20.038817748711516,49.35461420274392,0,0.0,0.0,0.7763549742303155,58.709228405487835,-0.0,60607368.513353884,45455526.38501535,19182299.932746846,1732186.7125439653,26272644.186037857,801635.2018514525,24541039.739724588,24540457.473493915,4.470348358154297e-08
68700.0,20.035833298365528,49.350400924153526,0,0.0,0.0,0.7166659673105613,58.70080184830705,-0.0,60607368.513353884,45455526.38501535,19182344.699502036,1735709.0134455313,26272644.186037857,801635.2018514525,24537472.672067832,24536935.17259235,4.470348358154297e-08
68760.0,20.033078303466173,49.34618825029657,0,0.0,0.0,0.661566069323456,58.69237650059314,-0.0,60607368.513353884,45455526.38501535,19182386.024425525,1739230.8087899515,26272644.186037857,801635.2018514525,24533909.551799927,24533413.377247933,4.842877388000488e-08
68820.0,20.030535122640362,49.34197618108624,0,0.0,0.0,0.6107024528072458,58.68395236217248,-0.0,60607368.513353884,45455526.38501535,19182424.172137912,1742752.0986497884,26272644.186037857,801635.2018514525,24530350.1142277,24529892.087388095,4.842877388000488e-08
68880.0,20.02818747084824,49.33776471643575,0,0.0,0.0,0.563749416964825,58.6755294328715,-0.0,60607368.513353884,45455526.38501535,19182459.386914793,1746272.8830975946,26272644.186037857,801635.2018514525,24526794.115003012,24526371.302940287,4.470348358154297e-08
68940.0,20.026020315103306,49.33355385625834,0,0.0,0.0,0.5204063020661209,58.66710771251668,-0.0,60607368.513353884,45455526.38501535,19182491.894250967,1749793.1622059117,26272644.186037857,801635.2018514525,24523241.328558523,24522851.023831975,4.842877388000488e-08
69000.0,20.024019778209993,49.32934360046724,0,0.0,0.0,0.48039556419986695,58.65868720093448,-0.0,60607368.513353884,45455526.38501535,19182521.902304366,1753312.9360472718,26272644.186037857,801635.2018514525,24519691.54666376,24519331.249990612,4.470348358154297e-08
69060.0,20.02217304990223,49.325133948975704,0,0.0,0.0,0.4434609980445714,58.65026789795141,-0.0,60607368.513353884,45455526.38501535,19182549.60322898,1756832.204694196,26272644.186037857,801635.2018514525,24516144.577092223,24515811.98134369,4.470348358154297e-08
69120.0,20.020468304813996,49.320924901697,0,0.0,0.0,0.4093660962799106,58.641849803393995,-0.0,60607368.513353884,45455526.38501535,19182575.174405303,1760350.9682191948,26272644.186037857,801635.2018514525,24512600.242390897,24512293.21781869,4.0978193283081055e-08
69180.0,20.01889462675662,49.3167164585444,0,0.0,0.0,0.3778925351323892,58.6334329170888,-0.0,60607368.513353884,45455526.38501535,19182598.779576164,1763869.2266947685,26272644.186037857,801635.2018514525,24509058.378744464,24508774.959343117,4.470348358154297e-08
69240.0,20.01744193881791,49.31250861943119,0,0.0,0.0,0.3488387763582068,58.625017238862384,-0.0,60607368.513353884,45455526.38501535,19182620.569895245,1767386.980193407,26272644.186037857,801635.2018514525,24505518.834926747,24505257.205844477,4.470348358154297e-08
69300.0,20.01610093883549,49.308301384270685,0,0.0,0.0,0.32201877670978263,58.61660276854137,-0.0,60607368.513353884,45455526.38501535,19182640.68489498,1770904.22878759,26272644.186037857,801635.2018514525,24501981.471332826,24501739.957250293,4.0978193283081055e-08
69360.0,20.014863039831212,49.30409475297619,0,0.0,0.0,0.29726079662424354,58.60818950595238,-0.0,60607368.513353884,45455526.38501535,19182659.253380045,1774420.9725497866,26272644.186037857,801635.2018514525,24498446.159085564,24498223.213488095,4.0978193283081055e-08
69420.0,20.013720315025186,49.29988872546104,0,0.0,0.0,0.2744063005037134,58.599777450922076,-0.0,60607368.513353884,45455526.38501535,19182676.394252133,1777937.2115524553,26272644.186037857,801635.2018514525,24494912.779210806,24494706.974485427,4.0978193283081055e-08
69480.0,20.012665447077325,49.29568330163856,0,0.0,0.0,0.25330894154649286,58.59136660327712,-0.0,60607368.513353884,45455526.38501535,19182692.21727135,1781452.9458680449,26272644.186037857,801635.2018514525,24491381.221876,24491191.240169838,4.0978193283081055e-08
69540.0,20.01169168123137,49.29147848142212,0,0.0,0.0,0.23383362462737978,58.582956962844236,-0.0,60607368.513353884,45455526.38501535,19182706.823759038,1784968.1755689927,26272644.186037857,801635.2018514525,24487851.38568736,24487676.01046889,3.725290298461914e-08
69600.0,20.010792782061422,49.28727426472507,0,0.0,0.0,0.21585564122844403,58.57454852945014,-0.0,60607368.513353884,45455526.38501535,19182720.30724659,1788482.9007277268,26272644.186037857,801635.2018514525,24484323.17704108,24484161.28531016,4.0978193283081055e-08
69660.0,20.009962993543887,49.28307065146079,0,0.0,0.0,0.19925987087773933,58.56614130292158,-0.0,60607368.513353884,45455526.38501535,19182732.754074354,1791997.121416664,26272644.186037857,801635.2018514525,24480796.50952438,24480647.06462122,4.470348358154297e-08
69720.0,20.009197002199308,49.27886764154267,0,0.0,0.0,0.18394004398615493,58.557735283085336,-0.0,60607368.513353884,45455526.38501535,19182744.243944522,1795510.8377082113,26272644.186037857,801635.2018514525,24477271.30336266,24477133.34832967,4.0978193283081055e-08
69780.0,20.008489903067932,49.27466523488411,0,0.0,0.0,0.16979806135864806,58.54933046976822,-0.0,60607368.513353884,45455526.38501535,19182754.850431494,1799024.0496747647,26272644.186037857,801635.2018514525,24473747.484909136,24473620.136363115,4.0978193283081055e-08
69840.0,20.007837168301247,49.27046343139853,0,0.0,0.0,0.15674336602494066,58.540926862797065,-0.0,60607368.513353884,45455526.38501535,19182764.641452994,1802536.7573887103,26272644.186037857,801635.2018514525,24470224.98617369,24470107.428649172,4.0978193283081055e-08
69900.0,20.007234618168265,49.26626223099935,0,0.0,0.0,0.14469236336530855,58.532524461998705,-0.0,60607368.513353884,45455526.38501535,19182773.67970499,1806048.9609224238,26272644.186037857,801635.2018514525,24466703.744387984,24466595.22511546,4.470348358154297e-08
69960.0,20.006678394290994,49.26206163360002,0,0.0,0.0,0.1335678858198719,58.52412326720004,-0.0,60607368.513353884,45455526.38501535,19182782.02306315,1809560.66034827,26272644.186037857,801635.2018514525,24463183.701603983,24463083.525689617,4.842877388000488e-08
70020.0,20.00616493493763,49.25786163911397,0,0.0,0.0,0.12329869875259192,58.51572327822794,-0.0,60607368.513353884,45455526.38501535,19182789.72495345,1813071.8557386044,26272644.186037857,801635.2018514525,24459664.80432334,24459572.330299277,4.0978193283081055e-08
70080.0,20.005690952215335,49.253662247454685,0,0.0,0.0,0.11381904430670886,58.50732449490937,-0.0,60607368.513353884,45455526.38501535,19182796.834694285,1816582.5471657708,26272644.186037857,801635.2018514525,24456147.003155347,24456061.638872117,4.842877388000488e-08
70140.0,20.005253411016483,49.24946345853563,0,0.0,0.0,0.10506822032965601,58.49892691707126,-0.0,60607368.513353884,45455526.38501535,19182803.397812266,1820092.734702103,26272644.186037857,801635.2018514525,24452630.252501033,24452551.451335788,4.842877388000488e-08
70200.0,20.0048495095836,49.24526527227029,0,0.0,0.0,0.09699019167200618,58.490530544540576,-0.0,60607368.513353884,45455526.38501535,19182809.456333756,1823602.4184199255,26272644.186037857,801635.2018514525,24449114.510261714,24449041.76761796,4.470348358154297e-08
70260.0,20.00447666156858,49.241067688572166,0,0.0,0.0,0.08953323137163238,58.48213537714433,-0.0,60607368.513353884,45455526.38501535,19182815.049053982,1827111.5983915508,26272644.186037857,801635.2018514525,24445599.73756986,24445532.58764633,4.0978193283081055e-08
70320.0,20.0041324794712,49.23687070735478,0,0.0,0.0,0.08264958942397982,58.473741414709565,-0.0,60607368.513353884,45455526.38501535,19182820.211785443,1830620.274689282,26272644.186037857,801635.2018514525,24442085.89854067,24442023.9113486,4.0978193283081055e-08
70380.0,20.003814759350973,49.232674328531665,0,0.0,0.0,0.07629518701946836,58.46534865706333,-0.0,60607368.513353884,45455526.38501535,19182824.97758725,1834128.4473854117,26272644.186037857,801635.2018514525,24438572.960042737,24438515.73865247,4.470348358154297e-08
70440.0,20.003521466714414,49.22847855201634,0,0.0,0.0,0.0704293342882778,58.45695710403268,-0.0,60607368.513353884,45455526.38501535,19182829.376976795,1837636.1165522218,26272644.186037857,801635.2018514525,24435060.891486377,24435008.06948566,4.0978193283081055e-08
70500.0,20.00325072348733,49.224283377722365,0,0.0,0.0,0.06501446974660041,58.44856675544473,-0.0,60607368.513353884,45455526.38501535,19182833.438125204,1841143.2822619844,26272644.186037857,801635.2018514525,24431549.664628208,24431500.903775897,4.470348358154297e-08
70560.0,20.003000795988736,49.2200888055633,0,0.0,0.0,0.06001591977472742,58.4401776111266,-0.0,60607368.513353884,45455526.38501535,19182837.18703768,1844649.9445869606,26272644.186037857,801635.2018514525,24428039.25339075,24427994.24145092,3.725290298461914e-08
70620.0,20.002770083829375,49.21589483545272,0,0.0,0.0,0.05540167658750761,58.431789670905445,-0.0,60607368.513353884,45455526.38501535,19182840.647720072,1848156.1035994014,26272644.186037857,801635.2018514525,24424529.633695915,24424488.082438476,3.725290298461914e-08
70680.0,20.00255710966376,49.21170146730422,0,0.0,0.0,0.05114219327516878,58.42340293460845,-0.0,60607368.513353884,45455526.38501535,19182843.842332557,1851661.7593715477,26272644.186037857,801635.2018514525,24421020.783311285,24420982.42666633,3.725290298461914e-08
70740.0,20.002360509730117,49.2075087010314,0,0.0,0.0,0.04721019460234288,58.4150174020628,-0.0,60607368.513353884,45455526.38501535,19182846.79133156,1855166.9119756296,26272644.186037857,801635.2018514525,24417512.6817082,24417477.27406225,3.725290298461914e-08
70800.0,20.002179025117677,49.20331653654786,0,0.0,0.0,0.04358050235353517,58.40663307309572,-0.0,60607368.513353884,45455526.38501535,19182849.513600748,1858671.5614838668,26272644.186037857,801635.2018514525,24414005.309930775,24413972.624554012,3.725290298461914e-08
70860.0,20.002011493705314,49.19912497376723,0,0.0,0.0,0.040229874106287866,58.39824994753447,-0.0,60607368.513353884,45455526.38501535,19182852.026571933,1862175.7079684692,26272644.186037857,801635.2018514525,24410498.650474984,24410468.478069406,3.3527612686157227e-08
70920.0,20.00185684272003,49.19493401260316,0,0.0,0.0,0.03713685440061454,58.389868025206326,-0.0,60607368.513353884,45455526.38501535,19182854.346336715,1865679.3515016357,26272644.186037857,801635.2018514525,24406992.687177043,24406964.834536243,4.0978193283081055e-08
70980.0,20.00171408186753,49.19074365296929,0,0.0,0.0,0.03428163735058831,58.38148730593858,-0.0,60607368.513353884,45455526.38501535,19182856.487749502,1869182.4921555552,26272644.186037857,801635.2018514525,24403487.405110337,24403461.693882324,4.0978193283081055e-08
71040.0,20.00158229699096,49.18655389477928,0,0.0,0.0,0.03164593981921371,58.37310778955856,-0.0,60607368.513353884,45455526.38501535,19182858.464522652,1872685.130002406,26272644.186037857,801635.2018514525,24399982.79049034,24399959.056035478,4.470348358154297e-08
71100.0,20.001460644217193,49.1823647379468,0,0.0,0.0,0.029212884343863266,58.3647294758936,-0.0,60607368.513353884,45455526.38501535,19182860.28931426,1876187.2651143563,26272644.186037857,801635.2018514525,24396478.83058678,24396456.920923524,4.0978193283081055e-08
71160.0,20.001348344553147,49.17817618238555,0,0.0,0.0,0.02696689106294059,58.3563523647711,-0.0,60607368.513353884,45455526.38501535,19182861.97380922,1879688.897563564,26272644.186037857,801635.2018514525,24392975.513642617,24392955.288474318,4.842877388000488e-08
71220.0,20.00124467889757,49.17398822800922,0,0.0,0.0,0.024893577951417,58.34797645601844,-0.0,60607368.513353884,45455526.38501535,19182863.52879405,1883190.0274221762,26272644.186037857,801635.2018514525,24389472.828799173,24389454.15861571,4.470348358154297e-08
71280.0,20.001148983436348,49.16980087473152,0,0.0,0.0,0.022979668726961222,58.33960174946304,-0.0,60607368.513353884,45455526.38501535,19182864.96422597,1886690.6547623302,26272644.186037857,801635.2018514525,24385970.766027097,24385953.53127555,4.470348358154297e-08
71340.0,20.00106064539182,49.16561412246619,0,0.0,0.0,0.021212907836414274,58.331228244932376,-0.0,60607368.513353884,45455526.38501535,19182866.28929664,1890190.7796561522,26272644.186037857,801635.2018514525,24382469.31606261,24382453.406381734,4.842877388000488e-08
71400.0,20.00097909909891,49.16142797112695,0,0.0,0.0,0.01958198197819172,58.322855942253895,-0.0,60607368.513353884,45455526.38501535,19182867.51249103,1893690.402175759,26272644.186037857,801635.2018514525,24378968.47034861,24378953.78386213,4.470348358154297e-08
71460.0,20.000903822382938,49.15724242062755,0,0.0,0.0,0.018076447658756933,58.314484841255094,-0.0,60607368.513353884,45455526.38501535,19182868.64164177,1897189.5223932562,26272644.186037857,801635.2018514525,24375468.220980376,24375454.66364463,4.842877388000488e-08
71520.0,20.00083433321592,49.153057470881755,0,0.0,0.0,0.01668666431839938,58.30611494176351,-0.0,60607368.513353884,45455526.38501535,19182869.683979277,1900688.1403807397,26272644.186037857,801635.2018514525,24371968.560655385,24371956.045657147,4.842877388000488e-08
71580.0,20.00077018662995,49.14887312180334,0,0.0,0.0,0.015403732598997522,58.29774624360668,-0.0,60607368.513353884,45455526.38501535,19182870.646178067,1904186.2562102946,26272644.186037857,801635.2018514525,24368469.48262704,24368457.929827593,4.842877388000488e-08
71640.0,20.000710971867875,49.14468937330609,0,0.0,0.0,0.014219437357496645,58.289378746612186,-0.0,60607368.513353884,45455526.38501535,19182871.5343995,1907683.8699539958,26272644.186037857,801635.2018514525,24364970.98066191,24364960.316083893,5.21540641784668e-08
71700.0,20.000656309753058,49.1405062253038,0,0.0,0.0,0.013126195061161638,58.281012450607605,-0.0,60607368.513353884,45455526.38501535,19182872.354331218,1911180.9816839078,26272644.186037857,801635.2018514525,24361473.049000278,24361463.20435398,4.842877388000488e-08
71760.0,20.000605850261337,49.13632367771029,0,0.0,0.0,0.01211700522674164,58.272647355420574,-0.0,60607368.513353884,45455526.38501535,19182873.11122359,1914677.591472085,26272644.186037857,801635.2018514525,24357975.682319723,24357966.5945658,4.470348358154297e-08
71820.0,20.0005592702797,49.13214173043937,0,0.0,0.0,0.011185405594034137,58.264283460878744,-0.0,60607368.513353884,45455526.38501535,19182873.809923317,1918173.6993905713,26272644.186037857,801635.2018514525,24354478.87570151,24354470.486647315,4.470348358154297e-08
71880.0,20.00051627153724,49.12796038340489,0,0.0,0.0,0.010325430744799746,58.25592076680978,-0.0,60607368.513353884,45455526.38501535,19182874.454904456,1921669.3055113999,26272644.186037857,801635.2018514525,24350982.624599546,24350974.880526487,4.842877388000488e-08
71940.0,20.000476578695203,49.12377963652068,0,0.0,0.0,0.00953157390405579,58.24755927304136,-0.0,60607368.513353884,45455526.38501535,19182875.050297085,1925164.4099065943,26272644.186037857,801635.2018514525,24347486.924811713,24347479.776131287,4.0978193283081055e-08
72000.0,20.00043993758388,49.11959948970061,0,0.0,0.0,0.008798751677616679,58.23919897940122,-0.0,60607368.513353884,45455526.38501535,19182875.599913754,1928659.0126481676,26272644.186037857,801635.2018514525,24343991.77245347,24343985.17338971,3.725290298461914e-08
72060.0,20.00040611357507,49.115419942858566,0,0.0,0.0,0.008122271501420641,58.23083988571713,-0.0,60607368.513353884,45455526.38501535,19182876.107273884,1932153.1138081218,26272644.186037857,801635.2018514525,24340497.16393339,24340491.07222976,4.0978193283081055e-08
72120.0,20.000374890079634,49.11124099590841,0,0.0,0.0,0.007497801592677433,58.22248199181682,-0.0,60607368.513353884,45455526.38501535,19182876.575626317,1935646.7134584493,26272644.186037857,801635.2018514525,24337003.095930625,24336997.47257943,3.725290298461914e-08
72180.0,20.00034606716061,49.10706264876406,0,0.0,0.0,0.006921343212198394,58.21412529752811,-0.0,60607368.513353884,45455526.38501535,19182877.007970102,1939139.811671132,26272644.186037857,801635.2018514525,24333509.565374162,24333504.374366753,4.0978193283081055e-08
72240.0,20.000319460252907,49.1028849013394,0,0.0,0.0,0.006389205058141556,58.2057698026788,-0.0,60607368.513353884,45455526.38501535,19182877.407073718,1942632.4085181414,26272644.186037857,801635.2018514525,24330016.569423534,24330011.77751974,4.0978193283081055e-08
72300.0,20.00029489898148,49.098707753548375,0,0.0,0.0,0.005897979629594374,58.19741550709675,-0.0,60607368.513353884,45455526.38501535,19182877.775492787,1946124.504071439,26272644.186037857,801635.2018514525,24326524.105451167,24326519.681966443,4.0978193283081055e-08
72360.0,20.000272226070337,49.09453120530491,0,0.0,0.0,0.0054445214067300185,58.18906241060982,-0.0,60607368.513353884,45455526.38501535,19182878.115586456,1949616.098402975,26272644.186037857,801635.2018514525,24323032.17102596,24323028.087634906,3.725290298461914e-08
72420.0,20.00025129633544,49.090355256522955,0,0.0,0.0,0.005025926708768225,58.18071051304591,-0.0,60607368.513353884,45455526.38501535,19182878.42953248,1953107.1915846905,26272644.186037857,801635.2018514525,24319540.763898224,24319536.99445319,4.0978193283081055e-08
72480.0,20.00023197575503,49.08617990711646,0,0.0,0.0,0.004639515100635094,58.17235981423292,-0.0,60607368.513353884,45455526.38501535,19182878.71934118,1956597.7836885154,26272644.186037857,801635.2018514525,24316049.881985687,24316046.40234936,2.9802322387695312e-08
72540.0,20.000214140611433,49.08200515699941,0,0.0,0.0,0.004282812228666444,58.164010313998816,-0.0,60607368.513353884,45455526.38501535,19182878.986868337,1960087.8747863697,26272644.186037857,801635.2018514525,24312559.523360677,24312556.311251506,2.9802322387695312e-08
72600.0,20.00019767669884,49.07783100608578,0,0.0,0.0,0.003953533976783774,58.15566201217156,-0.0,60607368.513353884,45455526.38501535,19182879.233827025,1963577.4649501634,26272644.186037857,801635.2018514525,24309069.686238196,24309066.721087713,2.9802322387695312e-08
72660.0,20.000182478592,49.073657454289574,0,0.0,0.0,0.0036495718399720545,58.14731490857915,-0.0,60607368.513353884,45455526.38501535,19182879.46179863,1967066.5542517952,26272644.186037857,801635.2018514525,24305580.368964963,24305577.631786082,3.3527612686157227e-08
72720.0,20.00016844897114,49.06948450152479,0,0.0,0.0,0.0033689794228308756,58.13896900304958,-0.0,60607368.513353884,45455526.38501535,19182879.672242943,1970555.142763154,26272644.186037857,801635.2018514525,24302091.570009295,24302089.043274727,3.725290298461914e-08
72780.0,20.00015549799879,49.065312147705455,0,0.0,0.0,0.0031099599758022123,58.13062429541091,-0.0,60607368.513353884,45455526.38501535,19182879.866507526,1974043.230556119,26272644.186037857,801635.2018514525,24298603.28795174,24298600.95548176,3.3527612686157227e-08
72840.0,20.00014354274451,49.0611403927456,0,0.0,0.0,0.002870854890204555,58.1222807854912,-0.0,60607368.513353884,45455526.38501535,19182880.04583634,1977530.817702558,26272644.186037857,801635.2018514525,24295115.52147649,24295113.36833532,3.3527612686157227e-08
72900.0,20.000132506653866,49.056969236559276,0,0.0,0.0,0.0026501330773243126,58.11393847311855,-0.0,60607368.513353884,45455526.38501535,19182880.2113777,1981017.9042743288,26272644.186037857,801635.2018514525,24291628.269363362,24291626.281763554,3.725290298461914e-08
72960.0,20.00012231905819,49.05279867906054,0,0.0,0.0,0.0024463811637787103,58.105597358121074,-0.0,60607368.513353884,45455526.38501535,19182880.364191633,1984504.4903432797,26272644.186037857,801635.2018514525,24288141.53048048,24288139.69569461,4.0978193283081055e-08
73020.0,20.000112914722088,49.04862872016344,0,0.0,0.0,0.00225829444175929,58.097257440326885,-0.0,60607368.513353884,45455526.38501535,19182880.505256675,1987990.5759812475,26272644.186037857,801635.2018514525,24284655.30377747,24284653.61005664,4.0978193283081055e-08
73080.0,20.00010423342571,49.04445935978209,0,0.0,0.0,0.0020846685141862054,58.08891871956418,-0.0,60607368.513353884,45455526.38501535,19182880.63547612,1991476.1612600593,26272644.186037857,801635.2018514525,24281169.58827921,24281168.024777826,3.725290298461914e-08
73140.0,20.00009621957911,49.04029059783056,0,0.0,0.0,0.0019243915821931523,58.080581195661125,-0.0,60607368.513353884,45455526.38501535,19182880.75568382,1994961.246251532,26272644.186037857,801635.2018514525,24277684.383080035,24277682.93978635,3.3527612686157227e-08
73200.0,20.00008882186632,49.03612243422298,0,0.0,0.0,0.0017764373264128608,58.072244868445964,-0.0,60607368.513353884,45455526.38501535,19182880.866649512,1998445.8310274724,26272644.186037857,801635.2018514525,24274199.687338408,24274198.355010413,4.0978193283081055e-08
73260.0,20.000081992916716,49.031954868873456,0,0.0,0.0,0.001639858334314681,58.06390973774691,-0.0,60607368.513353884,45455526.38501535,19182880.969083756,2001929.915659676,26272644.186037857,801635.2018514525,24270715.50027196,24270714.27037821,4.0978193283081055e-08
73320.0,20.00007568900171,49.02778790169612,0,0.0,0.0,0.0015137800342301944,58.055575803392244,-0.0,60607368.513353884,45455526.38501535,19182881.06364248,2005413.500219929,26272644.186037857,801635.2018514525,24267231.82115298,24267230.685817957,3.725290298461914e-08
73380.0,20.00006986975472,49.02362153260512,0,0.0,0.0,0.0013973950944290436,58.04724306521024,-0.0,60607368.513353884,45455526.38501535,19182881.150931187,2008896.5847800067,26272644.186037857,801635.2018514525,24263748.6493042,24263747.60125788,4.0978193283081055e-08
73440.0,20.0000644979127,49.01945576151461,0,0.0,0.0,0.0012899582539915855,58.03891152302921,-0.0,60607368.513353884,45455526.38501535,19182881.231508818,2012379.1694116744,26272644.186037857,801635.2018514525,24260265.984094903,24260265.016626213,4.0978193283081055e-08
73500.0,20.00005953907752,49.01529058833876,0,0.0,0.0,0.001190781550377551,58.030581176677515,-0.0,60607368.513353884,45455526.38501535,19182881.305891346,2015861.2541866868,26272644.186037857,801635.2018514525,24256783.824937362,24256782.9318512,4.0978193283081055e-08
73560.0,20.000054961495707,49.011126012991745,0,0.0,0.0,0.0010992299141321382,58.02225202598349,-0.0,60607368.513353884,45455526.38501535,19182881.374555074,2019342.8391767887,26272644.186037857,801635.2018514525,24253302.171283532,24253301.346861098,4.0978193283081055e-08
73620.0,20.00005073585511,49.00696203538777,0,0.0,0.0,0.0010147171021657186,58.013924070775545,-0.0,60607368.513353884,45455526.38501535,19182881.43793968,2022823.9244537146,26272644.186037857,801635.2018514525,24249821.022622004,24249820.261584178,4.470348358154297e-08
73680.0,20.000046835097194,49.00279865544103,0,0.0,0.0,0.0009367019438855095,58.00559731088207,-0.0,60607368.513353884,45455526.38501535,19182881.49645105,2026304.510089188,26272644.186037857,801635.2018514525,24246340.378475163,24246339.675948706,4.842877388000488e-08
73740.0,20.000043234243805,48.99863587306575,0,0.0,0.0,0.0008646848760918147,57.9972717461315,-0.0,60607368.513353884,45455526.38501535,19182881.55046385,2029784.5961549233,26272644.186037857,801635.2018514525,24242860.238396626,24242859.58988297,4.842877388000488e-08
73800.0,20.00003991023718,48.994473688176164,0,0.0,0.0,0.0007982047436172479,57.98894737635233,-0.0,60607368.513353884,45455526.38501535,19182881.600323953,2033264.1827226235,26272644.186037857,801635.2018514525,24239380.601968832,24239380.003315274,5.587935447692871e-08
73860.0,20.00003684179233,48.990312100686495,0,0.0,0.0,0.0007368358465953406,57.98062420137299,-0.0,60607368.513353884,45455526.38501535,19182881.646350626,2036743.2698639815,26272644.186037857,801635.2018514525,24235901.468800794,24235900.91617391,4.842877388000488e-08
73920.0,20.00003400926073,48.986151110511024,0,0.0,0.0,0.0006801852146054443,57.97230222102205,-0.0,60607368.513353884,45455526.38501535,19182881.688838597,2040221.857650681,26272644.186037857,801635.2018514525,24232422.838526126,24232422.328387216,5.21540641784668e-08
73980.0,20.000031394504507,48.981990717563995,0,0.0,0.0,0.0006278900901435236,57.96398143512799,-0.0,60607368.513353884,45455526.38501535,19182881.72805994,2043699.9461543935,26272644.186037857,801635.2018514525,24228944.71080107,24228944.2398835,4.842877388000488e-08
74040.0,20.0000289807803,48.977830921759704,0,0.0,0.0,0.0005796156060000612,57.95566184351941,-0.0,60607368.513353884,45455526.38501535,19182881.764265805,2047177.535446782,26272644.186037857,801635.2018514525,24225467.08530282,24225466.650591113,5.21540641784668e-08
74100.0,20.000026752632024,48.97367172301244,0,0.0,0.0,0.0005350526404868106,57.947343446024874,-0.0,60607368.513353884,45455526.38501535,19182881.79768803,2050654.6255994982,26272644.186037857,801635.2018514525,24221989.96172788,24221989.5604384,5.587935447692871e-08
74160.0,20.00002469579193,48.9695131212365,0,0.0,0.0,0.0004939158385752762,57.939026242473005,-0.0,60607368.513353884,45455526.38501535,19182881.828540634,2054131.2166841838,26272644.186037857,801635.2018514525,24218513.339790598,24218512.969353717,6.332993507385254e-08
74220.0,20.00002279708922,48.9653551163462,0,0.0,0.0,0.0004559417843807978,57.930710232692405,-0.0,60607368.513353884,45455526.38501535,19182881.85702117,2057607.3087724703,26272644.186037857,801635.2018514525,24215037.219221767,24215036.877265427,5.587935447692871e-08
74280.0,20.00002104436571,48.96119770825588,0,0.0,0.0,0.00042088731419198666,57.92239541651176,-0.0,60607368.513353884,45455526.38501535,19182881.883312024,2061082.9019359788,26272644.186037857,801635.2018514525,24211561.5997674,24211561.284101915,5.21540641784668e-08
74340.0,20.000019426397984,48.957040896879874,0,0.0,0.0,0.0003885279596715918,57.91408179375975,-0.0,60607368.513353884,45455526.38501535,19182881.90758154,2064557.99624632,26272644.186037857,801635.2018514525,24208086.481187545,24208086.189791575,5.21540641784668e-08
74400.0,20.00001793282553,48.95288468213254,0,0.0,0.0,0.00035865651057065406,57.90576936426508,-0.0,60607368.513353884,45455526.38501535,19182881.92998513,2068032.5917750949,26272644.186037857,801635.2018514525,24204611.863255188,24204611.594262805,5.587935447692871e-08
74460.0,20.000016554084382,48.94872906392823,0,0.0,0.0,0.0003310816876478384,57.89745812785647,-0.0,60607368.513353884,45455526.38501535,19182881.950666245,2071506.6885938935,26272644.186037857,801635.2018514525,24201137.74575527,24201137.497444004,5.587935447692871e-08
74520.0,20.000015281345892,48.94457404218134,0,0.0,0.0,0.00030562691783586615,57.889148084362674,-0.0,60607368.513353884,45455526.38501535,19182881.969757322,2074980.2867742958,26272644.186037857,801635.2018514525,24197664.128483787,24197663.899263598,5.21540641784668e-08
74580.0,20.00001410646019,48.940419616806246,0,0.0,0.0,0.0002821292037680223,57.88083923361249,-0.0,60607368.513353884,45455526.38501535,19182881.98738061,2078453.3863878718,26272644.186037857,801635.2018514525,24194191.011246923,24194190.79965002,5.21540641784668e-08
74640.0,20.00001302190399,48.93626578771735,0,0.0,0.0,0.00026043807977771394,57.87253157543471,-0.0,60607368.513353884,45455526.38501535,19182882.00364895,2081925.9875061808,26272644.186037857,801635.2018514525,24190718.393860266,24190718.198531706,4.470348358154297e-08
74700.0,20.00001202073243,48.93211255482909,0,0.0,0.0,0.0002404146486156833,57.86422510965818,-0.0,60607368.513353884,45455526.38501535,19182882.01866653,2085398.090200772,26272644.186037857,801635.2018514525,24187246.276148107,24187246.09583712,5.21540641784668e-08
74760.0,20.000011096534603,48.92795991805587,0,0.0,0.0,0.00022193069206366545,57.85591983611174,-0.0,60607368.513353884,45455526.38501535,19182882.032529492,2088869.6945431842,26272644.186037857,801635.2018514525,24183774.657942727,24183774.491494708,4.842877388000488e-08
74820.0,20.00001024339248,48.923807877312136,0,0.0,0.0,0.00020486784961804005,57.84761575462427,-0.0,60607368.513353884,45455526.38501535,19182882.045326628,2092340.8006049464,26272644.186037857,801635.2018514525,24180303.539083835,24180303.385432947,5.587935447692871e-08
74880.0,20.00000945584304,48.91965643251234,0,0.0,0.0,0.00018911686076705791,57.83931286502468,-0.0,60607368.513353884,45455526.38501535,19182882.05713987,2095811.408457577,26272644.186037857,801635.2018514525,24176832.919417962,24176832.777580317,5.587935447692871e-08
74940.0,20.000008728843277,48.91550558357095,0,0.0,0.0,0.0001745768655325719,57.831011167141895,-0.0,60607368.513353884,45455526.38501535,19182882.068044867,2099281.518172584,26272644.186037857,801635.2018514525,24173362.79879796,24173362.667865314,5.960464477539063e-08
75000.0,20.000008057737915,48.91135533040243,0,0.0,0.0,0.00016115475830247306,57.82271066080486,-0.0,60607368.513353884,45455526.38501535,19182882.078111447,2102751.129821465,26272644.186037857,801635.2018514525,24169893.177082498,24169893.05621643,5.587935447692871e-08
75060.0,20.000007438229584,48.90720567292128,0,0.0,0.0,0.0001487645916853353,57.81441134584256,-0.0,60607368.513353884,45455526.38501535,19182882.08740407,2106220.2434757077,26272644.186037857,801635.2018514525,24166424.05413563,24166423.94256219,5.587935447692871e-08
75120.0,20.000006866351317,48.90305661104199,0,0.0,0.0,0.00013732702633717508,57.80611322208398,-0.0,60607368.513353884,45455526.38501535,19182882.095982242,2109688.85920679,26272644.186037857,801635.2018514525,24162955.42982637,24162955.326831102,5.21540641784668e-08
75180.0,20.000006338441143,48.89890814467908,0,0.0,0.0,0.00012676882285234115,57.79781628935817,-0.0,60607368.513353884,45455526.38501535,19182882.103900895,2113156.9770861785,26272644.186037857,801635.2018514525,24159487.304028332,24159487.208951715,5.21540641784668e-08
75240.0,20.000005851118626,48.89476027374708,0,0.0,0.0,0.00011702237252109171,57.78952054749416,-0.0,60607368.513353884,45455526.38501535,19182882.11121073,2116624.59718533,26272644.186037857,801635.2018514525,24156019.67661934,24156019.588852562,4.470348358154297e-08
75300.0,20.00000540126325,48.89061299816053,0,0.0,0.0,0.00010802526503539411,57.781225996321055,-0.0,60607368.513353884,45455526.38501535,19182882.11795856,2120091.7195756915,26272644.186037857,801635.2018514525,24152552.54748115,24152552.466462202,4.842877388000488e-08
75360.0,20.000004985994398,48.886466317833964,0,0.0,0.0,9.971988795598463e-05,57.77293263566793,-0.0,60607368.513353884,45455526.38501535,19182882.124187592,2123558.344328699,26272644.186037857,801635.2018514525,24149085.916499108,24149085.841709193,4.470348358154297e-08
75420.0,20.000004602652933,48.882320232681955,0,0.0,0.0,9.205305865123137e-05,57.76464046536391,-0.0,60607368.513353884,45455526.38501535,19182882.129937716,2127024.471515779,26272644.186037857,801635.2018514525,24145619.78356191,24145619.714522116,5.21540641784668e-08
75480.0,20.00000424878416,48.87817474261907,0,0.0,0.0,8.49756831655668e-05,57.75634948523815,-0.0,60607368.513353884,45455526.38501535,19182882.135245748,2130490.1012083464,26272644.186037857,801635.2018514525,24142154.14856131,24142154.084829547,5.21540641784668e-08
75540.0,20.000003922122108,48.87402984755991,0,0.0,0.0,7.844244215959861e-05,57.74805969511982,-0.0,60607368.513353884,45455526.38501535,19182882.140145674,2133955.233477807,26272644.186037857,801635.2018514525,24138689.01139192,24138688.952560086,4.842877388000488e-08
75600.0,20.00000362057503,48.86988554741907,0,0.0,0.0,7.24115005823478e-05,57.73977109483813,-0.0,60607368.513353884,45455526.38501535,19182882.14466888,2137419.868395557,26272644.186037857,801635.2018514525,24135224.371950965,24135224.31764234,4.842877388000488e-08
75660.0,20.00000334221199,48.86574184211114,0,0.0,0.0,6.684423979663734e-05,57.73148368422228,-0.0,60607368.513353884,45455526.38501535,19182882.148844328,2140884.006032981,26272644.186037857,801635.2018514525,24131760.230138093,24131760.180004913,4.842877388000488e-08
75720.0,20.00000308525052,48.86159873155077,0,0.0,0.0,6.17050103812744e-05,57.72319746310154,-0.0,60607368.513353884,45455526.38501535,19182882.15269875,2144347.6464614538,26272644.186037857,801635.2018514525,24128296.5858552,24128296.539576445,5.21540641784668e-08
75780.0,20.000002848045188,48.85745621565258,0,0.0,0.0,5.696090376261509e-05,57.714912431305166,-0.0,60607368.513353884,45455526.38501535,19182882.156256832,2147810.78975234,26272644.186037857,801635.2018514525,24124833.43900624,24124833.39628556,5.960464477539063e-08
75840.0,20.00000262907707,48.85331429433122,0,0.0,0.0,5.25815413965347e-05,57.70662858866244,-0.0,60607368.513353884,45455526.38501535,19182882.159541354,2151273.4359769933,26272644.186037857,801635.2018514525,24121370.78949706,24121370.7500609,5.21540641784668e-08
75900.0,20.00000242694402,48.84917296750136,0,0.0,0.0,4.853888043498955e-05,57.69834593500272,-0.0,60607368.513353884,45455526.38501535,19182882.16257335,2154735.585206759,26272644.186037857,801635.2018514525,24117908.637235295,24117908.600831136,4.842877388000488e-08
75960.0,20.000002240351698,48.84503223507766,0,0.0,0.0,4.480703395870478e-05,57.69006447015532,-0.0,60607368.513353884,45455526.38501535,19182882.165372234,2158197.23751297,26272644.186037857,801635.2018514525,24114446.982130196,24114446.948524922,4.470348358154297e-08
76020.0,20.000002068105275,48.84089209697482,0,0.0,0.0,4.136210549177122e-05,57.68178419394964,-0.0,60607368.513353884,45455526.38501535,19182882.16795593,2161658.3929669503,26272644.186037857,801635.2018514525,24110985.82409253,24110985.79307095,5.960464477539063e-08
76080.0,20.000001909101787,48.836752553107516,0,0.0,0.0,3.818203573757728e-05,57.67350510621503,-0.0,60607368.513353884,45455526.38501535,19182882.170340985,2165119.0516400137,26272644.186037857,801635.2018514525,24107525.16303441,24107525.134397883,5.587935447692871e-08
76140.0,20.000001762323066,48.83261360339047,0,0.0,0.0,3.524646132291309e-05,57.66522720678094,-0.0,60607368.513353884,45455526.38501535,19182882.172542665,2168579.2136034626,26272644.186037857,801635.2018514525,24104064.998869278,24104064.97243443,5.21540641784668e-08
76200.0,20.000001626829228,48.8284752477384,0,0.0,0.0,3.2536584555487025e-05,57.656950495476806,-0.0,60607368.513353884,45455526.38501535,19182882.174575076,2172038.87892859,26272644.186037857,801635.2018514525,24100605.331511743,24100605.307109304,5.587935447692871e-08
76260.0,20.000001501752653,48.82433748606605,0,0.0,0.0,3.003505305798626e-05,57.6486749721321,-0.0,60607368.513353884,45455526.38501535,19182882.17645122,2175498.047686679,26272644.186037857,801635.2018514525,24097146.160877507,24097146.138351217,5.21540641784668e-08
76320.0,20.00000138629242,48.82020031828816,0,0.0,0.0,2.7725848426030097e-05,57.64040063657632,-0.0,60607368.513353884,45455526.38501535,19182882.178183123,2178956.7199490014,26272644.186037857,801635.2018514525,24093687.48688329,24093687.466088902,5.960464477539063e-08
76380.0,20.000001279709196,48.81606374431948,0,0.0,0.0,2.5594183910016e-05,57.63212748863896,-0.0,60607368.513353884,45455526.38501535,19182882.179781873,2182414.89578682,26272644.186037857,801635.2018514525,24090229.309446722,24090229.290251084,5.960464477539063e-08
76440.0,20.000001181320478,48.81192776407478,0,0.0,0.0,2.3626409557664374e-05,57.62385552814956,-0.0,60607368.513353884,45455526.38501535,19182882.181257706,2185872.575271387,26272644.186037857,801635.2018514525,24086771.628486324,24086771.610766515,6.332993507385254e-08
76500.0,20.000001090496244,48.80779237746885,0,0.0,0.0,2.1809924888316345e-05,57.6155847549377,-0.0,60607368.513353884,45455526.38501535,19182882.182620067,2189329.758473944,26272644.186037857,801635.2018514525,24083314.443921402,24083314.427563958,5.960464477539063e-08
76560.0,20.00000100665491,48.803657584416484,0,0.0,0.0,2.0133098175278974e-05,57.60731516883297,-0.0,60607368.513353884,45455526.38501535,19182882.183877688,2192786.445465722,26272644.186037857,801635.2018514525,24079857.755672004,24079857.74057218,5.960464477539063e-08
76620.0,20.0000009292596,48.79952338483249,0,0.0,0.0,1.8585191980946547e-05,57.59904676966498,-0.0,60607368.513353884,45455526.38501535,19182882.18503862,2196242.6363179428,26272644.186037857,801635.2018514525,24076401.563658856,24076401.549719963,6.332993507385254e-08
76680.0,20.000000857814726,48.79538977863168,0,0.0,0.0,1.7156294518372306e-05,57.59077955726336,-0.0,60607368.513353884,45455526.38501535,19182882.18611029,2199698.331101817,26272644.186037857,801635.2018514525,24072945.867803305,24072945.854936086,5.960464477539063e-08
76740.0,20.000000791862796,48.791256765728896,0,0.0,0.0,1.5837255915585047e-05,57.58251353145779,-0.0,60607368.513353884,45455526.38501535,19182882.18709957,2203153.529888546,26272644.186037857,801635.2018514525,24069490.6680273,24069490.656149358,6.332993507385254e-08
76800.0,20.00000073098149,48.78712434603897,0,0.0,0.0,1.4619629808976242e-05,57.574248692077944,-0.0,60607368.513353884,45455526.38501535,19182882.18801279,2206608.2327493206,26272644.186037857,801635.2018514525,24066035.964253303,24066035.95328858,5.960464477539063e-08
76860.0,20.000000674780964,48.78299251947677,0,0.0,0.0,1.349561927099785e-05,57.56598503895354,-0.0,60607368.513353884,45455526.38501535,19182882.188855793,2210062.4397553205,26272644.186037857,801635.2018514525,24062581.756404296,24062581.74628258,5.587935447692871e-08
76920.0,20.00000062290134,48.77886128595716,0,0.0,0.0,1.2458026787953713e-05,57.557722571914326,-0.0,60607368.513353884,45455526.38501535,19182882.189633988,2213516.150977717,26272644.186037857,801635.2018514525,24059128.04440371,24059128.03506019,5.960464477539063e-08
76980.0,20.000000575010404,48.77473064539502,0,0.0,0.0,1.150020807472174e-05,57.549461290790035,-0.0,60607368.513353884,45455526.38501535,19182882.190352354,2216969.366487669,26272644.186037857,801635.2018514525,24055674.828175392,24055674.819550235,6.332993507385254e-08
77040.0,20.000000530801504,48.77060059770524,0,0.0,0.0,1.0616030081678218e-05,57.54120119541048,-0.0,60607368.513353884,45455526.38501535,19182882.191015486,2220422.0863563265,26272644.186037857,801635.2018514525,24052222.107643604,24052222.099681582,6.332993507385254e-08
77100.0,20.000000489991542,48.76647114280273,0,0.0,0.0,9.799830849033242e-06,57.53294228560546,-0.0,60607368.513353884,45455526.38501535,19182882.191627637,2223874.3106548297,26272644.186037857,801635.2018514525,24048769.882732958,24048769.875383083,7.078051567077637e-08
77160.0,20.000000452319203,48.7623422806024,0,0.0,0.0,9.046384050748202e-06,57.52468456120479,-0.0,60607368.513353884,45455526.38501535,19182882.192192722,2227326.0394543074,26272644.186037857,801635.2018514525,24045318.15336839,24045318.1465836,6.705522537231445e-08
77220.0,20.000000417543248,48.75821401101918,0,0.0,0.0,8.35086495953874e-06,57.516428022038355,-0.0,60607368.513353884,45455526.38501535,19182882.192714363,2230777.272825879,26272644.186037857,801635.2018514525,24041866.91947518,24041866.91321203,6.705522537231445e-08
77280.0,20.000000385441,48.75408633396802,0,0.0,0.0,7.708819964591385e-06,57.50817266793604,-0.0,60607368.513353884,45455526.38501535,19182882.193195898,2234228.010840653,26272644.186037857,801635.2018514525,24038416.180978876,24038416.175197262,7.450580596923828e-08
77340.0,20.00000035580689,48.74995924936386,0,0.0,0.0,7.116137794582755e-06,57.49991849872772,-0.0,60607368.513353884,45455526.38501535,19182882.193640407,2237678.2535697287,26272644.186037857,801635.2018514525,24034965.93780529,24034965.932468187,7.450580596923828e-08
77400.0,20.000000328451154,48.745832757121676,0,0.0,0.0,6.569023085489789e-06,57.49166551424335,-0.0,60607368.513353884,45455526.38501535,19182882.194050744,2241128.001084195,26272644.186037857,801635.2018514525,24031516.189880487,24031516.18495372,7.078051567077637e-08
77460.0,20.00000030319863,48.74170685715645,0,0.0,0.0,6.063972577408094e-06,57.4834137143129,-0.0,60607368.513353884,45455526.38501535,19182882.19442953,2244577.253455129,26272644.186037857,801635.2018514525,24028066.93713077,24028066.932582792,7.82310962677002e-08
77520.0,20.000000279887608,48.73758154938316,0,0.0,0.0,5.5977521640215855e-06,57.475163098766316,-0.0,60607368.513353884,45455526.38501535,19182882.194779195,2248026.0107536,26272644.186037857,801635.2018514525,24024618.17948263,24024618.17528432,7.450580596923828e-08
77580.0,20.00000025836883,48.733456833716815,0,0.0,0.0,5.16737657108024e-06,57.46691366743363,-0.0,60607368.513353884,45455526.38501535,19182882.195101976,2251474.2730506654,26272644.186037857,801635.2018514525,24021169.91686279,24021169.91298726,7.82310962677002e-08
77640.0,20.00000023850449,48.72933271007243,0,0.0,0.0,4.770089816474865e-06,57.458665420144854,-0.0,60607368.513353884,45455526.38501535,19182882.19539994,2254922.040417373,26272644.186037857,801635.2018514525,24017722.149198115,24017722.145620547,7.450580596923828e-08
77700.0,20.000000220167394,48.72520917836503,0,0.0,0.0,4.403347872994345e-06,57.450418356730054,-0.0,60607368.513353884,45455526.38501535,19182882.195674997,2258369.3129247604,26272644.186037857,801635.2018514525,24014274.876415674,24014274.873113163,7.82310962677002e-08
77760.0,20.000000203240123,48.72108623850965,0,0.0,0.0,4.064802467951267e-06,57.4421724770193,-0.0,60607368.513353884,45455526.38501535,19182882.195928905,2261816.090643855,26272644.186037857,801635.2018514525,24010828.09844267,24010828.095394067,7.82310962677002e-08
77820.0,20.000000187614276,48.716963890421354,0,0.0,0.0,3.752285522296006e-06,57.43392778084271,-0.0,60607368.513353884,45455526.38501535,19182882.196163293,2265262.3736456735,26272644.186037857,801635.2018514525,24007381.815206468,24007381.812392253,8.195638656616211e-08
77880.0,20.000000173189804,48.71284213401519,0,0.0,0.0,3.4637960766303877e-06,57.42568426803038,-0.0,60607368.513353884,45455526.38501535,19182882.19637966,2268708.1620012233,26272644.186037857,801635.2018514525,24003936.026634544,24003936.024036698,7.450580596923828e-08
77940.0,20.00000015987434,48.70872096920624,0,0.0,0.0,3.1974867908957094e-06,57.41744193841248,-0.0,60607368.513353884,45455526.38501535,19182882.196579393,2272153.455781501,26272644.186037857,801635.2018514525,24000490.73265453,24000490.730256416,7.078051567077637e-08
78000.0,20.000000147582618,48.7046003959096,0,0.0,0.0,2.951652362526147e-06,57.4092007918192,-0.0,60607368.513353884,45455526.38501535,19182882.19676377,2275598.255057493,26272644.186037857,801635.2018514525,23997045.933194164,23997045.930980425,7.078051567077637e-08
78060.0,20.000000136235926,48.70048041404037,0,0.0,0.0,2.7247185130363505e-06,57.40096082808074,-0.0,60607368.513353884,45455526.38501535,19182882.19693397,2279042.5599001762,26272644.186037857,801635.2018514525,23993601.628181286,23993601.62613775,7.82310962677002e-08
78120.0,20.00000012576161,48.696361023513646,0,0.0,0.0,2.5152321825316903e-06,57.39272204702729,-0.0,60607368.513353884,45455526.38501535,19182882.197091084,2282486.3703805166,26272644.186037857,801635.2018514525,23990157.81754383,23990157.815657407,7.82310962677002e-08
78180.0,20.000000116092593,48.692242224244566,0,0.0,0.0,2.3218518663270515e-06,57.38448444848913,-0.0,60607368.513353884,45455526.38501535,19182882.19723612,2285929.68656947,26272644.186037857,801635.2018514525,23986714.501209848,23986714.499468457,8.568167686462402e-08
78240.0,20.000000107166972,48.688124016148265,0,0.0,0.0,2.143339443705372e-06,57.37624803229653,-0.0,60607368.513353884,45455526.38501535,19182882.197370004,2289372.5085379826,26272644.186037857,801635.2018514525,23983271.679107454,23983271.67749995,8.568167686462402e-08
78300.0,20.000000098927583,48.68400639913988,0,0.0,0.0,1.978551651404814e-06,57.368012798279764,-0.0,60607368.513353884,45455526.38501535,19182882.197493598,2292814.836356989,26272644.186037857,801635.2018514525,23979829.351164855,23979829.34968094,8.940696716308594e-08
78360.0,20.00000009132167,48.679889373134586,0,0.0,0.0,1.8264334045170472e-06,57.35977874626917,-0.0,60607368.513353884,45455526.38501535,19182882.197607685,2296256.6700974163,26272644.186037857,801635.2018514525,23976387.51731034,23976387.515940513,8.568167686462402e-08
78420.0,20.000000084300527,48.67577293804755,0,0.0,0.0,1.6860105489513444e-06,57.3515458760951,-0.0,60607368.513353884,45455526.38501535,19182882.197713003,2299698.0098301787,26272644.186037857,801635.2018514525,23972946.17747226,23972946.17620775,8.568167686462402e-08
78480.0,20.000000077819195,48.67165709379396,0,0.0,0.0,1.5563838928756013e-06,57.34331418758792,-0.0,60607368.513353884,45455526.38501535,19182882.19781022,2303138.8556261812,26272644.186037857,801635.2018514525,23969505.331579037,23969505.33041175,8.568167686462402e-08
78540.0,20.00000007183617,48.66754184028901,0,0.0,0.0,1.436723380265903e-06,57.33508368057802,-0.0,60607368.513353884,45455526.38501535,19182882.197899967,2306579.2075563194,26272644.186037857,801635.2018514525,23966064.979559157,23966064.978481613,8.940696716308594e-08
78600.0,20.00000006631314,48.663427177447915,0,0.0,0.0,1.3262628328902792e-06,57.32685435489583,-0.0,60607368.513353884,45455526.38501535,19182882.197982814,2310019.0656914776,26272644.186037857,801635.2018514525,23962625.121341154,23962625.120346457,9.313225746154785e-08
78660.0,20.000000061214745,48.65931310518589,0,0.0,0.0,1.224294905455281e-06,57.318626210371775,-0.0,60607368.513353884,45455526.38501535,19182882.198059287,2313458.43010253,26272644.186037857,801635.2018514525,23959185.75685362,23959185.7559354,8.568167686462402e-08
78720.0,20.00000005650833,48.65519962341817,0,0.0,0.0,1.1301666091867446e-06,57.31039924683634,-0.0,60607368.513353884,45455526.38501535,19182882.198129885,2316897.3008603416,26272644.186037857,801635.2018514525,23955746.886025216,23955746.88517759,8.940696716308594e-08
78780.0,20.000000052163763,48.65108673206001,0,0.0,0.0,1.0432752617361984e-06,57.30217346412002,-0.0,60607368.513353884,45455526.38501535,19182882.19819505,2320335.678035767,26272644.186037857,801635.2018514525,23952308.508784622,23952308.508002166,8.568167686462402e-08
78840.0,20.000000048153222,48.646974431026656,0,0.0,0.0,9.630644370872687e-07,57.29394886205331,-0.0,60607368.513353884,45455526.38501535,19182882.19825521,2323773.561699649,26272644.186037857,801635.2018514525,23948870.62506058,23948870.624338284,8.568167686462402e-08
78900.0,20.000000044451024,48.64286272023338,0,0.0,0.0,8.890204838962745e-07,57.28572544046676,-0.0,60607368.513353884,45455526.38501535,19182882.198310744,2327210.9519228227,26272644.186037857,801635.2018514525,23945433.23478187,23945433.234115105,8.195638656616211e-08
78960.0,20.000000041033466,48.63875159959547,0,0.0,0.0,8.206693280499167e-07,57.277503199190946,-0.0,60607368.513353884,45455526.38501535,19182882.198362008,2330647.8487761114,26272644.186037857,801635.2018514525,23941996.33787732,23941996.337261815,8.195638656616211e-08
79020.0,20.000000037878664,48.634641069028234,0,0.0,0.0,7.575732752229669e-07,57.26928213805647,-0.0,60607368.513353884,45455526.38501535,19182882.19840933,2334084.2523303283,26272644.186037857,801635.2018514525,23938559.934275784,23938559.933707602,8.940696716308594e-08
79080.0,20.000000034966412,48.630531128446954,0,0.0,0.0,6.993282397615985e-07,57.26106225689391,-0.0,60607368.513353884,45455526.38501535,19182882.198453017,2337520.162656278,26272644.186037857,801635.2018514525,23935124.02390615,23935124.023381654,8.940696716308594e-08
79140.0,20.000000032278063,48.62642177776696,0,0.0,0.0,6.45561257783811e-07,57.252843555533914,-0.0,60607368.513353884,45455526.38501535,19182882.198493343,2340955.5798247517,26272644.186037857,801635.2018514525,23931688.606697347,23931688.606213175,8.940696716308594e-08
79200.0,20.000000029796407,48.622313016903576,0,0.0,0.0,5.959281423884022e-07,57.24462603380715,-0.0,60607368.513353884,45455526.38501535,19182882.19853057,2344390.5039065345,26272644.186037857,801635.2018514525,23928253.682578333,23928253.682131387,8.195638656616211e-08
79260.0,20.00000002750555,48.61820484577216,0,0.0,0.0,5.50110996755393e-07,57.236409691544324,-0.0,60607368.513353884,45455526.38501535,19182882.19856493,2347824.934972398,26272644.186037857,801635.2018514525,23924819.25147811,23924819.251065526,8.568167686462402e-08
79320.0,20.000000025390822,48.61409726428806,0,0.0,0.0,5.078164377891881e-07,57.228194528576125,-0.0,60607368.513353884,45455526.38501535,19182882.198596653,2351258.8730931054,26272644.186037857,801635.2018514525,23921385.313325685,23921385.312944822,8.940696716308594e-08
79380.0,20.000000023438684,48.609990272366645,0,0.0,0.0,4.687736776531892e-07,57.21998054473329,-0.0,60607368.513353884,45455526.38501535,19182882.198625933,2354692.3183394093,26272644.186037857,801635.2018514525,23917951.8680501,23917951.867698517,8.940696716308594e-08
79440.0,20.000000021636634,48.60588386992329,0,0.0,0.0,4.327326763586825e-07,57.21176773984658,-0.0,60607368.513353884,45455526.38501535,19182882.198652964,2358125.2707820525,26272644.186037857,801635.2018514525,23914518.91558042,23914518.91525587,8.568167686462402e-08
79500.0,20.00000001997313,48.60177805687339,0,0.0,0.0,3.9946257857081946e-07,57.203556113746785,-0.0,60607368.513353884,45455526.38501535,19182882.19867792,2361557.7304917667,26272644.186037857,801635.2018514525,23911086.45584575,23911086.455546156,8.195638656616211e-08
79560.0,20.00000001843752,48.59767283313235,0,0.0,0.0,3.6875043463169277e-07,57.1953456662647,-0.0,60607368.513353884,45455526.38501535,19182882.198700953,2364989.697539274,26272644.186037857,801635.2018514525,23907654.488775205,23907654.488498643,7.82310962677002e-08
79620.0,20.00000001701998,48.593568198615586,0,0.0,0.0,3.4039956631204404e-07,57.18713639723117,-0.0,60607368.513353884,45455526.38501535,19182882.198722217,2368421.1719952873,26272644.186037857,801635.2018514525,23904223.01429793,23904223.01404263,7.82310962677002e-08
79680.0,20.00000001571142,48.58946415323853,0,0.0,0.0,3.142284299428866e-07,57.17892830647706,-0.0,60607368.513353884,45455526.38501535,19182882.198741846,2371852.1539305076,26272644.186037857,801635.2018514525,23900792.032343086,23900792.032107413,8.568167686462402e-08
79740.0,20.000000014503467,48.585360696916624,0,0.0,0.0,2.90069337438581e-07,57.17072139383325,-0.0,60607368.513353884,45455526.38501535,19182882.198759966,2375282.6434156266,26272644.186037857,801635.2018514525,23897361.54283985,23897361.542622298,8.940696716308594e-08
79800.0,20.000000013388387,48.5812578295653,0,0.0,0.0,2.6776774575409945e-07,57.162515659130605,-0.0,60607368.513353884,45455526.38501535,19182882.198776692,2378712.640521326,26272644.186037857,801635.2018514525,23893931.54571742,23893931.54551659,8.195638656616211e-08
79860.0,20.000000012359042,48.57715555110005,0,0.0,0.0,2.471808357995542e-07,57.1543111022001,-0.0,60607368.513353884,45455526.38501535,19182882.198792133,2382142.1453182776,26272644.186037857,801635.2018514525,23890502.040905025,23890502.04071964,8.195638656616211e-08
79920.0,20.000000011408833,48.573053861436335,0,0.0,0.0,2.2817665978891455e-07,57.14610772287267,-0.0,60607368.513353884,45455526.38501535,19182882.198806386,2385571.157877142,26272644.186037857,801635.2018514525,23887073.02833191,23887073.028160777,8.568167686462402e-08
79980.0,20.00000001053168,48.56895276048965,0,0.0,0.0,2.106335728058184e-07,57.1379055209793,-0.0,60607368.513353884,45455526.38501535,19182882.19881954,2388999.678268571,26272644.186037857,801635.2018514525,23883644.507927325,23883644.50776935,8.195638656616211e-08
80040.0,20.000000009721965,48.5648522481755,0,0.0,0.0,1.9443930909801566e-07,57.129704496350996,-0.0,60607368.513353884,45455526.38501535,19182882.19883169,2392427.706563205,26272644.186037857,801635.2018514525,23880216.479620546,23880216.479474716,8.568167686462402e-08
80100.0,20.000000008974506,48.56075232440939,0,0.0,0.0,1.7949012942608533e-07,57.121504648818785,-0.0,60607368.513353884,45455526.38501535,19182882.1988429,2395855.242831675,26272644.186037857,801635.2018514525,23876788.943340868,23876788.94320625,8.940696716308594e-08
80160.0,20.000000008284513,48.55665298910685,0,0.0,0.0,1.6569025262924697e-07,57.1133059782137,-0.0,60607368.513353884,45455526.38501535,19182882.19885325,2399282.287144602,26272644.186037857,801635.2018514525,23873361.899017595,23873361.898893327,9.313225746154785e-08
80220.0,20.000000007647568,48.55255424218341,0,0.0,0.0,1.529513582454456e-07,57.10510848436682,-0.0,60607368.513353884,45455526.38501535,19182882.198862802,2402708.839572596,26272644.186037857,801635.2018514525,23869935.346580043,23869935.34646533,8.940696716308594e-08
80280.0,20.000000007059594,48.54845608355463,0,0.0,0.0,1.4119187596861593e-07,57.09691216710927,-0.0,60607368.513353884,45455526.38501535,19182882.198871624,2406134.900186258,26272644.186037857,801635.2018514525,23866509.285957567,23866509.285851672,9.685754776000977e-08
80340.0,20.000000006516828,48.54435851313607,0,0.0,0.0,1.30336559323041e-07,57.088717026272136,-0.0,60607368.513353884,45455526.38501535,19182882.198879767,2409560.4690561774,26272644.186037857,801635.2018514525,23863083.717079505,23863083.716981754,9.685754776000977e-08
80400.0,20.000000006015792,48.540261530843296,0,0.0,0.0,1.2031584617488988e-07,57.08052306168659,-0.0,60607368.513353884,45455526.38501535,19182882.198887285,2412985.5462529357,26272644.186037857,801635.2018514525,23859658.639875233,23859658.639784995,1.0058283805847168e-07
80460.0,20.000000005553275,48.5361651365919,0,0.0,0.0,1.1106550346084987e-07,57.072330273183795,-0.0,60607368.513353884,45455526.38501535,19182882.19889422,2416410.1318471017,26272644.186037857,801635.2018514525,23856234.054274123,23856234.054190826,9.313225746154785e-08
80520.0,20.000000005126317,48.532069330297475,0,0.0,0.0,1.0252634297103214e-07,57.06413866059495,-0.0,60607368.513353884,45455526.38501535,19182882.198900625,2419834.225909236,26272644.186037857,801635.2018514525,23852809.96020558,23852809.960128687,8.940696716308594e-08
80580.0,20.00000000473219,48.52797411187564,0,0.0,0.0,9.464379502333031e-08,57.05594822375129,-0.0,60607368.513353884,45455526.38501535,19182882.198906537,2423257.8285098877,26272644.186037857,801635.2018514525,23849386.35759902,23849386.35752804,8.940696716308594e-08
80640.0,20.00000000436836,48.52387948124201,0,0.0,0.0,8.73671979206847e-08,57.047758962484025,-0.0,60607368.513353884,45455526.38501535,19182882.198911995,2426680.9397195973,26272644.186037857,801635.2018514525,23845963.246383846,23845963.24631832,8.568167686462402e-08
80700.0,20.000000004032504,48.51978543831223,0,0.0,0.0,8.06500821681766e-08,57.03957087662447,-0.0,60607368.513353884,45455526.38501535,19182882.19891703,2430103.559608894,26272644.186037857,801635.2018514525,23842540.626489516,23842540.62642903,8.940696716308594e-08
80760.0,20.000000003722473,48.515691983001936,0,0.0,0.0,7.44494599302925e-08,57.03138396600387,-0.0,60607368.513353884,45455526.38501535,19182882.19892168,2433525.6882482967,26272644.186037857,801635.2018514525,23839118.497845456,23839118.497789618,7.82310962677002e-08
80820.0,20.000000003436277,48.511599115226794,0,0.0,0.0,6.872554081382987e-08,57.02319823045359,-0.0,60607368.513353884,45455526.38501535,19182882.198925976,2436947.3257083157,26272644.186037857,801635.2018514525,23835696.86038114,23835696.8603296,7.82310962677002e-08
80880.0,20.000000003172083,48.50750683490247,0,0.0,0.0,6.344166081362346e-08,57.015013669804944,-0.0,60607368.513353884,45455526.38501535,19182882.19892994,2440368.472059449,26272644.186037857,801635.2018514525,23832275.714026045,23832275.713978466,7.82310962677002e-08
80940.0,20.0000000029282,48.50341514194465,0,0.0,0.0,5.85639980954511e-08,57.0068302838893,-0.0,60607368.513353884,45455526.38501535,19182882.198933598,2443789.127372187,26272644.186037857,801635.2018514525,23828855.058709648,23828855.058665726,7.82310962677002e-08
81000.0,20.000000002703068,48.49932403626903,0,0.0,0.0,5.406135983321292e-08,56.99864807253806,-0.0,60607368.513353884,45455526.38501535,19182882.198936973,2447209.2917170073,26272644.186037857,801635.2018514525,23825434.894361455,23825434.89432091,8.195638656616211e-08
81060.0,20.000000002495245,48.49523351779131,0,0.0,0.0,4.990489799183706e-08,56.990467035582625,-0.0,60607368.513353884,45455526.38501535,19182882.19894009,2450628.965164379,26272644.186037857,801635.2018514525,23822015.220910966,23822015.22087354,8.195638656616211e-08
81120.0,20.000000002303405,48.49114358642722,0,0.0,0.0,4.606810932727967e-08,56.98228717285444,-0.0,60607368.513353884,45455526.38501535,19182882.198942967,2454048.147784762,26272644.186037857,801635.2018514525,23818596.03828771,23818596.03825316,8.568167686462402e-08
81180.0,20.00000000212631,48.48705424209248,0,0.0,0.0,4.2526195898062724e-08,56.97410848418497,-0.0,60607368.513353884,45455526.38501535,19182882.198945627,2457466.839648603,26272644.186037857,801635.2018514525,23815177.346421212,23815177.346389316,8.940696716308594e-08
81240.0,20.00000000196283,48.482965484702845,0,0.0,0.0,3.925663349946262e-08,56.96593096940569,-0.0,60607368.513353884,45455526.38501535,19182882.198948078,2460885.0408263416,26272644.186037857,801635.2018514525,23811759.14524102,23811759.145211577,8.568167686462402e-08
81300.0,20.00000000181192,48.478877314174056,0,0.0,0.0,3.623839006650087e-08,56.95775462834811,-0.0,60607368.513353884,45455526.38501535,19182882.19895034,2464302.751388406,26272644.186037857,801635.2018514525,23808341.434676692,23808341.434649512,8.195638656616211e-08
81360.0,20.000000001672614,48.47478973042189,0,0.0,0.0,3.345228094531194e-08,56.94957946084378,-0.0,60607368.513353884,45455526.38501535,19182882.19895243,2467719.971405214,26272644.186037857,801635.2018514525,23804924.21465779,23804924.2146327,8.195638656616211e-08
81420.0,20.000000001544016,48.47070273336213,0,0.0,0.0,3.0880329404681106e-08,56.94140546672426,-0.0,60607368.513353884,45455526.38501535,19182882.198954362,2471136.700947175,26272644.186037857,801635.2018514525,23801507.4851139,23801507.48509074,8.568167686462402e-08
81480.0,20.000000001425306,48.46661632291056,0,0.0,0.0,2.8506121907412307e-08,56.93323264582112,-0.0,60607368.513353884,45455526.38501535,19182882.198956143,2474552.9400846856,26272644.186037857,801635.2018514525,23798091.245974608,23798091.24595323,8.195638656616211e-08
81540.0,20.000000001315726,48.46253049898299,0,0.0,0.0,2.6314523893233854e-08,56.925060997965986,-0.0,60607368.513353884,45455526.38501535,19182882.198957786,2477968.6888881344,26272644.186037857,801635.2018514525,23794675.497169517,23794675.49714978,8.195638656616211e-08
81600.0,20.00000000121457,48.45844526149523,0,0.0,0.0,2.429139556170412e-08,56.91689052299046,-0.0,60607368.513353884,45455526.38501535,19182882.198959306,2481383.947427899,26272644.186037857,801635.2018514525,23791260.23862823,23791260.23861001,8.195638656616211e-08
81660.0,20.000000001121187,48.45436061036312,0,0.0,0.0,2.2423733980758698e-08,56.908721220726235,-0.0,60607368.513353884,45455526.38501535,19182882.198960703,2484798.7157743475,26272644.186037857,801635.2018514525,23787845.470280383,23787845.470263567,7.82310962677002e-08
81720.0,20.000000001034987,48.45027654550248,0,0.0,0.0,2.0699744140983967e-08,56.900553091004966,-0.0,60607368.513353884,45455526.38501535,19182882.198961996,2488212.993997837,26272644.186037857,801635.2018514525,23784431.192055598,23784431.192040075,7.82310962677002e-08
81780.0,20.000000000955414,48.44619306682918,0,0.0,0.0,1.9108270521428494e-08,56.89238613365836,-0.0,60607368.513353884,45455526.38501535,19182882.19896319,2491626.7821687153,26272644.186037857,801635.2018514525,23781017.403883528,23781017.403869197,8.195638656616211e-08
81840.0,20.00000000088196,48.44211017425908,0,0.0,0.0,1.7639223415244487e-08,56.884220348518156,-0.0,60607368.513353884,45455526.38501535,19182882.19896429,2495040.08035732,26272644.186037857,801635.2018514525,23777604.105693817,23777604.10568059,7.450580596923828e-08
81900.0,20.00000000081415,48.43802786770805,0,0.0,0.0,1.6283010495499184e-08,56.8760557354161,-0.0,60607368.513353884,45455526.38501535,19182882.198965307,2498452.888633978,26272644.186037857,801635.2018514525,23774191.297416143,23774191.29740393,7.450580596923828e-08
81960.0,20.00000000075156,48.43394614709198,0,0.0,0.0,1.503117630363704e-08,56.86789229418396,-0.0,60607368.513353884,45455526.38501535,19182882.198966246,2501865.207069007,26272644.186037857,801635.2018514525,23770778.97898017,23770778.978968896,6.705522537231445e-08
82020.0,20.000000000693777,48.429865012326786,0,0.0,0.0,1.3875549598196812e-08,56.85973002465357,-0.0,60607368.513353884,45455526.38501535,19182882.198967114,2505277.0357327145,26272644.186037857,801635.2018514525,23767367.1503156,23767367.150305193,7.82310962677002e-08
82080.0,20.000000000640433,48.42578446332836,0,0.0,0.0,1.2808669680453022e-08,56.851568926656725,-0.0,60607368.513353884,45455526.38501535,19182882.198967915,2508688.374695396,26272644.186037857,801635.2018514525,23763955.81135212,23763955.81134251,7.450580596923828e-08
82140.0,20.000000000591193,48.42170450001264,0,0.0,0.0,1.1823857448689523e-08,56.843409000025275,-0.0,60607368.513353884,45455526.38501535,19182882.198968653,2512099.2240273403,26272644.186037857,801635.2018514525,23760544.962019432,23760544.962010566,7.078051567077637e-08
82200.0,20.00000000054574,48.417625122295554,0,0.0,0.0,1.0914789072558051e-08,56.83525024459111,-0.0,60607368.513353884,45455526.38501535,19182882.198969334,2515509.583798823,26272644.186037857,801635.2018514525,23757134.602247268,23757134.602239083,7.078051567077637e-08
82260.0,20.000000000503782,48.413546330093055,0,0.0,0.0,1.0075638101625373e-08,56.82709266018611,-0.0,60607368.513353884,45455526.38501535,19182882.198969964,2518919.454080112,26272644.186037857,801635.2018514525,23753724.731965348,23753724.731957793,7.078051567077637e-08
82320.0,20.00000000046505,48.409468123321105,0,0.0,0.0,9.301004411099711e-09,56.81893624664221,-0.0,60607368.513353884,45455526.38501535,19182882.198970545,2522328.8349414626,26272644.186037857,801635.2018514525,23750315.35110342,23750315.351096444,7.450580596923828e-08
82380.0,20.000000000429296,48.405390501895674,0,0.0,0.0,8.585914201830747e-09,56.81078100379135,-0.0,60607368.513353884,45455526.38501535,19182882.19897108,2525737.7264531227,26272644.186037857,801635.2018514525,23746906.459591225,23746906.459584784,7.450580596923828e-08
82440.0,20.000000000396287,48.40131346573275,0,0.0,0.0,7.925748946036038e-09,56.8026269314655,-0.0,60607368.513353884,45455526.38501535,19182882.198971573,2529146.128685328,26272644.186037857,801635.2018514525,23743498.057358522,23743498.057352576,7.078051567077637e-08
82500.0,20.00000000036582,48.39723701474833,0,0.0,0.0,7.316387495848176e-09,56.794474029496655,-0.0,60607368.513353884,45455526.38501535,19182882.19897203,2532554.041708306,26272644.186037857,801635.2018514525,23740090.144335087,23740090.1443296,7.078051567077637e-08
82560.0,20.000000000337693,48.39316114885842,0,0.0,0.0,6.753850811946904e-09,56.786322297716836,-0.0,60607368.513353884,45455526.38501535,19182882.198972452,2535961.4655922716,26272644.186037857,801635.2018514525,23736682.720450703,23736682.720445637,7.450580596923828e-08
82620.0,20.00000000031173,48.389085867979034,0,0.0,0.0,6.234586180653423e-09,56.77817173595807,-0.0,60607368.513353884,45455526.38501535,19182882.198972844,2539368.4004074326,26272644.186037857,801635.2018514525,23733275.785635147,23733275.785630472,7.078051567077637e-08
82680.0,20.000000000287763,48.38501117202622,0,0.0,0.0,5.7552540511096595e-09,56.770022344052435,-0.0,60607368.513353884,45455526.38501535,19182882.1989732,2542774.846223984,26272644.186037857,801635.2018514525,23729869.339818235,23729869.339813918,6.705522537231445e-08
82740.0,20.00000000026564,48.38093706091602,0,0.0,0.0,5.312799089551845e-09,56.76187412183204,-0.0,60607368.513353884,45455526.38501535,19182882.198973536,2546180.803112113,26272644.186037857,801635.2018514525,23726463.382929776,23726463.38292579,7.078051567077637e-08
82800.0,20.00000000024522,48.376863534564485,0,0.0,0.0,4.9043791250369395e-09,56.75372706912897,-0.0,60607368.513353884,45455526.38501535,19182882.198973842,2549586.2711419947,26272644.186037857,801635.2018514525,23723057.914899588,23723057.91489591,7.078051567077637e-08
82860.0,20.000000000226365,48.37279059288769,0,0.0,0.0,4.527294095169054e-09,56.74558118577538,-0.0,60607368.513353884,45455526.38501535,19182882.198974125,2552991.2503837957,26272644.186037857,801635.2018514525,23719652.9356575,23719652.935654107,6.705522537231445e-08
82920.0,20.00000000020896,48.368718235801715,0,0.0,0.0,4.179199208920181e-09,56.73743647160343,-0.0,60607368.513353884,45455526.38501535,19182882.198974386,2556395.7409076714,26272644.186037857,801635.2018514525,23716248.445133366,23716248.445130233,7.078051567077637e-08
82980.0,20.00000000019289,48.364646463222655,0,0.0,0.0,3.857820729535888e-09,56.72929292644531,-0.0,60607368.513353884,45455526.38501535,19182882.198974624,2559799.742783768,26272644.186037857,801635.2018514525,23712844.443257034,23712844.44325414,7.450580596923828e-08
83040.0,20.000000000178062,48.36057527506661,0,0.0,0.0,3.561240191629622e-09,56.72115055013322,-0.0,60607368.513353884,45455526.38501535,19182882.198974848,2563203.256082222,26272644.186037857,801635.2018514525,23709440.929958355,23709440.929955684,7.078051567077637e-08
83100.0,20.000000000164373,48.3565046712497,0,0.0,0.0,3.2874680755412555e-09,56.713009342499404,-0.0,60607368.513353884,45455526.38501535,19182882.198975053,2566606.280873158,26272644.186037857,801635.2018514525,23706037.90516722,23706037.905164752,7.450580596923828e-08
83160.0,20.000000000151736,48.35243465168806,0,0.0,0.0,3.034728024431388e-09,56.704869303376114,-0.0,60607368.513353884,45455526.38501535,19182882.198975243,2570008.817226692,26272644.186037857,801635.2018514525,23702635.368813492,23702635.368811216,7.450580596923828e-08
83220.0,20.00000000014007,48.34836521629782,0,0.0,0.0,2.801385790007771e-09,56.69673043259564,-0.0,60607368.513353884,45455526.38501535,19182882.19897542,2573410.8652129304,26272644.186037857,801635.2018514525,23699233.32082708,23699233.32082498,8.195638656616211e-08
83280.0,20.0000000001293,48.34429636499515,0,0.0,0.0,2.5860202867988846e-09,56.688592729990305,-0.0,60607368.513353884,45455526.38501535,19182882.19897558,2576812.4249019674,26272644.186037857,801635.2018514525,23695831.761137888,23695831.761135947,8.195638656616211e-08
83340.0,20.000000000119357,48.3402280976962,0,0.0,0.0,2.3871393750596326e-09,56.680456195392395,-0.0,60607368.513353884,45455526.38501535,19182882.19897573,2580213.496363889,26272644.186037857,801635.2018514525,23692430.68967581,23692430.68967402,7.82310962677002e-08
83400.0,20.00000000011018,48.336160414317156,0,0.0,0.0,2.2036061864127987e-09,56.67232082863431,-0.0,60607368.513353884,45455526.38501535,19182882.19897587,2583614.0796687715,26272644.186037857,801635.2018514525,23689030.106370796,23689030.10636914,8.195638656616211e-08
83460.0,20.000000000101707,48.332093314774205,0,0.0,0.0,2.034141743934015e-09,56.66418662954841,-0.0,60607368.513353884,45455526.38501535,19182882.198975995,2587014.174886679,26272644.186037857,801635.2018514525,23685630.011152763,23685630.011151236,8.195638656616211e-08
83520.0,20.000000000093888,48.328026798983544,0,0.0,0.0,1.8777512877932168e-09,56.65605359796709,-0.0,60607368.513353884,45455526.38501535,19182882.19897611,2590413.782087667,26272644.186037857,801635.2018514525,23682230.403951652,23682230.403950244,7.450580596923828e-08
83580.0,20.00000000008667,48.3239608668614,0,0.0,0.0,1.7333690038867644e-09,56.6479217337228,-0.0,60607368.513353884,45455526.38501535,19182882.19897622,2593812.9013417815,26272644.186037857,801635.2018514525,23678831.28469743,23678831.28469613,7.450580596923828e-08
83640.0,20.000000000080004,48.31989551832399,0,0.0,0.0,1.6000711866581696e-09,56.63979103664798,-0.0,60607368.513353884,45455526.38501535,19182882.19897632,2597211.5327190575,26272644.186037857,801635.2018514525,23675432.653320055,23675432.653318856,7.82310962677002e-08
83700.0,20.00000000007385,48.31583075328755,0,0.0,0.0,1.4770051848245203e-09,56.6316615065751,-0.0,60607368.513353884,45455526.38501535,19182882.19897641,2600609.6762895198,26272644.186037857,801635.2018514525,23672034.5097495,23672034.50974839,7.450580596923828e-08
83760.0,20.000000000068173,48.311766571668336,0,0.0,0.0,1.3634604556500562e-09,56.62353314333667,-0.0,60607368.513353884,45455526.38501535,19182882.198976494,2604007.332123183,26272644.186037857,801635.2018514525,23668636.853915755,23668636.85391473,7.82310962677002e-08
83820.0,20.000000000062933,48.307702973382604,0,0.0,0.0,1.2586554021254415e-09,56.61540594676521,-0.0,60607368.513353884,45455526.38501535,19182882.198976573,2607404.5002900534,26272644.186037857,801635.2018514525,23665239.6857488,23665239.685747858,7.450580596923828e-08
83880.0,20.000000000058094,48.30363995834663,0,0.0,0.0,1.1618794815149158e-09,56.60727991669326,-0.0,60607368.513353884,45455526.38501535,19182882.198976647,2610801.180860125,26272644.186037857,801635.2018514525,23661843.005178653,23661843.00517778,7.078051567077637e-08
83940.0,20.000000000053628,48.2995775264767,0,0.0,0.0,1.0725642596298712e-09,56.59915505295341,-0.0,60607368.513353884,45455526.38501535,19182882.198976714,2614197.373903383,26272644.186037857,801635.2018514525,23658446.812135328,23658446.812134523,7.078051567077637e-08
84000.0,20.000000000049504,48.295515677689124,0,0.0,0.0,9.900702480081236e-10,56.59103135537825,-0.0,60607368.513353884,45455526.38501535,19182882.198976777,2617593.0794898025,26272644.186037857,801635.2018514525,23655051.10654885,23655051.10654811,7.450580596923828e-08
84060.0,20.000000000045695,48.29145441190019,0,0.0,0.0,9.139000667346409e-10,56.58290882380038,-0.0,60607368.513353884,45455526.38501535,19182882.198976833,2620988.297689348,26272644.186037857,801635.2018514525,23651655.888349246,23651655.88834856,7.450580596923828e-08
84120.0,20.00000000004218,48.287393729026235,0,0.0,0.0,8.43627390167967e-10,56.57478745805247,-0.0,60607368.513353884,45455526.38501535,19182882.19897689,2624383.028571975,26272644.186037857,801635.2018514525,23648261.157466564,23648261.15746593,7.450580596923828e-08
84180.0,20.00000000003894,48.28333362898359,0,0.0,0.0,7.788258926666458e-10,56.56666725796718,-0.0,60607368.513353884,45455526.38501535,19182882.198976938,2627777.272207628,26272644.186037857,801635.2018514525,23644866.91383087,23644866.913830284,8.195638656616211e-08
84240.0,20.000000000035946,48.2792741116886,0,0.0,0.0,7.189271400420694e-10,56.5585482233772,-0.0,60607368.513353884,45455526.38501535,19182882.198976982,2631171.028666241,26272644.186037857,801635.2018514525,23641473.15737221,23641473.15737167,7.82310962677002e-08
84300.0,20.000000000033182,48.27521517705762,0,0.0,0.0,6.636469151999336e-10,56.550430354115235,-0.0,60607368.513353884,45455526.38501535,19182882.198977027,2634564.29801774,26272644.186037857,801635.2018514525,23638079.88802067,23638079.88802017,8.195638656616211e-08
84360.0,20.00000000003063,48.271156825007026,0,0.0,0.0,6.126299467723584e-10,56.54231365001405,-0.0,60607368.513353884,45455526.38501535,19182882.198977064,2637957.080332038,26272644.186037857,801635.2018514525,23634687.10570633,23634687.105705872,7.82310962677002e-08
84420.0,20.000000000028276,48.267099055453194,0,0.0,0.0,5.655209633914637e-10,56.53419811090639,-0.0,60607368.513353884,45455526.38501535,19182882.198977098,2641349.375679041,26272644.186037857,801635.2018514525,23631294.810359295,23631294.81035887,8.195638656616211e-08
84480.0,20.000000000026102,48.26304186831252,0,0.0,0.0,5.220357479629456e-10,56.52608373662504,-0.0,60607368.513353884,45455526.38501535,19182882.19897713,2644741.184128643,26272644.186037857,801635.2018514525,23627903.00190966,23627903.001909267,7.82310962677002e-08
84540.0,20.000000000024098,48.258985263501415,0,0.0,0.0,4.81961137666076e-10,56.51797052700283,-0.0,60607368.513353884,45455526.38501535,19182882.19897716,2648132.5057507292,26272644.186037857,801635.2018514525,23624511.680287544,23624511.680287182,8.195638656616211e-08
84600.0,20.000000000022244,48.25492924093629,0,0.0,0.0,4.4487080685939873e-10,56.509858481872584,-0.0,60607368.513353884,45455526.38501535,19182882.19897719,2651523.340615174,26272644.186037857,801635.2018514525,23621120.845423076,23621120.84542274,8.568167686462402e-08
84660.0,20.000000000020535,48.250873800533576,0,0.0,0.0,4.106937012693379e-10,56.50174760106715,-0.0,60607368.513353884,45455526.38501535,19182882.198977217,2654913.6887918403,26272644.186037857,801635.2018514525,23617730.497246377,23617730.497246068,8.195638656616211e-08
84720.0,20.000000000018957,48.24681894220972,0,0.0,0.0,3.7914560380158946e-10,56.49363788441944,-0.0,60607368.513353884,45455526.38501535,19182882.19897724,2658303.550350585,26272644.186037857,801635.2018514525,23614340.63568761,23614340.635687325,7.82310962677002e-08
84780.0,20.0000000000175,48.242764665881175,0,0.0,0.0,3.5001335163542535e-10,56.48552933176235,-0.0,60607368.513353884,45455526.38501535,19182882.19897726,2661692.925361251,26272644.186037857,801635.2018514525,23610951.260676924,23610951.260676663,8.195638656616211e-08
84840.0,20.000000000016154,48.2387109714644,0,0.0,0.0,3.2308378195011755e-10,56.4774219429288,-0.0,60607368.513353884,45455526.38501535,19182882.19897728,2665081.813893673,26272644.186037857,801635.2018514525,23607562.37214448,23607562.372144237,7.82310962677002e-08
84900.0,20.000000000014914,48.23465785887588,0,0.0,0.0,2.9828584047209006e-10,56.469315717751755,-0.0,60607368.513353884,45455526.38501535,19182882.1989773,2668470.216017675,26272644.186037857,801635.2018514525,23604173.970020458,23604173.970020235,7.82310962677002e-08
84960.0,20.000000000013767,48.2306053280321,0,0.0,0.0,2.753353101070388e-10,56.461210656064196,-0.0,60607368.513353884,45455526.38501535,19182882.198977318,2671858.1318030725,26272644.186037857,801635.2018514525,23600786.054235037,23600786.054234833,7.450580596923828e-08
85020.0,20.000000000012708,48.226553378849566,0,0.0,0.0,2.5416113658138784e-10,56.45310675769913,-0.0,60607368.513353884,45455526.38501535,19182882.198977333,2675245.5613196692,26272644.186037857,801635.2018514525,23597398.624718428,23597398.624718238,7.450580596923828e-08
85080.0,20.000000000011735,48.22250201124479,0,0.0,0.0,2.346922656215611e-10,56.445004022489584,-0.0,60607368.513353884,45455526.38501535,19182882.198977347,2678632.5046372595,26272644.186037857,801635.2018514525,23594011.68140082,23594011.681400646,7.450580596923828e-08
85140.0,20.000000000010832,48.2184512251343,0,0.0,0.0,2.1664448013325455e-10,56.436902450268605,-0.0,60607368.513353884,45455526.38501535,19182882.198977362,2682018.961825628,26272644.186037857,801635.2018514525,23590625.22421244,23590625.224212278,7.82310962677002e-08
85200.0,20.00000000001,48.214401020434636,0,0.0,0.0,2.000177801164682e-10,56.42880204086927,-0.0,60607368.513353884,45455526.38501535,19182882.198977374,2685404.9329545484,26272644.186037857,801635.2018514525,23587239.253083505,23587239.253083356,7.450580596923828e-08
85260.0,20.00000000000923,48.21035139706234,0,0.0,0.0,1.8459900275047403e-10,56.42070279412468,-0.0,60607368.513353884,45455526.38501535,19182882.198977385,2688790.4180937856,26272644.186037857,801635.2018514525,23583853.767944254,23583853.767944116,7.078051567077637e-08
85320.0,20.00000000000852,48.20630235493398,0,0.0,0.0,1.7038814803527202e-10,56.41260470986796,-0.0,60607368.513353884,45455526.38501535,19182882.198977396,2692175.4173130933,26272644.186037857,801635.2018514525,23580468.768724937,23580468.76872481,7.078051567077637e-08
85380.0,20.000000000007866,48.20225389396613,0,0.0,0.0,1.5731416169728618e-10,56.40450778793226,-0.0,60607368.513353884,45455526.38501535,19182882.198977407,2695559.930682216,26272644.186037857,801635.2018514525,23577084.255355805,23577084.255355686,7.450580596923828e-08
85440.0,20.00000000000726,48.198206014075375,0,0.0,0.0,1.4523493518936448e-10,56.39641202815075,-0.0,60607368.513353884,45455526.38501535,19182882.198977415,2698943.958270888,26272644.186037857,801635.2018514525,23573700.22776712,23573700.227767013,7.078051567077637e-08
85500.0,20.0000000000067,48.19415871517831,0,0.0,0.0,1.340083599643549e-10,56.38831743035662,-0.0,60607368.513353884,45455526.38501535,19182882.198977422,2702327.5001488337,26272644.186037857,801635.2018514525,23570316.68588917,23570316.68588907,7.078051567077637e-08
85560.0,20.000000000006185,48.19011199719154,0,0.0,0.0,1.2370549029583344e-10,56.38022399438309,-0.0,60607368.513353884,45455526.38501535,19182882.19897743,2705710.556385767,26272644.186037857,801635.2018514525,23566933.629652224,23566933.62965213,6.705522537231445e-08
85620.0,20.00000000000571,48.18606586003171,0,0.0,0.0,1.141842176366481e-10,56.37213172006342,-0.0,60607368.513353884,45455526.38501535,19182882.198977437,2709093.1270513926,26272644.186037857,801635.2018514525,23563551.058986597,23563551.05898651,7.450580596923828e-08
85680.0,20.000000000005272,48.182020303615424,0,0.0,0.0,1.0544454198679887e-10,56.36404060723085,-0.0,60607368.513353884,45455526.38501535,19182882.198977444,2712475.2122154045,26272644.186037857,801635.2018514525,23560168.97382257,23560168.973822493,6.705522537231445e-08
85740.0,20.000000000004867,48.17797532785934,0,0.0,0.0,9.734435479913373e-11,56.35595065571869,-0.0,60607368.513353884,45455526.38501535,19182882.19897745,2715856.811947487,26272644.186037857,801635.2018514525,23556787.374090485,23556787.37409041,7.078051567077637e-08
85800.0,20.000000000004494,48.17393093268013,0,0.0,0.0,8.988365607365267e-11,56.34786186536026,-0.0,60607368.513353884,45455526.38501535,19182882.19897746,2719237.9263173137,26272644.186037857,801635.2018514525,23553406.259720653,23553406.259720586,7.450580596923828e-08
85860.0,20.000000000004146,48.169887117994435,0,0.0,0.0,8.292033726320369e-11,56.33977423598887,-0.0,60607368.513353884,45455526.38501535,19182882.198977463,2722618.55539455,26272644.186037857,801635.2018514525,23550025.630643412,23550025.63064335,7.078051567077637e-08
85920.0,20.000000000003826,48.165843883718956,0,0.0,0.0,7.652545264136279e-11,56.33168776743791,-0.0,60607368.513353884,45455526.38501535,19182882.198977467,2725998.699248849,26272644.186037857,801635.2018514525,23546645.486789104,23546645.486789048,6.705522537231445e-08
85980.0,20.000000000003535,48.16180122977039,0,0.0,0.0,7.069900220812997e-11,56.32360245954078,-0.0,60607368.513353884,45455526.38501535,19182882.19897747,2729378.3579498553,26272644.186037857,801635.2018514525,23543265.828088097,23543265.828088045,7.078051567077637e-08
86040.0,20.000000000003258,48.157759156065424,0,0.0,0.0,6.515676886920119e-11,56.31551831213085,-0.0,60607368.513353884,45455526.38501535,19182882.198977474,2732757.5315672033,26272644.186037857,801635.2018514525,23539886.65447074,23539886.654470693,6.705522537231445e-08
86100.0,20.00000000000301,48.15371766252079,0,0.0,0.0,6.018296971888049e-11,56.30743532504158,-0.0,60607368.513353884,45455526.38501535,19182882.198977478,2736136.2201705175,26272644.186037857,801635.2018514525,23536507.965867426,23536507.96586738,6.705522537231445e-08
86160.0,20.000000000002778,48.149676749053214,0,0.0,0.0,5.5564441936439835e-11,56.29935349810643,-0.0,60607368.513353884,45455526.38501535,19182882.19897748,2739514.4238294116,26272644.186037857,801635.2018514525,23533129.76220853,23533129.762208488,6.705522537231445e-08
86220.0,20.00000000000256,48.14563641557944,0,0.0,0.0,5.1230131248303223e-11,56.29127283115888,-0.0,60607368.513353884,45455526.38501535,19182882.198977485,2742892.14261349,26272644.186037857,801635.2018514525,23529752.04342445,23529752.043424413,7.078051567077637e-08
86280.0,20.000000000002366,48.14159666201621,0,0.0,0.0,4.732214620162267e-11,56.283193324032425,-0.0,60607368.513353884,45455526.38501535,19182882.19897749,2746269.3765923474,26272644.186037857,801635.2018514525,23526374.80944559,23526374.809445553,7.450580596923828e-08
86340.0,20.000000000002185,48.1375574882803,0,0.0,0.0,4.369837824924616e-11,56.2751149765606,-0.0,60607368.513353884,45455526.38501535,19182882.198977493,2749646.1258355672,26272644.186037857,801635.2018514525,23522998.060202364,23522998.06020233,7.078051567077637e-08
86400.0,20.000000000002018,48.13351889428849,0,0.0,0.0,4.035882739117369e-11,56.267037788576985,-0.0,60607368.513353884,45455526.38501535,19182882.198977493,2753022.3904127246,26272644.186037857,801635.2018514525,23519621.79562521,23519621.79562518,7.450580596923828e-08
